url,tier,anchor_claimed,platform,target,seller_section,seller_da,verified_2026_09_15,anchor_seen,rel,robots,neighbours
https://www.diigo.com/item/note/bydvy/qtu2?k=effe1292136c93696c0e950962138c7c,T1,website cost calculator,diigo.com,https://projectcostestimator.com/website-cost-calculator,Article submission,98,LIVE,website cost calculator,follow,,
https://app.box.com/s/2evcedq94jd5tnv8qpfa7btv5ucgs4y3,T1,website price calculator,app.box.com,https://projectcostestimator.com/website-cost-calculator,Article submission,56,FAILED:no_link,,,"noindex, nofollow",
https://docs.google.com/forms/d/e/1FAIpQLSdifgy7Qto4S5ZOrNhWXNH2V9ruozucR4KKPY-KnUjGE0A1FA/viewform,T1,website cost estimator,docs.google.com,https://projectcostestimator.com/website-cost-calculator,Article submission,99,LIVE,website cost estimator,follow,,
https://penzu.com/public/ea4e76d990af2a20,T1,calculate website cost,penzu.com,https://projectcostestimator.com/website-cost-calculator,Article submission,57,FAILED:no_link,,,,
https://sites.google.com/view/ecommerce-website-cost-calcula/home,T1,ecommerce website cost calculator,sites.google.com,https://projectcostestimator.com/website-cost-calculator,Article submission,91,LIVE,ecommerce website cost calculator,follow,,
https://original-sparrow-f4p950.mystrikingly.com/,T1,website development cost calculator,original-sparrow-f4p950.mystrikingly.com,https://projectcostestimator.com/website-cost-calculator,Article submission,54,LIVE,website development cost calculator,follow,,
https://jolly-eater-8ad.notion.site/Smart-Planning-With-a-Web-Design-Cost-Calculator-3d9f9fd637a180fc967ae42cad9af558,T1,web design cost calculator,jolly-eater-8ad.notion.site,https://projectcostestimator.com/website-cost-calculator,Article submission,55,FAILED:no_link,,,,
https://weky56.bloggersdelight.dk/2026/09/12/how-a-website-quote-calculator-makes-project-planning-easier/,T1,website quote calculator,weky56.bloggersdelight.dk,https://projectcostestimator.com/website-cost-calculator,Article submission,55,LIVE,website quote calculator,follow,,
https://wakelet.com/wake/eJNYwreNjiXvOAZc6Rawn,T1,Project Cost Estimator,wakelet.com,https://projectcostestimator.com/,Article submission,54,FAILED:no_link,,,,
https://groups.google.com/g/businessarticle/c/N1JRfQC2q68,T1,projectcostestimator.com,groups.google.com,https://projectcostestimator.com/,Article submission,55,LIVE+nofollow,projectcostestimator.com,nofollow,,
https://opqrstuvwxyz.com/understanding-the-freelance-web-developer-hourly-rate/,T1,https://projectcostestimator.com,opqrstuvwxyz.com,https://projectcostestimator.com/,Article submission,55,LIVE,https://projectcostestimator.com,follow,max-image-preview:large,
https://kliniksehatsejahtera.com/cost-to-hire-a-web-developer-a-practical-guide-to-web-development-pricing/,T1,Project Cost Estimator tool,kliniksehatsejahtera.com,https://projectcostestimator.com/,Article submission,55,LIVE,Project Cost Estimator tool,noopener,max-image-preview:large,
https://loveanddissent.com/freelance-web-developer-cost-what-to-expect-when-hiring-a-professional/,T1,ProjectCostEstimator,loveanddissent.com,https://projectcostestimator.com/,Article submission,54,LIVE,ProjectCostEstimator,noopener,max-image-preview:large,
https://muchbusy.com/website-developer-hourly-rate-what-businesses-should-expect-to-pay/,T1,the Project Cost Estimator,muchbusy.com,https://projectcostestimator.com/,Article submission,55,LIVE,the Project Cost Estimator,noopener,max-image-preview:large,casino
https://flyboardstation.com/estimate-your-website-cost-a-practical-guide-to-website-development-pricing/,T1,how much does a website cost,flyboardstation.com,https://projectcostestimator.com/,Article submission,55,LIVE,how much does a website cost,noopener,max-image-preview:large,"crypto,slot"
https://ijoinwatches.com/understanding-attorney-website-cost-and-what-your-law-firm-needs/,T1,attorney website cost,ijoinwatches.com,https://projectcostestimator.com/law-firm-website-cost,Forum Backlinks,56,LIVE,attorney website cost,noopener,max-image-preview:large,
https://xuonginlichtet.com/understanding-law-firm-website-design-cost-and-what-it-includes/,T1,law firm website design cost,xuonginlichtet.com,https://projectcostestimator.com/law-firm-website-cost,Forum Backlinks,59,LIVE,law firm website design cost,noopener,max-image-preview:large,
https://batinabox.com/understanding-law-firm-website-pricing-and-what-it-includes/,T1,law firm website pricing,batinabox.com,https://projectcostestimator.com/law-firm-website-cost,Forum Backlinks,57,LIVE,law firm website pricing,noopener,max-image-preview:large,
https://stormxyz.com/understanding-freelance-web-developer-rates-for-your-next-project/,T1,freelance web developer rates,stormxyz.com,https://projectcostestimator.com/freelance-website-cost,Forum Backlinks,57,LIVE,freelance web developer rates,noopener,max-image-preview:large,
https://opqrstuvwxyz.com/understanding-the-freelance-web-developer-hourly-rates/,T1,freelance web developer hourly rate,opqrstuvwxyz.com,https://projectcostestimator.com/freelance-website-cost,Forum Backlinks,54,LIVE,freelance web developer hourly rate,noopener,max-image-preview:large,slot
https://kliniksehatsejahtera.com/understanding-the-cost-to-hire-a-web-developer-for-your-project/,T1,cost to hire a web developer,kliniksehatsejahtera.com,https://projectcostestimator.com/freelance-website-cost,Forum Backlinks,55,LIVE,cost to hire a web developer,noopener,max-image-preview:large,
https://loveanddissent.com/freelance-web-developer-cost-what-determines-the-price-of-a-professional-website/,T1,freelance web developer cost,loveanddissent.com,https://projectcostestimator.com/freelance-website-cost,Forum Backlinks,55,LIVE,freelance web developer cost,noopener,max-image-preview:large,
https://sigmacabinet.com/website-cost-breakdown-understanding-the-investment-behind-a-professional-website/,T1,website cost breakdown,sigmacabinet.com,https://projectcostestimator.com/calculator,Forum Backlinks,55,LIVE,website cost breakdown,noopener,max-image-preview:large,
https://pkows.com/understanding-website-cost-estimate-what-to-budget-for-a-professional-website/,T1,website cost estimate,pkows.com,https://projectcostestimator.com/calculator,Forum Backlinks,55,LIVE,website cost estimate,noopener,max-image-preview:large,
https://forefront-innovations.com/how-much-will-my-website-cost-a-practical-guide-to-website-pricing/,T1,how much will my website cost,forefront-innovations.com,https://projectcostestimator.com/calculator,Forum Backlinks,55,LIVE,how much will my website cost,noopener,max-image-preview:large,
https://learnxperience.com/understanding-web-app-development-cost-a-practical-guide/,T1,web app development cost,learnxperience.com,https://projectcostestimator.com/web-app-development-cost,Forum Backlinks,55,LIVE,web app development cost,noopener,max-image-preview:large,
https://automatonera.com/understanding-web-application-development-cost-a-practical-guide-for-businesses/,T1,web application development cost,automatonera.com,https://projectcostestimator.com/web-app-development-cost,Forum Backlinks,54,LIVE,web application development cost,noopener,max-image-preview:large,
https://buraq-tech.com/web-app-cost-calculator-a-smarter-way-to-estimate-development-expenses/,T1,web app cost calculator,buraq-tech.com,https://projectcostestimator.com/web-app-development-cost,Blog Post High Authority Backlinks,55,LIVE,web app cost calculator,noopener,max-image-preview:large,
https://warcraftreplays.com/understanding-the-cost-to-build-a-web-app/,T1,cost to build a web app,warcraftreplays.com,https://projectcostestimator.com/web-app-development-cost,Blog Post High Authority Backlinks,54,LIVE,cost to build a web app,noopener,max-image-preview:large,"casino,slot"
https://peekalum.com/understanding-nonprofit-website-cost-and-planning-a-successful-online-presence/,T1,nonprofit website cost,peekalum.com,https://projectcostestimator.com/nonprofit-website-cost,Blog Post High Authority Backlinks,56,LIVE,nonprofit website cost,noopener,max-image-preview:large,
https://onsupportit.com/understanding-restaurant-website-cost-and-what-your-business-needs/,T1,restaurant website cost,onsupportit.com,https://projectcostestimator.com/restaurant-website-cost,Blog Post High Authority Backlinks,53,LIVE,restaurant website cost,noopener,max-image-preview:large,crypto
https://topcssservice.com/understanding-web-developer-hourly-rates-for-different-projects/,T1,web developer hourly rates,topcssservice.com,https://projectcostestimator.com/rate-database,Blog Post High Authority Backlinks,54,LIVE,web developer hourly rates,noopener,max-image-preview:large,adult
https://andreasullivanclarke.com/understanding-website-development-pricing-for-modern-businesses/,T1,website development pricing,andreasullivanclarke.com,https://projectcostestimator.com/rate-database,Blog Post High Authority Backlinks,56,LIVE,website development pricing,noopener,max-image-preview:large,
https://artmonyagence.com/understanding-software-developer-hourly-rates-for-modern-projects/,T1,software developer hourly rates,artmonyagence.com,https://projectcostestimator.com/rate-database,Blog Post High Authority Backlinks,55,LIVE,software developer hourly rates,noopener,max-image-preview:large,
https://hostopiniones.com/understanding-accessibility-audit-cost-and-what-it-covers/,T1,accessibility audit cost,hostopiniones.com,https://projectcostestimator.com/blog/wcag-accessibility-cost-2026,Blog Post High Authority Backlinks,57,LIVE,accessibility audit cost,noopener,max-image-preview:large,
https://coronahilfebayreuth.com/website-accessibility-audit-cost-what-businesses-should-expect-to-pay/,T1,website accessibility audit cost,coronahilfebayreuth.com,https://projectcostestimator.com/blog/wcag-accessibility-cost-2026,Blog Post High Authority Backlinks,54,LIVE,website accessibility audit cost,noopener,max-image-preview:large,
https://myhairwillbeback.com/understanding-wcag-audit-cost-and-accessibility-planning/,T1,WCAG audit cost,myhairwillbeback.com,https://projectcostestimator.com/blog/wcag-accessibility-cost-2026,Blog Post High Authority Backlinks,54,LIVE,WCAG audit cost,noopener,max-image-preview:large,casino
https://raidersgameinfo.com/understanding-ada-website-compliance-cost-and-accessibility-requirements/,T1,ADA website compliance cost,raidersgameinfo.com,https://projectcostestimator.com/blog/wcag-accessibility-cost-2026,Blog Post High Authority Backlinks,59,LIVE,ADA website compliance cost,noopener,max-image-preview:large,
https://vegoodjani.com/website-cost-calculator-plan-your-web-development-budget-with-confidence/,T1,website cost calculator,vegoodjani.com,https://projectcostestimator.com/website-cost-calculator,Blog Post High Authority Backlinks,55,LIVE,website cost calculator,noopener,max-image-preview:large,
https://phosphorus-c19-pcr.com/simplifying-website-budget-planning/,T1,website price calculator,phosphorus-c19-pcr.com,https://projectcostestimator.com/website-cost-calculator,Blog Post High Authority Backlinks,55,LIVE,website price calculator,noopener,max-image-preview:large,
https://masyarakatkelistrikan.com/website-cost-estimator-plan-your-web-development-budget-with-confidence/,T1,website cost estimator,masyarakatkelistrikan.com,https://projectcostestimator.com/website-cost-calculator,Blog Post High Authority Backlinks,57,LIVE,website cost estimator,noopener,max-image-preview:large,
https://pasagratis.com/budgeting-your-law-firm-website-cost/,T1,calculate website cost,pasagratis.com,https://projectcostestimator.com/website-cost-calculator,Web 2.0 Submissions,54,LIVE,calculate website cost,noreferrer noopener,max-image-preview:large,
https://addviewer.com/calculating-the-right-law-firm-website-cost/,T1,ecommerce website cost calculator,addviewer.com,https://projectcostestimator.com/website-cost-calculator,Web 2.0 Submissions,53,LIVE,ecommerce website cost calculator,noopener,max-image-preview:large,
https://larswurzel.com/factors-that-shape-law-firm-website-cost/,T1,website development cost calculator,larswurzel.com,https://projectcostestimator.com/website-cost-calculator,Web 2.0 Submissions,53,LIVE,website development cost calculator,noopener,max-image-preview:large,
https://gobluecard.com/how-design-impacts-law-firm-website-cost/,T1,web design cost calculator,gobluecard.com,https://projectcostestimator.com/website-cost-calculator,Web 2.0 Submissions,53,LIVE,web design cost calculator,noopener,max-image-preview:large,
https://statsday.com/essential-features-behind-law-firm-website-cost/,T1,website quote calculator,statsday.com,https://projectcostestimator.com/website-cost-calculator,Web 2.0 Submissions,50,LIVE,website quote calculator,noopener,max-image-preview:large,
https://hubmaniac.com/smart-ways-to-reduce-law-firm-website-cost/,T1,Project Cost Estimator,hubmaniac.com,https://projectcostestimator.com/,Web 2.0 Submissions,54,LIVE,Project Cost Estimator,noopener,max-image-preview:large,
https://tracyisidore.com/professional-services-and-law-firm-website-cost/,T1,projectcostestimator.com,tracyisidore.com,https://projectcostestimator.com/,Web 2.0 Submissions,53,LIVE,projectcostestimator.com,noopener,max-image-preview:large,
https://allbatts.com/website-packages-that-fit-law-firm-website-cost/,T1,https://projectcostestimator.com,allbatts.com,https://projectcostestimator.com/,Web 2.0 Submissions,54,LIVE,https://projectcostestimator.com,follow,max-image-preview:large,
https://rivalsite.com/choosing-providers-for-better-law-firm-website-cost/,T1,Project Cost Estimator tool,rivalsite.com,https://projectcostestimator.com/,Web 2.0 Submissions,54,LIVE,Project Cost Estimator tool,noopener,max-image-preview:large,
https://enjoyapples.com/custom-designs-and-their-law-firm-website-cost/,T1,ProjectCostEstimator,enjoyapples.com,https://projectcostestimator.com/,Web 2.0 Submissions,54,LIVE,ProjectCostEstimator,noopener,max-image-preview:large,
https://colorcloths.com/comparing-options-for-law-firm-website-cost/,T1,the Project Cost Estimator,colorcloths.com,https://projectcostestimator.com/,Web 2.0 Submissions,54,LIVE,the Project Cost Estimator,noopener,max-image-preview:large,
https://ustroopfund.com/modern-features-affecting-law-firm-website-cost/,T1,how much does a website cost,ustroopfund.com,https://projectcostestimator.com/,Web 2.0 Submissions,53,LIVE,how much does a website cost,noreferrer noopener,max-image-preview:large,
https://granulasoft.com/realistic-expectations-around-law-firm-website-cost/,T1,law firm website cost,granulasoft.com,https://projectcostestimator.com/law-firm-website-cost,Web 2.0 Submissions,52,LIVE,law firm website cost,noreferrer noopener,max-image-preview:large,
https://zoorockcafe.com/premium-branding-and-law-firm-website-cost/,T1,attorney website cost,zoorockcafe.com,https://projectcostestimator.com/law-firm-website-cost,Web 2.0 Submissions,53,LIVE,attorney website cost,noreferrer noopener,max-image-preview:large,
https://thelifeniche.com/building-trust-through-law-firm-website-cost/,T1,law firm website design cost,thelifeniche.com,https://projectcostestimator.com/law-firm-website-cost,Web 2.0 Submissions,53,LIVE,law firm website design cost,noreferrer noopener,max-image-preview:large,
https://garantishell.com/website-cost-calculator-estimate-your-web-development-budget/,T1,website cost calculator,garantishell.com,https://projectcostestimator.com/website-cost-calculator,Audio Submission,53,LIVE,website cost calculator,noopener,max-image-preview:large,
https://fredhighfalls.com/how-to-use-a-website-cost-calculator-for-accurate-budget-planning/,T1,website price calculator,fredhighfalls.com,https://projectcostestimator.com/website-cost-calculator,Audio Submission,54,LIVE,website price calculator,noopener,max-image-preview:large,
https://fileluna.com/website-cost-calculator-calculate-your-website-development-expenses/,T1,website cost estimator,fileluna.com,https://projectcostestimator.com/website-cost-calculator,Audio Submission,53,LIVE,website cost estimator,noopener,max-image-preview:large,
https://realjuggahos.com/website-cost-calculator-guide-for-businesses-and-startups/,T1,ecommerce website cost calculator,realjuggahos.com,https://projectcostestimator.com/website-cost-calculator,Audio Submission,58,LIVE,ecommerce website cost calculator,noopener,max-image-preview:large,
https://ms-georgia.com/calculate-website-development-costs-before-starting-your-project/,T1,website development cost calculator,ms-georgia.com,https://projectcostestimator.com/website-cost-calculator,Video Submissions,55,LIVE,website development cost calculator,noopener,max-image-preview:large,
https://hylasmagazine.com/website-cost-calculator-plan-your-investment-with-confidence/,T1,web design cost calculator,hylasmagazine.com,https://projectcostestimator.com/website-cost-calculator,Video Submissions,54,LIVE,web design cost calculator,noopener,max-image-preview:large,
https://prettechengineering.com/smart-website-cost-calculator-for-custom-web-development-projects/,T1,website quote calculator,prettechengineering.com,https://projectcostestimator.com/website-cost-calculator,Video Submissions,54,LIVE,website quote calculator,noopener,max-image-preview:large,
https://webhostingeswatini.com/website-cost-calculator-compare-features-costs-and-requirements/,T1,Project Cost Estimator,webhostingeswatini.com,https://projectcostestimator.com/,Video Submissions,55,LIVE,Project Cost Estimator,noopener,max-image-preview:large,
https://christianmantopoulos.com/estimate-your-online-project-budget-with-a-website-cost-calculator/,T1,projectcostestimator.com,christianmantopoulos.com,https://projectcostestimator.com/,Video Submissions,58,LIVE,projectcostestimator.com,noopener,max-image-preview:large,slot
https://werelight.com/how-a-website-cost-calculator-makes-development-planning-easier/,T1,website cost calculator,werelight.com,https://projectcostestimator.com/website-cost-calculator,Guest Post,55,LIVE,website cost calculator,noopener,max-image-preview:large,
https://homyshaper.com/website-price-calculator-makes-development-planning-easier/,T1,website price calculator,homyshaper.com,https://projectcostestimator.com/website-cost-calculator,Guest Post,53,LIVE,website price calculator,noopener,max-image-preview:large,
https://shopmyremedy.com/plan-your-website-budget-with-a-smart-cost-estimator/,T1,website cost estimator,shopmyremedy.com,https://projectcostestimator.com/website-cost-calculator,Guest Post,53,LIVE,website cost estimator,noopener,max-image-preview:large,
https://sedgeband.com/how-to-calculate-website-cost-before-starting-development/,T1,calculate website cost,sedgeband.com,https://projectcostestimator.com/website-cost-calculator,Guest Post,53,LIVE,calculate website cost,noopener,max-image-preview:large,
https://furiousxyz.com/smart-planning-with-an-ecommerce-website-cost-calculator/,T1,ecommerce website cost calculator,furiousxyz.com,https://projectcostestimator.com/website-cost-calculator,Guest Post,54,LIVE,ecommerce website cost calculator,noopener,max-image-preview:large,
https://furiousabc.com/plan-smarter-with-a-website-development-cost-calculator/,T1,website development cost calculator,furiousabc.com,https://projectcostestimator.com/website-cost-calculator,Guest Post,53,LIVE,website development cost calculator,noopener,max-image-preview:large,
https://llcbibleclub.com/cost-calculator-helps-plan-your-website-budget/,T1,web design cost calculator,llcbibleclub.com,https://projectcostestimator.com/website-cost-calculator,Guest Post,55,LIVE,web design cost calculator,noopener,max-image-preview:large,
https://tinaperlmutter.com/plan-your-website-budget-with-a-smart-quote-calculator/,T1,website quote calculator,tinaperlmutter.com,https://projectcostestimator.com/website-cost-calculator,Guest Post,58,LIVE,website quote calculator,noopener,max-image-preview:large,
https://thriverally.com/smart-budget-planning-with-a-project-cost-estimator/,T1,Project Cost Estimator,thriverally.com,https://projectcostestimator.com/,Guest Post,53,LIVE,Project Cost Estimator,noopener,max-image-preview:large,
https://thegriffithpages.com/smart-website-budget-planning-with-project-cost-estimator/,T1,projectcostestimator.com,thegriffithpages.com,https://projectcostestimator.com/,Guest Post,55,LIVE,projectcostestimator.com,noopener,max-image-preview:large,
https://wallhaven.cc/user/cepiv65654,T1,web app cost calculator,wallhaven.cc,https://projectcostestimator.com/web-app-development-cost,Profile links,78,LIVE,https://projectcostestimator.com/web-app-development-cost,follow,,
https://www.tripadvisor.in/Profile/cepivc,T1,cost to build a web app,tripadvisor.in,https://projectcostestimator.com/web-app-development-cost,Profile links,74,FAILED:http403,,,,
https://wefunder.com/cepivdas,T1,nonprofit website cost,wefunder.com,https://projectcostestimator.com/nonprofit-website-cost,Profile links,66,FAILED:http403,,,,
https://wakelet.com/@cepiv6565472613,T1,restaurant website cost,wakelet.com,https://projectcostestimator.com/restaurant-website-cost,Profile links,76,FAILED:no_link,,,"index,follow",
https://pastelink.net/90fhxww8,T1,restaurant website design cost,pastelink.net,https://projectcostestimator.com/restaurant-website-cost,Profile links,75,LIVE+nofollow,https://projectcostestimator.com/restaurant-website-cost,nofollow,"index, follow",
https://slides.com/cepiv65654,T1,web developer hourly rates,slides.com,https://projectcostestimator.com/rate-database,Profile links,94,LIVE+nofollow,https://projectcostestimator.com/rate-database,nofollow,,
http://delphi.larsbo.org/user/cepiv65654,T1,website development pricing,delphi.larsbo.org,https://projectcostestimator.com/rate-database,Profile links,86,LIVE+nofollow,https://projectcostestimator.com/rate-database,nofollow,,
https://www.ted.com/profiles/52147637,T1,software developer hourly rates,ted.com,https://projectcostestimator.com/rate-database,Profile links,81,LIVE+noindex,https://projectcostestimator.com/rate-database↗,noopener noreferrer,noindex,
https://www.noteflight.com/profile/db6561778b0ba1aaee87f4debd8b29b6e0eb61e5,T1,accessibility audit cost,noteflight.com,https://projectcostestimator.com/blog/wcag-accessibility-cost-2026,Profile links,55,FAILED:no_link,,,noindex,
https://www.4shared.com/u/29S_BdIF/cepiv65654.html,T1,website accessibility audit cost,4shared.com,https://projectcostestimator.com/blog/wcag-accessibility-cost-2026,Profile links,93,LIVE+noindex+nofollow,https://projectcostestimator.com/blog/wcag-accessibility-cos,nofollow,noindex,
https://www.pinterest.com/pin/1077415910896596926/,T1,web app cost calculator,pinterest.com,https://projectcostestimator.com/web-app-development-cost,Most Effective Social Signal And Social Shares Websites,94,LIVE,projectcostestimator.com || web app cost calculator,follow|noopener noreferrer nofollow,,
https://ok.ru/profile/588293556373/statuses/158989278539157,T1,cost to build a web app,ok.ru,https://projectcostestimator.com/web-app-development-cost,Most Effective Social Signal And Social Shares Websites,95,LIVE+noindex, || Web App Development Cost: $5K-$120K (2026 Breakdown),follow,noindex,
https://jolly-eater-8ad.notion.site/nonprofit-website-cost-3d9f9fd637a180e9b919d68d37eb6850,T1,nonprofit website cost,jolly-eater-8ad.notion.site,https://projectcostestimator.com/nonprofit-website-cost,Most Effective Social Signal And Social Shares Websites,89,FAILED:no_link,,,,
https://gettr.com/post/p43mkqk31a1,T1,restaurant website cost,gettr.com,https://projectcostestimator.com/restaurant-website-cost,Most Effective Social Signal And Social Shares Websites,57,FAILED:no_link,,,"index, follow, max-image-preview:large, max-snippet:-1, max-video-preview:-1",
https://wefunder.com/feed/386061-restaurant-website-design-cost,T1,restaurant website design cost,wefunder.com,https://projectcostestimator.com/restaurant-website-cost,Most Effective Social Signal And Social Shares Websites,78,FAILED:http403,,,,
https://band.us/band/104084495/post/21,T1,web developer hourly rates,band.us,https://projectcostestimator.com/rate-database,Most Effective Social Signal And Social Shares Websites,80,FAILED:no_link,,,,
https://app.parler.com/post/01m2av807e289cfr87qmpe8azj,T1,website development pricing,app.parler.com,https://projectcostestimator.com/rate-database,Most Effective Social Signal And Social Shares Websites,64,FAILED:no_link,,,,
https://learndash.aula.edu.pe/miembros/fateki4015/activity/285483/,T1,software developer hourly rates,learndash.aula.edu.pe,https://projectcostestimator.com/rate-database,Most Effective Social Signal And Social Shares Websites,35,FAILED:no_link,,,max-image-preview:large,
https://safechat.com/post/3536377265925117648,T1,accessibility audit cost,safechat.com,https://projectcostestimator.com/blog/wcag-accessibility-cost-2026,Most Effective Social Signal And Social Shares Websites,47,FAILED:no_link,,,,
https://mehfeel.net/post/view/9373,T1,website accessibility audit cost,mehfeel.net,https://projectcostestimator.com/blog/wcag-accessibility-cost-2026,Most Effective Social Signal And Social Shares Websites,48,LIVE,https://projectcostestimator.com/blog/wcag-accessibility-cos,noreferrer,,
https://pohonkreatif.com/website-cost-calculator-plan-your-web-development-budget-with-confidence/,T1,website cost calculator,pohonkreatif.com,https://projectcostestimator.com/website-cost-calculator,High Authority Links,65,LIVE,website cost calculator,noopener,max-image-preview:large,
https://konsumenlistrik.com/simplifying-website-budget-planning/,T1,website price calculator,konsumenlistrik.com,https://projectcostestimator.com/website-cost-calculator,High Authority Links,56,LIVE,website price calculator,noopener,max-image-preview:large,casino
https://getphenq.com/website-cost-estimator-plan-your-web-development-budget-with-confidence/,T1,website cost estimator,getphenq.com,https://projectcostestimator.com/website-cost-calculator,High Authority Links,56,LIVE,website cost estimator,noopener,max-image-preview:large,
https://3mgmanagement.com/how-to-calculate-website-cost-before-starting-your-web-project/,T1,calculate website cost,3mgmanagement.com,https://projectcostestimator.com/website-cost-calculator,High Authority Links,55,LIVE,calculate website cost,noopener,max-image-preview:large,
https://segurosyfianzascm.com/understanding-ecommerce-website-expenses/,T1,ecommerce website cost calculator,segurosyfianzascm.com,https://projectcostestimator.com/website-cost-calculator,High Authority Links,55,LIVE,ecommerce website cost calculator,noopener,max-image-preview:large,
https://siselectroneirl.com/website-development-cost-calculator-plan-your-web-project-budget/,T1,website development cost calculator,siselectroneirl.com,https://projectcostestimator.com/website-cost-calculator,High Authority Links,56,LIVE,website development cost calculator,noopener,max-image-preview:large,
https://ipadstores.com/plan-your-website-budget-with-a-web-design-cost-calculator/,T1,web design cost calculator,ipadstores.com,https://projectcostestimator.com/website-cost-calculator,High Authority Links,55,LIVE,web design cost calculator,noopener,max-image-preview:large,
https://luoichongcontrung.com/how-a-website-quote-calculator-makes-pricing-faster-and-more-accurate/,T1,website quote calculator,luoichongcontrung.com,https://projectcostestimator.com/website-cost-calculator,High Authority Links,57,LIVE,website quote calculator,noopener,max-image-preview:large,
https://dayahdarulhabib.com/project-cost-estimator-plan-budgets-with-greater-confidence/,T1,Project Cost Estimator,dayahdarulhabib.com,https://projectcostestimator.com/,High Authority Links,55,LIVE,Project Cost Estimator,noopener,max-image-preview:large,
https://higglehub.com/projectcostestimator-com-a-smarter-way-to-understand-project-costs/,T1,projectcostestimator.com,higglehub.com,https://projectcostestimator.com/,High Authority Links,55,LIVE,projectcostestimator.com ||  || ,follow|noopener|noopener noreferrer,max-image-preview:large,
https://garantishell.com/project-cost-estimator-plan-budgets-with-greater-confidence/,T1,https://projectcostestimator.com,garantishell.com,https://projectcostestimator.com/,High Authority Links,60,LIVE,https://projectcostestimator.com,follow,max-image-preview:large,
https://fredhighfalls.com/project-cost-estimator-tool-plan-your-budget-with-greater-confidence/,T1,Project Cost Estimator tool,fredhighfalls.com,https://projectcostestimator.com/,High Authority Links,57,LIVE,Project Cost Estimator tool,noopener,max-image-preview:large,casino
https://fileluna.com/projectcostestimator-simplifying-project-budget-planning-and-cost-control/,T1,ProjectCostEstimator,fileluna.com,https://projectcostestimator.com/,High Authority Links,56,LIVE,ProjectCostEstimator,noopener,max-image-preview:large,
https://greatamericanball.com/the-project-cost-estimator-simplifying-accurate-budget-planning/,T1,the Project Cost Estimator,greatamericanball.com,https://projectcostestimator.com/,High Authority Links,55,LIVE,the Project Cost Estimator,noopener,max-image-preview:large,
https://realjuggahos.com/how-much-does-a-website-cost-a-complete-guide-to-website-pricing/,T1,how much does a website cost,realjuggahos.com,https://projectcostestimator.com/,High Authority Links,54,LIVE,how much does a website cost,noopener,max-image-preview:large,slot
https://alualufoil.com/understanding-law-firm-website-cost-and-what-your-investment-should-include/,T1,law firm website cost,alualufoil.com,https://projectcostestimator.com/law-firm-website-cost,High Authority Links,55,LIVE,law firm website cost,noopener,max-image-preview:large,
https://vivlive.com/understanding-attorney-website-cost-and-what-your-law-firm-needs/,T1,attorney website cost,vivlive.com,https://projectcostestimator.com/law-firm-website-cost,High Authority Links,53,LIVE,attorney website cost,noopener,max-image-preview:large,
https://gobluecard.com/understanding-law-firm-website-design-cost-and-what-it-includes/,T1,law firm website design cost,gobluecard.com,https://projectcostestimator.com/law-firm-website-cost,High Authority Links,54,LIVE,law firm website design cost,noopener,max-image-preview:large,
https://addviewer.com/understanding-law-firm-website-pricing-and-what-it-includes/,T1,law firm website pricing,addviewer.com,https://projectcostestimator.com/law-firm-website-cost,High Authority Links,57,LIVE,law firm website pricing,noopener,max-image-preview:large,
https://academicbacker.com/understanding-freelance-web-developer-rates-for-your-next-project/,T1,freelance web developer rates,academicbacker.com,https://projectcostestimator.com/freelance-website-cost,High Authority Links,58,LIVE,freelance web developer rates,noopener,max-image-preview:large,
https://ms-georgia.com/website-cost-calculator-plan-your-web-development-budget-with-confidence/,T2,website cost calculator,ms-georgia.com,https://www.diigo.com/item/note/bydvy/qtu2?k=effe1292136c93696c0e950962138c7c,Web 2.0 Sites,56,LIVE,website cost calculator,noopener,max-image-preview:large,
https://hylasmagazine.com/simplifying-website-budget-planning/,T2,website price calculator,hylasmagazine.com,https://app.box.com/s/2evcedq94jd5tnv8qpfa7btv5ucgs4y3,Web 2.0 Sites,55,LIVE,website price calculator,noopener,max-image-preview:large,
https://prettechengineering.com/website-cost-estimator-plan-your-web-development-budget-with-confidence/,T2,website cost estimator,prettechengineering.com,https://docs.google.com/forms/d/e/1FAIpQLSdifgy7Qto4S5ZOrNhWXNH2V9ruozucR4KKPY-KnUjGE0A1FA/viewform,Web 2.0 Sites,55,LIVE,website cost estimator,noopener,max-image-preview:large,
https://webhostingeswatini.com/how-to-calculate-website-cost-before-starting-your-web-project/,T2,calculate website cost,webhostingeswatini.com,https://penzu.com/public/ea4e76d990af2a20,Web 2.0 Sites,56,LIVE,calculate website cost,noopener,max-image-preview:large,
https://christianmantopoulos.com/understanding-ecommerce-website-expenses/,T2,ecommerce website cost calculator,christianmantopoulos.com,https://sites.google.com/view/ecommerce-website-cost-calcula/home,Web 2.0 Sites,55,LIVE,ecommerce website cost calculator,noopener,max-image-preview:large,
https://stannswarehouse.com/website-development-cost-calculator-plan-your-web-project-budget/,T2,website development cost calculator,stannswarehouse.com,https://original-sparrow-f4p950.mystrikingly.com/,Web 2.0 Sites,55,LIVE,website development cost calculator,noopener,max-image-preview:large,
https://creative-webstyle.com/plan-your-website-budget-with-a-web-design-cost-calculator/,T2,web design cost calculator,creative-webstyle.com,https://jolly-eater-8ad.notion.site/Smart-Planning-With-a-Web-Design-Cost-Calculator-3d9f9fd637a180fc967ae42cad9af558,Web 2.0 Sites,54,LIVE,web design cost calculator,noopener,max-image-preview:large,
https://freelancingclients.com/how-a-website-quote-calculator-makes-pricing-faster-and-more-accurate/,T2,website quote calculator,freelancingclients.com,https://weky56.bloggersdelight.dk/2026/09/12/how-a-website-quote-calculator-makes-project-planning-easier/,Web 2.0 Sites,54,LIVE,website quote calculator,noopener,max-image-preview:large,
https://imgresults.com/project-cost-estimator-plan-budgets-with-greater-confidence/,T2,Project Cost Estimator,imgresults.com,https://wakelet.com/wake/eJNYwreNjiXvOAZc6Rawn,Web 2.0 Sites,55,LIVE,Project Cost Estimator,noopener,max-image-preview:large,
https://inversionesgoldie.com/projectcostestimator-com-a-smarter-way-to-understand-project-costs/,T2,projectcostestimator.com,inversionesgoldie.com,https://groups.google.com/g/businessarticle/c/N1JRfQC2q68,Web 2.0 Sites,56,LIVE,projectcostestimator.com,noopener,max-image-preview:large,
https://shahmeenaindustry.com/project-cost-estimator-plan-budgets-with-greater-confidence/,T2,https://projectcostestimator.com,shahmeenaindustry.com,https://opqrstuvwxyz.com/understanding-the-freelance-web-developer-hourly-rate/,Web 2.0 Sites,56,LIVE,https://projectcostestimator.com,follow,max-image-preview:large,
https://sunquicksf.com/project-cost-estimator-tool-plan-your-budget-with-greater-confidence/,T2,Project Cost Estimator tool,sunquicksf.com,https://kliniksehatsejahtera.com/cost-to-hire-a-web-developer-a-practical-guide-to-web-development-pricing/,Web 2.0 Sites,56,LIVE,Project Cost Estimator tool,noopener,max-image-preview:large,
https://technicalpdfs.com/projectcostestimator-simplifying-project-budget-planning-and-cost-control/,T2,ProjectCostEstimator,technicalpdfs.com,https://loveanddissent.com/freelance-web-developer-cost-what-to-expect-when-hiring-a-professional/,Web 2.0 Sites,55,LIVE,ProjectCostEstimator,noopener,max-image-preview:large,
https://highland-mountfuji.com/the-project-cost-estimator-simplifying-accurate-budget-planning/,T2,the Project Cost Estimator,highland-mountfuji.com,https://muchbusy.com/website-developer-hourly-rate-what-businesses-should-expect-to-pay/,Web 2.0 Sites,56,LIVE,the Project Cost Estimator,noopener,max-image-preview:large,
https://the80itspod.com/how-much-does-a-website-cost-a-complete-guide-to-website-pricing/,T2,how much does a website cost,the80itspod.com,https://flyboardstation.com/estimate-your-website-cost-a-practical-guide-to-website-development-pricing/,Web 2.0 Sites,55,LIVE,how much does a website cost,noopener,max-image-preview:large,
https://bayrampasaspor.com/understanding-law-firm-website-cost-and-what-your-investment-should-include/,T2,law firm website cost,bayrampasaspor.com,https://findnwrite.com/understanding-law-firm-website-cost-and-what-your-investment-should-include/,Web 2.0 Sites,55,LIVE,law firm website cost,noopener,max-image-preview:large,
https://goodtovary.com/understanding-attorney-website-cost-and-what-your-law-firm-needs/,T2,attorney website cost,goodtovary.com,https://ijoinwatches.com/understanding-attorney-website-cost-and-what-your-law-firm-needs/,Web 2.0 Sites,54,LIVE,attorney website cost,noreferrer noopener,max-image-preview:large,
https://economiciorologi.com/understanding-law-firm-website-design-cost-and-what-it-includes/,T2,law firm website design cost,economiciorologi.com,https://xuonginlichtet.com/understanding-law-firm-website-design-cost-and-what-it-includes/,Web 2.0 Sites,55,LIVE,law firm website design cost,noreferrer noopener,max-image-preview:large,
https://youthmarketingacademy.com/understanding-law-firm-website-pricing-and-what-it-includes/,T2,law firm website pricing,youthmarketingacademy.com,https://batinabox.com/understanding-law-firm-website-pricing-and-what-it-includes/,Web 2.0 Sites,55,LIVE,law firm website pricing,noreferrer noopener,max-image-preview:large,
https://bakingsecurityin.com/understanding-freelance-web-developer-rates-for-your-next-project/,T2,freelance web developer rates,bakingsecurityin.com,https://stormxyz.com/understanding-freelance-web-developer-rates-for-your-next-project/,Web 2.0 Sites,56,LIVE,freelance web developer rates,noreferrer noopener,max-image-preview:large,
https://treeservicedavis.com/understanding-the-freelance-web-developer-hourly-rate/,T2,freelance web developer hourly rate,treeservicedavis.com,https://opqrstuvwxyz.com/understanding-the-freelance-web-developer-hourly-rate-2/,Web 2.0 Sites,55,LIVE,freelance web developer hourly rate,noopener,max-image-preview:large,
https://articleplanets.com/understanding-the-cost-to-hire-a-web-developer-for-your-project/,T2,cost to hire a web developer,articleplanets.com,https://kliniksehatsejahtera.com/understanding-the-cost-to-hire-a-web-developer-for-your-project/,Web 2.0 Sites,54,LIVE,cost to hire a web developer,noopener,max-image-preview:large,
https://luissalamanca.com/freelance-web-developer-cost-what-determines-the-price-of-a-professional-website/,T2,freelance web developer cost,luissalamanca.com,https://loveanddissent.com/freelance-web-developer-cost-what-determines-the-price-of-a-professional-website/,Web 2.0 Sites,57,LIVE,freelance web developer cost,noopener,max-image-preview:large,
https://jarhog.com/understanding-the-website-developer-hourly-rate-for-your-project/,T2,website developer hourly rate,jarhog.com,https://muchbusy.com/understanding-the-website-developer-hourly-rate-for-your-project/,Web 2.0 Sites,61,LIVE,website developer hourly rate,noopener,max-image-preview:large,
https://lupuspeace.com/estimate-your-website-cost-a-practical-guide-to-planning-your-web-budget/,T2,estimate your website cost,lupuspeace.com,https://flyboardstation.com/estimate-your-website-cost-a-practical-guide-to-planning-your-web-budget/,Web 2.0 Sites,56,LIVE,estimate your website cost,noopener,max-image-preview:large,
https://pregrocer.com/website-cost-breakdown-understanding-the-investment-behind-a-professional-website/,T2,website cost breakdown,pregrocer.com,https://sigmacabinet.com/website-cost-breakdown-understanding-the-investment-behind-a-professional-website/,Web 2.0 Sites,55,LIVE,website cost breakdown,noopener,max-image-preview:large,
https://alexandrosampaio.com/understanding-website-cost-estimate-what-to-budget-for-a-professional-website/,T2,website cost estimate,alexandrosampaio.com,https://pkows.com/understanding-website-cost-estimate-what-to-budget-for-a-professional-website/,Web 2.0 Sites,55,LIVE,website cost estimate,noopener,max-image-preview:large,
https://ishoplbn.com/how-much-will-my-website-cost-a-practical-guide-to-website-pricing/,T2,how much will my website cost,ishoplbn.com,https://forefront-innovations.com/how-much-will-my-website-cost-a-practical-guide-to-website-pricing/,Web 2.0 Sites,54,LIVE,how much will my website cost,noopener,max-image-preview:large,
https://livextreamtv.com/understanding-web-app-development-cost-a-practical-guide/,T2,web app development cost,livextreamtv.com,https://learnxperience.com/understanding-web-app-development-cost-a-practical-guide/,Web 2.0 Sites,54,LIVE,web app development cost,noopener,max-image-preview:large,
https://deeyogurt.com/understanding-web-application-development-cost-a-practical-guide-for-businesses/,T2,web application development cost,deeyogurt.com,https://automatonera.com/understanding-web-application-development-cost-a-practical-guide-for-businesses/,Web 2.0 Sites,54,LIVE,web application development cost,noopener,max-image-preview:large,
https://jakartafotobooth.com/web-app-cost-calculator-a-smarter-way-to-estimate-development-expenses/,T2,web app cost calculator,jakartafotobooth.com,https://buraq-tech.com/web-app-cost-calculator-a-smarter-way-to-estimate-development-expenses/,Web 2.0 Sites,57,LIVE,web app cost calculator,noopener,max-image-preview:large,
https://kryptopandit.com/understanding-the-cost-to-build-a-web-app/,T2,cost to build a web app,kryptopandit.com,https://warcraftreplays.com/understanding-the-cost-to-build-a-web-app/,Web 2.0 Sites,56,LIVE,cost to build a web app,noopener,max-image-preview:large,
https://mayepcocbetong.com/understanding-nonprofit-website-cost-and-planning-a-successful-online-presence/,T2,nonprofit website cost,mayepcocbetong.com,https://peekalum.com/understanding-nonprofit-website-cost-and-planning-a-successful-online-presence/,Web 2.0 Sites,55,LIVE,nonprofit website cost,noopener,max-image-preview:large,
https://bastion4josefov.com/understanding-web-developer-hourly-rates-for-different-projects/,T2,web developer hourly rates,bastion4josefov.com,https://topcssservice.com/understanding-web-developer-hourly-rates-for-different-projects/,Web 2.0 Sites,57,LIVE,web developer hourly rates,noopener,max-image-preview:large,
https://ifscircle.com/understanding-website-development-pricing-for-modern-businesses/,T2,website development pricing,ifscircle.com,https://andreasullivanclarke.com/understanding-website-development-pricing-for-modern-businesses/,Web 2.0 Sites,55,LIVE,website development pricing,noopener,max-image-preview:large,
https://obsidian-blade.com/understanding-software-developer-hourly-rates-for-modern-projects/,T2,software developer hourly rates,obsidian-blade.com,https://artmonyagence.com/understanding-software-developer-hourly-rates-for-modern-projects/,Web 2.0 Sites,55,LIVE,software developer hourly rates,noopener,max-image-preview:large,
https://thealtengroup.com/understanding-accessibility-audit-cost-and-what-it-covers/,T2,accessibility audit cost,thealtengroup.com,https://hostopiniones.com/understanding-accessibility-audit-cost-and-what-it-covers/,Web 2.0 Sites,57,LIVE,accessibility audit cost,noopener,max-image-preview:large,
https://bedenbeden.com/website-accessibility-audit-cost-what-businesses-should-expect-to-pay/,T2,website accessibility audit cost,bedenbeden.com,https://coronahilfebayreuth.com/website-accessibility-audit-cost-what-businesses-should-expect-to-pay/,Web 2.0 Sites,58,LIVE,website accessibility audit cost,noopener,max-image-preview:large,
https://topyeezys.com/understanding-wcag-audit-cost-and-accessibility-planning/,T2,WCAG audit cost,topyeezys.com,https://myhairwillbeback.com/understanding-wcag-audit-cost-and-accessibility-planning/,Web 2.0 Sites,55,LIVE,WCAG audit cost,noopener,max-image-preview:large,
https://colourkidz.com/understanding-ada-website-compliance-cost-and-accessibility-requirements/,T2,ADA website compliance cost,colourkidz.com,https://raidersgameinfo.com/understanding-ada-website-compliance-cost-and-accessibility-requirements/,Web 2.0 Sites,55,LIVE,ADA website compliance cost,noopener,max-image-preview:large,
https://dresscodeemlyon.com/website-cost-calculator-plan-your-web-development-budget-with-confidence/,T2,website cost calculator,dresscodeemlyon.com,https://vegoodjani.com/website-cost-calculator-plan-your-web-development-budget-with-confidence/,Web 2.0 Sites,56,LIVE,website cost calculator,noopener,max-image-preview:large,
https://avidatowersinsanlorenzo.com/simplifying-website-budget-planning/,T2,website price calculator,avidatowersinsanlorenzo.com,https://phosphorus-c19-pcr.com/simplifying-website-budget-planning/,Web 2.0 Sites,56,LIVE,website price calculator,noopener,max-image-preview:large,
https://temmyzplace.com/website-cost-estimator-plan-your-web-development-budget-with-confidence/,T2,website cost estimator,temmyzplace.com,https://masyarakatkelistrikan.com/website-cost-estimator-plan-your-web-development-budget-with-confidence/,Web 2.0 Sites,57,LIVE,website cost estimator,noopener,max-image-preview:large,
https://theswadeshbazzar.com/website-cost-calculator-plan-your-web-development-budget-with-confidence/,T2,website cost calculator,theswadeshbazzar.com,https://www.diigo.com/item/note/bydvy/qtu2?k=effe1292136c93696c0e950962138c7c,Web 2.0 Sites,60,LIVE,website cost calculator,noopener,max-image-preview:large,
https://baernblog.com/simplifying-website-budget-planning/,T2,website price calculator,baernblog.com,https://app.box.com/s/2evcedq94jd5tnv8qpfa7btv5ucgs4y3,Web 2.0 Sites,58,LIVE,website price calculator,noopener,max-image-preview:large,
https://bedandbreakfastsofitaly.com/website-cost-estimator-plan-your-web-development-budget-with-confidence/,T2,website cost estimator,bedandbreakfastsofitaly.com,https://docs.google.com/forms/d/e/1FAIpQLSdifgy7Qto4S5ZOrNhWXNH2V9ruozucR4KKPY-KnUjGE0A1FA/viewform,Web 2.0 Sites,55,LIVE,website cost estimator,noopener,max-image-preview:large,
https://demopmsl.com/how-to-calculate-website-cost-before-starting-your-web-project/,T2,calculate website cost,demopmsl.com,https://penzu.com/public/ea4e76d990af2a20,Web 2.0 Sites,55,LIVE,calculate website cost,noopener,max-image-preview:large,
https://buymedicineonlineusa.com/understanding-ecommerce-website-expenses/,T2,ecommerce website cost calculator,buymedicineonlineusa.com,https://sites.google.com/view/ecommerce-website-cost-calcula/home,Web 2.0 Sites,56,LIVE,ecommerce website cost calculator,noopener,max-image-preview:large,
https://www.empowher.com/users/batfish65293184,T2,website cost calculator,empowher.com,https://www.diigo.com/item/note/bydvy/qtu2?k=effe1292136c93696c0e950962138c7c,Profile Links,79,LIVE+noindex+nofollow,https://www.diigo.com/item/note/bydvy/qtu2?k=effe1292136c936,nofollow,"noindex, nofollow",
https://dreevoo.com/profile_info.php?pid=2378291,T2,website price calculator,dreevoo.com,https://app.box.com/s/2evcedq94jd5tnv8qpfa7btv5ucgs4y3,Profile Links,50,LIVE,https://app.box.com/s/2evcedq94jd5tnv8qpfa7btv5ucgs4y3 ||  || https://app.box.com/s/2evcedq94jd5tnv8qpfa7btv5ucgs4y3,follow,,
https://experiment.com/users/bbatfish6,T2,website cost estimator,experiment.com,https://docs.google.com/forms/d/e/1FAIpQLSdifgy7Qto4S5ZOrNhWXNH2V9ruozucR4KKPY-KnUjGE0A1FA/viewform,Profile Links,70,LIVE, || https://docs.google.com/forms/...,follow|nofollow,,
https://letterboxd.com/batfish65293184/,T2,calculate website cost,letterboxd.com,https://penzu.com/public/ea4e76d990af2a20,Profile Links,85,FAILED:http403,,,,
https://www.tripadvisor.in/Profile/batfiss,T2,ecommerce website cost calculator,tripadvisor.in,https://sites.google.com/view/ecommerce-website-cost-calcula/home,Profile Links,75,FAILED:http403,,,,
https://leetcode.com/u/batfish65293184/,T2,website development cost calculator,leetcode.com,https://original-sparrow-f4p950.mystrikingly.com/,Profile Links,64,FAILED:http403,,,,
https://www.speedrun.com/users/batfish65293184,T2,web design cost calculator,speedrun.com,https://jolly-eater-8ad.notion.site/Smart-Planning-With-a-Web-Design-Cost-Calculator-3d9f9fd637a180fc967ae42cad9af558,Profile Links,80,FAILED:http403,,,,
https://buyandsellhair.com/author/batfish65293184/,T2,website quote calculator,buyandsellhair.com,https://weky56.bloggersdelight.dk/2026/09/12/how-a-website-quote-calculator-makes-project-planning-easier/,Profile Links,51,LIVE_OTHER_PAGE+noindex,https://weky56.bloggersdelight.dk/2026/09/12/how-a-website-q,follow,"noindex,follow",
https://opencollective.com/batfish65293184,T2,Project Cost Estimator,opencollective.com,https://wakelet.com/wake/eJNYwreNjiXvOAZc6Rawn,Profile Links,61,LIVE, || https://wakelet.com/wake/eJNYwreNjiXvOAZc6Rawn,follow|noopener noreferrer nofollow me,none,
https://log.concept2.com/profile/3057844,T2,projectcostestimator.com,log.concept2.com,https://groups.google.com/g/businessarticle/c/N1JRfQC2q68,Profile Links,83,LIVE+noindex,groups.google.com/g/businessarticle/c/N1JRfQC2q68,follow,"noindex, nofollow",
https://www.circleme.com/batfish65293184,T2,https://projectcostestimator.com,circleme.com,https://opqrstuvwxyz.com/understanding-the-freelance-web-developer-hourly-rate/,Profile Links,83,LIVE+nofollow,https://opqrstuvwxyz.com/understanding-the-freelance-web-dev,nofollow,"index,follow",
https://gifyu.com/batfish65293184,T2,Project Cost Estimator tool,gifyu.com,https://kliniksehatsejahtera.com/cost-to-hire-a-web-developer-a-practical-guide-to-web-development-pricing/,Profile Links,57,FAILED:no_link,,,,
https://git.disroot.org/batfish65293184,T2,ProjectCostEstimator,git.disroot.org,https://loveanddissent.com/freelance-web-developer-cost-what-to-expect-when-hiring-a-professional/,Profile Links,51,FAILED:no_link,,,"noindex,nofollow",
https://pubhtml5.com/homepage/bjlmz/,T2,the Project Cost Estimator,pubhtml5.com,https://muchbusy.com/website-developer-hourly-rate-what-businesses-should-expect-to-pay/,Profile Links,51,LIVE,https://muchbusy.com/website-developer-hourly-rate-what-busi || -->                         https://muchbusy.com/website-dev,follow|nofollow,,
https://jobs.theeducatorsroom.com/author/batfish65293184/,T2,how much does a website cost,jobs.theeducatorsroom.com,https://flyboardstation.com/estimate-your-website-cost-a-practical-guide-to-website-development-pricing/,Profile Links,87,LIVE_OTHER_PAGE+noindex,https://flyboardstation.com/estimate-your-website-cost-a-pra,follow,"noindex, follow",
https://www.leonidastacticalss.com/profile/lonido444041453/profile,T2,law firm website cost,leonidastacticalss.com,https://findnwrite.com/understanding-law-firm-website-cost-and-what-your-investment-should-include/,Profile Links,40,LIVE+noindex,https://findnwrite.com/understanding-law-firm-website-cost-a,noopener noreferrer,noindex,
https://www.traumagroup.org/profile/lonido444030240/profile,T2,attorney website cost,traumagroup.org,https://ijoinwatches.com/understanding-attorney-website-cost-and-what-your-law-firm-needs/,Profile Links,35,LIVE+noindex,https://ijoinwatches.com/understanding-attorney-website-cost,noopener noreferrer,noindex,
https://www.dungeondelights.com/profile/lonido444065533/profile,T2,law firm website design cost,dungeondelights.com,https://xuonginlichtet.com/understanding-law-firm-website-design-cost-and-what-it-includes/,Profile Links,35,LIVE+noindex,https://xuonginlichtet.com/understanding-law-firm-website-de,noopener noreferrer,noindex,
https://www.vibepoweryoga.com/profile/lonido444088704/profile,T2,law firm website pricing,vibepoweryoga.com,https://batinabox.com/understanding-law-firm-website-pricing-and-what-it-includes/,Profile Links,30,LIVE+noindex,https://batinabox.com/understanding-law-firm-website-pricing,noopener noreferrer,noindex,
https://www.lasallesancristobal.edu.mx/profile/lonido444029172/profile,T2,freelance web developer rates,lasallesancristobal.edu.mx,https://stormxyz.com/understanding-freelance-web-developer-rates-for-your-next-project/,Profile Links,34,LIVE+noindex,https://stormxyz.com/understanding-freelance-web-developer-r,noopener noreferrer,noindex,
https://www.babkis.com/profile/lonido444042395/profile,T2,freelance web developer hourly rate,babkis.com,https://opqrstuvwxyz.com/understanding-the-freelance-web-developer-hourly-rate-2/,Profile Links,39,LIVE+noindex,https://opqrstuvwxyz.com/understanding-the-freelance-web-dev,noopener noreferrer,noindex,
https://www.centrotecnologico.edu.mx/profile/lonido444093039/profile,T2,cost to hire a web developer,centrotecnologico.edu.mx,https://kliniksehatsejahtera.com/understanding-the-cost-to-hire-a-web-developer-for-your-project/,Profile Links,32,FAILED:no_link,,,noindex,
https://www.branchriverair.com/profile/lonido444043280/profile,T2,freelance web developer cost,branchriverair.com,https://loveanddissent.com/freelance-web-developer-cost-what-determines-the-price-of-a-professional-website/,Profile Links,35,LIVE+noindex,https://loveanddissent.com/freelance-web-developer-cost-what,noopener noreferrer,noindex,
https://www.floodzonebrewery.com/profile/lonido444026504/profile,T2,website developer hourly rate,floodzonebrewery.com,https://muchbusy.com/understanding-the-website-developer-hourly-rate-for-your-project/,Profile Links,37,LIVE+noindex,https://muchbusy.com/understanding-the-website-developer-hou,noopener noreferrer,noindex,
https://www.newsmusk.com/profile/lonido444039091/profile,T2,estimate your website cost,newsmusk.com,https://flyboardstation.com/estimate-your-website-cost-a-practical-guide-to-planning-your-web-budget/,Profile Links,37,LIVE+noindex,https://flyboardstation.com/estimate-your-website-cost-a-pra,noopener noreferrer,noindex,
https://www.camerashutterup.com/profile/lonido444015651/profile,T2,website cost breakdown,camerashutterup.com,https://sigmacabinet.com/website-cost-breakdown-understanding-the-investment-behind-a-professional-website/,Profile Links,54,LIVE+noindex,https://sigmacabinet.com/website-cost-breakdown-understandin,noopener noreferrer,noindex,
https://www.g23lcs.com/profile/lonido444090346/profile,T2,website cost estimate,g23lcs.com,https://pkows.com/understanding-website-cost-estimate-what-to-budget-for-a-professional-website/,Profile Links,30,LIVE+noindex,https://pkows.com/understanding-website-cost-estimate-what-t,noopener noreferrer,noindex,
https://www.sociedadedosol.org.br/profile/lonido444098130/profile,T2,how much will my website cost,sociedadedosol.org.br,https://forefront-innovations.com/how-much-will-my-website-cost-a-practical-guide-to-website-pricing/,Profile Links,34,LIVE+noindex,https://forefront-innovations.com/how-much-will-my-website-c,noopener noreferrer,noindex,
https://www.acmilan.no/profile/lonido444071726/profile,T2,web app development cost,acmilan.no,https://learnxperience.com/understanding-web-app-development-cost-a-practical-guide/,Profile Links,39,LIVE+noindex,https://learnxperience.com/understanding-web-app-development,noopener noreferrer,noindex,
https://www.americantablewarsaw.com/profile/lonido444083626/profile,T2,web application development cost,americantablewarsaw.com,https://automatonera.com/understanding-web-application-development-cost-a-practical-guide-for-businesses/,Profile Links,32,LIVE+noindex,https://automatonera.com/understanding-web-application-devel,noopener noreferrer,noindex,
https://www.circleme.com/batfish65293184,T2,https://projectcostestimator.com,circleme.com,https://opqrstuvwxyz.com/understanding-the-freelance-web-developer-hourly-rate/,Profile Links,83,LIVE+nofollow,https://opqrstuvwxyz.com/understanding-the-freelance-web-dev,nofollow,"index,follow",
https://gifyu.com/batfish65293184,T2,Project Cost Estimator tool,gifyu.com,https://kliniksehatsejahtera.com/cost-to-hire-a-web-developer-a-practical-guide-to-web-development-pricing/,Profile Links,57,FAILED:no_link,,,,
https://git.disroot.org/batfish65293184,T2,ProjectCostEstimator,git.disroot.org,https://loveanddissent.com/freelance-web-developer-cost-what-to-expect-when-hiring-a-professional/,Profile Links,51,FAILED:no_link,,,"noindex,nofollow",
https://pubhtml5.com/homepage/bjlmz/,T2,the Project Cost Estimator,pubhtml5.com,https://muchbusy.com/website-developer-hourly-rate-what-businesses-should-expect-to-pay/,Profile Links,51,LIVE,https://muchbusy.com/website-developer-hourly-rate-what-busi || -->                         https://muchbusy.com/website-dev,follow|nofollow,,
https://www.anewviewhomekeeping.com/profile/lonido444039943/profile,T2,how much does a website cost,anewviewhomekeeping.com,https://flyboardstation.com/estimate-your-website-cost-a-practical-guide-to-website-development-pricing/,Profile Links,37,LIVE+noindex,https://flyboardstation.com/estimate-your-website-cost-a-pra,noopener noreferrer,noindex,
https://shahmeenaindustry.com/affordable-law-firm-website-cost-guide/,T2,calculate website cost,shahmeenaindustry.com,https://pasagratis.com/budgeting-your-law-firm-website-cost/,Niche Edit Links,56,LIVE,calculate website cost,noopener,max-image-preview:large,
https://sunquicksf.com/budgeting-your-law-firm-website-cost/,T2,ecommerce website cost calculator,sunquicksf.com,https://addviewer.com/calculating-the-right-law-firm-website-cost/,Niche Edit Links,56,LIVE,ecommerce website cost calculator,noopener,max-image-preview:large,
https://technicalpdfs.com/calculating-the-right-law-firm-website-cost/,T2,website development cost calculator,technicalpdfs.com,https://larswurzel.com/factors-that-shape-law-firm-website-cost/,Niche Edit Links,55,LIVE,website development cost calculator,noopener,max-image-preview:large,
https://highland-mountfuji.com/factors-that-shape-law-firm-website-cost/,T2,web design cost calculator,highland-mountfuji.com,https://gobluecard.com/how-design-impacts-law-firm-website-cost/,Niche Edit Links,56,LIVE,web design cost calculator,noopener,max-image-preview:large,
https://the80itspod.com/how-design-impacts-law-firm-website-cost/,T2,website quote calculator,the80itspod.com,https://statsday.com/essential-features-behind-law-firm-website-cost/,Niche Edit Links,55,LIVE,website quote calculator,noopener,max-image-preview:large,
https://theswadeshbazzar.com/essential-features-behind-law-firm-website-cost/,T2,Project Cost Estimator,theswadeshbazzar.com,https://hubmaniac.com/smart-ways-to-reduce-law-firm-website-cost/,Niche Edit Links,55,LIVE,Project Cost Estimator,noopener,max-image-preview:large,
https://thesoly.com/smart-ways-to-reduce-law-firm-website-cost/,T2,projectcostestimator.com,thesoly.com,https://tracyisidore.com/professional-services-and-law-firm-website-cost/,Niche Edit Links,54,LIVE,projectcostestimator.com,follow,max-image-preview:large,
https://bedandbreakfastsofitaly.com/professional-services-and-law-firm-website-cost/,T2,https://projectcostestimator.com,bedandbreakfastsofitaly.com,https://allbatts.com/website-packages-that-fit-law-firm-website-cost/,Niche Edit Links,55,LIVE,https://projectcostestimator.com,follow,max-image-preview:large,
https://demopmsl.com/website-packages-that-fit-law-firm-website-cost/,T2,Project Cost Estimator tool,demopmsl.com,https://rivalsite.com/choosing-providers-for-better-law-firm-website-cost/,Niche Edit Links,55,LIVE,Project Cost Estimator tool,noopener,max-image-preview:large,
https://buymedicineonlineusa.com/choosing-providers-for-better-law-firm-website-cost/,T2,ProjectCostEstimator,buymedicineonlineusa.com,https://enjoyapples.com/custom-designs-and-their-law-firm-website-cost/,Niche Edit Links,56,LIVE,ProjectCostEstimator,noopener,max-image-preview:large,
https://bayrampasaspor.com/hidden-expenses-within-law-firm-website-cost/,T2,website cost calculator,bayrampasaspor.com,https://www.diigo.com/item/note/bydvy/qtu2?k=effe1292136c93696c0e950962138c7c,High Da Second Tiers Links,55,LIVE,website cost calculator,noopener,max-image-preview:large,
https://goodtovary.com/planning-ahead-for-law-firm-website-cost/,T2,website price calculator,goodtovary.com,https://app.box.com/s/2evcedq94jd5tnv8qpfa7btv5ucgs4y3,High Da Second Tiers Links,54,LIVE,website price calculator,noopener,max-image-preview:large,
https://economiciorologi.com/marketing-needs-that-influence-law-firm-website-cost/,T2,website cost estimator,economiciorologi.com,https://docs.google.com/forms/d/e/1FAIpQLSdifgy7Qto4S5ZOrNhWXNH2V9ruozucR4KKPY-KnUjGE0A1FA/viewform,High Da Second Tiers Links,57,LIVE,website cost estimator,noopener,max-image-preview:large,
https://youthmarketingacademy.com/content-requirements-and-law-firm-website-cost/,T2,calculate website cost,youthmarketingacademy.com,https://penzu.com/public/ea4e76d990af2a20,High Da Second Tiers Links,61,LIVE,calculate website cost,noopener,max-image-preview:large,
https://bakingsecurityin.com/mobile-design-effects-on-law-firm-website-cost/,T2,ecommerce website cost calculator,bakingsecurityin.com,https://sites.google.com/view/ecommerce-website-cost-calcula/home,High Da Second Tiers Links,56,LIVE,ecommerce website cost calculator,noopener,max-image-preview:large,
https://llcbibleclub.com/seo-services-included-in-law-firm-website-cost/,T2,website development cost calculator,llcbibleclub.com,https://original-sparrow-f4p950.mystrikingly.com/,High Da Second Tiers Links,55,LIVE,website development cost calculator,noopener,max-image-preview:large,
https://articleplanets.com/hosting-plans-and-overall-law-firm-website-cost/,T2,web design cost calculator,articleplanets.com,https://jolly-eater-8ad.notion.site/Smart-Planning-With-a-Web-Design-Cost-Calculator-3d9f9fd637a180fc967ae42cad9af558,High Da Second Tiers Links,55,LIVE,web design cost calculator,noopener,max-image-preview:large,
https://luissalamanca.com/maintenance-expenses-affecting-law-firm-website-cost/,T2,website quote calculator,luissalamanca.com,https://weky56.bloggersdelight.dk/2026/09/12/how-a-website-quote-calculator-makes-project-planning-easier/,High Da Second Tiers Links,54,LIVE,website quote calculator,noopener,max-image-preview:large,
https://jarhog.com/security-requirements-and-law-firm-website-cost/,T2,Project Cost Estimator,jarhog.com,https://wakelet.com/wake/eJNYwreNjiXvOAZc6Rawn,High Da Second Tiers Links,54,LIVE,Project Cost Estimator,noopener,max-image-preview:large,
https://lupuspeace.com/technology-choices-that-change-law-firm-website-cost/,T2,projectcostestimator.com,lupuspeace.com,https://groups.google.com/g/businessarticle/c/N1JRfQC2q68,High Da Second Tiers Links,54,LIVE,projectcostestimator.com,noopener,max-image-preview:large,
https://pregrocer.com/user-experience-considerations-for-law-firm-website-cost/,T2,https://projectcostestimator.com,pregrocer.com,https://opqrstuvwxyz.com/understanding-the-freelance-web-developer-hourly-rate/,High Da Second Tiers Links,57,LIVE,https://projectcostestimator.com,follow,max-image-preview:large,
https://alexandrosampaio.com/long-term-value-behind-law-firm-website-cost/,T2,Project Cost Estimator tool,alexandrosampaio.com,https://kliniksehatsejahtera.com/cost-to-hire-a-web-developer-a-practical-guide-to-web-development-pricing/,High Da Second Tiers Links,56,LIVE,Project Cost Estimator tool,noopener,max-image-preview:large,
https://ishoplbn.com/professional-growth-and-law-firm-website-cost/,T2,ProjectCostEstimator,ishoplbn.com,https://loveanddissent.com/freelance-web-developer-cost-what-to-expect-when-hiring-a-professional/,High Da Second Tiers Links,55,LIVE,ProjectCostEstimator,noopener,max-image-preview:large,
https://livextreamtv.com/affordable-law-firm-website-cost-guide/,T2,the Project Cost Estimator,livextreamtv.com,https://muchbusy.com/website-developer-hourly-rate-what-businesses-should-expect-to-pay/,High Da Second Tiers Links,56,LIVE,the Project Cost Estimator,noopener,max-image-preview:large,
https://deeyogurt.com/smart-investment-strategies-for-law-firm-website-cost/,T2,how much does a website cost,deeyogurt.com,https://flyboardstation.com/estimate-your-website-cost-a-practical-guide-to-website-development-pricing/,High Da Second Tiers Links,56,LIVE,how much does a website cost,noopener,max-image-preview:large,
https://jakartafotobooth.com/affordable-law-firm-website-cost-guide/,T2,calculate website cost,jakartafotobooth.com,https://pasagratis.com/budgeting-your-law-firm-website-cost/,High Da Second Tiers Links,57,LIVE,calculate website cost,noopener,max-image-preview:large,
https://kryptopandit.com/budgeting-your-law-firm-website-cost/,T2,ecommerce website cost calculator,kryptopandit.com,https://addviewer.com/calculating-the-right-law-firm-website-cost/,High Da Second Tiers Links,55,LIVE,ecommerce website cost calculator,noopener,max-image-preview:large,
https://mayepcocbetong.com/calculating-the-right-law-firm-website-cost/,T2,website development cost calculator,mayepcocbetong.com,https://larswurzel.com/factors-that-shape-law-firm-website-cost/,High Da Second Tiers Links,55,LIVE,website development cost calculator,noopener,max-image-preview:large,
https://akom-agence.com/factors-that-shape-law-firm-website-cost/,T2,web design cost calculator,akom-agence.com,https://gobluecard.com/how-design-impacts-law-firm-website-cost/,High Da Second Tiers Links,57,LIVE,web design cost calculator,noopener,max-image-preview:large,
https://thewebrootsafe.com/how-design-impacts-law-firm-website-cost/,T2,website quote calculator,thewebrootsafe.com,https://statsday.com/essential-features-behind-law-firm-website-cost/,High Da Second Tiers Links,58,LIVE,website quote calculator,noopener,max-image-preview:large,
https://bastion4josefov.com/essential-features-behind-law-firm-website-cost/,T2,Project Cost Estimator,bastion4josefov.com,https://hubmaniac.com/smart-ways-to-reduce-law-firm-website-cost/,High Da Second Tiers Links,55,LIVE,Project Cost Estimator,noopener,max-image-preview:large,
https://ifscircle.com/smart-ways-to-reduce-law-firm-website-cost/,T2,projectcostestimator.com,ifscircle.com,https://tracyisidore.com/professional-services-and-law-firm-website-cost/,High Da Second Tiers Links,55,LIVE,projectcostestimator.com,follow,max-image-preview:large,
https://obsidian-blade.com/professional-services-and-law-firm-website-cost/,T2,https://projectcostestimator.com,obsidian-blade.com,https://allbatts.com/website-packages-that-fit-law-firm-website-cost/,High Da Second Tiers Links,56,LIVE,https://projectcostestimator.com,follow,max-image-preview:large,
https://thealtengroup.com/website-packages-that-fit-law-firm-website-cost/,T2,Project Cost Estimator tool,thealtengroup.com,https://rivalsite.com/choosing-providers-for-better-law-firm-website-cost/,High Da Second Tiers Links,56,LIVE,Project Cost Estimator tool,noopener,max-image-preview:large,
https://bedenbeden.com/choosing-providers-for-better-law-firm-website-cost/,T2,ProjectCostEstimator,bedenbeden.com,https://enjoyapples.com/custom-designs-and-their-law-firm-website-cost/,High Da Second Tiers Links,57,LIVE,ProjectCostEstimator,noopener,max-image-preview:large,
https://topyeezys.com/custom-designs-and-their-law-firm-website-cost/,T2,the Project Cost Estimator,topyeezys.com,https://colorcloths.com/comparing-options-for-law-firm-website-cost/,High Da Second Tiers Links,60,LIVE,the Project Cost Estimator,noopener,max-image-preview:large,
https://colourkidz.com/comparing-options-for-law-firm-website-cost/,T2,how much does a website cost,colourkidz.com,https://ustroopfund.com/modern-features-affecting-law-firm-website-cost/,High Da Second Tiers Links,58,LIVE,how much does a website cost,noopener,max-image-preview:large,
https://dresscodeemlyon.com/modern-features-affecting-law-firm-website-cost/,T2,law firm website cost,dresscodeemlyon.com,https://granulasoft.com/realistic-expectations-around-law-firm-website-cost/,High Da Second Tiers Links,55,LIVE,law firm website cost,noopener,max-image-preview:large,
https://avidatowersinsanlorenzo.com/premium-branding-and-law-firm-website-cost/,T2,attorney website cost,avidatowersinsanlorenzo.com,https://zoorockcafe.com/premium-branding-and-law-firm-website-cost/,High Da Second Tiers Links,55,LIVE,attorney website cost,noopener,max-image-preview:large,
https://temmyzplace.com/building-trust-through-law-firm-website-cost/,T2,law firm website design cost,temmyzplace.com,https://thelifeniche.com/building-trust-through-law-firm-website-cost/,High Da Second Tiers Links,56,LIVE,law firm website design cost,noopener,max-image-preview:large,
https://werelight.com/website-cost-calculator-estimate-your-web-development-budget-with-confidence/,T2,law firm website cost,werelight.com,https://findnwrite.com/understanding-law-firm-website-cost-and-what-your-investment-should-include/,High Da Second Tiers Links,55,LIVE,law firm website cost,noopener,max-image-preview:large,
https://homyshaper.com/website-price-calculator-estimate-your-website-development-cost-accurately/,T2,attorney website cost,homyshaper.com,https://ijoinwatches.com/understanding-attorney-website-cost-and-what-your-law-firm-needs/,High Da Second Tiers Links,53,LIVE,attorney website cost,noopener,max-image-preview:large,
https://shopmyremedy.com/website-cost-estimator-for-smarter-budget-planning/,T2,law firm website design cost,shopmyremedy.com,https://xuonginlichtet.com/understanding-law-firm-website-design-cost-and-what-it-includes/,High Da Second Tiers Links,53,LIVE,law firm website design cost,noopener,max-image-preview:large,
https://sedgeband.com/how-to-calculate-website-cost-a-complete-guide-to-website-development-pricing/,T2,law firm website pricing,sedgeband.com,https://batinabox.com/understanding-law-firm-website-pricing-and-what-it-includes/,High Da Second Tiers Links,53,LIVE,law firm website pricing,noopener,max-image-preview:large,
https://furiousxyz.com/ecommerce-website-cost-calculator-estimate-your-online-store-budget/,T2,freelance web developer rates,furiousxyz.com,https://stormxyz.com/understanding-freelance-web-developer-rates-for-your-next-project/,High Da Second Tiers Links,54,LIVE,freelance web developer rates,noopener,max-image-preview:large,
https://furiousabc.com/website-development-cost-calculator-a-smarter-way-to-plan-your-web-project-budget/,T2,freelance web developer hourly rate,furiousabc.com,https://opqrstuvwxyz.com/understanding-the-freelance-web-developer-hourly-rate-2/,High Da Second Tiers Links,53,LIVE,freelance web developer hourly rate,noopener,max-image-preview:large,
https://llcbibleclub.com/web-design-cost-calculator-a-smart-way-to-plan-your-website-budget/,T2,cost to hire a web developer,llcbibleclub.com,https://kliniksehatsejahtera.com/understanding-the-cost-to-hire-a-web-developer-for-your-project/,High Da Second Tiers Links,55,LIVE,cost to hire a web developer,noopener,max-image-preview:large,
https://tinaperlmutter.com/website-quote-calculator-simplify-project-cost-estimates-and-win-more-customers/,T2,freelance web developer cost,tinaperlmutter.com,https://loveanddissent.com/freelance-web-developer-cost-what-determines-the-price-of-a-professional-website/,High Da Second Tiers Links,58,LIVE,freelance web developer cost,noopener,max-image-preview:large,
https://thriverally.com/project-cost-estimator-a-smarter-way-to-plan-and-control-construction-budgets/,T2,website developer hourly rate,thriverally.com,https://muchbusy.com/understanding-the-website-developer-hourly-rate-for-your-project/,High Da Second Tiers Links,53,LIVE,website developer hourly rate,noopener,max-image-preview:large,
https://thegriffithpages.com/project-cost-estimator-a-smarter-way-to-plan-website-development-budgets/,T2,estimate your website cost,thegriffithpages.com,https://flyboardstation.com/estimate-your-website-cost-a-practical-guide-to-planning-your-web-budget/,High Da Second Tiers Links,55,LIVE,estimate your website cost,noopener,max-image-preview:large,
https://theflydaily.com/project-cost-estimator-tool-simplifying-accurate-budget-planning/,T2,website cost breakdown,theflydaily.com,https://sigmacabinet.com/website-cost-breakdown-understanding-the-investment-behind-a-professional-website/,High Da Second Tiers Links,54,LIVE,website cost breakdown,noopener,max-image-preview:large,
https://thanatus.com/project-cost-estimator-simplifying-accurate-construction-budget-planning/,T2,website cost estimate,thanatus.com,https://pkows.com/understanding-website-cost-estimate-what-to-budget-for-a-professional-website/,High Da Second Tiers Links,54,LIVE,website cost estimate,noopener,max-image-preview:large,
https://stephonebryan.com/the-project-cost-estimator-a-smart-approach-to-accurate-budget-planning/,T2,how much will my website cost,stephonebryan.com,https://forefront-innovations.com/how-much-will-my-website-cost-a-practical-guide-to-website-pricing/,High Da Second Tiers Links,55,LIVE,how much will my website cost,noopener,max-image-preview:large,
https://staginglondon.com/how-much-does-a-website-cost-a-complete-guide-to-website-pricing/,T2,web app development cost,staginglondon.com,https://learnxperience.com/understanding-web-app-development-cost-a-practical-guide/,High Da Second Tiers Links,58,LIVE,web app development cost,noopener,max-image-preview:large,
https://thefaxts.com/law-firm-website-cost-a-complete-guide-to-building-a-professional-legal-website/,T2,web application development cost,thefaxts.com,https://automatonera.com/understanding-web-application-development-cost-a-practical-guide-for-businesses/,High Da Second Tiers Links,54,LIVE,web application development cost,noopener,max-image-preview:large,
https://sodreamyfest.com/attorney-website-cost-understanding-the-investment-in-a-professional-law-firm-website/,T2,calculate website cost,sodreamyfest.com,https://pasagratis.com/budgeting-your-law-firm-website-cost/,High Da Second Tiers Links,54,LIVE,calculate website cost,noopener,max-image-preview:large,
https://sneadcataract.com/law-firm-website-design-cost-what-to-expect-for-a-professional-legal-website/,T2,ecommerce website cost calculator,sneadcataract.com,https://addviewer.com/calculating-the-right-law-firm-website-cost/,High Da Second Tiers Links,54,LIVE,ecommerce website cost calculator,noopener,max-image-preview:large,
https://skillssupplies.com/law-firm-website-pricing-what-to-expect-when-building-a-professional-legal-website/,T2,website development cost calculator,skillssupplies.com,https://larswurzel.com/factors-that-shape-law-firm-website-cost/,High Da Second Tiers Links,55,LIVE,website development cost calculator,noopener,max-image-preview:large,
https://sirenapalace.com/freelance-web-developer-rates-what-clients-should-expect-to-pay/,T2,web design cost calculator,sirenapalace.com,https://gobluecard.com/how-design-impacts-law-firm-website-cost/,High Da Second Tiers Links,54,LIVE,web design cost calculator,noopener,max-image-preview:large,
https://grinderselect.com/understanding-the-freelance-web-developer-hourly-rate/,T2,website quote calculator,grinderselect.com,https://statsday.com/essential-features-behind-law-firm-website-cost/,High Da Second Tiers Links,56,LIVE,website quote calculator,noopener,max-image-preview:large,
https://libredwg.com/cost-to-hire-a-web-developer-a-practical-guide-to-web-development-pricing/,T2,Project Cost Estimator,libredwg.com,https://hubmaniac.com/smart-ways-to-reduce-law-firm-website-cost/,High Da Second Tiers Links,54,LIVE,Project Cost Estimator,noopener,max-image-preview:large,
https://casesiphonesi.com/freelance-web-developer-cost-what-to-expect-when-hiring-a-professional/,T2,projectcostestimator.com,casesiphonesi.com,https://tracyisidore.com/professional-services-and-law-firm-website-cost/,High Da Second Tiers Links,56,LIVE,projectcostestimator.com,noopener,max-image-preview:large,
https://alanandsteiner.com/website-developer-hourly-rate-what-businesses-should-expect-to-pay/,T2,https://projectcostestimator.com,alanandsteiner.com,https://allbatts.com/website-packages-that-fit-law-firm-website-cost/,High Da Second Tiers Links,55,FAILED:no_link,,,max-image-preview:large,
https://firstcontactinc.org/estimate-your-website-cost-a-practical-guide-to-website-development-pricing/,T2,Project Cost Estimator tool,firstcontactinc.org,https://rivalsite.com/choosing-providers-for-better-law-firm-website-cost/,High Da Second Tiers Links,54,LIVE,Project Cost Estimator tool,noopener,max-image-preview:large,
https://farmhouseflaredesigns.com/website-cost-breakdown-a-complete-guide-to-website-development-costs/,T2,ProjectCostEstimator,farmhouseflaredesigns.com,https://enjoyapples.com/custom-designs-and-their-law-firm-website-cost/,High Da Second Tiers Links,54,LIVE,ProjectCostEstimator,noopener,max-image-preview:large,
https://findnwrite.com/website-cost-estimate-a-complete-guide-to-planning-your-web-development-budget/,T2,the Project Cost Estimator,findnwrite.com,https://colorcloths.com/comparing-options-for-law-firm-website-cost/,High Da Second Tiers Links,56,LIVE,the Project Cost Estimator,noopener,max-image-preview:large,
https://ijoinwatches.com/how-much-will-my-website-cost-understanding-website-development-costs/,T2,how much does a website cost,ijoinwatches.com,https://ustroopfund.com/modern-features-affecting-law-firm-website-cost/,High Da Second Tiers Links,59,LIVE,how much does a website cost,noopener,max-image-preview:large,
https://xuonginlichtet.com/web-app-development-cost-key-factors-that-shape-your-budget/,T2,law firm website cost,xuonginlichtet.com,https://granulasoft.com/realistic-expectations-around-law-firm-website-cost/,High Da Second Tiers Links,57,LIVE,law firm website cost,noopener,max-image-preview:large,
https://batinabox.com/understanding-web-application-development-cost-key-factors-budget-planning-and-value/,T2,attorney website cost,batinabox.com,https://zoorockcafe.com/premium-branding-and-law-firm-website-cost/,High Da Second Tiers Links,57,LIVE,attorney website cost,noopener,max-image-preview:large,
https://stormxyz.com/freelance-web-developer-cost-what-to-expect-when-hiring-a-professional/,T2,law firm website design cost,stormxyz.com,https://thelifeniche.com/building-trust-through-law-firm-website-cost/,High Da Second Tiers Links,56,LIVE,law firm website design cos,noopener,max-image-preview:large,
https://sourcenom.com/hidden-expenses-within-law-firm-website-cost/,T2,website cost calculator,sourcenom.com,https://www.diigo.com/item/note/bydvy/qtu2?k=effe1292136c93696c0e950962138c7c,High Da Second Tiers Links,54,LIVE,website cost calculator,noopener,max-image-preview:large,
https://cornycones.com/planning-ahead-for-law-firm-website-cost/,T2,website price calculator,cornycones.com,https://app.box.com/s/2evcedq94jd5tnv8qpfa7btv5ucgs4y3,High Da Second Tiers Links,53,LIVE,website price calculator,noopener,max-image-preview:large,
https://kenreilly.com/marketing-needs-that-influence-law-firm-website-cost/,T2,website cost estimator,kenreilly.com,https://docs.google.com/forms/d/e/1FAIpQLSdifgy7Qto4S5ZOrNhWXNH2V9ruozucR4KKPY-KnUjGE0A1FA/viewform,High Da Second Tiers Links,53,LIVE,website cost estimator,noopener,max-image-preview:large,
https://voxdid.com/content-requirements-and-law-firm-website-cost/,T2,calculate website cost,voxdid.com,https://penzu.com/public/ea4e76d990af2a20,High Da Second Tiers Links,53,LIVE,calculate website cost,noopener,max-image-preview:large,
https://ancoraduo.com/mobile-design-effects-on-law-firm-website-cost/,T2,ecommerce website cost calculator,ancoraduo.com,https://sites.google.com/view/ecommerce-website-cost-calcula/home,High Da Second Tiers Links,50,LIVE,ecommerce website cost calculator,noopener,max-image-preview:large,
https://thesdans.com/seo-services-included-in-law-firm-website-cost/,T2,website development cost calculator,thesdans.com,https://original-sparrow-f4p950.mystrikingly.com/,High Da Second Tiers Links,54,LIVE,website development cost calculator,noopener,max-image-preview:large,
https://thefaxts.com/hosting-plans-and-overall-law-firm-website-cost/,T2,web design cost calculator,thefaxts.com,https://jolly-eater-8ad.notion.site/Smart-Planning-With-a-Web-Design-Cost-Calculator-3d9f9fd637a180fc967ae42cad9af558,High Da Second Tiers Links,53,LIVE,web design cost calculator,noopener,max-image-preview:large,
https://furiousxyz.com/maintenance-expenses-affecting-law-firm-website-cost/,T2,website quote calculator,furiousxyz.com,https://weky56.bloggersdelight.dk/2026/09/12/how-a-website-quote-calculator-makes-project-planning-easier/,High Da Second Tiers Links,54,LIVE,website quote calculator,noopener,max-image-preview:large,
https://rankedrights.com/security-requirements-and-law-firm-website-cost/,T2,Project Cost Estimator,rankedrights.com,https://wakelet.com/wake/eJNYwreNjiXvOAZc6Rawn,High Da Second Tiers Links,54,LIVE,Project Cost Estimator,noopener,max-image-preview:large,
https://bundleforty.com/technology-choices-that-change-law-firm-website-cost/,T2,projectcostestimator.com,bundleforty.com,https://groups.google.com/g/businessarticle/c/N1JRfQC2q68,High Da Second Tiers Links,54,LIVE,projectcostestimator.com,noopener,max-image-preview:large,
https://vulcanrussia24-pro.com/user-experience-considerations-for-law-firm-website-cost/,T2,https://projectcostestimator.com,vulcanrussia24-pro.com,https://opqrstuvwxyz.com/understanding-the-freelance-web-developer-hourly-rate/,High Da Second Tiers Links,54,LIVE,https://projectcostestimator.com,follow,max-image-preview:large,
https://chuyenbanglaixea-z.com/long-term-value-behind-law-firm-website-cost/,T2,Project Cost Estimator tool,chuyenbanglaixea-z.com,https://kliniksehatsejahtera.com/cost-to-hire-a-web-developer-a-practical-guide-to-web-development-pricing/,High Da Second Tiers Links,53,LIVE,Project Cost Estimator tool,noopener,max-image-preview:large,
https://pharaosricheskostenlos.com/professional-growth-and-law-firm-website-cost/,T2,ProjectCostEstimator,pharaosricheskostenlos.com,https://loveanddissent.com/freelance-web-developer-cost-what-to-expect-when-hiring-a-professional/,High Da Second Tiers Links,52,LIVE,ProjectCostEstimator,noopener,max-image-preview:large,
https://avidatowersinnewmanila.com/affordable-law-firm-website-cost-guide/,T2,the Project Cost Estimator,avidatowersinnewmanila.com,https://muchbusy.com/website-developer-hourly-rate-what-businesses-should-expect-to-pay/,High Da Second Tiers Links,53,LIVE,the Project Cost Estimator,noopener,max-image-preview:large,
https://usefulsystemsinc.com/smart-investment-strategies-for-law-firm-website-cost/,T2,how much does a website cost,usefulsystemsinc.com,https://flyboardstation.com/estimate-your-website-cost-a-practical-guide-to-website-development-pricing/,High Da Second Tiers Links,53,LIVE,how much does a website cost,noopener,max-image-preview:large,
https://autopointmeet.com/affordable-law-firm-website-cost-guide/,T2,calculate website cost,autopointmeet.com,https://pasagratis.com/budgeting-your-law-firm-website-cost/,High Da Second Tiers Links,54,LIVE,calculate website cost,noopener,max-image-preview:large,
https://twincottages.com/budgeting-your-law-firm-website-cost/,T2,ecommerce website cost calculator,twincottages.com,https://addviewer.com/calculating-the-right-law-firm-website-cost/,High Da Second Tiers Links,53,LIVE,ecommerce website cost calculator,noopener,max-image-preview:large,
https://shopmyremedy.com/calculating-the-right-law-firm-website-cost/,T2,website development cost calculator,shopmyremedy.com,https://larswurzel.com/factors-that-shape-law-firm-website-cost/,High Da Second Tiers Links,52,LIVE,website development cost calculator,noopener,max-image-preview:large,
https://homyshaper.com/factors-that-shape-law-firm-website-cost/,T2,web design cost calculator,homyshaper.com,https://gobluecard.com/how-design-impacts-law-firm-website-cost/,High Da Second Tiers Links,55,LIVE,web design cost calculator,noopener,max-image-preview:large,
https://dianbingpay.com/how-design-impacts-law-firm-website-cost/,T2,website quote calculator,dianbingpay.com,https://statsday.com/essential-features-behind-law-firm-website-cost/,High Da Second Tiers Links,54,LIVE,website quote calculator,noopener,max-image-preview:large,
https://lunaross.com/essential-features-behind-law-firm-website-cost/,T2,Project Cost Estimator,lunaross.com,https://hubmaniac.com/smart-ways-to-reduce-law-firm-website-cost/,High Da Second Tiers Links,54,LIVE,Project Cost Estimator,noopener,max-image-preview:large,
https://bigskyshophop.com/smart-ways-to-reduce-law-firm-website-cost/,T2,projectcostestimator.com,bigskyshophop.com,https://tracyisidore.com/professional-services-and-law-firm-website-cost/,High Da Second Tiers Links,54,LIVE,projectcostestimator.com,follow,max-image-preview:large,
https://academicbacker.com/professional-services-and-law-firm-website-cost/,T2,https://projectcostestimator.com,academicbacker.com,https://allbatts.com/website-packages-that-fit-law-firm-website-cost/,High Da Second Tiers Links,54,LIVE,https://projectcostestimator.com,follow,max-image-preview:large,
https://mikebinz.com/website-packages-that-fit-law-firm-website-cost/,T2,Project Cost Estimator tool,mikebinz.com,https://rivalsite.com/choosing-providers-for-better-law-firm-website-cost/,High Da Second Tiers Links,54,LIVE,Project Cost Estimator tool,noopener,max-image-preview:large,
https://candycloaks.com/choosing-providers-for-better-law-firm-website-cost/,T2,ProjectCostEstimator,candycloaks.com,https://enjoyapples.com/custom-designs-and-their-law-firm-website-cost/,High Da Second Tiers Links,54,LIVE,ProjectCostEstimator,noopener,max-image-preview:large,
https://joinwithdeals.com/custom-designs-and-their-law-firm-website-cost/,T2,the Project Cost Estimator,joinwithdeals.com,https://colorcloths.com/comparing-options-for-law-firm-website-cost/,High Da Second Tiers Links,55,LIVE,the Project Cost Estimator,noopener,max-image-preview:large,
https://tactilevalues.com/comparing-options-for-law-firm-website-cost/,T2,how much does a website cost,tactilevalues.com,https://ustroopfund.com/modern-features-affecting-law-firm-website-cost/,High Da Second Tiers Links,58,LIVE,how much does a website cost,noopener,max-image-preview:large,
https://tribunaloftheaxe.com/modern-features-affecting-law-firm-website-cost/,T2,law firm website cost,tribunaloftheaxe.com,https://granulasoft.com/realistic-expectations-around-law-firm-website-cost/,High Da Second Tiers Links,55,LIVE,law firm website cost,noopener,max-image-preview:large,
https://zebrafires.com/premium-branding-and-law-firm-website-cost/,T2,attorney website cost,zebrafires.com,https://zoorockcafe.com/premium-branding-and-law-firm-website-cost/,High Da Second Tiers Links,56,LIVE,attorney website cost,noopener,max-image-preview:large,
https://thebygroup.com/building-trust-through-law-firm-website-cost/,T2,law firm website design cost,thebygroup.com,https://thelifeniche.com/building-trust-through-law-firm-website-cost/,High Da Second Tiers Links,52,LIVE,law firm website design cost,noopener,max-image-preview:large,
https://saamigraphics.com/hidden-expenses-within-law-firm-website-cost/,T2,website cost calculator,saamigraphics.com,https://www.diigo.com/item/note/bydvy/qtu2?k=effe1292136c93696c0e950962138c7c,High Da Second Tiers Links,55,LIVE,website cost calculator,noopener,max-image-preview:large,
https://hylasmagazine.com/planning-ahead-for-law-firm-website-cost/,T2,website price calculator,hylasmagazine.com,https://app.box.com/s/2evcedq94jd5tnv8qpfa7btv5ucgs4y3,High Da Second Tiers Links,55,LIVE,website price calculator,noopener,max-image-preview:large,
https://prettechengineering.com/marketing-needs-that-influence-law-firm-website-cost/,T2,website cost estimator,prettechengineering.com,https://docs.google.com/forms/d/e/1FAIpQLSdifgy7Qto4S5ZOrNhWXNH2V9ruozucR4KKPY-KnUjGE0A1FA/viewform,High Da Second Tiers Links,55,LIVE,website cost estimator,noopener,max-image-preview:large,
https://webhostingeswatini.com/content-requirements-and-law-firm-website-cost/,T2,calculate website cost,webhostingeswatini.com,https://penzu.com/public/ea4e76d990af2a20,High Da Second Tiers Links,56,LIVE,calculate website cost,noopener,max-image-preview:large,
https://christianmantopoulos.com/mobile-design-effects-on-law-firm-website-cost/,T2,ecommerce website cost calculator,christianmantopoulos.com,https://sites.google.com/view/ecommerce-website-cost-calcula/home,High Da Second Tiers Links,55,LIVE,ecommerce website cost calculator,noopener,max-image-preview:large,
https://stannswarehouse.com/seo-services-included-in-law-firm-website-cost/,T2,website development cost calculator,stannswarehouse.com,https://original-sparrow-f4p950.mystrikingly.com/,High Da Second Tiers Links,55,LIVE,website development cost calculator,noopener,max-image-preview:large,
https://creative-webstyle.com/hosting-plans-and-overall-law-firm-website-cost/,T2,web design cost calculator,creative-webstyle.com,https://jolly-eater-8ad.notion.site/Smart-Planning-With-a-Web-Design-Cost-Calculator-3d9f9fd637a180fc967ae42cad9af558,High Da Second Tiers Links,54,LIVE,web design cost calculator,noopener,max-image-preview:large,
https://freelancingclients.com/maintenance-expenses-affecting-law-firm-website-cost/,T2,website quote calculator,freelancingclients.com,https://weky56.bloggersdelight.dk/2026/09/12/how-a-website-quote-calculator-makes-project-planning-easier/,High Da Second Tiers Links,54,LIVE,website quote calculator,noopener,max-image-preview:large,
https://imgresults.com/security-requirements-and-law-firm-website-cost/,T2,Project Cost Estimator,imgresults.com,https://wakelet.com/wake/eJNYwreNjiXvOAZc6Rawn,High Da Second Tiers Links,55,LIVE,Project Cost Estimator,noopener,max-image-preview:large,
https://inversionesgoldie.com/technology-choices-that-change-law-firm-website-cost/,T2,projectcostestimator.com,inversionesgoldie.com,https://groups.google.com/g/businessarticle/c/N1JRfQC2q68,High Da Second Tiers Links,56,LIVE,projectcostestimator.com,noopener,max-image-preview:large,
https://pregrocer.com/user-experience-considerations-for-law-firm-website-cost/,T2,https://projectcostestimator.com,pregrocer.com,https://opqrstuvwxyz.com/understanding-the-freelance-web-developer-hourly-rate/,High Da Second Tiers Links,57,LIVE,https://projectcostestimator.com,follow,max-image-preview:large,
https://alexandrosampaio.com/long-term-value-behind-law-firm-website-cost/,T2,Project Cost Estimator tool,alexandrosampaio.com,https://kliniksehatsejahtera.com/cost-to-hire-a-web-developer-a-practical-guide-to-web-development-pricing/,High Da Second Tiers Links,56,LIVE,Project Cost Estimator tool,noopener,max-image-preview:large,
https://ishoplbn.com/professional-growth-and-law-firm-website-cost/,T2,ProjectCostEstimator,ishoplbn.com,https://loveanddissent.com/freelance-web-developer-cost-what-to-expect-when-hiring-a-professional/,High Da Second Tiers Links,55,LIVE,ProjectCostEstimator,noopener,max-image-preview:large,
https://livextreamtv.com/affordable-law-firm-website-cost-guide/,T2,the Project Cost Estimator,livextreamtv.com,https://muchbusy.com/website-developer-hourly-rate-what-businesses-should-expect-to-pay/,High Da Second Tiers Links,56,LIVE,the Project Cost Estimator,noopener,max-image-preview:large,
https://deeyogurt.com/smart-investment-strategies-for-law-firm-website-cost/,T2,how much does a website cost,deeyogurt.com,https://flyboardstation.com/estimate-your-website-cost-a-practical-guide-to-website-development-pricing/,High Da Second Tiers Links,56,LIVE,how much does a website cost,noopener,max-image-preview:large,
https://sigmacabinet.com/website-cost-calculator-estimate-your-web-development-budget-with-confidence/,T2,law firm website cost,sigmacabinet.com,https://findnwrite.com/understanding-law-firm-website-cost-and-what-your-investment-should-include/,High Da Second Tiers Links,55,LIVE,law firm website cost,noopener,max-image-preview:large,
https://pkows.com/website-price-calculator-estimate-your-website-development-cost-accurately/,T2,attorney website cost,pkows.com,https://ijoinwatches.com/understanding-attorney-website-cost-and-what-your-law-firm-needs/,High Da Second Tiers Links,55,LIVE,attorney website cost,noopener,max-image-preview:large,
https://forefront-innovations.com/website-cost-estimator-for-smarter-budget-planning/,T2,law firm website design cost,forefront-innovations.com,https://xuonginlichtet.com/understanding-law-firm-website-design-cost-and-what-it-includes/,High Da Second Tiers Links,54,LIVE,law firm website design cost,noopener,max-image-preview:large,
https://learnxperience.com/how-to-calculate-website-cost-a-complete-guide-to-website-development-pricing/,T2,law firm website pricing,learnxperience.com,https://batinabox.com/understanding-law-firm-website-pricing-and-what-it-includes/,High Da Second Tiers Links,55,LIVE,law firm website pricing,noopener,max-image-preview:large,
https://automatonera.com/ecommerce-website-cost-calculator-estimate-your-online-store-budget/,T2,freelance web developer rates,automatonera.com,https://stormxyz.com/understanding-freelance-web-developer-rates-for-your-next-project/,High Da Second Tiers Links,55,LIVE,freelance web developer rates,noopener,max-image-preview:large,
https://alualufoil.com/website-development-cost-calculator-a-smarter-way-to-plan-your-web-project-budget/,T2,freelance web developer hourly rate,alualufoil.com,https://opqrstuvwxyz.com/understanding-the-freelance-web-developer-hourly-rate-2/,High Da Second Tiers Links,55,LIVE,freelance web developer hourly rate,noopener,max-image-preview:large,
https://vivlive.com/web-design-cost-calculator-a-smart-way-to-plan-your-website-budget/,T2,cost to hire a web developer,vivlive.com,https://kliniksehatsejahtera.com/understanding-the-cost-to-hire-a-web-developer-for-your-project/,High Da Second Tiers Links,55,LIVE,cost to hire a web developer,noopener,max-image-preview:large,
https://gobluecard.com/website-quote-calculator-simplify-project-cost-estimates-and-win-more-customers/,T2,freelance web developer cost,gobluecard.com,https://loveanddissent.com/freelance-web-developer-cost-what-determines-the-price-of-a-professional-website/,High Da Second Tiers Links,55,LIVE,freelance web developer cost,noopener,max-image-preview:large,
https://addviewer.com/project-cost-estimator-a-smarter-way-to-plan-and-control-construction-budgets/,T2,website developer hourly rate,addviewer.com,https://muchbusy.com/understanding-the-website-developer-hourly-rate-for-your-project/,High Da Second Tiers Links,54,LIVE,website developer hourly rate,noopener,max-image-preview:large,
https://academicbacker.com/project-cost-estimator-simplify-construction-budget-planning-with-accurate-estimates/,T2,estimate your website cost,academicbacker.com,https://flyboardstation.com/estimate-your-website-cost-a-practical-guide-to-planning-your-web-budget/,High Da Second Tiers Links,55,FAILED:no_link,,,max-image-preview:large,
https://buraq-tech.com/project-cost-estimator-a-smarter-way-to-plan-website-development-budgets/,T2,website cost breakdown,buraq-tech.com,https://sigmacabinet.com/website-cost-breakdown-understanding-the-investment-behind-a-professional-website/,High Da Second Tiers Links,54,LIVE,website cost breakdown,noopener,max-image-preview:large,
https://warcraftreplays.com/project-cost-estimator-tool-simplifying-accurate-budget-planning/,T2,website cost estimate,warcraftreplays.com,https://pkows.com/understanding-website-cost-estimate-what-to-budget-for-a-professional-website/,High Da Second Tiers Links,56,LIVE,website cost estimate,noopener,max-image-preview:large,
https://peekalum.com/project-cost-estimator-simplifying-accurate-construction-budget-planning/,T2,how much will my website cost,peekalum.com,https://forefront-innovations.com/how-much-will-my-website-cost-a-practical-guide-to-website-pricing/,High Da Second Tiers Links,53,LIVE,how much will my website cost,noopener,max-image-preview:large,
https://onsupportit.com/the-project-cost-estimator-a-smart-approach-to-accurate-budget-planning/,T2,web app development cost,onsupportit.com,https://learnxperience.com/understanding-web-app-development-cost-a-practical-guide/,High Da Second Tiers Links,53,LIVE,web app development cost,noopener,max-image-preview:large,
https://topcssservice.com/law-firm-website-cost-a-complete-guide-to-building-a-professional-legal-website/,T2,calculate website cost,topcssservice.com,https://pasagratis.com/budgeting-your-law-firm-website-cost/,High Da Second Tiers Links,56,LIVE,calculate website cost,noopener,max-image-preview:large,
https://andreasullivanclarke.com/attorney-website-cost-understanding-the-investment-in-a-professional-law-firm-website/,T2,ecommerce website cost calculator,andreasullivanclarke.com,https://addviewer.com/calculating-the-right-law-firm-website-cost/,High Da Second Tiers Links,55,LIVE,ecommerce website cost calculator,noopener,max-image-preview:large,
https://artmonyagence.com/law-firm-website-design-cost-what-to-expect-for-a-professional-legal-website/,T2,website development cost calculator,artmonyagence.com,https://larswurzel.com/factors-that-shape-law-firm-website-cost/,High Da Second Tiers Links,57,LIVE,website development cost calculator,noopener,max-image-preview:large,
https://hostopiniones.com/law-firm-website-pricing-what-to-expect-when-building-a-professional-legal-website/,T2,web design cost calculator,hostopiniones.com,https://gobluecard.com/how-design-impacts-law-firm-website-cost/,High Da Second Tiers Links,54,LIVE,web design cost calculator,noopener,max-image-preview:large,
https://coronahilfebayreuth.com/freelance-web-developer-rates-what-clients-should-expect-to-pay/,T2,website quote calculator,coronahilfebayreuth.com,https://statsday.com/essential-features-behind-law-firm-website-cost/,High Da Second Tiers Links,54,LIVE,website quote calculator,noopener,max-image-preview:large,
https://myhairwillbeback.com/understanding-the-freelance-web-developer-hourly-rate/,T2,Project Cost Estimator,myhairwillbeback.com,https://hubmaniac.com/smart-ways-to-reduce-law-firm-website-cost/,High Da Second Tiers Links,59,LIVE,Project Cost Estimator,noopener,max-image-preview:large,
https://raidersgameinfo.com/cost-to-hire-a-web-developer-a-practical-guide-to-web-development-pricing/,T2,projectcostestimator.com,raidersgameinfo.com,https://tracyisidore.com/professional-services-and-law-firm-website-cost/,High Da Second Tiers Links,55,LIVE,projectcostestimator.com,noopener,max-image-preview:large,
https://vegoodjani.com/freelance-web-developer-cost-what-to-expect-when-hiring-a-professional/,T2,https://projectcostestimator.com,vegoodjani.com,https://allbatts.com/website-packages-that-fit-law-firm-website-cost/,High Da Second Tiers Links,55,FAILED:no_link,,,max-image-preview:large,
https://phosphorus-c19-pcr.com/website-developer-hourly-rate-what-businesses-should-expect-to-pay/,T2,Project Cost Estimator tool,phosphorus-c19-pcr.com,https://rivalsite.com/choosing-providers-for-better-law-firm-website-cost/,High Da Second Tiers Links,57,LIVE,Project Cost Estimator tool,noopener,max-image-preview:large,
https://masyarakatkelistrikan.com/estimate-your-website-cost-a-practical-guide-to-website-development-pricing/,T2,ProjectCostEstimator,masyarakatkelistrikan.com,https://enjoyapples.com/custom-designs-and-their-law-firm-website-cost/,High Da Second Tiers Links,56,LIVE,ProjectCostEstimator,noopener,max-image-preview:large,
https://pohonkreatif.com/website-cost-breakdown-a-complete-guide-to-website-development-costs/,T2,the Project Cost Estimator,pohonkreatif.com,https://colorcloths.com/comparing-options-for-law-firm-website-cost/,High Da Second Tiers Links,65,LIVE,the Project Cost Estimator,noopener,max-image-preview:large,
https://konsumenlistrik.com/website-cost-estimate-a-complete-guide-to-planning-your-web-development-budget/,T2,how much does a website cost,konsumenlistrik.com,https://ustroopfund.com/modern-features-affecting-law-firm-website-cost/,High Da Second Tiers Links,56,LIVE,how much does a website cost,noopener,max-image-preview:large,
https://getphenq.com/how-much-will-my-website-cost-understanding-website-development-costs/,T2,law firm website cost,getphenq.com,https://granulasoft.com/realistic-expectations-around-law-firm-website-cost/,High Da Second Tiers Links,56,LIVE,law firm website cost,noopener,max-image-preview:large,
https://3mgmanagement.com/web-app-development-cost-key-factors-that-shape-your-budget/,T2,attorney website cost,3mgmanagement.com,https://zoorockcafe.com/premium-branding-and-law-firm-website-cost/,High Da Second Tiers Links,55,LIVE,attorney website cost,noopener,max-image-preview:large,
https://segurosyfianzascm.com/understanding-web-application-development-cost-key-factors-budget-planning-and-value/,T2,law firm website design cost,segurosyfianzascm.com,https://thelifeniche.com/building-trust-through-law-firm-website-cost/,High Da Second Tiers Links,55,LIVE,law firm website design cost,noopener,max-image-preview:large,
https://siselectroneirl.com/website-cost-calculator-estimate-your-web-development-budget-with-confidence/,T2,law firm website cost,siselectroneirl.com,https://findnwrite.com/understanding-law-firm-website-cost-and-what-your-investment-should-include/,High Da Second Tiers Links,56,LIVE,law firm website cost,noopener,max-image-preview:large,
https://ipadstores.com/website-price-calculator-estimate-your-website-development-cost-accurately/,T2,attorney website cost,ipadstores.com,https://ijoinwatches.com/understanding-attorney-website-cost-and-what-your-law-firm-needs/,High Da Second Tiers Links,55,LIVE,attorney website cost,noopener,max-image-preview:large,
https://luoichongcontrung.com/website-cost-estimator-for-smarter-budget-planning/,T2,law firm website design cost,luoichongcontrung.com,https://xuonginlichtet.com/understanding-law-firm-website-design-cost-and-what-it-includes/,High Da Second Tiers Links,57,LIVE,law firm website design cost,noopener,max-image-preview:large,
https://dayahdarulhabib.com/how-to-calculate-website-cost-a-complete-guide-to-website-development-pricing/,T2,law firm website pricing,dayahdarulhabib.com,https://batinabox.com/understanding-law-firm-website-pricing-and-what-it-includes/,High Da Second Tiers Links,55,LIVE,law firm website pricing,noopener,max-image-preview:large,
https://higglehub.com/ecommerce-website-cost-calculator-estimate-your-online-store-budget/,T2,freelance web developer rates,higglehub.com,https://stormxyz.com/understanding-freelance-web-developer-rates-for-your-next-project/,High Da Second Tiers Links,55,LIVE,freelance web developer rates,noopener,max-image-preview:large,
https://garantishell.com/website-development-cost-calculator-a-smarter-way-to-plan-your-web-project-budget/,T2,freelance web developer hourly rate,garantishell.com,https://opqrstuvwxyz.com/understanding-the-freelance-web-developer-hourly-rate-2/,High Da Second Tiers Links,60,LIVE,freelance web developer hourly rate,noopener,max-image-preview:large,
https://fredhighfalls.com/web-design-cost-calculator-a-smart-way-to-plan-your-website-budget/,T2,cost to hire a web developer,fredhighfalls.com,https://kliniksehatsejahtera.com/understanding-the-cost-to-hire-a-web-developer-for-your-project/,High Da Second Tiers Links,57,LIVE,cost to hire a web developer,noopener,max-image-preview:large,
https://fileluna.com/website-quote-calculator-simplify-project-cost-estimates-and-win-more-customers/,T2,freelance web developer cost,fileluna.com,https://loveanddissent.com/freelance-web-developer-cost-what-determines-the-price-of-a-professional-website/,High Da Second Tiers Links,56,LIVE,freelance web developer cost,noopener,max-image-preview:large,
https://greatamericanball.com/project-cost-estimator-a-smarter-way-to-plan-and-control-construction-budgets/,T2,website developer hourly rate,greatamericanball.com,https://muchbusy.com/understanding-the-website-developer-hourly-rate-for-your-project/,High Da Second Tiers Links,55,LIVE,website developer hourly rate,noopener,max-image-preview:large,
https://realjuggahos.com/project-cost-estimator-simplify-construction-budget-planning-with-accurate-estimates/,T2,estimate your website cost,realjuggahos.com,https://flyboardstation.com/estimate-your-website-cost-a-practical-guide-to-planning-your-web-budget/,High Da Second Tiers Links,54,LIVE,estimate your website cost,noopener,max-image-preview:large,
https://ms-georgia.com/project-cost-estimator-a-smarter-way-to-plan-website-development-budgets/,T2,website cost breakdown,ms-georgia.com,https://sigmacabinet.com/website-cost-breakdown-understanding-the-investment-behind-a-professional-website/,High Da Second Tiers Links,55,LIVE,website cost breakdown,noopener,max-image-preview:large,
https://hylasmagazine.com/project-cost-estimator-tool-simplifying-accurate-budget-planning/,T2,website cost estimate,hylasmagazine.com,https://pkows.com/understanding-website-cost-estimate-what-to-budget-for-a-professional-website/,High Da Second Tiers Links,53,LIVE,website cost estimate,noopener,max-image-preview:large,
https://prettechengineering.com/project-cost-estimator-simplifying-accurate-construction-budget-planning/,T2,how much will my website cost,prettechengineering.com,https://forefront-innovations.com/how-much-will-my-website-cost-a-practical-guide-to-website-pricing/,High Da Second Tiers Links,54,LIVE,how much will my website cost,noopener,max-image-preview:large,
https://webhostingeswatini.com/the-project-cost-estimator-a-smart-approach-to-accurate-budget-planning/,T2,web app development cost,webhostingeswatini.com,https://learnxperience.com/understanding-web-app-development-cost-a-practical-guide/,High Da Second Tiers Links,57,LIVE,web app development cost,noopener,max-image-preview:large,
https://christianmantopoulos.com/how-much-does-a-website-cost-a-complete-guide-to-website-pricing/,T2,web application development cost,christianmantopoulos.com,https://automatonera.com/understanding-web-application-development-cost-a-practical-guide-for-businesses/,High Da Second Tiers Links,58,LIVE,web application development cost,noopener,max-image-preview:large,
