sortlist	kids-creative-agency	http://www.thekids.eu
sortlist	wp-creative-3	-
sortlist	navicosoft-pvt-ltd	-
sortlist	mindel-brand-house	-
sortlist	digital-nomads-hq	-
sortlist	quantum-it-innovation	-
sortlist	soto-group	-
sortlist	unlmtd-agency	-
sortlist	1000heads	https://1000heads.com/
sortlist	designpluz	-
sortlist	storyfolk	-
sortlist	onmove-digital-agency	-
sortlist	best-digital-marketing-agency	-
sortlist	xfive	-
sortlist	supple-digital	-
sortlist	white-peak-digital	-
sortlist	icon-global-digital	-
sortlist	pathfinder-marketing-2	-
sortlist	pxlchic	-
sortlist	supportsoft-technologies	-
sortlist	wolf-iq-2	-
sortlist	ublac-agency	-
sortlist	made-4-tradies	-
sortlist	link-juice	-
sortlist	s25-studio	-
sortlist	safari-digital-seo-agency	-
sortlist	intelegain-technologies	-
sortlist	hunter-8	-
sortlist	melbourne-web-digital	-
sortlist	bluerock	-
sortlist	spicy-web-2	-
sortlist	diverse-website-design	-
sortlist	projext	-
sortlist	23-digital	-
sortlist	rubix-studios	-
sortlist	tyssen-design	-
sortlist	hyper-theory	-
sortlist	attah-digital	-
sortlist	tmw-the-media-workshop	-
sortlist	oneout-creative	-
sortlist	smartersites-pty-ltd	-
sortlist	content-first-2	-
sortlist	gen3media	-
sortlist	prime-signs-speed-elec	-
sortlist	kintek	-
sortlist	probey-services-private-limited	-
sortlist	sdlc-corp	https://www.sdlccorp.com/
sortlist	microknot	-
sortlist	vrinsoft-pty-ltd	-
sortlist	firewater	-
sortlist	savvy-brains-proprietary-limited	-
sortlist	my-work	-
sortlist	codewave-technologies	https://www.codewave.com
sortlist	team-400	-
sortlist	luminary-2	-
sortlist	aek-media	-
sortlist	your-creative-agency	-
sortlist	eb-pearls	-
sortlist	toast-creative	-
sortlist	aha-insights-digital-marketing-agency	-
sortlist	at-digital	-
sortlist	zero-point-development	-
sortlist	neomeric-2	-
sortlist	the-hype-society	-
sortlist	combinate	-
sortlist	mindspirittech	-
sortlist	ooze-studios	-
sortlist	future-perfect-digital	-
sortlist	confetti-design	-
sortlist	folio-manager	-
sortlist	dr-app-brisbane	-
sortlist	tma-consolidated	-
sortlist	cmtech-pty-ltd	-
sortlist	social-web-marketing-pty-ltd	-
sortlist	logonado	-
sortlist	jch-media	-
sortlist	itoc-australia	-
sortlist	hype-creations	-
sortlist	digital8-2	-
sortlist	webtechneon	-
sortlist	slump-studio	-
sortlist	boltblue-web-and-marketing	-
sortlist	apex-digital-agency	-
sortlist	netscore	-
sortlist	redi-software	-
sortlist	hatchet	-
sortlist	datacom	-
sortlist	system-expresso-pty-ltd	-
sortlist	prox-digital-agency	-
sortlist	technocrat	-
sortlist	australian-digital	-
sortlist	clearwater-agency	https://clearwateragency.com.au
sortlist	soup-agency-4	https://www.soupagency.com.au
sortlist	artetra	-
sortlist	emarket-experts	-
sortlist	future-wave-digital	-
sortlist	living-online	-
sortlist	reward-design	https://www.rewardinc.com.au
sortlist	yoghurt-digital	https://www.yoghurtdigital.com.au
sortlist	sydney-logo-design	-
sortlist	intuition-softech	-
sortlist	scaleup-consulting-australia	-
sortlist	sam-solutions	https://sam-solutions.com
sortlist	bluecell	https://www.bluecell.es
sortlist	triare	https://triare.net/
sortlist	zetenta	https://www.zetenta.com
sortlist	halo-lab	https://www.halo-lab.com
sortlist	agencia-con-testa	https://www.agenciacontesta.com
sortlist	simpalm-app-and-web-development-company	https://www.simpalm.com/
sortlist	plavno-official	-
sortlist	instinctools	https://www.instinctools.com
sortlist	rexsoft-inc	-
sortlist	strawberry-brand-studio	http://www.strawberrystudio.co
sortlist	webisoft	http://webisoft.com
sortlist	transformed-design-inc	https://www.transformeddesign.com/
sortlist	boundify	https://www.boundify.io
sortlist	akveo	https://www.akveo.com
sortlist	wunderdogs	http://wunderdogs.co
sortlist	ninjapromo-creative-digital-marketing-agency	-
sortlist	galaxy-web-studios	-
sortlist	swc-partnership	https://swcpartnership.com/
sortlist	american-design-hub	-
sortlist	valmax-digital	-
sortlist	the-snow-media	https://thesnowmedia.com/
sortlist	dot-com-development	-
sortlist	hko-agency	-
sortlist	twentyone-solutions	-
sortlist	weblish	-
sortlist	eitbiz	-
sortlist	web-design-glory	-
sortlist	bangluxor	-
sortlist	rhillane-marketing-digital	-
sortlist	non-linear-studio	https://non-linear.studio/
sortlist	scalability	-
sortlist	linnify	-
sortlist	virtue-xolutions	-
sortlist	intactdia	-
sortlist	futurbyte	-
sortlist	axis-consulting	-
sortlist	rhtech-ai	-
sortlist	artversion	-
sortlist	metabrand-branding-agency	-
sortlist	3techagency	-
sortlist	burhani-media-solutions-llc	-
sortlist	revolute-x-digital	-
sortlist	lionwood-software	-
sortlist	web-developer-marketing-expert-amarildo-prendi	-
sortlist	bearhouse	-
sortlist	design-vertices-llc	-
sortlist	wiserbrand	-
sortlist	scopic-3	-
sortlist	book-writing-consultant	-
sortlist	galaxy-it-inc	-
sortlist	flatline-agency	-
sortlist	channel-v-media	-
sortlist	mediaweb-6	-
sortlist	bark-elites	-
sortlist	burst-digital	-
sortlist	razen-creations-llc	-
sortlist	connective-web-design-2	-
sortlist	sociilabs-llc	https://sociilabs.com
sortlist	meerako-services	-
sortlist	swiftappointments	-
sortlist	ajroni-enterprises	-
sortlist	fulminous-software	-
sortlist	bird-marketing	-
sortlist	positivebrand	https://positivebrand.com
sortlist	harrington-clark	-
sortlist	the-ebook-experts	-
sortlist	seo-tech-experts-llc	-
sortlist	nobosoft	-
sortlist	websenor	-
sortlist	techcronus-business-solutions	-
sortlist	mtechzilla	-
sortlist	infinity-web-coders	-
sortlist	fleck-publisher	-
sortlist	iis-e-solutions	-
sortlist	usa-web-design-llc	-
sortlist	creative-web-guys	-
sortlist	fyncoder	-
sortlist	logicspice-consultancy-private-limited	-
sortlist	vareweb	-
sortlist	celadon	-
sortlist	off-site-services-inc	-
sortlist	elogic-commerce	-
sortlist	obree	-
sortlist	pink-panda-technologies	-
sortlist	encyphers	-
sortlist	trifleck	-
sortlist	appsnation	-
sortlist	nerdheadz	-
sortlist	xynctech	-
sortlist	axencia-co	-
sortlist	digital-agency-jg	-
sortlist	huntrex	-
sortlist	zimo-studio	-
sortlist	siblings-software	-
sortlist	brownsofts-llc	-
sortlist	appverticals-2	-
sortlist	vimsy	-
sortlist	apex-web-design-inc	-
sortlist	inhouse-book-writers	-
sortlist	soft-does	-
sortlist	athlon-sofia	-
sortlist	code-virtuoso	-
sortlist	inapps-technology	-
sortlist	newemage-agencia-digital	-
sortlist	creativeweb-website-design-agency-london	-
sortlist	digital-wit	-
sortlist	hire-live-support-inc	-
sortlist	konstant-infosolutions	-
sortlist	kuchoriya-techsoft	-
sortlist	mtechubllc	-
sortlist	fuel-online4752552	-
sortlist	tkxel	-
sortlist	eurisko-mobility	-
sortlist	digital-book-house	-
sortlist	lynqos	-
sortlist	pionect	-
sortlist	web-design-providers	-
sortlist	american-design-agency-llc	-
sortlist	innovixcode	-
sortlist	anml	-
sortlist	enstacked-technologies	-
sortlist	inoxoft	-
sortlist	sunbeat-software	-
sortlist	cobanner	-
sortlist	webnhubs	-
sortlist	graceful-web-studio	-
sortlist	tsmgo-the-show-must-go-on	http://www.tsmgo.es
sortlist	devign	-
sortlist	kexino	-
sortlist	hampton-publishers	-
sortlist	code-sitex	-
sortlist	r2-creative-group	-
sortlist	course-studio-hub	-
sortlist	57-clicks	-
sortlist	codesol-technologies	-
sortlist	desverto	-
sortlist	outcrowd	-
sortlist	forcery	-
sortlist	pure-design-hub	-
sortlist	bolder-agency	-
sortlist	brightery	-
sortlist	mmc-global	-
sortlist	seven	-
sortlist	american-digital-agency	-
sortlist	good-kids	-
sortlist	marketing-done-right	-
sortlist	upqode	-
sortlist	hexa-book-marketing	-
sortlist	atlantech-digitals	-
sortlist	bits-orchestra	-
sortlist	sustainable-marketing-agency-planet-media	-
sortlist	the-creative-unit	-
sortlist	maclean-s-publishers	-
sortlist	lead-marketing	-
sortlist	dixi-studio	-
sortlist	algorlabs	-
sortlist	instafollower-io	-
sortlist	the-global-publishers	-
sortlist	garraje	-
sortlist	creek-hill-publishers	-
sortlist	saus-international-inc	-
sortlist	radiant-elephant	-
sortlist	dreamy-sites	-
sortlist	514-digital	https://514digitalco.com/
sortlist	halo-digital	-
sortlist	blume-health	-
sortlist	myna-marketing	-
sortlist	digital-marketing-solutions-international-llc	-
sortlist	omnimpact	-
sortlist	hifi-devs	-
sortlist	harford-digital-marketing-solutions	-
sortlist	mas-vashu-inc	-
sortlist	the-tech-designers	-
sortlist	constellation-marketing	-
sortlist	inspiratique	http://www.inspiratique.co/
sortlist	granyon	-
sortlist	sixth-city-marketing	-
sortlist	geaux-seo	-
sortlist	us-web-and-design	-
sortlist	rorko	-
sortlist	tnd-technology-group	-
sortlist	appcrops	-
sortlist	coalition-technologies	-
sortlist	adsmio	-
sortlist	gowide-digitally	-
sortlist	technbrains-2	-
sortlist	montana-coders-llc	-
sortlist	crit-s-inc	-
sortlist	website-venus	-
sortlist	crosspollen-854f4477-5d51-448f-8301-bbb158e06a22	-
sortlist	elyptic-rise	-
sortlist	top-growth	-
sortlist	adachi-computech-solutions	-
sortlist	web-designer-orange-county	-
sortlist	digital-sprout	-
sortlist	ask-the-egghead	-
sortlist	ecom-done-for-you	-
sortlist	air-paris-e19e3967-c881-495f-8dd8-7d07f61d7d60	-
sortlist	deweb-solutions	-
sortlist	tech-crafterz	-
sortlist	artisticore-graphic-design-agency	-
sortlist	realweb-ie	-
sortlist	timspark	-
sortlist	searchen-networks	-
sortlist	slidefactory	-
sortlist	donau-marketing	-
sortlist	vardot	-
sortlist	envazia-technologies	https://Envazia.com
sortlist	business-systems-legal-lounge	-
sortlist	galactic-fed	-
sortlist	vague	-
sortlist	apptech-systems-limited	-
sortlist	osom-studio	-
sortlist	lightspace	-
sortlist	keyideas-infotech-private-limited	-
sortlist	smart-marketing-firm-llc	-
sortlist	hadztech	-
sortlist	awilix	-
sortlist	uxverse-studio	-
sortlist	pmds	-
sortlist	lad-solutions	-
sortlist	digivativeplus	-
sortlist	smartly-done	-
sortlist	apptalyst	-
sortlist	avenva-solutions	-
sortlist	american-wiki-pro	-
sortlist	epic-apps	-
sortlist	integrity-marketing	-
sortlist	3-7-designs	-
sortlist	utah-seo-experts	-
sortlist	move-digital-group	-
sortlist	mythicdev-technologies	-
sortlist	spokane-web-design-and-seo-agency-tom-flann	-
sortlist	flying-mouse-labs	-
sortlist	suner-garcia	-
sortlist	gallagher-website-design	-
sortlist	a360z	https://www.A360Z.io
sortlist	pragmica	-
sortlist	acs-web	-
sortlist	affordable-seo-services-2	-
sortlist	aesthetics-digital	-
sortlist	weborify	-
sortlist	cxdesigns-london	https://cxdesigns.net
sortlist	forth	-
sortlist	we-do-for-you	-
sortlist	cut-thru	-
sortlist	websavvy-consulting	-
sortlist	black-rabbit-aigency	http://www.blackrabbitaigency.com
sortlist	digital-position-2	-
sortlist	frigate-digital	-
sortlist	https-empirebookhouse-com	-
sortlist	clear-digital	-
sortlist	829-studios-2	-
sortlist	grow-local-flow	-
sortlist	look-to-the-right	-
sortlist	apptechies	-
sortlist	ogrelogic-solutions-llc	-
sortlist	lbm-solution	-
sortlist	mavity	-
sortlist	nix	-
sortlist	world-web-technology-pvt-ltd	-
sortlist	cascade-web-development	-
sortlist	agile-stormers	-
sortlist	thrive-engine	-
sortlist	tech-cloud-ltd	-
sortlist	found-brand-studio	-
sortlist	nexila-agency	https://nexila.agency/
sortlist	crezivanta	-
sortlist	allusive-digital	-
sortlist	beyond-media-global-limited	-
sortlist	web-nova-crew	-
sortlist	logotio-agency	-
sortlist	the-ogilvy-cross	-
sortlist	timez-marketing	-
sortlist	modo-studios	-
sortlist	liquid-lemon	-
sortlist	visionary-built	-
sortlist	dental-marketing-bff	-
sortlist	buzz-interactive-global	-
sortlist	avamia-digital-marketing-agency	-
sortlist	trinamic-digital-solutions	-
sortlist	dreambit-io	-
sortlist	sembyotic	https://sembyotic.com
sortlist	elementrix-llc	-
sortlist	devs-on-steroids	-
sortlist	bizpartner-360-llc	-
sortlist	webkooker	-
sortlist	unica-formo	-
sortlist	adchitects	-
sortlist	weflair	-
sortlist	flutux-studio-agency-llc	-
sortlist	wepop-marketing	-
sortlist	web-expert-studios	-
sortlist	designping	-
sortlist	molokaih	-
sortlist	bluenest-fashion	-
sortlist	heavyclick	-
sortlist	blckhat	-
sortlist	bold-works	-
sortlist	salmore-technology	-
sortlist	launchpad-web-design	-
sortlist	scatterbranch-digital-marketing	-
sortlist	ecomx-agency	-
sortlist	selvinx	-
sortlist	nimbus-media	-
sortlist	causory	-
sortlist	trigma	-
sortlist	pastilla	https://pastilla.co/
sortlist	dept5	-
sortlist	usa-marketing-pros	-
sortlist	ankord-media	-
sortlist	the-lany-group	-
sortlist	orange-county-web-design-experts	-
sortlist	san-diego-website-design-experts	-
sortlist	smart-brand-ideas	-
sortlist	mtitech-llc	-
sortlist	marketding-ai	-
sortlist	oyolloo-2	-
sortlist	made-by-hart-studio	-
sortlist	zenith-elevation-group	-
sortlist	digital-bolt-web-design	-
sortlist	element-media-2	-
sortlist	minnesota-web-studio	-
sortlist	verve-studios	-
sortlist	ayni	-
sortlist	enovate-llc	-
sortlist	pixelean	-
sortlist	dimax-group	-
sortlist	occreva	-
sortlist	business-ocean-llc	-
sortlist	skye-odell-so-services-llc-web	-
sortlist	serious	-
sortlist	the-brand-professionals	-
sortlist	eagleedge-marketing	-
sortlist	zajno	-
sortlist	teqstrive	-
sortlist	vector-artwork-us-llc	-
sortlist	linkitup	-
sortlist	jbowman-creative	-
sortlist	laeyrd-studios	-
sortlist	anchour	-
sortlist	android-apk-download	-
sortlist	brandrap	-
sortlist	tabdelta	-
sortlist	platter	-
sortlist	simple-rabbit	-
sortlist	skyfield-digital	-
sortlist	masterly	-
sortlist	style-driven	-
sortlist	movement-maker	-
sortlist	simplifycontent-llc	-
sortlist	local-web-concepts	-
sortlist	dillon-media-group	-
sortlist	nuvo-agency	-
sortlist	digital-marketing-1on1-los-angeles	-
sortlist	pivot-29	-
sortlist	click-track-marketing-san-diego-ai-marketing-agency	-
sortlist	los-angeles-seo-company	-
sortlist	cyberoptik-web-development	-
sortlist	samantha-digital	-
sortlist	devbo	-
sortlist	placevision-inc	-
sortlist	vela-ranks	-
sortlist	oneexpand	-
sortlist	cybernox-tech	-
sortlist	chainbot-solutions	-
sortlist	motorcity-digital-marketing	-
sortlist	golden-horizons	-
sortlist	americas-web-designers	-
sortlist	xzio	-
sortlist	greenturban	-
sortlist	dean-design	-
sortlist	atlas-solutions	-
sortlist	onjor	-
sortlist	ecomzens	-
sortlist	launchpoint-design	-
sortlist	abra-web-design	-
sortlist	ntsprint	-
sortlist	working-weekends	-
sortlist	fort-worth-web-design-2	-
sortlist	techavidus	-
sortlist	247-home-services-marketing	-
sortlist	tilt-17	-
sortlist	getchipbot-com	-
sortlist	abra-shopify-sections	-
sortlist	xponential-technology-services	-
sortlist	trepoly-llc	-
sortlist	point-taken-communications	-
sortlist	orgixa	-
sortlist	belov-digital-agency-inc	-
sortlist	rathly	-
sortlist	hawk-horizon-digital	-
sortlist	mint-your-store	-
sortlist	pill-creative-studio	-
sortlist	marquee-solution	-
sortlist	web6-solutions	-
sortlist	tivora	-
sortlist	enabledminds	-
sortlist	rathcore-marketing	-
sortlist	groove-jones	-
sortlist	elevation-web-design-seo	-
sortlist	1-find-services	-
sortlist	uinno	-
sortlist	creatives-goal	-
sortlist	skin-brand-builder	-
sortlist	10spring	-
sortlist	norml-studio	-
sortlist	uruit	-
sortlist	pittsburgh-seo-magician	-
sortlist	qlogic-llc	-
sortlist	the-point-marketing-group-llc	-
sortlist	digiflex-solution	-
sortlist	site-hub	-
sortlist	elige-ser-mejor	-
sortlist	inceptives-digital	-
sortlist	the-agency-marketing-group	-
sortlist	webernetic	https://webernetic-family.com/
sortlist	lilagents	-
sortlist	the-chimera-marketing	-
sortlist	index01	-
sortlist	logo-desings-usa	-
sortlist	american-digital-experts	-
sortlist	my-animation-life	-
sortlist	black-swan-media	-
sortlist	fusemate	-
sortlist	techcentera	-
sortlist	creative-pulse	-
sortlist	hegemonic-inc	-
sortlist	blocker-studio	-
sortlist	digital4design	-
sortlist	mastroke	-
sortlist	complete-seo	-
sortlist	troy-web-consulting	-
sortlist	wellworx-marketing	-
sortlist	dazonn-technologies-private-limited	-
sortlist	agencia-de-marketing-digital-amd-3	https://agenciadigitalamd.com/
sortlist	coreuptech	-
sortlist	viral-edge-global	https://viraledgeagency.com
sortlist	roket	-
sortlist	vrdapps	-
sortlist	digitaurus	-
sortlist	dcitm	-
sortlist	branded-mayhem	https://8gnc.io
sortlist	gysp-tech	-
sortlist	llc-ezionix	-
sortlist	bajco-technologies	-
sortlist	roosites-web-development	-
sortlist	dfx-cloud-solutions	-
sortlist	techdxon	-
sortlist	logo-to-web-designers	-
sortlist	cloud-converge	-
sortlist	nea-studio	https://www.neastudio.xyz
sortlist	elume-publishers	-
sortlist	moltech-solutions-inc	-
sortlist	decods	-
sortlist	activeone	-
sortlist	sembit	-
sortlist	buildit-digital-marketing	-
sortlist	marketing-practicality	-
sortlist	10comwebdevelopment	-
sortlist	jcessna-media	-
sortlist	rally-cause	-
sortlist	the-offshore-developers	-
sortlist	make-my-brand	-
sortlist	finesse-ink	-
sortlist	amwata-tech	-
sortlist	seoforservice	-
sortlist	amplifi-studio	-
sortlist	studiomade	-
sortlist	automatenexus	-
sortlist	fastmarkit	-
sortlist	alchemyleads	-
sortlist	702-pros	-
sortlist	black-widow-tech	-
sortlist	ak-consultant-llc	-
sortlist	computer-networking-services	-
sortlist	omg-marketing-co	-
sortlist	five-qauntum-bits	-
sortlist	div-digital	-
sortlist	bubbleup-3	-
sortlist	haeck-design-2	-
sortlist	ex-agency-co	-
sortlist	flying-cork-2	-
sortlist	wepropagate	-
sortlist	zopflix-it-solutions-llc	-
sortlist	keyword-performance-llc	-
sortlist	the-fold-tech	-
sortlist	the-design-edge	-
sortlist	modonix-llc	-
sortlist	studio-rtp-inc	-
sortlist	verde-media	-
sortlist	thinkasa-web-design-development-nyc	-
sortlist	360-site-design	-
sortlist	woland-web	-
sortlist	wprime-agency	-
sortlist	proof-digital-llc	-
sortlist	121ecommerce-llc	-
sortlist	robles-designs	-
sortlist	website-solutions	-
sortlist	flyaps-custom-software-development	-
sortlist	marketmagnetix-media-group	-
sortlist	branding-is-what-we-do	-
sortlist	jetbase	-
sortlist	klashtech-miami-web-design-agency	-
sortlist	tasks-expert	-
sortlist	idfive	-
sortlist	code-district	-
sortlist	techno-pulse	-
sortlist	gulo	-
sortlist	cazbah-3	-
sortlist	heavenmark	-
sortlist	crecer-marketing-digital-and-strategic-consulting	-
sortlist	dolenar-digital	-
sortlist	a-rated-solutions	-
sortlist	scandiweb	-
sortlist	coursecreek	-
sortlist	bear-web-design	-
sortlist	babel-9	-
sortlist	coax-software	https://coaxsoft.com/
sortlist	sabrina-company-marketing	-
sortlist	digital-ad-agency	-
sortlist	mirror-studio	-
sortlist	sugar-digital	-
sortlist	rise-creative-group	-
sortlist	redesign-health	-
sortlist	mentality-designs	-
sortlist	local-seo-studio	-
sortlist	jellyflea	-
sortlist	degom-global-marketing	-
sortlist	david-market-digital-marketing-web-design-creative-agency	-
sortlist	ryse-creative	-
sortlist	ozodeck	-
sortlist	dylgo-web	-
sortlist	good-agency	-
sortlist	anri-studio-anristudio-com	-
sortlist	full-house-web-marketing	-
sortlist	infinix-designs	-
sortlist	anchor-design-business-consulting	-
sortlist	fusion-seo	-
sortlist	geeks-invention-llc	-
sortlist	cgi-digital	-
sortlist	design-ocean	-
sortlist	tree-ring-digital	-
sortlist	deepblue	-
sortlist	black-anchor-design	-
sortlist	include-web-design	-
sortlist	pixelwebsource	-
sortlist	upstream-marketing	-
sortlist	iterators-llc	-
sortlist	let-s-design-your-site	-
sortlist	nxt	-
sortlist	bowen	-
sortlist	mystic-web-designn	-
sortlist	the-new-york-website-designer	-
sortlist	neonbrand-2	-
sortlist	spade-design	-
sortlist	hg-hospitality-group	-
sortlist	tribu-10	-
sortlist	tractor	-
sortlist	use-all-five-inc	-
sortlist	rusty-george	-
sortlist	solutionarian-marketing-web-design	-
sortlist	digimix	-
sortlist	connected-columbus	-
sortlist	red-rise-digital	-
sortlist	netconstructor-inc	-
sortlist	by-digital-means	-
sortlist	vontera	-
sortlist	336-creative	-
sortlist	compete-now	-
sortlist	magic-creative	-
sortlist	madwell	-
sortlist	la-design-studio	-
sortlist	3-created	-
sortlist	distractive	-
sortlist	nickel-seo	-
sortlist	viadesign	-
sortlist	kdm-design-and-marketing-inc	-
sortlist	event-tex	-
sortlist	ingenious	-
sortlist	composite	-
sortlist	jam-graphics	-
sortlist	icea-group	-
sortlist	gold-promotion-inc-2	-
sortlist	db-managers	-
sortlist	web-designer-23	-
sortlist	spiegel-design-group	-
sortlist	next-level-web	-
sortlist	deltagency	-
sortlist	sutton-digital-marketing	-
sortlist	strykvisionz	-
sortlist	the-media-reps	-
sortlist	flash-digital-agency	-
sortlist	interpolls	-
sortlist	parallel-interactive-communications	-
sortlist	a2z-consultants-inc	-
sortlist	upcyclity-inc	-
sortlist	red-pup-media	-
sortlist	alloy-media-marketing	-
sortlist	thoughtspan-interactive	-
sortlist	website-bling	-
sortlist	watershed-5	-
sortlist	wedding-wishes-magazine	-
sortlist	buzzhub-media	-
sortlist	followeyes	-
sortlist	athnet	-
sortlist	mo	-
sortlist	dallascoupons-com	-
sortlist	friedland-innovations-marketing	-
sortlist	front-row-outfitters	-
sortlist	marketing-press	-
sortlist	web-365-inc	-
sortlist	bizgrouper-com	-
sortlist	web-first-creations	-
sortlist	youlum-business	-
sortlist	no-little-places	-
sortlist	mvkoen	-
sortlist	izzat-marketing	-
sortlist	bizlabpdx	-
sortlist	media-smack	-
sortlist	dix-communications	-
sortlist	leadtransit-llc	-
sortlist	conversioniq	-
sortlist	the-ils-network	-
sortlist	fastline-publications	-
sortlist	promotional-breezes-inc	-
sortlist	institute-of-quantitative-pricing-llc	-
sortlist	media-aktive	-
sortlist	state-of-tomorrow	-
sortlist	citycliques	-
sortlist	website-optimization	-
sortlist	grapeseed-media	-
sortlist	fourpoints-communications-llc	-
sortlist	tagglefish	-
sortlist	your-direct-source-inc	-
sortlist	happy-anniversary	-
sortlist	tight-promotions	-
sortlist	writtent-com	-
sortlist	image-media-impact	-
sortlist	efficiencyusa	-
sortlist	municibid-com	-
sortlist	reveal-entertainment	-
sortlist	nekomedia	-
sortlist	vonnda	-
sortlist	y-media-labs	-
sortlist	infinity-web	-
sortlist	rs-web-design-and-development	-
sortlist	elyk-innovation	-
sortlist	etoile-info-solutions	-
sortlist	chulado	-
sortlist	carol-s-web-design	-
sortlist	hyperx-design	-
sortlist	anax-designs	-
sortlist	7l-international	-
sortlist	agilistry	-
sortlist	blackburn-labs	-
sortlist	cloudforce	-
sortlist	ourbizspace	-
sortlist	downtown-chico-business-association	-
sortlist	pagecrafter	-
sortlist	redesign-inc	-
sortlist	mobile-web-design	-
sortlist	gustumbo-enterprises	-
sortlist	jeff-brock-studio	-
sortlist	raincross	-
sortlist	cinch-web-design	-
sortlist	nic-usa-oregon	-
sortlist	gibson-web-development	-
sortlist	houston-web-design-and-hosting	-
sortlist	behla-design-web-development	-
sortlist	redbridge-net	-
sortlist	interactive-builds	-
sortlist	jeremy-mcgilvrey	-
sortlist	greenvine-marketing	-
sortlist	upstatement	-
sortlist	astash	-
sortlist	pro-web-team	-
sortlist	aligned-ppc	-
sortlist	ahead-of-the-game-marketing	-
sortlist	spidergrafx-web-design	-
sortlist	ombrella	-
sortlist	propellerhead-group-inc	-
sortlist	artists-web	-
sortlist	design-build-webs	-
sortlist	tkdigital-agency	-
sortlist	web-design-george	-
sortlist	website-development-boston	-
sortlist	reinhardt-designs	-
sortlist	page-home-design	-
sortlist	andrea-fowler-design	-
sortlist	benchmark-website-design	-
sortlist	brian-hall-design-group	-
sortlist	dallas-business-profile-google	-
sortlist	blue-flame-thinking-2	-
sortlist	humanity-media	-
sortlist	nexlaunch	-
sortlist	royal-marketing-and-design	-
sortlist	tld-agency	-
sortlist	touttech	-
sortlist	trand1	-
sortlist	website-design-webdesign-beast	-
sortlist	capture-that-media	-
sortlist	design-friday	-
sortlist	full-circle-media-llc	-
sortlist	rcorpdesign-web-design-and-it-consulting	-
sortlist	rj-texas	-
sortlist	the-strategy-channel	-
sortlist	truevine-web-design	-
sortlist	wsi-digital-marketing-5	-
sortlist	bcp-digital-marketing	-
sortlist	big-corner-creative	-
sortlist	mukava-agency	-
sortlist	noyo-web	-
sortlist	stengel-hill-architecture	-
sortlist	fischer-homes	-
sortlist	oc-web-logic	-
sortlist	xheight-studios	-
sortlist	cassandra-bryan-design	-
sortlist	bela-development	-
sortlist	redtalkers-hosting	-
sortlist	sunrise-integration	-
sortlist	cmosync	-
sortlist	myvcmo-com	-
sortlist	nuvew	-
sortlist	rt-digital-media-marketing	-
sortlist	scottsdale-website-design	-
sortlist	smiling-web-design	-
sortlist	tatiana-designs-inc	-
sortlist	timeline-web-design	-
sortlist	ttp-oregon	-
sortlist	webdevstudios	-
sortlist	wesweb	-
sortlist	ct-seo-pro	-
sortlist	harrisburg-pa-web-design	-
sortlist	chicago-seo-illinois-digital	-
sortlist	network-services-integration-nsi	-
sortlist	san-diego-web-studio	-
sortlist	sapid-seo-company	-
sortlist	scenic-ridge-construction	-
sortlist	search-marketing-experts	-
sortlist	texas-branding	-
sortlist	web-concepts-amp-media	-
sortlist	webene	-
sortlist	webspec-design-2	-
sortlist	white-nelson-diehl-evans-2	-
sortlist	conceptualized-design	-
sortlist	big-imprint	-
sortlist	fix-website-issues	-
sortlist	neon-goldfish	-
sortlist	tranter-grey	-
sortlist	trustdyx	-
sortlist	webcasters-com	-
sortlist	229-websites	-
sortlist	wpweb-infotech	-
sortlist	databay-solutions	https://databay.solutions/
sortlist	thomas-digital-web-design	-
sortlist	mateam	-
sortlist	noboringdesign	-
sortlist	i7-marketing	-
sortlist	jordan-crown	-
sortlist	aca-web-consulting	-
sortlist	jaffy-media-creative-content-for-marketing-agencies	-
sortlist	worldwise	-
sortlist	webtegrity	-
sortlist	proximity-marketing	-
sortlist	tactical-moves	-
sortlist	elevated-third	-
sortlist	arthur-elliott-marketing-group	-
sortlist	93-octane	-
sortlist	92-west	-
sortlist	colorado-internet-solutions	-
sortlist	keepitgrowing-marketing-solutions	-
sortlist	mobilozophy-llc	-
sortlist	coalesce	-
sortlist	8base	-
sortlist	camber-creative	-
sortlist	urban-influence-3	-
sortlist	austin-web-and-design	-
sortlist	torx-media	-
sortlist	pm-design-marketing-llc	-
sortlist	create-la	-
sortlist	alfa-charlie-creative-agency	-
sortlist	moz-web-media-llc	-
sortlist	metropolis-creative	-
sortlist	myheartcreative	-
sortlist	42connect	-
sortlist	abundant-marketing	-
sortlist	6g-web-design	-
sortlist	540-design-studio	-
sortlist	brainspire-solutions	-
sortlist	marketingmodo	-
sortlist	legacy-dna-marketing-group	-
sortlist	amberd-design	-
sortlist	page-1-solutions-llc	-
sortlist	first-image-consulting	-
sortlist	salted-lime	-
sortlist	hispanic-digital-network	-
sortlist	hoa-adnet	-
sortlist	barlow-garsek-simon-llp	-
sortlist	anna-fong-design	-
sortlist	true-zenith-creative	-
sortlist	hitchhiker-studio	-
sortlist	webamplo	-
sortlist	cwr-digital	-
sortlist	roi-creative	-
sortlist	sandstorm-design	-
sortlist	advertworth	-
sortlist	web-full-circle	-
sortlist	coalmarch-productions	-
sortlist	web-solutions	-
sortlist	dirigible-studio	-
sortlist	steps-marketing	-
sortlist	drivemg	-
sortlist	o2-lab-inc	-
sortlist	ambitious-appz	-
sortlist	compoze-labs	-
sortlist	mid-america-web-solutions	-
sortlist	red-crow-marketing	-
sortlist	bonfire-red	-
sortlist	creative-bushel	-
sortlist	omega-digital-3	-
sortlist	top-roof-marketing	-
sortlist	flickerbox-inc	-
sortlist	passkey-systems-inc	-
sortlist	williams-visual-solutions	-
sortlist	creativetech-partners	-
sortlist	codebrahma	-
sortlist	fox-valley-web-design-llc	-
sortlist	uvs-enterprises-llc	-
sortlist	infostream-inc	-
sortlist	squared-up-marketing	-
sortlist	prism-marketing-group-inc	-
sortlist	juice-interactive	-
sortlist	cellfire	-
sortlist	the-brand-x-group	-
sortlist	dallas-business-consultants	-
sortlist	culturespan-marketing	-
sortlist	enhanced-brand	-
sortlist	demand-by-design	-
sortlist	d-d-interactive	-
sortlist	marvindog-productions-inc	-
sortlist	revolution-attorney-network-llc	-
sortlist	tms-group-67b112e7-87ed-4a9a-9683-b00d86c2ed86	-
sortlist	on-the-book	-
sortlist	alaska-rewards	-
sortlist	redwall	-
sortlist	life-in-mobile	-
sortlist	masterpiece-advertising	-
sortlist	streetside-marketing	-
sortlist	clinch-associates-llc	-
sortlist	aetna-sign-group	-
sortlist	studio-spirito	-
sortlist	privatecommunities-com	-
sortlist	ibport	-
sortlist	wny-website-developers	-
sortlist	full-on-marketing	-
sortlist	rgv1	-
sortlist	graphic-beans	-
sortlist	turnpost	-
sortlist	gogxe-com	-
sortlist	website-in-5-days	-
sortlist	echo-effects-marketing	-
sortlist	myprosuite-com	-
sortlist	cocosol	-
sortlist	visionary-marketing-design	-
sortlist	denver-media-inc	-
sortlist	signature-advertising-27bf8ac4-db83-401d-bae6-45b5f0dc7a68	-
sortlist	baxter-martin-advertising	-
sortlist	advisors-choice-network	-
sortlist	juice-communications	-
sortlist	in-contact	-
sortlist	lbi-buzz	-
sortlist	visiting-edge	-
sortlist	winnol	-
sortlist	imin-marketer	-
sortlist	creative-catalog-concepts	-
sortlist	ad-spectations-llc	-
sortlist	concepium-design-services	-
sortlist	pharma-international-inc	-
sortlist	stellar-media-group-llc	-
sortlist	raleigh-green-inc	-
sortlist	trusteria-services-inc	-
sortlist	qr-mobile-site	-
sortlist	psconsulting	-
sortlist	fl2	-
sortlist	parpass	-
sortlist	drive-channel-creative	-
sortlist	p51-creative	-
sortlist	wam-print	-
sortlist	dreamtree	-
sortlist	phelps-marketing	-
sortlist	mvp-marketing-llc	-
sortlist	12-labors-llc	-
sortlist	infoteam-marketing-solutions	-
sortlist	mobileseed-llc	-
sortlist	marlin-interactive	-
sortlist	ecoswag-com	-
sortlist	letip-of-howard-county	-
sortlist	cpa-site-solutions	-
sortlist	michael-dehni-company	-
sortlist	opoe-for-creatives	-
sortlist	dream-fabricator	-
sortlist	mx42-website-design	-
sortlist	edriveatc	-
sortlist	edoutwest	-
sortlist	business-oxygen	-
sortlist	ranking-carolina	-
sortlist	greater-washington-publishing	-
sortlist	effex-agency	-
sortlist	pdg-world-marketing	-
sortlist	mobidyn-solutions	-
sortlist	goweb1	-
sortlist	tagcade	-
sortlist	boots-road-group	-
sortlist	central-coast-bride	-
sortlist	hipscan	-
sortlist	divorcehq-com	-
sortlist	union-labor-works-inc	-
sortlist	mantis-ad-network	-
sortlist	blazon	-
sortlist	finderscheapers	-
sortlist	shout-web-design	-
sortlist	think-mobile-media	-
sortlist	ndtfind-com	-
sortlist	center-for-carolina-living	-
sortlist	fulltraffic-llc	-
sortlist	tech-boss-designs	-
sortlist	laughing-bird-media	-
sortlist	poli-site	-
sortlist	bite-interactive	-
sortlist	proclaim-interactive	-
sortlist	hartford-website-design-pros	-
sortlist	mission-bay-media	-
sortlist	kickcharge-creative	-
sortlist	minnesota-design-studio	-
sortlist	1brand-wordpress-agency	-
sortlist	sysall	-
sortlist	new-tech-web	-
sortlist	gozapit	-
sortlist	taylortown-seo	-
sortlist	gs-marketing	-
sortlist	onesmartbunny	-
sortlist	watts-web-studio	-
sortlist	small-buck	-
sortlist	chris-depa-web-design-branding	-
sortlist	web-style-club	-
sortlist	thrive-internet-marketing-2	-
sortlist	taylor-d-productions	-
sortlist	digital-shifters-inc	-
sortlist	greenlight-music	-
sortlist	next-level-profits	-
sortlist	rudnak-communications	-
sortlist	cps-creative	-
sortlist	gravity-digital	-
sortlist	brandquery-llc	-
sortlist	kobie-marketing-67e8ac5b-9557-4d1e-9e8d-2ddeab3374c3	-
sortlist	logoall	-
sortlist	aisle7	-
sortlist	gomobile97-com	-
sortlist	xoobo	-
sortlist	gold-dog-communications	-
sortlist	agency-firebox	-
sortlist	branded4good	-
sortlist	epic-creative-studio	-
sortlist	digital-marketing-remix	-
sortlist	new-adventure-web-design-digital-marketing	-
sortlist	spoke-hq	-
sortlist	third-person-inc	-
sortlist	farmboy-inc	-
sortlist	creative-management-services	-
sortlist	pinnacle-marketing-group	-
sortlist	purelynx	-
sortlist	future-buffalo	-
sortlist	government-solutions-group-inc	-
sortlist	synergy-buzz-marketing-llc	-
sortlist	latinos-org	-
sortlist	look-dad-creative	-
sortlist	pixelnation	-
sortlist	dot-com-media	-
sortlist	500-agency	-
sortlist	landers-optimized	-
sortlist	web-dev-rehab	-
sortlist	beehive-web-design-san-diego	-
sortlist	web-adaptive	-
sortlist	inradius-systems	-
sortlist	themes-21	-
sortlist	nicely-done-sites	-
sortlist	knudsen-law-firm	-
sortlist	gary-phillips-accident-law-professionals-pllc	-
sortlist	kelly-website-design	-
sortlist	rgb-internet-systems-inc	-
sortlist	propio-language-services	-
sortlist	muze-development	-
sortlist	brix-agency	-
sortlist	flush-performance-marketing-agency	-
sortlist	cz-consultants-inc	-
sortlist	pop-interactive	-
sortlist	accent-graphix-design-studio	-
sortlist	salazar-wp-design-development	-
sortlist	web-designs-prime	-
sortlist	kojolapower-wordpress-website-design	-
sortlist	san-diego-design-studio	-
sortlist	neuger	-
sortlist	v3-media-group	-
sortlist	jersey-girls-marketing	-
sortlist	sievers-creative	-
sortlist	silverscope-design-llc	-
sortlist	new-age-digital-2	-
sortlist	rebel-revamp-marketing-agency	-
sortlist	force-field	-
sortlist	gcj-productions-inc	-
sortlist	triad-web-service	-
sortlist	affordable-website-orlando	-
sortlist	magic-promotions-inc	-
sortlist	fuze-inc	-
sortlist	baseline-creative-inc	-
sortlist	hoooper	-
sortlist	paper-street	-
sortlist	jsmt-media	-
sortlist	devsyntech-inc	-
sortlist	720media	-
sortlist	jet-advertising	-
sortlist	digital-pursuit	-
sortlist	sagentic	-
sortlist	wolfpack-digital	-
sortlist	juvo-web	-
sortlist	m3-agency-2	-
sortlist	value	-
sortlist	cyberwoven	-
sortlist	561-media	-
sortlist	general-public-branding-company	-
sortlist	flexmade	-
sortlist	search-local-media	-
sortlist	horowitz-agency	-
sortlist	igenmedia	-
sortlist	choice-imprint	-
sortlist	blue-symphony	-
sortlist	knectar	-
sortlist	automation-creations-inc	-
sortlist	silver-ant-marketing	-
sortlist	brimming-design	-
sortlist	bigtuna-interactive	-
sortlist	duboy-inc	-
sortlist	dynamic-concepts	-
sortlist	seven-ages-design	-
sortlist	c7-creative	-
sortlist	coolblueweb	-
sortlist	binary-glyph	-
sortlist	blurose-media-llc	-
sortlist	digital-acumen	-
sortlist	cms-communications-international	-
sortlist	longview-sources	-
sortlist	magnetik-nyc	-
sortlist	invictus-marketing-consultants	-
sortlist	wtuz-radio-inc	-
sortlist	vital-mhealth	-
sortlist	rbd-creative	-
sortlist	publik-monarch	-
sortlist	simple-creative-media	-
sortlist	san-diego-seo-consultant	-
sortlist	quick-sign-company	-
sortlist	a4-auction	-
sortlist	bushido-sales-websites	-
sortlist	hoshimedia	-
sortlist	scanfind-mobi	-
sortlist	new-mexico-marketplace	-
sortlist	helicopter-links	-
sortlist	web-design-city	-
sortlist	webbed-interactive	-
sortlist	your-path-2-momentum	-
sortlist	360partners	-
sortlist	bizamp	-
sortlist	interactive-mobile-concepts	-
sortlist	ramzy-dezigns	-
sortlist	movemybook-com-llc	-
sortlist	scanther	-
sortlist	chatterbomb-media	-
sortlist	ad-in-the-hole-usa	-
sortlist	emc-corp	-
sortlist	kodeless	-
sortlist	the-snyder-group-inc	-
sortlist	anderson-integrated-marketing	-
sortlist	idea-three-creative	-
sortlist	northwest-art-mall	-
sortlist	sos-interactive-marketing	-
sortlist	burke-administrative-services	-
sortlist	springfield-missouri-convention-visitors-bureau	-
sortlist	udwell	-
sortlist	m-e-group-inc	-
sortlist	myrtle-beach-travel-advisor	-
sortlist	the-aura-group	-
sortlist	briscoweb	-
sortlist	local-bird-marketing	-
sortlist	13-marketing	-
sortlist	autopilot-branding-inc	-
sortlist	letip-of-roseville	-
sortlist	two-box-designs	-
sortlist	the-mark-e-ting-company	-
sortlist	implications	-
sortlist	studio-llc	-
sortlist	live-work-play	-
sortlist	elutions-media	-
sortlist	we-are-klean	-
sortlist	med-media	-
sortlist	greater-milwaukee-s-finest	-
sortlist	chai-tea-marketing	-
sortlist	unifyd-llc	-
sortlist	hold-that-thought-company	-
sortlist	on-top-results	-
sortlist	olsonite-design-and-print	-
sortlist	find-8-marketing-communications	-
sortlist	webbrand-agency	-
sortlist	ask-the-seal-com	-
sortlist	sunfire-promotions	-
sortlist	boost-creative	-
sortlist	fluent-concepts	-
sortlist	division-six-inc	-
sortlist	clients-website-company	-
sortlist	signs4retail	-
sortlist	kear-stevens	-
sortlist	patient-health-perspectives-llc	-
sortlist	adsimplified-com	-
sortlist	grubdango-com	-
sortlist	mobile-app-iq	-
sortlist	fenix-design	-
sortlist	uscoop	-
sortlist	team-direct	-
sortlist	zomba-tree	-
sortlist	web-search-directories	-
sortlist	runningpump	-
sortlist	529-mobile-solutions	-
sortlist	kantara-communications-inc	-
sortlist	pure-merchant	-
sortlist	think-804	-
sortlist	select-outfitters	-
sortlist	seniorlivingguide-com	-
sortlist	limitless-apps	-
sortlist	hirelifescience-com	-
sortlist	t-shape-solutions	-
sortlist	mlicki	-
sortlist	c7-social-media	-
sortlist	front-desk-usa	-
sortlist	az-easy-flyers	-
sortlist	around-my-home-town	-
sortlist	nvisionative-inc	-
sortlist	convergent-design-llc	-
sortlist	pizza-box-top-ads	-
sortlist	thespider	-
sortlist	aerryx-entertainment	-
sortlist	digital-seo-partner-nv	-
sortlist	design-conversion	-
sortlist	robben-media	-
sortlist	10clouds	-
sortlist	apogee-search-257432d8-0d79-44e1-b2b5-0229165331d4	-
sortlist	shamrock-reputation-marketing	-
sortlist	jon-cook-design	-
sortlist	millennium-integrated-marketing-21c4047a-15a5-4515-9151-f96c2b895ca3	-
sortlist	ko-websites	-
sortlist	one-stop-agent	-
sortlist	iweb-seo-marketing	-
sortlist	luster-design-labs	-
sortlist	rk-answers	-
sortlist	pixelspoke	-
sortlist	peacock-creative-services	-
sortlist	andstudio	-
sortlist	quez-media-marketing	-
sortlist	great-dental-websites	-
sortlist	footbridge-media-llc	-
sortlist	9mmdigital-com	-
sortlist	lacy-katzen-llp	-
sortlist	idearocket	-
sortlist	dopweb	-
sortlist	digital-standout	-
sortlist	flamingo-agency	-
sortlist	boundary	-
sortlist	beluga-labs	-
sortlist	we-are-immediate	-
sortlist	techzo	-
sortlist	vip-tech-consulting	-
sortlist	carat-usa	-
sortlist	true-north-social	-
sortlist	fruition	-
sortlist	luxury-presence	-
sortlist	cypress-north	-
sortlist	creative-capital-group	-
sortlist	digital-marketers-chicago	-
sortlist	service2client-llc	-
sortlist	majestic-web-design-llc	-
sortlist	qualdev-inc	-
sortlist	bop-design-2	-
sortlist	promotion-la-digital-management-agency	-
sortlist	inobright-inc	-
sortlist	jit-outsource	-
sortlist	icepick	-
sortlist	vegas-web-design	-
sortlist	seo-optimizers-2	-
sortlist	vividfront	-
sortlist	causelabs	-
sortlist	the-pr-boutique-2	-
sortlist	designcontest	-
sortlist	bizzwithbuzz-inc	-
sortlist	traina-3	-
sortlist	jacob-tyler-3	-
sortlist	sharp-guys-web-design	-
sortlist	krafted-digital	-
sortlist	puzzle-pieces-marketing	-
sortlist	wakefly	-
sortlist	mediafuel	-
sortlist	final-web-design	-
sortlist	dm-web-solution	-
sortlist	s-b-marketing-inc	-
sortlist	dial-911-for-design	-
sortlist	hmg-creative	-
sortlist	holland	-
sortlist	elliance-a0c10855-5c86-40d6-8ac7-596fb7553112	-
sortlist	interchanges	-
sortlist	express-social-marketing	-
sortlist	neumatic-digital	-
sortlist	boost-10x	-
sortlist	label-creative	-
sortlist	bleeding-edge-inc	-
sortlist	netmouser-com-llc	-
sortlist	farside-web-development	-
sortlist	gcc-consulting-group	-
sortlist	tavcom-studio	-
sortlist	invasivecode	-
sortlist	psdcenter	-
sortlist	avalaunch-media	-
sortlist	embold	-
sortlist	brilliance-business-solutions	-
sortlist	taylored-ideas	-
sortlist	belin-mccormick	-
sortlist	argo-translation	-
sortlist	carrboro-creative	-
sortlist	epic-web-studios	-
sortlist	iffel-international	-
sortlist	portkey-seo-solutions	-
sortlist	green-dot-advertising-2	-
sortlist	leadflow-nyc-custom-nonprofit-website-design-non-profit-software-development	-
sortlist	designs-by-dave-o	-
sortlist	belltown-graphics	-
sortlist	joomla-design-studios	-
sortlist	webseo-6	-
sortlist	sofia-seo	-
sortlist	yonkers-ida	-
sortlist	dayspring-technologies	-
sortlist	texas-web-solutions	-
sortlist	cofa-media	-
sortlist	creative-design-technology-fx	-
sortlist	peninsula-agency	-
sortlist	big-d-creative	-
sortlist	creator-marketing	-
sortlist	we-are-collins	-
sortlist	mobinable	-
sortlist	ideagroupseo	-
sortlist	townsquare-interactive	-
sortlist	bryant-digital	-
sortlist	ola-moana-marketing	-
sortlist	engage-media-strategies	-
sortlist	30-lines	-
sortlist	siteproducer-inc	-
sortlist	orange-county-seo-guy	-
sortlist	snowcap-solutions	-
sortlist	loops-marketing	-
sortlist	sleepless-digital	-
sortlist	c0mplex1	-
sortlist	echotech-group-inc	-
sortlist	udeytech	-
sortlist	adsrole-private-limited	-
sortlist	strategic-marketing-inc	-
sortlist	uplanet	-
sortlist	outlines-inc	-
sortlist	discovertec	-
sortlist	magnetic-seo	-
sortlist	crossover-collective-llc	-
sortlist	the-mac-groups-inc	-
sortlist	jm-web-designs	-
sortlist	peaktwo	-
sortlist	adpro-360	-
sortlist	amped-creativ	-
sortlist	nc-website-designer	-
sortlist	south-central-digital	-
sortlist	atomicdust	-
sortlist	aha-digital-marketing-creative	-
sortlist	doubletime-marketing	-
sortlist	rumor-advertising-design-web	-
sortlist	total-creative-solutions-llc	-
sortlist	britecore	-
sortlist	kovair-software	-
sortlist	novateus	-
sortlist	inbound-marketers-ltd	-
sortlist	stonefish-llc	-
sortlist	stepwyze	-
sortlist	northwest-media-collective-inc	-
sortlist	cornerblue-inc	-
sortlist	bsm-brand-group	-
sortlist	geek-powered-studios	-
sortlist	covalent-media-lab	-
sortlist	summit-media-solutions-inc	-
sortlist	limelight-department	-
sortlist	impakt-digital	-
sortlist	connex-social	-
sortlist	llg-media	-
sortlist	biztraffic-llc	-
sortlist	berzner-paragon	-
sortlist	denver-internet-marketing	-
sortlist	epidemic-marketing-llc	-
sortlist	groovy-creative	-
sortlist	lmc-creative	-
sortlist	e-state-media	-
sortlist	the-optimacy-group	-
sortlist	n8-marketing	-
sortlist	storyfilms-interactive	-
sortlist	breezego	-
sortlist	the-creative-sheep	-
sortlist	cates-creative-media-llc	-
sortlist	gyk-antler	-
sortlist	artists-studios-inc	-
sortlist	robot-balloon	-
sortlist	hot-website-design	-
sortlist	flat-world-communication	-
sortlist	rdd-field-services	-
sortlist	anax-design	-
sortlist	txtworx-llc	-
sortlist	clickculture-communications	-
sortlist	b-square-web	-
sortlist	project-x-multimedia	-
sortlist	xpezia	-
sortlist	felt-media	-
sortlist	jayco-marketing-llc	-
sortlist	creative-excellence-llc	-
sortlist	no-to-the-quo-consulting	-
sortlist	70kft	-
sortlist	ugly-duck-marketing	-
sortlist	media-fusion-llc	-
sortlist	designfluxx	-
sortlist	laris-media	-
sortlist	focused-image	-
sortlist	web-talent-marketing-99a88350-45e3-4e82-bbd7-146136cee542	-
sortlist	wk-design	-
sortlist	nerdy-perceptions	-
sortlist	ad-vitam-marketing	-
sortlist	grouplevinson-advertising	-
sortlist	andrade-communicators	-
sortlist	promotionedge-marketing-events	-
sortlist	sassy-design-group	-
sortlist	frozen-fire	-
sortlist	drew-sevan-design	-
sortlist	ritter-knight-creative	-
sortlist	barcelona-creative	-
sortlist	primacy	-
sortlist	simplix-innovations	-
sortlist	boston-web-partners	-
sortlist	gum-agencia-digital	-
sortlist	kpi-partners	-
sortlist	donahue-fitzgerald-law-firm	-
sortlist	ascend-integrated	-
sortlist	silva-heeren	-
sortlist	houston-web-design-agency	-
sortlist	cosmico-studios	-
sortlist	greenbananaseo	-
sortlist	site-smart-marketing	-
sortlist	jrm-web-marketing	-
sortlist	chainlink-relationship-marketing	-
sortlist	neuron	-
sortlist	aniwebdesigns	-
sortlist	geary-lsf	-
sortlist	texas-web-design	-
sortlist	ontrix	-
sortlist	jives-media	-
sortlist	allegiant-digital	-
sortlist	pound-design-branding	-
sortlist	parkway-digital	-
sortlist	lounge-lizard	-
sortlist	mustbeonline-net	-
sortlist	envisager-studio	-
sortlist	epipheo	-
sortlist	bixly	-
sortlist	nuex-creative	-
sortlist	made-in-fort-worth	-
sortlist	vortal-website-design	-
sortlist	compusolutionx	-
sortlist	oniracom	-
sortlist	hudson-brauntz-digital	-
sortlist	digitalus	-
sortlist	red-arrow-marketing	-
sortlist	scout-buffalo-web-design	-
sortlist	cintacs-corporation	-
sortlist	lenfert-design	-
sortlist	conspire-agency	-
sortlist	entisys360	-
sortlist	exit10-advertising	-
sortlist	enterprise-warehousing-solutions-inc	-
sortlist	swarm-branding	-
sortlist	clark-creative-communications	-
sortlist	ezmarketing	-
sortlist	tobe-direct	-
sortlist	contractor-calls	-
sortlist	infront-webworks	-
sortlist	appsky-llc	-
sortlist	destiny-marketing-solutions	-
sortlist	squires-company	-
sortlist	wadic-technology	-
sortlist	catapult-creative-media-inc	-
sortlist	scarlett-vision-media-inc	-
sortlist	american-creative-inc	-
sortlist	north-bay-networking-group	-
sortlist	ipraxa-inc	-
sortlist	invenio	-
sortlist	dtg-web-design	-
sortlist	first-page-sage	-
sortlist	disruptive-advertising	-
sortlist	atlantic-webworks	-
sortlist	17-blue	-
sortlist	widenet-consulting-llc	-
sortlist	new-media-gateway	-
sortlist	hashrocket	-
sortlist	red-fin-group	-
sortlist	pizzazz-group-2	-
sortlist	h2-concepts	-
sortlist	sidecar-agency	-
sortlist	hilltop-studios	-
sortlist	modassic-marketing	-
sortlist	rainmaker-creative	-
sortlist	iterative-consulting	-
sortlist	bista-solutions	-
sortlist	zapta-technologies	-
sortlist	designwerks-media	-
sortlist	usdm-net	-
sortlist	street-punk-productions	-
sortlist	creative-nod-inc	-
sortlist	hga-advertising	-
sortlist	wjj-brands	-
sortlist	reynolds-advertising	-
sortlist	circle-s-studio	-
sortlist	raka	-
sortlist	totally-infused	-
sortlist	saba-agency	-
sortlist	rftb-digital-agency	-
sortlist	lightcrest	-
sortlist	weberous	-
sortlist	website-iconix	-
sortlist	studio-3-marketing	-
sortlist	cyrusson	-
sortlist	blue-laser-digital	-
sortlist	clarity-marketing-studio-llc	-
sortlist	inizio-inc	-
sortlist	jce-seo	-
sortlist	flying-v-group-digital-marketing	-
sortlist	tailor-made-digital-marketing	-
sortlist	equatek-interactive	-
sortlist	custom-direct-inc	-
sortlist	amarquez	-
sortlist	elite-marketing-inc	-
sortlist	zero-studio	-
sortlist	massive-dynamics	-
sortlist	both-and-creative-inc	-
sortlist	digital-silk	-
sortlist	web-tonic	https://webtonic.io
sortlist	results-matter-corp	-
sortlist	digital-growth-factor	-
sortlist	ld-studios	-
sortlist	one-thing-marketing	-
sortlist	content-development-pros	-
sortlist	gage-design	-
sortlist	ardentmc	-
sortlist	bios-technologies	-
sortlist	gunster	-
sortlist	tko-advertising-2	-
sortlist	rodgers-townsend-3	-
sortlist	international-language-services	-
sortlist	7c-lingo	-
sortlist	seo-company-santa-monica	-
sortlist	seota-digital-marketing	-
sortlist	lemonade-stand-inc-2	-
sortlist	deqode	-
sortlist	rogue	-
sortlist	the-moran-group-3	-
sortlist	ab-c	-
sortlist	big-rock-marketing	-
sortlist	blue-corona	-
sortlist	einfochips	-
sortlist	coderfy	-
sortlist	impressive	-
sortlist	jatapp	-
sortlist	grey-sky-media	-
sortlist	zeus-design	-
sortlist	bvg-software-group	-
sortlist	ashby-dillon-marketing	-
sortlist	selfcraft-media	-
sortlist	coso-media	-
sortlist	electric-cloud	-
sortlist	chavez-web-design	-
sortlist	blue-frontier	-
sortlist	digital-website-development	-
sortlist	condor-marketing	-
sortlist	seasia-infotech	-
sortlist	skyword-inc	-
sortlist	okbird-creative-house	-
sortlist	robot-creative	-
sortlist	medium-interactive	-
sortlist	hype-international	-
sortlist	marketing-pursuit-llc	-
sortlist	api-pilot	-
sortlist	black-math	-
sortlist	edesign-de	-
sortlist	the-growth-syndicate	-
sortlist	one-solution-studio	-
sortlist	dotlogics	-
sortlist	mission-17	-
sortlist	405-ads	-
sortlist	avex-designs	-
sortlist	drive-traffic-media-2	-
sortlist	saba-seo	-
sortlist	the-kool-source	-
sortlist	seolevelup-llc-website-design-seo-company	-
sortlist	brc-imagination-arts	-
sortlist	net-at-work	-
sortlist	animink-inc	-
sortlist	worldlight-media-2	-
sortlist	marion-integrated-marketing	-
sortlist	live-typing	-
sortlist	apprised-marketing	-
sortlist	blockapps	-
sortlist	fnmnl-media	-
sortlist	primax-studio	-
sortlist	conversion-consultant	-
sortlist	kpmg	-
sortlist	liatrio	-
sortlist	sovic-creative	-
sortlist	ardent-creative-inc	-
sortlist	etailerlab	-
sortlist	wabw-media-group-inc	-
sortlist	namami-inc	-
sortlist	bayard-design	-
sortlist	seo-prohub	-
sortlist	swarming-technology	-
sortlist	webatron-internet-solutions	-
sortlist	hinman-straub	-
sortlist	red7e	-
sortlist	a-lingua-franca	-
sortlist	fz-creative	-
sortlist	dbs-interactive	-
sortlist	bit-studios	-
sortlist	people10-technologies-inc	-
sortlist	dd9	-
sortlist	envision-blockchain-solutions	-
sortlist	poppins	-
sortlist	observian-inc	-
sortlist	rsm-marketing	-
sortlist	anblicks	-
sortlist	goozmo	-
sortlist	neil-patel	-
sortlist	cibirix-digital-marketing-agency	-
sortlist	anderson-marketing-group-2	-
sortlist	revenue-river	-
sortlist	thinklogic	-
sortlist	dvs-4	-
sortlist	net-sniper-media	-
sortlist	interactive-design-solutions	-
sortlist	velocity-20	-
sortlist	newpath-web-2	-
sortlist	amadeus-consulting	-
sortlist	1stwave-interactive	-
sortlist	boulton-creative	-
sortlist	southfire-inc	-
sortlist	fisher-agency	-
sortlist	bouvier-kelly	-
sortlist	incycle-software	-
sortlist	source-agency	-
sortlist	interq	-
sortlist	tell-your-tale-llc	-
sortlist	smile-it-solutions	-
sortlist	menlo-technologies	-
sortlist	creativesights-2	-
sortlist	webdogs	-
sortlist	callibrity	-
sortlist	metrotechs-digital-marketing-agency	-
sortlist	advent-trinity-marketing-agency	-
sortlist	g3-creative-3	-
sortlist	parrot-digital	-
sortlist	projekt15	-
sortlist	chase-design	-
sortlist	insignia-seo	-
sortlist	bizeeo-marketing-agency	-
sortlist	left-hand-design	-
sortlist	outerbox	-
sortlist	first-rank-seo-services	-
sortlist	accent-computer-solutions	-
sortlist	tiv-branding	-
sortlist	seo-web-designer-sandy-rowley	-
sortlist	zgmad-zg-marketing-design	-
sortlist	third-angle	-
sortlist	stimulus-technologies	-
sortlist	full-spectrum-marketing	-
sortlist	stealth-creative-2	-
sortlist	rapport-international	-
sortlist	seo-noble	-
sortlist	bizmap-llc	-
sortlist	core-bts	-
sortlist	crevand-seo	-
sortlist	raincastle-communications-inc	-
sortlist	high-level-marketing	-
sortlist	web-services-ct	-
sortlist	digitalhipster	-
sortlist	willowtree	-
sortlist	appsbee	-
sortlist	amaze-one	-
sortlist	dirrax-website-designers-app-developers	-
sortlist	sodapop-media-llc	-
sortlist	clover-creative-group	-
sortlist	kreber	-
sortlist	51blocks	-
sortlist	colorful-dots-llc	-
sortlist	kobe-digital	-
sortlist	hivemind-studios-2	-
sortlist	bdgrow	-
sortlist	elev8-new-media	-
sortlist	smashing-boxes	-
sortlist	wpriders	-
sortlist	orion-31	-
sortlist	i-t-now	-
sortlist	cmds-2	-
sortlist	pixel-dash-studios	-
sortlist	speridian-technologies	-
sortlist	shockoe	-
sortlist	concurrency	-
sortlist	torch-designs	-
sortlist	digital-impulse-llc	-
sortlist	zensoft	-
sortlist	chatter-marketing	-
sortlist	mobius-partners	-
sortlist	logical-media-group	-
sortlist	launch-digital-marketing-2	-
sortlist	ab-tasty	-
sortlist	chatter-buzz	-
sortlist	yokel-local-internet-marketing-inc	-
sortlist	jsl-marketing	-
sortlist	self-image-media	-
sortlist	b3net-inc	-
sortlist	konan-spade	-
sortlist	exposure-15	-
sortlist	cyrusson-inc	-
sortlist	current360-2	-
sortlist	arbor-solutions-inc	-
sortlist	fnts	-
sortlist	lewis-communications-4	-
sortlist	angle180	-
sortlist	redmark-digital	-
sortlist	red-six-media	-
sortlist	dystrick-design	-
sortlist	seattle-organic-seo	-
sortlist	infurm-technologies	-
sortlist	trellis-marketing	-
sortlist	noisy-trumpet	-
sortlist	ignite-visibility-2	-
sortlist	avenue-code	-
sortlist	brainblaze	-
sortlist	bloominari	-
sortlist	amazecodes-solutions-pvt-ltd	https://amazecodes.com/
sortlist	warschawski	-
sortlist	balefire-marketing-advertising	-
sortlist	webaholics-co	-
sortlist	forefront-interactive	-
sortlist	instinctive-branding-website-design-digital-marketing-social-media	-
sortlist	trimark-digital-2	-
sortlist	delia-associates	-
sortlist	dilato-infotech-limited	-
sortlist	incite-response-inc	-
sortlist	cfx-inc-2	-
sortlist	new-bird	-
sortlist	215-marketing	-
sortlist	sund-and-company	-
sortlist	24-communications	-
sortlist	simple-web-solutions	-
sortlist	marketing-local-seo	-
sortlist	jemsu	-
sortlist	k2-analytics-inc	-
sortlist	integration-international-inc	-
sortlist	webfx	-
sortlist	startbit-it-solutions-pvt-ltd	-
sortlist	regex-seo	-
sortlist	glorium-technologies	-
sortlist	bee-web	-
sortlist	integrio-systems	https://integrio.net
sortlist	sosadiaz	-
sortlist	oracle	-
sortlist	aitc-international-pvt-ltd	-
sortlist	crazy-mediaworks-studios	-
sortlist	kilowott	-
sortlist	raw-lab-d-o-o	-
sortlist	webflow-development-agency	-
sortlist	brandviser	-
sortlist	creatif-agency	-
sortlist	alluxi-2	-
sortlist	studiokav	-
sortlist	zazzy	-
sortlist	element-38	-
sortlist	axiussoftware	-
sortlist	crescita-solutions	-
sortlist	2v-modules	-
sortlist	haus-of-v	-
sortlist	veluno-llc	-
sortlist	adaptif-lab	-
sortlist	mojo-media	-
sortlist	cartcoders-2	-
sortlist	codup	-
sortlist	zoolatech	-
sortlist	diversido	-
sortlist	carina-softlabs-inc	-
sortlist	agentsocial-app	-
sortlist	octal-it-solution	-
sortlist	dart-marketing	-
sortlist	tactica-digital	-
sortlist	weichie-com	-
sortlist	psiware	-
sortlist	olearis	-
sortlist	markimist	-
sortlist	secomm	-
sortlist	avidclan-technologies	-
sortlist	digitals-ro	-
sortlist	gamewheel-de	-
sortlist	tera-group	https://teragroup.com.ua/en
sortlist	chudovo-ou	https://chudovo.de/
sortlist	designli	https://designli.co
sortlist	debut-infotech	https://www.debutinfotech.com
sortlist	osmos	https://www.osmos.co
sortlist	echoglobal	-
sortlist	42dm	https://42dm.net
sortlist	differenz-system	-
sortlist	delante-seo-sem-agency	-
sortlist	sumatosoft	-
sortlist	accedia	-
sortlist	fuziondev	-
sortlist	appsters	-
sortlist	hoi-solutions	-
sortlist	quality-professionals-3	-
sortlist	nevina-infotch	-
sortlist	innowise-group	-
sortlist	seo-guru-atlanta	-
sortlist	the-hashtech	-
sortlist	nerdbug-limited	-
sortlist	socialmarketers	-
sortlist	bolder-apps	-
sortlist	bluelight	-
sortlist	pandacodegen	-
sortlist	computools	-
sortlist	apurple	-
sortlist	tepia-co	-
sortlist	idea-usher	-
sortlist	webkorps-services	-
sortlist	codroon	https://www.codroon.com/
sortlist	the-egyptian-developers	-
sortlist	dexdel	-
sortlist	wezom	-
sortlist	labbrand	-
sortlist	cache-valley-systems	-
sortlist	geeks-360	-
sortlist	devsphere-technologies-llc	-
sortlist	nuvaleo-ai	-
sortlist	brightscout	-
sortlist	future-processing	https://www.future-processing.com
sortlist	eleks	-
sortlist	acevox	https://www.acevox.com/
sortlist	cubix	-
sortlist	digitrends	-
sortlist	zazz	-
sortlist	incrementors-web-solutions	-
sortlist	wve-labs	-
sortlist	digitize-hq	https://digitizehq.com
sortlist	foonkie-monkey	https://www.foonkiemonkey.co.uk
sortlist	net-solutions-3	-
sortlist	boomdevs-llc	-
sortlist	luby	http://luby.co
sortlist	jackson-hedden	-
sortlist	addepto	-
sortlist	tops-infosolutions-pvt-ltd	-
sortlist	spiral-scout	-
sortlist	x2-mobile	-
sortlist	ortem-technologies	-
sortlist	ioet	-
sortlist	newgen-international-inc	-
sortlist	sussman-creative	-
sortlist	innovative-marketing-designs	-
sortlist	the-pace-infosys	-
sortlist	supercharge	-
sortlist	ioi-solutions	-
sortlist	eidetic-marketing	-
sortlist	parallel-loop	-
sortlist	derntech	-
sortlist	arbisoft-global	-
sortlist	owners-vote	-
sortlist	flowentra-inc	-
sortlist	us-brand-booster-llc	-
sortlist	mira-visions	-
sortlist	myb2bnetwork	-
sortlist	aspencore-technologies	-
sortlist	debugist	-
sortlist	bestdoc	-
sortlist	bluestone-apps	-
sortlist	atomic-actions	-
sortlist	hydepark-designs	-
sortlist	usa-design-expert	-
sortlist	riseradar-llc	-
sortlist	quadralyze	-
sortlist	quokka-labs	-
sortlist	mid-hudson-web	-
sortlist	cyberrealmcorp	-
sortlist	incora	https://incora.software/
sortlist	orynt	-
sortlist	scott-labz-llc	-
sortlist	unrivaledmarketingsolutions	-
sortlist	doctive-llc	-
sortlist	hristov-development	-
sortlist	savas-labs	-
sortlist	pendo	-
sortlist	innovecs	-
sortlist	gobiya	-
sortlist	uncanny-consulting-services-llp	-
sortlist	litslink	-
sortlist	multiqos	-
sortlist	founders-workshop	-
sortlist	intellectyx	-
sortlist	the-prime-commerce	-
sortlist	ascentcore	https://www.ascentcore.com
sortlist	itecs	-
sortlist	orbix-studio	-
sortlist	kanopy-labs	-
sortlist	strategic-solutions-group	-
sortlist	emerline	-
sortlist	louder-design	-
sortlist	practical-computer-applications	-
sortlist	sympli-io	-
sortlist	moore-web-exposure	-
sortlist	authenticx	-
sortlist	computerminds-com	-
sortlist	creatotech	-
sortlist	devtechmasters	-
sortlist	excel-on-the-web	-
sortlist	six-feet-up-inc	-
sortlist	solve-it-once	-
sortlist	vodchits-innovations-corp	-
sortlist	velocity-labs	-
sortlist	code-the-dream	-
sortlist	n-design	-
sortlist	partsnap-3d-printing	-
sortlist	virtual-packaging	-
sortlist	rapidmade-inc-3d-printing-thermoforming-machining-engineering-and-3d-scanning	-
sortlist	sherpa-design-inc	-
sortlist	hopkins-business-center-inc	-
sortlist	photobiz	-
sortlist	bluedenham-web-development	-
sortlist	exact-it-consulting	-
sortlist	fosforus-2	-
sortlist	progressio-development-solutions	-
sortlist	top-remotely	-
sortlist	beyondiris-consulting	-
sortlist	axion-deep-digital	-
sortlist	eleven-fifty-academy	-
sortlist	premium-websites-inc	-
sortlist	purpose-ux	-
sortlist	global-information-technology	-
sortlist	danabak	-
sortlist	improving	-
sortlist	pharos-production	-
sortlist	chaione	-
sortlist	on-any-given-monday	-
sortlist	alloy-design-development	-
sortlist	crispin-porter-bogusky-b7ef048f-3743-4262-9708-bea27f8f8777	-
sortlist	smart-media-group-llc	-
sortlist	mediadex	-
sortlist	mok2	-
sortlist	pure-white	-
sortlist	cazton	-
sortlist	armanino-llp-dallas	-
sortlist	electricbot-com	-
sortlist	medicare-rights-center	-
sortlist	endiem-llc-salesforce-partner	-
sortlist	finerfox	-
sortlist	eustace-consulting	-
sortlist	ask-lorem	-
sortlist	an-abstract-agency	-
sortlist	dcpl	-
sortlist	outsystems-us	-
sortlist	tell-a-vsn	-
sortlist	vector-design	-
sortlist	facture-product-development	-
sortlist	opendrives	-
sortlist	closinglock	-
sortlist	property-matrix	-
sortlist	rebilly	-
sortlist	arrowat-llc	-
sortlist	buildfire	-
sortlist	pinimbus	-
sortlist	amazee-io	-
sortlist	atomic-technology-solutions	-
sortlist	cs-cart	-
sortlist	dckap	-
sortlist	innsight	-
sortlist	jivochat	-
sortlist	roya-com	-
sortlist	sd-computech-llc	-
sortlist	surfcode-io	-
sortlist	ucsc-silicon-valley-extension	-
sortlist	lda-interactive	-
sortlist	roycon	-
sortlist	makelab-3d-printing-services	-
sortlist	noformat	-
sortlist	selectedfirms	-
sortlist	discuss-io	-
sortlist	axle-informatics	-
sortlist	marketing-tech	-
sortlist	minerva-web-development	-
sortlist	elephant-group	-
sortlist	creative27	-
sortlist	university-sports-publications	-
sortlist	jobelephant-com-inc	-
sortlist	latinworks	-
sortlist	bright-theory	-
sortlist	egenerationmarketing	-
sortlist	nartak-media-group	-
sortlist	keynode-solutions-salesforce-crm-consultants-developers-administrators-and-data-architects	-
sortlist	megamouth	-
sortlist	beyond-spots-and-dots	-
sortlist	interactive-web-works-inc	-
sortlist	formative	-
sortlist	inventive-works	-
sortlist	g4-design-house	-
sortlist	ocd-media-llc	-
sortlist	this-is-tv	-
sortlist	crafted-studios	-
sortlist	klust-creative	-
sortlist	scriptable-solutions-nyc	-
sortlist	sleek-web-designs	-
sortlist	skystra	-
sortlist	computerlog-dallas	-
sortlist	mymediadesigner-com	-
sortlist	platform-science	-
sortlist	grabop	-
sortlist	pine-software-design-llc	-
sortlist	tangible-creative	-
sortlist	access-advertising-de93253a-c7c9-4751-81bf-d484cef4fcb2	-
sortlist	spacejet-media-llc	-
sortlist	qualbe-marketing-group	-
sortlist	socius-marketing	-
sortlist	zipscene	-
sortlist	bayshore-brands	-
sortlist	first-direct	-
sortlist	j-charles-crystalworks	-
sortlist	fred-agency-1f487af7-cbdd-4e5b-ac25-e1704bab2369	-
sortlist	lucky-13-consulting-inc	-
sortlist	position-edge	-
sortlist	leo-agency	-
sortlist	swecker	-
sortlist	import2	-
sortlist	hilltop-media-design	-
sortlist	white-wonder-studios	-
sortlist	ping-hd	-
sortlist	literal-label	-
sortlist	wsi-digital-marketing-new-york	-
sortlist	bam-advertising	-
sortlist	sigma-marketing-insights	-
sortlist	livingsocial	-
sortlist	targetblaze	-
sortlist	antigua-web-solutions	-
sortlist	dotcom-san-diego	-
sortlist	lithios	-
sortlist	spirent	-
sortlist	fp-complete	-
sortlist	datavox	-
sortlist	activecolor	-
sortlist	exponent-partners	-
sortlist	intellrocket	-
sortlist	daniel-james-consulting	-
sortlist	blinebury-design	-
sortlist	divelement-web-services	-
sortlist	doctor-multimedia	-
sortlist	ecomback	-
sortlist	yoko-consulting-llc	-
sortlist	gravoc	-
sortlist	spafax-networks	-
sortlist	national-firearms-dealer-network	-
sortlist	avenue-marketing-communications	-
sortlist	spacetime-media	-
sortlist	the-plum-tree-group	-
sortlist	patriot-media-group	-
sortlist	clearview-media	-
sortlist	upsurge-media	-
sortlist	star-marketing-services-group	-
sortlist	pmg-inc	-
sortlist	xl-alliance	-
sortlist	paramount-signs-inc	-
sortlist	youswoop-com	-
sortlist	webheat	-
sortlist	pratt-marketing-group-7518d203-0ebc-4e60-9e51-cd2b0a183e6f	-
sortlist	broad-reach-internet-marketing	-
sortlist	nuvista-strategies-inc	-
sortlist	shkalix-inc	-
sortlist	esse-one-consulting	-
sortlist	mersol	-
sortlist	key-ring-a-g-o-digital-company	-
sortlist	organic-fe9754e8-e354-4e6b-b0cb-cdb4a67a10a3	-
sortlist	becker-media	-
sortlist	xmedia	-
sortlist	colorado-springs-guide	-
sortlist	the-family-hospitality-group	-
sortlist	santoralinmuebles-com	-
sortlist	the-s-curve	-
sortlist	razorfish-technology-platforms	-
sortlist	business-strategy-consultants-and-associates-llc	-
sortlist	sportgenic-inc	-
sortlist	kinesis-america-inc	-
sortlist	outsource-marketing-associates-inc	-
sortlist	avenue-brand	-
sortlist	aurora-enterprise-llc	-
sortlist	ad-spice-promotional-marketing	-
sortlist	bull-company	-
sortlist	aeutus-marketing	-
sortlist	goodman-o-brien-compliant-media-llc	-
sortlist	toqio	-
sortlist	freedom-communications-llc	-
sortlist	claims-services-international	-
sortlist	click2mail	-
sortlist	campops	-
sortlist	creed-interactive	-
sortlist	skybound-marketing	-
sortlist	brand-innovations-inc	-
sortlist	quisenberry	-
sortlist	franklin-display-group	-
sortlist	c2b-media	-
sortlist	giginomics-inc	-
sortlist	tps-displays-richmond	-
sortlist	lead-genesis	-
sortlist	atomicleads-com	-
sortlist	tibi-tv	-
sortlist	media-envy-llc	-
sortlist	try-it-local	-
sortlist	media-mea-llc	-
sortlist	hen-s-teeth	-
sortlist	ames-associates	-
sortlist	studiocom-8dc436bb-f2f2-4b34-b461-50656da40ea6	-
sortlist	sms-display-group	-
sortlist	comr-se	-
sortlist	chimneys-com	-
sortlist	gensourc	-
sortlist	yellin-mccarron-inc	-
sortlist	benefitsplus	-
sortlist	phoenixlocal-biz	-
sortlist	praxis-communications	-
sortlist	milieu-marketing	-
sortlist	firestorm-media	-
sortlist	coats-media-services-llc	-
sortlist	digital-feast	-
sortlist	exeter-studios-llc	-
sortlist	academy-4	-
sortlist	ponticlaro	-
sortlist	cms-construction-management-services	-
sortlist	nelson-labs	-
sortlist	chicago-computer-classes	-
sortlist	appeal-media-group	-
sortlist	metaoups-technology-pvt-ltd	-
sortlist	dna-brandmgt	-
sortlist	wix-lab	-
sortlist	sweven	-
sortlist	fourth-floor-design	-
sortlist	jkoncept	-
sortlist	hostworks	-
sortlist	mhub	-
sortlist	variant-studios	-
sortlist	dev-3	-
sortlist	salesforce-3	-
sortlist	redpointcrm	-
sortlist	nextfab	-
sortlist	apharmony	-
sortlist	appsvolt-inc	-
sortlist	cocreate	-
sortlist	julian-ware	-
sortlist	launch-academy	-
sortlist	nyc-career-centers	-
sortlist	custom-logo-design-in-california	-
sortlist	design-condition-llc	-
sortlist	esoftware-associates-inc-office-365-experts	-
sortlist	fullstack-academy	-
sortlist	michael-page-2	-
sortlist	source-of-future-technology	-
sortlist	sametz-blackstone-associates-2	-
sortlist	tempmee	-
sortlist	mindwhiz	-
sortlist	ricochet	-
sortlist	west-coast-consulting-group	-
sortlist	chapter-three	-
sortlist	cylogy	-
sortlist	ventas-consulting	-
sortlist	dallas-website-design	-
sortlist	kairos-design-studio	-
sortlist	brookelynn-landis-website-design	-
sortlist	3rd-planet-llc	-
sortlist	camthewebguy	-
sortlist	graveflex	-
sortlist	intox-creative	-
sortlist	my-virtual-design	-
sortlist	nk-interactive	-
sortlist	site-web-design-development	-
sortlist	strappberry-mobile-app-development	-
sortlist	atomic-object-2	-
sortlist	christallization-inc	-
sortlist	educational-networks-inc	-
sortlist	elias-gonzalez-web-designs	-
sortlist	e-wiz-solutions-inc	-
sortlist	gate-3-llc	-
sortlist	harsch-investment-properties	-
sortlist	michael-karpienski-web-design	-
sortlist	ready-set-go-website-design	-
sortlist	the-web-empire	-
sortlist	training-connection	-
sortlist	twostaves	-
sortlist	web-design-ops	-
sortlist	your-bizweb-guy	-
sortlist	bourke-design	-
sortlist	simplemachine	-
sortlist	strategic-growth-inc	-
sortlist	webdrips	-
sortlist	devvly	-
sortlist	niki-jones	-
sortlist	nyds	-
sortlist	tara-hoover-design	-
sortlist	youngsoft-inc	-
sortlist	zennify	-
sortlist	ag-strategic-design	-
sortlist	allweb-solutions-llc	-
sortlist	archimedes-digital	-
sortlist	dolphin-web-solution-ecommerce-website-app-development-company-usa	-
sortlist	monopoly-boy-design-studio	-
sortlist	notebleu	-
sortlist	pro-design-webs	-
sortlist	smartbear-software	-
sortlist	utrs-consulting-services-inc	-
sortlist	virtualized-stores	-
sortlist	adidev-technologies-inc	-
sortlist	advance-web-design	-
sortlist	appligent-inc	-
sortlist	arrivy	-
sortlist	atmospark-technologies-inc	-
sortlist	avion-technology-inc	-
sortlist	britefish	-
sortlist	contact-designers	-
sortlist	datakitchen-inc	-
sortlist	david-lee-consulting-llc	-
sortlist	dinkum-interactive	-
sortlist	effectiv-internet-solutions-inc	-
sortlist	flexe-inc	-
sortlist	harper-engineering	-
sortlist	hypnotic-media	-
sortlist	incfrog-llc	-
sortlist	kforce	-
sortlist	midwest-prototyping	-
sortlist	nexvel-solutions	-
sortlist	pillar-product-design	-
sortlist	rental-beast	-
sortlist	scishield	-
sortlist	sqa-solution	-
sortlist	synergetic-vision	-
sortlist	tamman-inc	-
sortlist	toolbox-no-9	-
sortlist	website-nations	-
sortlist	westworks-studio	-
sortlist	transmogrify	-
sortlist	bay-area-innovations	-
sortlist	baycentric	-
sortlist	kpd-company	-
sortlist	vaco-los-angeles	-
sortlist	design-mark-marketing	-
sortlist	millsart-design	-
sortlist	raz-technology	-
sortlist	opulent-marketing-group	-
sortlist	mindwave-solutions	-
sortlist	reliant-vision-group-llc	-
sortlist	codecraft-technologies	-
sortlist	my-web-maestro-llc	-
sortlist	graphicacy	-
sortlist	innovim-llc	-
sortlist	whirlwind-technologies-llc	-
sortlist	abke	-
sortlist	accra-fab-inc	-
sortlist	njedesign	-
sortlist	novastar-design	-
sortlist	emoe-design	-
sortlist	five-rivers-marketing	-
sortlist	merkados	-
sortlist	nc-web-development	-
sortlist	platinum-passports-marketing	-
sortlist	revpart	-
sortlist	redwood-productions	-
sortlist	the-dev	-
sortlist	the-refinery	-
sortlist	web-development-atlanta	-
sortlist	sur-seal	-
sortlist	tb-creations	-
sortlist	amerigroup	-
sortlist	a-small-studio	-
sortlist	transmissions-llc	-
sortlist	webflowleads	-
sortlist	y-not-creative	-
sortlist	company-119	-
sortlist	cps-energy	-
sortlist	days-work-design	-
sortlist	full-fusion	-
sortlist	gibbs-design	-
sortlist	hlh-prototypes	-
sortlist	orlando-web-designer	-
sortlist	michelle-jones-creative	-
sortlist	tols-multimedia	-
sortlist	unit-7-cde48810-8fa7-41ec-b7d3-42cf0a7c2a28	-
sortlist	cheesecake-labs	-
sortlist	kingsmen-software	-
sortlist	ae-studio	-
sortlist	happy-cog-2	-
sortlist	njl-sales-training	-
sortlist	blanchard-schaefer-advertising-public-relations	-
sortlist	in-c40d9c46-e622-434a-b6fd-cac3dc0d5a67	-
sortlist	jacapps	-
sortlist	aor-inc-2	-
sortlist	vertrue	-
sortlist	neur-designs	-
sortlist	artenergy	-
sortlist	vitamin-12	-
sortlist	katapult-marketing	-
sortlist	centric-consulting	-
sortlist	modgility	-
sortlist	new-york-business-partners	-
sortlist	creative-direct-marketing-group-inc	-
sortlist	tulsa-internet-marketing-service	-
sortlist	the-starr-conspiracy	-
sortlist	lars-marketing-llc	-
sortlist	micros-ecommerce	-
sortlist	reputation-management-zone	-
sortlist	j-p-marketing-llc	-
sortlist	mediadesk	-
sortlist	crane	-
sortlist	solute	-
sortlist	codewizzard	-
sortlist	easyboyweb	-
sortlist	industrial3d	-
sortlist	isatisfy-com	-
sortlist	the-brew-room	-
sortlist	internet-media-partners-inc	-
sortlist	seer-interactive	-
sortlist	vuse	-
sortlist	conductrics	-
sortlist	elettro	-
sortlist	1111-designs-llc	-
sortlist	core-interactive	-
sortlist	yale-street-creative	-
sortlist	kallen-media	-
sortlist	royall-company-996c56c0-08aa-4c27-b897-79cabbfdca87	-
sortlist	mercury-rising	-
sortlist	allies4me	-
sortlist	activeprospect-inc	-
sortlist	renavatio-healthcare-communications	-
sortlist	pathways-digital	-
sortlist	avochato	-
sortlist	direct-echo	-
sortlist	shine-advertising-co	-
sortlist	javelin-marketing-group	-
sortlist	limolabs	-
sortlist	kiosk	-
sortlist	streamline-results-inc	-
sortlist	splash-analytics	-
sortlist	directconnectgroup	-
sortlist	white-unicorn-agency	-
sortlist	catch-new-york	-
sortlist	k2smedia	-
sortlist	advertising-for-good	-
sortlist	smart-systems-technology	-
sortlist	agar	-
sortlist	xst-marketing	-
sortlist	stinger-media-llc	-
sortlist	shared-vision-marketing	-
sortlist	kern-87ede6bf-8bad-4245-a593-8ebc11949cf6	-
sortlist	arkusnexus	-
sortlist	pixetic	-
sortlist	cyber-puzzle-net	-
sortlist	advance-ohio	-
sortlist	clear-launch	-
sortlist	coates-kokes	-
sortlist	salterra-web-services	-
sortlist	loyl-me	-
sortlist	playbutton	-
sortlist	mvc-agency	-
sortlist	travel-share-card-savings	-
sortlist	visual-marketing	-
sortlist	storytellers-entertainment-group	-
sortlist	strategic-mobile-services-corp	-
sortlist	ioptimize-inc	-
sortlist	bromley	-
sortlist	deviate-marketing	-
sortlist	bold-media-group	-
sortlist	shoplocal-a-g-o-digital-company	-
sortlist	jute-marketing	-
sortlist	activate-media-group	-
sortlist	w2o-group	-
sortlist	arkose-consulting-llc	-
sortlist	hunter-communications-inc	-
sortlist	qponomics	-
sortlist	authentic-brands-group	-
sortlist	la-fusion-marketing-inc	-
sortlist	intermatch-marketing	-
sortlist	flank-marketing-llc	-
sortlist	stradl	-
sortlist	white-mountain-marketing-associates-llc	-
sortlist	esg-enterprises	-
sortlist	florida-business-consulting	-
sortlist	seo-technologies-llc	-
sortlist	247-ventures-inc	-
sortlist	energee-creative	-
sortlist	splash-marketing	-
sortlist	tris3ct	-
sortlist	anthology-marketing-group-b11b45b7-62fb-4904-9a43-39873eb3595c	-
sortlist	social-magnet-marketing	-
sortlist	addventure-products	-
sortlist	medtera	-
sortlist	responsiveapps-us	-
sortlist	shift-left-qa	-
sortlist	mingamo-media-llc	-
sortlist	mulkern-internet	-
sortlist	brookshire-business-guide	-
sortlist	social-starfish	-
sortlist	800priceit	-
sortlist	edseyart	-
sortlist	qr2coupons-com	-
sortlist	names-in-the-news	-
sortlist	travel-beauty-health	-
sortlist	radiumone	-
sortlist	downtown-vision-inc	-
sortlist	interplay-ideas	-
sortlist	keyad	-
sortlist	questline	-
sortlist	circone-associates	-
sortlist	ice-profession	-
sortlist	detroit-sports-360	-
sortlist	word-of-mouth-marketing-inc	-
sortlist	the-bomstein-agency	-
sortlist	chuck-latham-associates-inc	-
sortlist	sureshot-media	-
sortlist	conure-media	-
sortlist	outdoor-sports-marketing-of-sc-inc	-
sortlist	bsa-byrnes-sales-associates	-
sortlist	catalyst-marketing-inc	-
sortlist	ad-reporter-inc	-
sortlist	nickscene-com	-
sortlist	united-media-team	-
sortlist	berort-media	-
sortlist	fwd-marketing	-
sortlist	brouillard-communications	-
sortlist	atlantic-exhibits	-
sortlist	one-stop-interactive	-
sortlist	terry-productions	-
sortlist	mannermedia	-
sortlist	redhead-companies	-
sortlist	rivet-merch	-
sortlist	adtonik-inc	-
sortlist	zuphix-inc	-
sortlist	viewstream	-
sortlist	mills-efficient-home	-
sortlist	boostable	-
sortlist	58phases	-
sortlist	fresh-solutions-network-llc	-
sortlist	wrap-experts	-
sortlist	tic-toc-1e355a2a-3fdc-4a42-9e0d-28ad4b56a2ba	-
sortlist	booneoakley-79060d2f-fbc9-417c-96a3-3f07bdb21df4	-
sortlist	industrial-outsource-solutions-inc	-
sortlist	denver-seo-pros	-
sortlist	gripnstay	-
sortlist	ace-auction-company-llc	-
sortlist	tilt-digital-marketing	-
sortlist	wayfinder	-
sortlist	direct-communications	-
sortlist	valley-wizard-corporation	-
sortlist	ehrcommunications	-
sortlist	webnow-business	-
sortlist	mentallogic	-
sortlist	pro-tech-marketing-inc	-
sortlist	idzynes	-
sortlist	key-3-consulting	-
sortlist	sandia-marketing-and-advertising	-
sortlist	fan-page-automatic	-
sortlist	geocommerce	-
sortlist	total-eclipse-marketing	-
sortlist	network-in-and-out	-
sortlist	no-risk-seo-inc	-
sortlist	encore-awards	-
sortlist	mean-canary	-
sortlist	25-8-web-designer-internet-services-co	-
sortlist	cadria-marketing	-
sortlist	charlotte-connoisseur	-
sortlist	dws-associates	-
sortlist	wbt-industries	-
sortlist	docalytics	-
sortlist	vivacious-solutions-inc	-
sortlist	the-drachman-group-inc	-
sortlist	heleringer-advertising-llc	-
sortlist	bigchair-llc	-
sortlist	hypetext-mobile-media	-
sortlist	fuseur-l-l-c	-
sortlist	market-presence	-
sortlist	golden-touch-marketing	-
sortlist	tomanthonydotcom-inc	-
sortlist	marco-polo-explorers	-
sortlist	multiad	-
sortlist	hsg-campaigns	-
sortlist	silvertree-health	-
sortlist	lightburn	-
sortlist	bizndex-llc	-
sortlist	wysiwyg-marketing	-
sortlist	corvitex-corporation	-
sortlist	khancepts-llc	-
sortlist	mediaglu	-
sortlist	latin-fusion-group-inc	-
sortlist	visionfriendly-com	-
sortlist	optic-impulse	-
sortlist	magnetic-marketing-group	-
sortlist	rehab-ventures-of-the-great-lakes	-
sortlist	jemja-com	-
sortlist	goodpartners-inc	-
sortlist	ilioness-marketing-strategies-llc	-
sortlist	im-solutions	-
sortlist	western-borders-inc	-
sortlist	the-mallett-group	-
sortlist	innopack-usa-inc	-
sortlist	funnel-active	-
sortlist	at-play-creative	-
sortlist	zoomdeals-com	-
sortlist	tsp-s-passport	-
sortlist	signs-par-excellence-sign-company	-
sortlist	m1-data-analytics	-
sortlist	custom-mailing-services	-
sortlist	pd-instore	-
sortlist	inkwell-creative	-
sortlist	pittcraft-printing	-
sortlist	digital-limelight-media	-
sortlist	direct-services	-
sortlist	spectrum-marketing-services-group-llc	-
sortlist	consolidus-llc	-
sortlist	michigan-blueprint-strategies	-
sortlist	novation-architectural-products-inc	-
sortlist	tycoon-marketing-systems	-
sortlist	martech	-
sortlist	adshuffle	-
sortlist	bmc-subscriptions	-
sortlist	bush-signs-llc	-
sortlist	webtech-analytics-llc	-
sortlist	intopic-media-llc	-
sortlist	apex-marketing-systems-llc	-
sortlist	faster-signs-inc	-
sortlist	edirex-media-llc	-
sortlist	elam-automotive-group	-
sortlist	sherwood-area-chamber-of-commerce	-
sortlist	epitome-smart	-
sortlist	jdlex	-
sortlist	hometown-values	-
sortlist	iaffiliate-management	-
sortlist	heist-it-inc	-
sortlist	community-cash	-
sortlist	the-gammon-platinum-group-inc	-
sortlist	sparkroom	-
sortlist	3sixty-interactive	-
sortlist	eye-phone-group-llc	-
sortlist	atc-service-solutions	-
sortlist	kato-media-group	-
sortlist	smashmetrics	-
sortlist	starline-inc	-
sortlist	avant-healthcare	-
sortlist	realm-advertising	-
sortlist	the-mahan-group-capitolsocial-internet-strategies	-
sortlist	infinity-client-solutions	-
sortlist	greenberg-associates	-
sortlist	ruf-strategic-solutions	-
sortlist	zitos-promotional-products	-
sortlist	cre-enterprises-llc	-
sortlist	charm-advisors	-
sortlist	interpolnik-llc	-
sortlist	gravity-six-alliance	-
sortlist	talo-advisors	-
sortlist	divein-deals	-
sortlist	the-meme-agency	-
sortlist	c-trac	-
sortlist	next-door-neighbor-marketing-inc	-
sortlist	big-oak-studios-inc	-
sortlist	cameron-payne-design-llc	-
sortlist	heroic-ly	-
sortlist	aotmedia-net	-
sortlist	builder-inventory-deals	-
sortlist	powerplay-mobile	-
sortlist	selmarq	-
sortlist	ideasource	-
sortlist	whoknowsacontractor	-
sortlist	rhino-mobile	-
sortlist	vista-branding	-
sortlist	reach4deals	-
sortlist	madplum-creative	-
sortlist	socialated	-
sortlist	dealsplus	-
sortlist	populardemand-inc	-
sortlist	impact-proven-solutions	-
sortlist	marjoram-creative	-
sortlist	appaudience	-
sortlist	genition	-
sortlist	stylefixx	-
sortlist	xylem-digital	-
sortlist	biz-for-education	-
sortlist	wetubers-com	-
sortlist	abroad-sourcing-professional-services-corp	-
sortlist	vip-marketing-pros	-
sortlist	publirunn	-
sortlist	custom-contract-embroidery-inc	-
sortlist	premier-business-solutions	-
sortlist	target-marketeam	-
sortlist	pullnotpush-marketing	-
sortlist	adbynet	-
sortlist	rock-star-affiliate-network	-
sortlist	eag	-
sortlist	turner-lead-generation	-
sortlist	browser-nation	-
sortlist	onmien-marketing-services	-
sortlist	conridium	-
sortlist	astute-advertising	-
sortlist	trublu-politics	-
sortlist	rpm-demand	-
sortlist	centuria-inc	-
sortlist	pro2pro-network	-
sortlist	modelogic-inc	-
sortlist	magnetic-customers-llc	-
sortlist	diversity-promotions-llc	-
sortlist	rpi-media-inc-dba-ideal	-
sortlist	local-search-partner	-
sortlist	parachute-strategies	-
sortlist	310west-llc	-
sortlist	ccsi	-
sortlist	envie-media	-
sortlist	iclient-frenzy	-
sortlist	quattro-wireless	-
sortlist	mpowering-networks	-
sortlist	releasewire	-
sortlist	caroline-economic-development-corp	-
sortlist	adstreet	-
sortlist	cpxi	-
sortlist	main10-llc	-
sortlist	globe-on	-
sortlist	press-release-monkey	-
sortlist	visiture	-
sortlist	progressive-dental-marketing	-
sortlist	whitemark-media	-
sortlist	moonlit-ventures-llc	-
sortlist	american-advertising-federation-jacksonville	-
sortlist	marketing-orange	-
sortlist	peakpromotionsinc	-
sortlist	automotive-industrial-marketing-corporation	-
sortlist	sovrn-holdings-inc	-
sortlist	1click-roi	-
sortlist	empire-internet-marketing	-
sortlist	enverve-inc	-
sortlist	rovin-net	-
sortlist	massini-group	-
sortlist	the-puruz-network	-
sortlist	crowdly	-
sortlist	pluris-marketing	-
sortlist	spotlight-media-solutions	-
sortlist	third-wave-digital	-
sortlist	crmscience	-
sortlist	software-houston	-
sortlist	creative-eye-q-2	-
sortlist	p-unk-avenue	-
sortlist	wellness-international-network	-
sortlist	coral-team	-
sortlist	black-o2-inc	-
sortlist	ideas-that-work	-
sortlist	sourballpython-studios	-
sortlist	national-pen	-
sortlist	legend-web-designs	-
sortlist	neos-marketing	-
sortlist	modern-world-solutions	-
sortlist	heritage-law-marketing-llc	-
sortlist	massa-company-inc	-
sortlist	premise-immersive-marketing	-
sortlist	kingstar-ventures	-
sortlist	metzner-schneider-associates	-
sortlist	jazzsocialmedia	-
sortlist	medthink-communications	-
sortlist	bingham-internet-marketing-group	-
sortlist	ronald-skelton-associates	-
sortlist	dynamedia-of-america	-
sortlist	prsonas-inc	-
sortlist	worldwide-incentive-services	-
sortlist	sandstone-partners	-
sortlist	paluska-group	-
sortlist	zyphias-group	-
sortlist	evol-marketing	-
sortlist	web-ink-llc	-
sortlist	jeff-miller-consulting	-
sortlist	sports-and-social-change	-
sortlist	allegra-marketing-print	-
sortlist	pure-visibility	-
sortlist	the-pekoe-group	-
sortlist	j-fitzgerald-group	-
sortlist	arnold-associates-limited	-
sortlist	tlg-marketing	-
sortlist	so-fun-media-llc	-
sortlist	aidris	-
sortlist	corporate-images-inc	-
sortlist	creative-marketing-concepts-inc	-
sortlist	prospectmx	-
sortlist	spider-design-inc	-
sortlist	webb-design-inc	-
sortlist	americhip	-
sortlist	giant-creative-strategy	-
sortlist	local-business-coach	-
sortlist	sms-text-alert	-
sortlist	wind-up-pixel-web-strategy	-
sortlist	vendisys-inc	-
sortlist	lime-works-inc	-
sortlist	ceyveo	-
sortlist	brainwave-emarketing	-
sortlist	impact-solutions-mi	-
sortlist	jonestek	-
sortlist	cisco-3	-
sortlist	we-call-for-leads	-
sortlist	servicenow	-
sortlist	de-facto-infotech	-
sortlist	blackpoint-it	-
sortlist	safeguard-tucson	-
sortlist	internxt	-
sortlist	briefcam	-
sortlist	atb-technologies	-
sortlist	viavi	-
sortlist	suneratech	-
sortlist	crema-2	-
sortlist	parasoft	-
sortlist	amazon-game-studios	-
sortlist	infernohawke-entertainment	-
sortlist	7-sentinels	-
sortlist	sentryone	-
sortlist	fishtech-group	-
sortlist	bourn-technology	-
sortlist	turnkey-solutions-llc	-
sortlist	aza-law	-
sortlist	ausley-mcmullen	-
sortlist	bill-g-hall-p-c	-
sortlist	greenwave-systems	-
sortlist	bright-wolf	-
sortlist	leap-design-studio	-
sortlist	shark-design	-
sortlist	prototype-house	-
sortlist	rubensteintech	-
sortlist	internet-search-inc	-
sortlist	cuttlesoft	-
sortlist	puzzle-innovationz	-
sortlist	revel-design	-
sortlist	one-six-solutions-inc	-
sortlist	smiling-dog	-
sortlist	ecommerce-developer-houston-texas	-
sortlist	paragon-studios-21	-
sortlist	aquatica-group-lda	-
sortlist	third-wave-digital-2	-
sortlist	cis-4	-
sortlist	linedrive	-
sortlist	your-roi-guy	-
sortlist	ad-rogues	-
sortlist	del-mar-graphics	-
sortlist	fast-forward-marketing-braintrust	-
sortlist	blue-chip-mailing-services	-
sortlist	applied-market-solutions-llc	-
sortlist	datagenics	-
sortlist	trendimarketing	-
sortlist	kpi-analytics-inc	-
sortlist	adenyo	-
sortlist	sovtech	-
sortlist	hashlogics	-
sortlist	nametag-international-inc	-
sortlist	rank-crankers	-
sortlist	leadspoke	-
sortlist	gleecus-techlabs	-
sortlist	archetype-sc-inc	-
sortlist	elite-site-optimizer	-
sortlist	brave-people	-
sortlist	toumetis	-
sortlist	a2g	-
sortlist	carrollco-marketing-services	-
sortlist	bradfordlawton	-
sortlist	xl-digital-media	-
sortlist	adinch-inc	-
sortlist	daniel-burton-dean	-
sortlist	srp-communication-brand-design	-
sortlist	adpharos	-
sortlist	gotomyerp-quickbooks-hosting	-
sortlist	native-rank	-
sortlist	cosairus	-
sortlist	indiez	-
sortlist	shimmer-digital-media-llc	-
sortlist	intellivision	-
sortlist	ironside	-
sortlist	jelecos	-
sortlist	activelogic	-
sortlist	helios-electric	-
sortlist	the-creative-department-inc	-
sortlist	roger-christian-company	-
sortlist	brookside-studios	-
sortlist	big-picture-communications	-
sortlist	rastar	-
sortlist	design-the-planet	-
sortlist	contrast-security	-
sortlist	tgi-direct-inc	-
sortlist	already-set-up-inc	-
sortlist	matrixx	-
sortlist	the-smiley-group-inc	-
sortlist	lacuna-strategic-marketing	-
sortlist	search-engine-optimization-new-york-ny	-
sortlist	texas	-
sortlist	adfin	-
sortlist	pangaea-outpost	-
sortlist	precision-business-solutions-inc	-
sortlist	mophap	-
sortlist	hnw-51e163a7-c72a-47c4-8053-71466868f2b3	-
sortlist	digital-revenue-partners-inc	-
sortlist	innovation-ads	-
sortlist	barry-deck-llc	-
sortlist	offerall	-
sortlist	rbd-communications-recycling-black-dollars	-
sortlist	rbx-agency	-
sortlist	famous-interactive	-
sortlist	bornovskidna	-
sortlist	phoenix-innovate	-
sortlist	cemusa-inc	-
sortlist	iwrite-marketing	-
sortlist	sd-interactive	-
sortlist	marketing-semiotics-inc	-
sortlist	app-futurz	-
sortlist	lujan-media	-
sortlist	if-marketing	-
sortlist	snapshotu	-
sortlist	tribe9-interactive	-
sortlist	right-on-the-money	-
sortlist	simmer-group	-
sortlist	adgination-creative-agency	-
sortlist	topin-associates-1cba6a9c-3d81-4042-85e5-e16dccf64063	-
sortlist	eyeglue	-
sortlist	evo33	-
sortlist	commerce-logistics	-
sortlist	marketing-associates	-
sortlist	tech-1-peripherals	-
sortlist	silent-alarm	-
sortlist	kdigital-media-marketing	-
sortlist	austin-owned	-
sortlist	demometrics	-
sortlist	modern-marketing-federation	-
sortlist	beckmanxmo	-
sortlist	odissia-net	-
sortlist	emarketingconsultantz	-
sortlist	mccrossen-consulting	-
sortlist	vortex-studio	-
sortlist	a-s-bell-magniboard-concepts	-
sortlist	socialplasty-llc	-
sortlist	cityvoice	-
sortlist	mgo-marketing	-
sortlist	clearsaleing	-
sortlist	the-graphic-marketing-group	-
sortlist	q	-
sortlist	boom-media-marketing-promotions-inc	-
sortlist	bulldog-solutions	-
sortlist	dealer-spike-llc	-
sortlist	heligonix	-
sortlist	dreambent-marketing-group-llc	-
sortlist	cascade-marketing-solutions-llc	-
sortlist	lashback-llc	-
sortlist	web-star-promotions-llc	-
sortlist	brand-thinc	-
sortlist	mastery-marketing-group	-
sortlist	flurry-inc	-
sortlist	legal-internet-solutions-incorporated	-
sortlist	madcowmedia-co	-
sortlist	hammer-corp	-
sortlist	the-pursuit-group	-
sortlist	tmc-distribution-inc	-
sortlist	outsourcing-center	-
sortlist	rockett-interactive-inc	-
sortlist	wordofmouth-org	-
sortlist	bry-media-group	-
sortlist	atlantic-business-consultants-inc	-
sortlist	las-vegas-billboards	-
sortlist	hypeworthy	-
sortlist	wilson-group-strategic-solutions	-
sortlist	wsi-net-revenue	-
sortlist	insidesalesteam-com	-
sortlist	harttman-group	-
sortlist	socal-bazar	-
sortlist	attn-e164379a-98d1-4e45-9810-138dff656b2e	-
sortlist	cupnetwork	-
sortlist	1rebelstudio-llc	-
sortlist	vicar-tart	-
sortlist	inov8-llc	-
sortlist	sonoma-county-go-local-cooperative	-
sortlist	icon-business-solutions-llc	-
sortlist	hort	-
sortlist	the-creative-j	-
sortlist	buddyreferralsystem-com	-
sortlist	brewlife-agency-a-w2o-company	-
sortlist	clarity-design-inc	-
sortlist	bedrock-business-media	-
sortlist	blumenthal-design-group	-
sortlist	expert-satellite	-
sortlist	melee-convergent-media	-
sortlist	lawflame	-
sortlist	acceller-inc	-
sortlist	gfxarts	-
sortlist	action-advertising	-
sortlist	kennickell-group	-
sortlist	restmark-group-llc	-
sortlist	kite-brand-studio	-
sortlist	digiknow-2344689b-31c0-40e1-83e6-2176c7fc94dd	-
sortlist	php-communications-inc	-
sortlist	interknecht	-
sortlist	bni-of-the-heartland	-
sortlist	mail-masters-of-colorado-inc	-
sortlist	full-beaker-inc	-
sortlist	quartier-printing-company	-
sortlist	geaux-2-web-internet-marketing	-
sortlist	spike-business-plans	-
sortlist	rev9-marketing	-
sortlist	summit-outsourcing-group	-
sortlist	off-the-wall-magnetics-llc-portland-or	-
sortlist	pagatim-companies	-
sortlist	bennett-resources	-
sortlist	promo-cow	-
sortlist	datamark	-
sortlist	bigham-advertising-agency	-
sortlist	voxbridge	-
sortlist	armstrong-creates	-
sortlist	ron-allen-enterprises	-
sortlist	synapse-marketing-solutions	-
sortlist	snow-companies	-
sortlist	dynamic-marketing-partners	-
sortlist	biondi-warren	-
sortlist	new-tier-inc	-
sortlist	schnoll-media-consulting	-
sortlist	master-printing-and-mailing	-
sortlist	engine-interactive	-
sortlist	imobitrax	-
sortlist	retz-advertising-design	-
sortlist	rucow-llc	-
sortlist	aj-inc-mobile-media-marketing	-
sortlist	attract-china	-
sortlist	osi-affiliate-software	-
sortlist	viva-concepts	-
sortlist	grok-banter-llc	-
sortlist	marx-creative	-
sortlist	rocket-farm-interactive	-
sortlist	magnetic-consulting-group-inc	-
sortlist	external-experts-llc	-
sortlist	ninety2i	-
sortlist	marshall-advertising-edb7b2a9-b4dc-4a3d-9f8d-e801049bad27	-
sortlist	locate-a-stylist	-
sortlist	moxie-pluck	-
sortlist	measurement-mojo	-
sortlist	belmont-inc	-
sortlist	beckham-direct-inc	-
sortlist	l-m-healthcare-communications	-
sortlist	strategy-140	-
sortlist	bechamps-associates	-
sortlist	inkydoodle-printing-mailing-design	-
sortlist	onlinecompliancepanel	-
sortlist	promark-consulting	-
sortlist	doreputation-com	-
sortlist	semsite-solutions	-
sortlist	specialty-incentives	-
sortlist	media-agent	-
sortlist	jt-s-signs-and-advertising	-
sortlist	stoner-bunting	-
sortlist	early-and-often-marketing	-
sortlist	rocket-referrals	-
sortlist	nsb-keane	-
sortlist	the-mobile-audience	-
sortlist	4next-inc	-
sortlist	wow-branded-personal-assistance	-
sortlist	haystagg-inc	-
sortlist	hood-branded-environments	-
sortlist	success-makers-inc	-
sortlist	bonheur-media	-
sortlist	tip-medical-communications-inc	-
sortlist	stark-collective-llc	-
sortlist	adrevco	-
sortlist	maddox-marketing-group-inc	-
sortlist	webpagefx	-
sortlist	zipsurance	-
sortlist	alexander-hughes-advertising-marketing-inc	-
sortlist	torva-local	-
sortlist	prairie-dog-tcg	-
sortlist	fanmaker	-
sortlist	leadspark-inc	-
sortlist	shwaag-inc	-
sortlist	boomer-advertising-inc	-
sortlist	onthank-marketing-group	-
sortlist	greener-expressions-llc	-
sortlist	a4dable-apps	-
sortlist	boom-ideanet	-
sortlist	buyabiz-com	-
sortlist	10-spot-gigs	-
sortlist	steps-away-inc	-
sortlist	seeco-promotional-products	-
sortlist	sypp-inc	-
sortlist	ynot-lms	-
sortlist	angelvision-technologies	-
sortlist	towncenter	-
sortlist	atlantic-coast-consulting-inc	-
sortlist	maturity-matters	-
sortlist	innovative-entity-llc	-
sortlist	fdb-media	-
sortlist	express-loan-services	-
sortlist	magnetism-digital	-
sortlist	eroi	-
sortlist	progresslocal	-
sortlist	synaxis	-
sortlist	rediygo-com	-
sortlist	pro-citrus-network-inc	-
sortlist	golden-girl-marketing	-
sortlist	lowermycpa-com	-
sortlist	performance-signs	-
sortlist	medical-leverage-a-communications-company	-
sortlist	simply-marketing	-
sortlist	icommissions	-
sortlist	everymundo-llc	-
sortlist	onederful-pictures	-
sortlist	bni-blue-hills	-
sortlist	battle-ground-chamber-of-commerce	-
sortlist	natmobi	-
sortlist	web-world-embassy	-
sortlist	who-s-calling	-
sortlist	vestare	-
sortlist	hitexposure	-
sortlist	games-banner-network	-
sortlist	search-fanatics	-
sortlist	merchantbook-llc	-
sortlist	leisurefun-net	-
sortlist	letip-blue-bell	-
sortlist	sqwaker	-
sortlist	worldspire	-
sortlist	kaptureit	-
sortlist	blu-wave-media	-
sortlist	interlocking-analytics-llc	-
sortlist	security-and-defense-people	-
sortlist	jacobs-agency	-
sortlist	the-encima-group	-
sortlist	monsterconnect	-
sortlist	spectrum-promotional	-
sortlist	studio-signs-inc	-
sortlist	built-interactive-llc	-
sortlist	iyno-advisors	-
sortlist	nervewire-inc	-
sortlist	times-ten-creative-marketing-solutions	-
sortlist	u-s-smart-building-council	-
sortlist	nimblebridge	-
sortlist	dolocalleads-com	-
sortlist	popular-genius	-
sortlist	sterkly	-
sortlist	royce-interactive	-
sortlist	armentum	-
sortlist	codeware	-
sortlist	ctms	-
sortlist	reality3d	-
sortlist	mind-impression-web-development-seo	-
sortlist	914digital	-
sortlist	mozi	-
sortlist	rbjorn-designs	-
sortlist	arya57	-
sortlist	rd-s-classique-creations	-
sortlist	the-webnificent	-
sortlist	charlotte-content-marketing	-
sortlist	bdf-marketing-consultants	-
sortlist	mightyhive	-
sortlist	ruby-porter-marketing-and-design	-
sortlist	circavista	-
sortlist	agilepower-co	-
sortlist	2btech	-
sortlist	cross-commerce-media	-
sortlist	the-jay-group-inc	-
sortlist	hcp-buzz	-
sortlist	on-first-page-inc	-
sortlist	encontext-media-llc	-
sortlist	5-north-inc	-
sortlist	end-zone-media-llc	-
sortlist	tribe-dynamics	-
sortlist	smartlocalshoppers-com	-
sortlist	netfusion-media-inc	-
sortlist	mdt-marketing	-
sortlist	eric-rob-isaac	-
sortlist	build-your-firm-inc	-
sortlist	tvi-designs	-
sortlist	hangar-30-inc	-
sortlist	5fold-marketing	-
sortlist	sokal-media-group	-
sortlist	got-clicks	-
sortlist	splawn-ward-associates-llc	-
sortlist	tekkbuzz	-
sortlist	brand-strategix	-
sortlist	mindzai-creative-studios	-
sortlist	pynwheel-inc	-
sortlist	marchandising-llc	-
sortlist	ilandguide-worldwide-inc	-
sortlist	fog-island-media	-
sortlist	omnibus-advertising-and-marketing	-
sortlist	alexander-tom-inc	-
sortlist	lickability	-
sortlist	sigma-professional-services	-
sortlist	sticky-starfish-marketing	-
sortlist	312analytics	-
sortlist	customxm	-
sortlist	glynndevins	-
sortlist	springboard-advertising-design	-
sortlist	crave-win-marketing	-
sortlist	intercoastal-net-designs	-
sortlist	indus-net-technologies-pvt-ltd	-
sortlist	soul-pitt-media	-
sortlist	skillian	-
sortlist	helix-tech-pvt-ltd	-
sortlist	chermayeff-geismar-haviv	-
sortlist	kwsm	-
sortlist	spectraforce-technologies	-
sortlist	damen-jackson	-
sortlist	dlr-group	-
sortlist	by-the-pixel	-
sortlist	e8-labs	-
sortlist	fine-a-brand-agency	-
sortlist	searce	-
sortlist	mobinet	-
sortlist	leewayhertz	-
sortlist	j2	-
sortlist	anythingcloud	-
sortlist	graphiti-associates	-
sortlist	the-x-concept	-
sortlist	us-itek	-
sortlist	inverse-paradox-llc	-
sortlist	infosys	-
sortlist	via-technology	-
sortlist	delve	-
sortlist	luminus	-
sortlist	fox-hill-promotions	-
sortlist	perception-system	-
sortlist	cloudsire-llc	-
sortlist	icreateyoursite	-
sortlist	linker-logic-technologies	-
sortlist	taptica	-
sortlist	builder-ai-3	-
sortlist	united-mail	-
sortlist	ukad	-
sortlist	arengee	-
sortlist	geary-company-advertising-2	-
sortlist	the-red-team	-
sortlist	boomerang-software	-
sortlist	cyberark	-
sortlist	grm	-
sortlist	kaizen-sigma-llc-seo-services-los-angeles	-
sortlist	dxc-technology	-
sortlist	brillmark-llc	-
sortlist	net-app	-
sortlist	qasource	-
sortlist	cadmart	-
sortlist	bellwether-technology	-
sortlist	its-internet-testing-systems	-
sortlist	kef-sensei	-
sortlist	binlogic	-
sortlist	nisum	-
sortlist	conrelv-solutions-inc	-
sortlist	first-looks-advertising	-
sortlist	ardham-technologies-inc	-
sortlist	larkit	-
sortlist	apptio	-
sortlist	ceniom-inc	-
sortlist	thinkit-solutions	-
sortlist	cma-technology-solutions	-
sortlist	absolute-logic	-
sortlist	oneneck-it-solutions	-
sortlist	sandia	-
sortlist	quantumiot	-
sortlist	cignex	-
sortlist	awareability-technologies-llc	-
sortlist	rfid-global-solution-inc	-
sortlist	honestabeapps	-
sortlist	interpret-this	-
sortlist	alphabet-linguistics	-
sortlist	centex-technologies	-
sortlist	onalign-marketing	-
sortlist	sugarbird-marketing	-
sortlist	information-builders	-
sortlist	results-communications-and-research	-
sortlist	gauge-digital-media	-
sortlist	young-company-3	-
sortlist	kanda-software	-
sortlist	greenpages-technology-solutions	-
sortlist	rocket-web-inc	-
sortlist	tdk-technologies	-
sortlist	aginto-solutions-2	-
sortlist	byv-digital	-
sortlist	insurance-support-world	-
sortlist	techolution	-
sortlist	weplash	-
sortlist	819media	-
sortlist	catfish-software-inc	-
sortlist	soasta-inc	-
sortlist	trek10	-
sortlist	oc-it-solutions	-
sortlist	ebq	-
sortlist	dogtown-media	-
sortlist	rgbsi	-
sortlist	wayne-marketing	-
sortlist	adelphi-communications-new-york	-
sortlist	check-point-software-technologies	-
sortlist	chariot-solutions	-
sortlist	vfm-seo	-
sortlist	how-to-start-an-llc	-
sortlist	computerbilities	-
sortlist	klm-marketing-services	-
sortlist	nomel-interactive-media-inc	-
sortlist	lead2profit-llc	-
sortlist	zoar-technology-llc	-
sortlist	gramener	-
sortlist	fearless	-
sortlist	argentum-it	-
sortlist	foxgroove	-
sortlist	palm-tree-creative	-
sortlist	axmor-software	-
sortlist	the-scarlett-group	-
sortlist	hybrid-it-services	-
sortlist	integrity-13	-
sortlist	case-marketing-group	-
sortlist	meany-moe-marketing-and-communications	-
sortlist	top-of-the-list	-
sortlist	corelynx-inc	-
sortlist	vista-graphics	-
sortlist	cavallo	-
sortlist	spiralworks-marketing	-
sortlist	7summits	-
sortlist	i-m-think-tank	-
sortlist	calvert-creative	-
sortlist	quest-software	-
sortlist	epiphany-studio-rva	-
sortlist	newtwelve-media-marketing-management	-
sortlist	ashapura-softech	-
sortlist	grazitti-interactive-inc	-
sortlist	zealous-system	-
sortlist	mobit	-
sortlist	rackspace	-
sortlist	acquia	-
sortlist	vuemobi-media	-
sortlist	risingmax	-
sortlist	cstmr	-
sortlist	tantrum-agency	-
sortlist	eplexity	-
sortlist	anexeon	-
sortlist	orlantech-inc	-
sortlist	motiliti-austin-digital-marketing-agency	-
sortlist	cdi-llc	-
sortlist	pixel-parlor-2	-
sortlist	knoodle	-
sortlist	diligent-staffing-llc	-
sortlist	bridgera	-
sortlist	balcom-agency	-
sortlist	logotraffic	-
sortlist	jo	-
sortlist	concetto-labs	-
sortlist	lifted-websites	-
sortlist	itwebindia	-
sortlist	icrossing-4	-
sortlist	residual-rank	-
sortlist	apptech	-
sortlist	telos-corporation	-
sortlist	abtech-technologies	-
sortlist	bluenet	-
sortlist	edaptive-systems	-
sortlist	ibeta-quality-assurance	-
sortlist	launch-consulting-group	-
sortlist	branding-agencyinc	-
sortlist	metrostar-systems	-
sortlist	it-resource-inc	-
sortlist	laris-tech	-
sortlist	jmark	-
sortlist	davis-jack-llc	-
sortlist	ariadna-communications-group	-
sortlist	tecace	-
sortlist	carnegie-technologies	-
sortlist	ingenu-inc	-
sortlist	transparen	-
sortlist	aventis-systems	-
sortlist	thoughtlab	-
sortlist	crispx	-
sortlist	amazon-aws	-
sortlist	nvit-solutions	-
sortlist	iconic-solutions	-
sortlist	connectria	-
sortlist	atlas-networks	-
sortlist	rightbrain-networks	-
sortlist	gid-grimes-industrail-design	-
sortlist	corcystems-inc	-
sortlist	redapt	-
sortlist	nyi	-
sortlist	xdesign-inc-2	-
sortlist	station8-branding-2	-
sortlist	effectivesoft	-
sortlist	coveros	-
sortlist	digital-divide-data	-
sortlist	geniteam-solutions	-
sortlist	objectstyle	-
sortlist	datarobot	-
sortlist	asynchrony-labs	-
sortlist	teracloud	-
sortlist	banner-witcoff	-
sortlist	8thirtyfour	-
sortlist	ace-cloud-hosting	-
sortlist	timbergrove	-
sortlist	ciao-bella-marketing	-
sortlist	king-design-llc	-
sortlist	levvel-io	-
sortlist	zunch-labs	-
sortlist	streamline-social	-
sortlist	atlas-executive-consulting-llc	-
sortlist	sangfroid-web-llc	-
sortlist	backlinkfy	-
sortlist	source-approach	-
sortlist	applied-engineering	-
sortlist	dynamic-yield	-
sortlist	catapult-systems	-
sortlist	bmi-software	-
sortlist	interlink-cloud-advisors	-
sortlist	expedient	-
sortlist	cubrc	-
sortlist	buzzfile	-
sortlist	on-the-map-marketing	-
sortlist	cuelogic-technologies	-
sortlist	magic-finserv	-
sortlist	sileria-inc	-
sortlist	griffon-webstudios	-
sortlist	realtekconsulting	-
sortlist	ibm	-
sortlist	bdo	-
sortlist	acquire-bpo	-
sortlist	expert-business-consulting	-
sortlist	aperio-it	-
sortlist	agilitec-it	-
sortlist	hatch-130	-
sortlist	daake	-
sortlist	localization	-
sortlist	impact-social-media	-
sortlist	c-metric	-
sortlist	shasta-qa	-
sortlist	capstone-it	-
sortlist	birst	-
sortlist	booz-allen-hamilton	-
sortlist	fractal-analytics	-
sortlist	dragonfly-digital-marketing	-
sortlist	rising-tides-analytics	-
sortlist	veeam	-
sortlist	two17	-
sortlist	ai-software-llc	-
sortlist	chateaux	-
sortlist	nutanix	-
sortlist	oakridge-infotech	-
sortlist	jetbridge	-
sortlist	technosoft-solutions-inc	-
sortlist	cq-infotech	-
sortlist	figure-eight	-
sortlist	verint	-
sortlist	obviouslee-marketing-2	-
sortlist	arnamy	-
sortlist	pravaah-consulting-inc-digital-agency	-
sortlist	allied-technology-group-llc	-
sortlist	verticomm	-
sortlist	narrasoft-inc	-
sortlist	cgs	-
sortlist	highstreet-advertising-inc	-
sortlist	fuelfx-llc	-
sortlist	big-footprint-digital	-
sortlist	brightstarr	-
sortlist	data4amazon	-
sortlist	zinzin	-
sortlist	equinix	-
sortlist	qualityip	-
sortlist	charles-it	-
sortlist	i-t-guys	-
sortlist	informa-research-services	-
sortlist	intuceo	-
sortlist	keyva	-
sortlist	buchanan-technologies	-
sortlist	software-technology-group	-
sortlist	clairvolex	-
sortlist	nextrow-digital	-
sortlist	four-winds-network-services	-
sortlist	intellyct	-
sortlist	csc-digital-brand-services	-
sortlist	cloud-analogy	-
sortlist	kiterocket	-
sortlist	neudesic	-
sortlist	webstract-marketing	-
sortlist	cohn-marketing	-
sortlist	analytics8	-
sortlist	pwc	-
sortlist	acts-2	-
sortlist	centergrid	-
sortlist	atmosphere-apps	-
sortlist	simplex-it	-
sortlist	perficient	-
sortlist	cloudfronts-technologies-llp	-
sortlist	cybertegic	-
sortlist	envisionit-2	-
sortlist	chicago-digital-marketing-agency-chicago-seo-ppc	-
sortlist	explore-digital	-
sortlist	merkle-66948d16-9963-45bc-8ab7-06b190bf80d9	-
sortlist	onshore-outsourcing	-
sortlist	scale-technology	-
sortlist	the-ad-firm	-
sortlist	imaginnovate	-
sortlist	globallogic	-
sortlist	c-w-business	-
sortlist	momentum-consulting-corporation	-
sortlist	katalyst-technologies	-
sortlist	artx-pro	-
sortlist	ia-interior-architects	-
sortlist	concord	-
sortlist	moburst	-
sortlist	globaldev-group	-
sortlist	parallel-interactive	-
sortlist	bain-company-2	-
sortlist	teliapp-corporation	-
sortlist	blue-developments	-
sortlist	booyah-advertising	-
sortlist	sotatek	-
sortlist	mind-studios	-
sortlist	dreamztech-solutions-inc	-
sortlist	amaxza	-
sortlist	alternative-spaces	-
sortlist	agilis-tech-labs	-
sortlist	wolony-digital-marketing-agency	-
sortlist	baunfire-2	-
sortlist	303-software-2	-
sortlist	agility-5	-
sortlist	iba-group	-
sortlist	gols-inc	-
sortlist	ivio-agency	-
sortlist	sunflower-lab	-
sortlist	blue-fountain	-
sortlist	big-presence	-
sortlist	linking-integrating	-
sortlist	asahi-technologies	-
sortlist	orangeloops	-
sortlist	copeland-technology-solutions	-
sortlist	centerline-digital-2	-
sortlist	iflexion	-
sortlist	left-field-labs	-
sortlist	eteam	-
sortlist	upright-nyc	-
sortlist	dockyard-inc	-
sortlist	fifth-avenue-design-inc	-
sortlist	appreneurial	-
sortlist	studiolabs	-
sortlist	designbackoffice	-
sortlist	itsguru	-
sortlist	bluegrey-technologies	-
sortlist	kaizen-softworks	-
sortlist	erdos-technologies	-
sortlist	infigic-technologies	-
sortlist	solveda	-
sortlist	imaginovation	-
sortlist	devetry	-
sortlist	folder-it	-
sortlist	adit	-
sortlist	entrance-consulting	-
sortlist	fullstack-labs	-
sortlist	infinum	-
sortlist	click-refresh-inc	-
sortlist	rush-hour-marketing-technology-nashville	-
sortlist	invue-digital	-
sortlist	big-nerd-ranch	-
sortlist	mobomo	-
sortlist	demigos	-
sortlist	think-tree-studios	-
sortlist	rocket-insights	-
sortlist	feature-23	-
sortlist	appiskey-inc	-
sortlist	app-design-company-inc	-
sortlist	digitalmarketing360	-
sortlist	waferwire-cloud-technologies	-
sortlist	gravity-jack	-
sortlist	qualys	-
sortlist	canvas-creative	-
sortlist	studio-center-2	-
sortlist	boelter-lincoln-3	-
sortlist	ascential-marketing	-
sortlist	brokenmyth-studios	-
sortlist	the-game-agency-2	-
sortlist	signal-sciences	-
sortlist	technology-group-solutions	-
sortlist	nsquare-xperts	-
sortlist	joe-2-joe	-
sortlist	eyler-creative-2	-
sortlist	new-wave-industries-inc	-
sortlist	moonbase-labs	-
sortlist	orases	-
sortlist	layer-one-media	-
sortlist	boise-digital-marketing	-
sortlist	design-develop-now-inc	-
sortlist	aymz-tech	-
sortlist	zenergy-works-2	-
sortlist	anvil-analytics-insights	-
sortlist	ailerons-it-consulting-company-llc	-
sortlist	delt-2	-
sortlist	brand-revive	-
sortlist	good-work-marketing-inc-2	-
sortlist	byers-creative	-
sortlist	smart-data	-
sortlist	321-web-marketing	-
sortlist	specialized-digital-marketing	-
sortlist	web-frootz	-
sortlist	insite-advice	-
sortlist	winklix-llc	-
sortlist	envision-dennis-romano-llc	-
sortlist	mindscape	-
sortlist	advantage-attorney-marketing-cloud-solutions	-
sortlist	web-jive	-
sortlist	zydexo	-
sortlist	cherritech	-
sortlist	mentormate	-
sortlist	gotcha-mobile-solutions-inc	-
sortlist	mutually-human	-
sortlist	outright-development	-
sortlist	cratebind-llc	-
sortlist	create-the-movement	-
sortlist	flex360	-
sortlist	lee-media-group	-
sortlist	techgenies	-
sortlist	10-carat-creations	-
sortlist	williams-web-solutions	-
sortlist	opensource-technologies	-
sortlist	ots-solutions	-
sortlist	exadel	-
sortlist	globalluxsoft-llc	-
sortlist	nucitrus-technologies	-
sortlist	sataware	-
sortlist	chicago-software-solutions	-
sortlist	figmints	-
sortlist	zigihub	-
sortlist	kenzan	-
sortlist	solvd-inc	-
sortlist	pegasus-one	-
sortlist	erbis	-
sortlist	catalyte	-
sortlist	entrision	-
sortlist	cmit-solutions	-
sortlist	murano-software	-
sortlist	soft-suave	-
sortlist	tuli-eservices-inc	-
sortlist	bitmatica	-
sortlist	west-agile-labs	-
sortlist	artezio	-
sortlist	invensis	-
sortlist	tricension	-
sortlist	blackridge-software	-
sortlist	cornerstone-solutions-group	-
sortlist	tjc-labs	-
sortlist	smart-it-concepts	-
sortlist	devupp-studio-by-simvisr	-
sortlist	pixel-perfect-creative	-
sortlist	3fold-communications-2	-
sortlist	ardan-labs	-
sortlist	brainwork-technologies	-
sortlist	techtroid	-
sortlist	ekreative	-
sortlist	geekhive	-
sortlist	brightech-studio	-
sortlist	dunrite-technologies	-
sortlist	subcodevs-inc	-
sortlist	software-developers-india	-
sortlist	qrew-technologies	-
sortlist	newhaircut	-
sortlist	creeksmarts	-
sortlist	empeek	-
sortlist	ally-global-services	-
sortlist	inflash	-
sortlist	creativizin	-
sortlist	nexient	-
sortlist	modulebazaar	-
sortlist	concertcare	-
sortlist	excellent-networks-inc	-
sortlist	few	-
sortlist	motion-mobs	-
sortlist	spectrum-technologies	-
sortlist	andplus-llc	-
sortlist	betabulls-inc	-
sortlist	forebear-productions	-
sortlist	mercury-development	-
sortlist	active-logic	-
sortlist	dream-beyond	-
sortlist	baytech-consulting-com	-
sortlist	amaze-inc-global	-
sortlist	craftshack	-
sortlist	exigent-technologies	-
sortlist	dremana-productions	-
sortlist	altexsoft	-
sortlist	inflection-point	-
sortlist	ardas	-
sortlist	idestini	-
sortlist	azoft	-
sortlist	krit	-
sortlist	smart-it	-
sortlist	devlights	-
sortlist	soven-developer	-
sortlist	charter-global	-
sortlist	oci	-
sortlist	estore-factory	-
sortlist	cloudnow-technologies	-
sortlist	cristi-beres	-
sortlist	rigrex	-
sortlist	softude-by-systematix-infotech	-
sortlist	techmagic	-
sortlist	mobinspire	-
sortlist	next-level-software	-
sortlist	openxcell	-
sortlist	alty	-
sortlist	iih-global	-
sortlist	softacom	-
sortlist	azati-software-corporation	-
sortlist	radixweb	-
sortlist	vex-soluciones	-
sortlist	unified-infotech	-
sortlist	epam-systems-gmbh	-
sortlist	kalamuna	-
sortlist	intelequia	-
sortlist	rabit-solutions	-
sortlist	instant-imprints	-
sortlist	skytap	-
sortlist	softbistro	-
sortlist	upteam	-
sortlist	redis-labs	-
sortlist	testbytes	-
sortlist	triton-technologies	-
sortlist	weblineindia	-
sortlist	smith-micro-software-inc	-
sortlist	web-seo-san-antonio	-
sortlist	thales-esecurity	-
sortlist	welocalize	-
sortlist	trigent-software-inc	-
sortlist	neenopal-inc	-
sortlist	neasure	-
sortlist	outworx-corporation	-
sortlist	waverley-software	-
sortlist	milestep	-
sortlist	source-soft-solutions-pvt-ltd	-
sortlist	moso-branding-communications	https://brownstonebrands.com/
sortlist	prime-clicks	-
sortlist	amz-retailers	-
sortlist	idea-maker	-
sortlist	stratik-group-international	-
sortlist	strativera	-
sortlist	ethos-ink	-
sortlist	click-optimizer-llc	https://clickoptimizer.net
sortlist	roboto-studio	-
sortlist	shugert-marketing-2	-
sortlist	ecom-solution-hub	-
sortlist	etech-devices	-
sortlist	horizon-labs	-
sortlist	baboo-digital	-
sortlist	storage-magnet	-
sortlist	blitz-retail	-
sortlist	american-noble-authors	-
sortlist	goldenwing-creative-studios-e-u	-
sortlist	solo-media-group-2	-
sortlist	oyova	-
sortlist	acolad	-
sortlist	junub-games	-
sortlist	doptus-agencia-de-marketing-digital-y-estrategia	https://www.doptus.com
sortlist	renaissance-commerce-inc	-
sortlist	atelier-commerce	-
sortlist	the-automation-express	-
sortlist	bytware-studios	-
sortlist	dropease-solutions	-
sortlist	nilecode	-
sortlist	never-settle	-
sortlist	agency-creative-2	-
sortlist	bn-publisher	-
sortlist	zeezaydigital	-
sortlist	the-tdit-group	-
sortlist	searchbloom	-
sortlist	thrive-internet-marketing	-
sortlist	techark-solutions	-
sortlist	ultrashield-technology	-
sortlist	orange-hardwares	-
sortlist	pixel-web-experts	-
sortlist	ecommerce-republic	-
sortlist	aurexis-global-commerce	-
sortlist	techahead	-
sortlist	duck-soup-e-commerce	-
sortlist	day-translations	-
sortlist	patch-centre	-
sortlist	ecom-avenue	-
sortlist	clicta-digital-agency	-
sortlist	sellerview-ai	-
sortlist	pnc-logos	-
sortlist	direct-agents	-
sortlist	techfisc	-
sortlist	ministers-io	-
sortlist	the-shopninjas	-
sortlist	top-growth-marketing	-
sortlist	cindaro	-
sortlist	transform-targets	-
sortlist	the-western-outfit	-
sortlist	connecticut-shotgun	-
sortlist	rhude-clothing	-
sortlist	webotixs	-
sortlist	sell-with-marketing	https://sellwithmarketing.com/
sortlist	5-star-visibility-digital-marketing-agency	-
sortlist	ledger-labs	-
sortlist	techsellerusa	-
sortlist	codiantix-technologies	-
sortlist	luaris-digital	-
sortlist	eceez-agency	-
sortlist	etechbuy	-
sortlist	mooney-and-sage	-
sortlist	aurora-tech-labs	-
sortlist	ease-ecommerce	-
sortlist	toriut-pim	-
sortlist	inkybay	-
sortlist	inspired-jackets	-
sortlist	aphroditte	-
sortlist	neuron24	-
sortlist	sevenbrand-llc	-
sortlist	fulfillment-plus-2	-
sortlist	wishboneadvisory	-
sortlist	cro-media	-
sortlist	webappick	-
sortlist	wooninjas	-
sortlist	cessna-marketing	-
sortlist	zera-creative	-
sortlist	leverx	-
sortlist	amoha-recruitment-services	-
sortlist	prime-brands	-
sortlist	portmate	-
sortlist	sparkx-marketing	-
sortlist	retail-matchmaker	-
sortlist	cadena-collective	-
sortlist	thrive-seo-nyc	-
sortlist	maganti-it-resources-llc	-
sortlist	clickgrower	-
sortlist	vines-commerce	-
sortlist	orm-systems	-
sortlist	amz-impulsion	-
sortlist	philo-creatives	-
sortlist	sun-bed-booster	-
sortlist	designs-cottage	-
sortlist	crazy-deals-and-beyond	-
sortlist	blue-tuskr	-
sortlist	h2ocean	-
sortlist	amenify	-
sortlist	vserve-ebusiness-solutions	-
sortlist	born-techies-solutions	-
sortlist	yavaint-technologies	-
sortlist	giru	-
sortlist	zero-task-labs	-
sortlist	away-digital-teams	-
sortlist	the-jacket-city	-
sortlist	bayforward	-
sortlist	tucson-tiques-collectibles	-
sortlist	bcsltllc	-
sortlist	freeman-nyc	-
sortlist	varstreet	-
sortlist	snap-and-grip	-
sortlist	cafeina-3	-
sortlist	upsell-wholesale	-
sortlist	eyula	-
sortlist	iapp-technologies	-
sortlist	abto-software	-
sortlist	bissolux-llc	-
sortlist	bbco-studio	-
sortlist	prestige-web-solution	-
sortlist	alphacino	-
sortlist	wppatrol	-
sortlist	seo-service-care	-
sortlist	6c-marketing	http://www.6cmarketing.com
sortlist	expert-ecom-services	-
sortlist	22-pixels-inc	-
sortlist	skitsolution	https://www.skitsolutionbd.com
sortlist	sidekickdigital	-
sortlist	horton-group-2	-
sortlist	the-goat-institute-llc-digital-marketing-agency	-
sortlist	software-orca	-
sortlist	maestro-foundry	-
sortlist	bmo-media	-
sortlist	aspire-systems	-
sortlist	website-vertix	-
sortlist	attract-group	-
sortlist	web-design-sun	-
sortlist	nextwise-studio	-
sortlist	iseo-agency	-
sortlist	ase-creative-group	-
sortlist	a17	-
sortlist	sharcon-llc	-
sortlist	brandwoven	-
sortlist	scale-modern-business-solutions-llc	-
sortlist	247-digital-marketing	-
sortlist	seda-custom-design	-
sortlist	shortlist-io	-
sortlist	praetor-digital	-
sortlist	magic-creative-ad	-
sortlist	cygnus-studios	-
sortlist	bounteous	-
sortlist	595-agency	-
sortlist	ecom-snaps	-
sortlist	mbawine-consultants	-
sortlist	maverick-info-solutions-llc	-
sortlist	accord-tech-solutions	-
sortlist	carefree-home-furnishings	-
sortlist	coldsmoke-creative	-
sortlist	euphoric-biz	-
sortlist	power-my-analytics	-
sortlist	excel-logistics	-
sortlist	horizon-website-studios	-
sortlist	moose-12	-
sortlist	chase-jennings-web-development-design-marketing-agency	-
sortlist	dyode	-
sortlist	synq-marketing-group	-
sortlist	splitarts	-
sortlist	fifty-fifty-advertising-and-marketing	-
sortlist	busyseed-3	-
sortlist	quikefix-com	-
sortlist	funky-enterprises-llc	-
sortlist	serp-masters	-
sortlist	bizwonk-inc	-
sortlist	chrysalis-web-development	-
sortlist	cascade-e-commerce-solutions-inc-cesi	-
sortlist	greenridge-group	-
sortlist	winston-digital-marketing	-
sortlist	boucher-co	-
sortlist	codeex-agency	-
sortlist	smile-multimedia	-
sortlist	mi-digital-solution	-
sortlist	fresh-bread-digital	-
sortlist	bigfolio-llc	-
sortlist	nexowebagency	-
sortlist	naqvix	-
sortlist	serpbays-llc	-
sortlist	creative-moves	-
sortlist	mrb-marketing-an-seo-company	-
sortlist	cenango	-
sortlist	digital-factory-24	-
sortlist	blinders-group	-
sortlist	big-flute-digital	-
sortlist	digital-ink	-
sortlist	digital-forge-4	-
sortlist	multilingual-connections	-
sortlist	imaa	-
sortlist	the-brady-group	-
sortlist	dts-language-services	-
sortlist	endicott-call-centers	-
sortlist	convertiv-2	-
sortlist	harvest-sherwood-food-distributors	-
sortlist	ideaseat-marketing-and-advertising	-
sortlist	fowara-llc	-
sortlist	breakthruweb	-
sortlist	selfmade	-
sortlist	blueswitch-shopify-developer-marketing-agency	-
sortlist	emrg	-
sortlist	springbot	-
sortlist	webtek-digital-marketing	-
sortlist	enleaf	-
sortlist	ide-interactive-inc	-
sortlist	vyrill	-
sortlist	arctouch	-
sortlist	zooka-creative	-
sortlist	uncap-ecommerce-agency	-
sortlist	elevatiq	-
sortlist	intraspire	-
sortlist	common-thread-co	-
sortlist	convergesol	-
sortlist	barrel-ny	-
sortlist	pro-website-design-san-jose	-
sortlist	arc-creative-co	-
sortlist	awesome-dynamic-tech-solutions-inc	-
sortlist	boston-consulting-group	-
sortlist	prose	-
sortlist	madoff-productions	-
sortlist	general-glyphics-inc	-
sortlist	ascendix-tech	-
sortlist	kizan	-
sortlist	blvr	-
sortlist	serpcom	-
sortlist	unified	-
sortlist	basch-solutions	-
sortlist	atscale	-
sortlist	quiktek-info-services	-
sortlist	kintetch	-
sortlist	answering-365	-
sortlist	identiv-3vr	-
sortlist	shiloh-technologies	-
sortlist	firecracker-pr	-
sortlist	ace-ecomm-services	-
sortlist	cambridge-proofreading-llc	-
sortlist	papercheck-llc	-
sortlist	cbs-translation	-
sortlist	professional-bilingual-services	-
sortlist	atlantic-international-translators	-
sortlist	imani-lee	-
sortlist	core-languages	-
sortlist	bylyngo-interpreting-translation	-
sortlist	cpg	-
sortlist	multilingual-word	-
sortlist	bridging-the-gap-interpreting	-
sortlist	erc	-
sortlist	absent-answer	-
sortlist	amx-solutions	-
sortlist	america-s-answering-service	-
sortlist	eastmont-digital	-
sortlist	lemonade-6	-
sortlist	lake-place-design	-
sortlist	website-vortex	-
sortlist	cloudtalk	-
sortlist	buzzstream	-
sortlist	administer-design	-
sortlist	biznex-web	-
sortlist	catapult-revenue	-
sortlist	datavisor	-
sortlist	praella-ecommerce-agency	-
sortlist	shopify-coder	-
sortlist	nine15	-
sortlist	vento-solutions	-
sortlist	web-2-market	-
sortlist	kozlo-digital	-
sortlist	miami-ecommerce	-
sortlist	miami-website-designs	-
sortlist	smaart-company	-
sortlist	san-jose-seo-company	-
sortlist	san-jose-silicon-valley-chamber	-
sortlist	a-designo	-
sortlist	bowtie	-
sortlist	plug-digital-denver	-
sortlist	vc-creative-studio	-
sortlist	bein-boston-website-development-and-digital-menu-boards-solutions	-
sortlist	wang-agency	-
sortlist	yaguara	-
sortlist	pacagri	-
sortlist	ingramspark	-
sortlist	sysco-2	-
sortlist	us-foods	-
sortlist	world-data-system	-
sortlist	advernation	-
sortlist	workbea	-
sortlist	rightpoint	-
sortlist	inikosoft-inc	-
sortlist	infoanalytica-inc	-
sortlist	zima-media	-
sortlist	the-npd-group	-
sortlist	siege-media	-
sortlist	skuchain	-
sortlist	empower	-
sortlist	wasatch-i-t	-
sortlist	lead-to-market	-
sortlist	dynata	-
sortlist	coreweb-technologies-llc	-
sortlist	accountable-digital	-
sortlist	incept	-
sortlist	go-fish-digital	-
sortlist	itsjustecommerce	-
sortlist	kwontified	-
sortlist	digital-leads-llc	-
sortlist	futurino-usa	-
sortlist	helium-development	-
sortlist	corrao-designs-website-design-development	-
sortlist	metrix-in-motion	-
sortlist	design19-2	-
sortlist	triangle-media-partners	-
sortlist	mibar-net	-
sortlist	blanc-otus-2	-
sortlist	ecity-solutions	-
sortlist	deluxa-agency-websites-hosting-marketing-ecommerce	-
sortlist	inova-web-design	-
sortlist	onetouch360	-
sortlist	blue-acorn-inc	-
sortlist	alpine-data	-
sortlist	golden-gate-seo-services	-
sortlist	laserfiche	-
sortlist	gurus-solutions	-
sortlist	athenahealth	-
sortlist	arcsona	-
sortlist	athena-it-solutions	-
sortlist	ardem-incorporated	-
sortlist	ethoseo	-
sortlist	switch-20	-
sortlist	lexiconusa	-
sortlist	emagidla	-
sortlist	vertical-web	-
sortlist	slick-boston	-
sortlist	xum-digital	-
sortlist	scaler-marketing	-
sortlist	cadesign	-
sortlist	gorilla-group	-
sortlist	g-conspiracy	-
sortlist	mercury-creative-llc	-
sortlist	nimerica-llc	-
sortlist	eli-elm	-
sortlist	weby-corp	-
sortlist	eztransition-llc	-
sortlist	momentum-commerce	-
sortlist	elite-digital-marketing-360	-
sortlist	ontrac-3	-
sortlist	1center	-
sortlist	red-dot-digital-agency	-
sortlist	web-design-carolinas	-
sortlist	centium-consulting-inc	-
sortlist	algorand	-
sortlist	thin-pig-media	-
sortlist	colorado-seo-pros	-
sortlist	resource-elite	-
sortlist	solve100	-
sortlist	bix-tech	-
sortlist	avasant	-
sortlist	junction-creative-solutions	-
sortlist	kyro-digital	-
sortlist	pixelchefs	-
sortlist	the-loomis-agency	-
sortlist	webpublishing-com	-
sortlist	vyten	-
sortlist	orange-collar-media	-
sortlist	splitdev	-
sortlist	coreexponent	-
sortlist	mktg365-com	-
sortlist	brandfluencer	-
sortlist	webati-design-development	-
sortlist	skye-associates-llc	-
sortlist	digital-factors	-
sortlist	bitz-media	-
sortlist	topspot	-
sortlist	cosapient	-
sortlist	bridgepoint-consulting	-
sortlist	bcs-prosoft	-
sortlist	animation-feast	-
sortlist	noxster	-
sortlist	geek-heros	-
sortlist	employera	-
sortlist	caffeine-interactive-technologies	-
sortlist	growth-ledge-agency	-
sortlist	technetium	-
sortlist	iri	-
sortlist	umbrella-local	-
sortlist	buffabrand-marketing	-
sortlist	burgundy-group	-
sortlist	burcamp	-
sortlist	innerworkings-2	-
sortlist	analytics-partners-inc	-
sortlist	exhibea	-
sortlist	captivate-search-marketing	-
sortlist	agentur-kahl	-
sortlist	mindover-software	-
sortlist	freegren-digital	-
sortlist	high-five-media-group	-
sortlist	ledgeview	-
sortlist	hey-24	-
sortlist	trustpilot	-
sortlist	fsc-interactive-2	-
sortlist	keystone-click	-
sortlist	designmind	-
sortlist	blonde-creative	-
sortlist	retargeter	-
sortlist	meteora	-
sortlist	thruads-com-corporation	-
sortlist	buzzbizz-creative	-
sortlist	androvett-legal-media-marketing	-
sortlist	digital-operative-inc	-
sortlist	color-experts-international-inc	-
sortlist	digit-marketing	-
sortlist	redline-company-b7276384-fd60-46fc-993a-5d1007527c5b	-
sortlist	phx-media-group-llc	-
sortlist	artesian-design-inc	-
sortlist	image-one-graphic-design	-
sortlist	logistical-outsourcing-inc	-
sortlist	grossman-marketing-group	-
sortlist	branding-cog	-
sortlist	polevault-media	-
sortlist	benchworks	-
sortlist	add3-com	-
sortlist	e3-local-marketing	-
sortlist	renaissance-11	-
sortlist	persisca	-
sortlist	iovista	-
sortlist	orbit-design-agency	-
sortlist	cww-connectworldwide	-
sortlist	froztech	-
sortlist	padilla	-
sortlist	tdw-consulting	-
sortlist	immotion-studios	-
sortlist	trisym	-
sortlist	infinite-global	-
sortlist	johnny-chen-media	-
sortlist	digital-third-coast	-
sortlist	fuelist-digital-seo-and-web-design	-
sortlist	dna-digital-marketing	-
sortlist	falcon-digital-marketing	-
sortlist	golden-seller-inc	-
sortlist	scale-digital-marketing-2	-
sortlist	evoz-marketing-consulting	-
sortlist	amobiapps	-
sortlist	blacktruck-media	-
sortlist	mindstorm-communications-group	-
sortlist	everythingonline-llc	-
sortlist	the-connect-agency-2	-
sortlist	orbit-local	-
sortlist	marketing-refresh	-
sortlist	cyberdream	-
sortlist	boulder-seo-marketing	-
sortlist	cunexus	-
sortlist	signal	-
sortlist	evok-advertising	-
sortlist	eventige-media-group-2	-
sortlist	emaximize	-
sortlist	infini-marketing	-
sortlist	rankscience-seo	-
sortlist	the-charles-nyc	-
sortlist	goepps	-
sortlist	basic-agency	-
sortlist	kraus-marketing	-
sortlist	mixed-digital-llc	-
sortlist	lookinla	-
sortlist	agency-2-0-crowdfunding-marketing-pr	-
sortlist	curvearro	-
sortlist	enilon	-
sortlist	olifant-digital	https://olifantdigital.com/
sortlist	bright-click-digital-marketing	-
sortlist	scale360-agency	-
sortlist	amra-elma	-
sortlist	thunder	-
sortlist	formula-marketing	-
sortlist	mindstream-interactive	-
sortlist	growception-digital-marketing-agency-in-florida	-
sortlist	manzella-marketing-group	-
sortlist	i-think-an-idea-seo-digital-marketing-agency	-
sortlist	the-variable	-
sortlist	jouls	https://joulsagency.com
sortlist	black-marlin-technologies	-
sortlist	brainspate	-
sortlist	qode-bites	-
sortlist	qkstudio	-
sortlist	digitxl	-
sortlist	magecom	-
sortlist	atharva-system	-
sortlist	next-gen-automation-it	-
sortlist	adcore-israel	-
sortlist	lane-oliveri	-
sortlist	cubitrek	-
sortlist	beirutify	-
sortlist	jaxonlabs-llc-a-brand-innovation-company	-
sortlist	walstar-technologies-pvt-ltd	-
sortlist	zoe	-
sortlist	future-holidays	-
sortlist	always-open-commerce	-
sortlist	istec	-
sortlist	oppizi	-
sortlist	design-wox-2	-
sortlist	twinroot-media	-
sortlist	amoux-company	-
sortlist	emu-web-design	-
sortlist	webalive	-
sortlist	wolf-web-designs	-
sortlist	amplify-web-design	-
sortlist	zammeth-web-development	-
sortlist	troov-marketing	-
sortlist	iclick-online-technology	-
sortlist	quantum-digital	-
sortlist	the-seo-pros	-
sortlist	perth-website-studio	-
sortlist	sol-studios	-
sortlist	ecompapi-digital-agency	-
sortlist	80-20-digital	-
sortlist	areweb-digital	-
sortlist	method-marketing-3	-
sortlist	mvp-guru	-
sortlist	flowterra-labs	-
sortlist	aesthetic-studios	-
sortlist	lumaro-digital	-
sortlist	studio95-au	-
sortlist	northern-peak-marketing	-
sortlist	magic-marketing-solutions	-
sortlist	hungry-bull	-
sortlist	targetbase-australia-pty-ltd	-
sortlist	fhts	-
sortlist	data-driven-digital	-
sortlist	sparro	-
sortlist	destination-melbourne	-
sortlist	designomate	-
sortlist	gwm	-
sortlist	awd-digital	-
sortlist	hype-inc	-
sortlist	neubreed-design-pty-ltd	-
sortlist	advisible	-
sortlist	weave-web-communications	-
sortlist	certifigift	-
sortlist	andromeda-media	-
sortlist	think-gold-coast	-
sortlist	creative-approach	-
sortlist	tilko-group	-
sortlist	kwix-global-solutions	-
sortlist	seo-north-sydney-pty-ltd	-
sortlist	getmilk-web-design	-
sortlist	optimising	-
sortlist	greathumans	-
sortlist	sk-creative	-
sortlist	next-digital-design	-
sortlist	design-digital	-
sortlist	4tc-media	-
sortlist	fkc-digital	-
sortlist	sme-digital	-
sortlist	boost-it	-
sortlist	noop-interactive-agency	-
sortlist	redfox-media	-
sortlist	rocket-lab-3	-
sortlist	studiohawk	-
sortlist	my-seo-experts	-
sortlist	influential-digital	-
sortlist	itsimple	-
sortlist	dmc-group-aust	-
sortlist	student-marketing-australia	-
sortlist	tootz	-
sortlist	face-advertising	-
sortlist	techno-impact	-
sortlist	webplace	-
sortlist	webstralia-it-solutions	-
sortlist	chameleon-corporate-communications	-
sortlist	quote-please	-
sortlist	netforge	-
sortlist	bargaindesk-media-pty-ltd	-
sortlist	jarvis-marketing	-
sortlist	bee-strategic	-
sortlist	icon-inc	-
sortlist	reach-digital-australia	-
sortlist	dealsmix	-
sortlist	code-and-visual	-
sortlist	launch-lab	-
sortlist	aihello	-
sortlist	haze-media-it-pvt-ltd	-
sortlist	seo-advantage-2	-
sortlist	sgd	-
sortlist	marketing-results-australia	-
sortlist	binary-studio	-
sortlist	rw-marketing-pty-ltd	-
sortlist	quikclicks	-
sortlist	23-creative	-
sortlist	webilicious	-
sortlist	one-touch-web-designs	-
sortlist	zeal-digital-seo-company-parramatta-sydney	-
sortlist	urban-based	-
sortlist	futuretheory	-
sortlist	digital-magus	-
sortlist	372-digital	-
sortlist	woocom	-
sortlist	anatas	-
sortlist	idea-11	-
sortlist	technisun	-
sortlist	geeks-on-tap	-
sortlist	cn-global	-
sortlist	moo	-
sortlist	virtua-technologies	-
sortlist	g-squared-3	-
sortlist	prime-technologies	-
sortlist	go-viral-now	-
sortlist	organtic	-
sortlist	nexusbyte	-
sortlist	mage2	-
sortlist	woolly-mammoth	-
sortlist	skillup-labs	-
sortlist	twopi-code	-
sortlist	advantek-australia	-
sortlist	it-worx	-
sortlist	3d-prototyping	-
sortlist	twaregx	-
sortlist	the-promodonna	-
sortlist	bamboo-marketing	-
sortlist	gomeeki	-
sortlist	brennan-it	-
sortlist	bapple	-
sortlist	graphic-design-studio	-
sortlist	studio-moso	-
sortlist	ultimate-media-ltd	-
sortlist	digitalmarketing-tv	-
sortlist	qubisoft	-
sortlist	mage-australia	-
sortlist	girikon	-
sortlist	carnac-group	-
sortlist	gocinico	-
sortlist	stratus-group	-
sortlist	arptech	-
sortlist	paraform	-
sortlist	mr-pigeon	-
sortlist	tigmo	-
sortlist	web-design-melbourne-2	-
sortlist	webz	-
sortlist	future-corporation-ltd	-
sortlist	eagle-software	-
sortlist	20-80-solutions	-
sortlist	superbia	-
sortlist	xam-melbourne-developers-in-net-react-flutter-apps-web-azure-and-ux-ui-agency	-
sortlist	accent-graphic-design-printing	-
sortlist	ezy-digital	-
sortlist	onemco	-
sortlist	click-creative-digital-agency	-
sortlist	media-planet	-
sortlist	slashdot	-
sortlist	kozmo-direct-pty-ltd	-
sortlist	active-international-australia	-
sortlist	the-agents-of-change	-
sortlist	gem-sports	-
sortlist	komosion	-
sortlist	cbg-creative	-
sortlist	ea-steeles-group	-
sortlist	lasermail-pty-ltd	-
sortlist	wellcom-worldwide	-
sortlist	three-green-promotions	-
sortlist	testmate	-
sortlist	moqdigital	-
sortlist	digital-treasury	-
sortlist	alliance-software	-
sortlist	ewebsites	-
sortlist	host-sydney	-
sortlist	circle-communications	-
sortlist	software-shortlist	-
sortlist	fearless-media	-
sortlist	the-lab	-
sortlist	ruah-tech-solutions	-
sortlist	appointmentr-pty-ltd	-
sortlist	streetsmart-business-school	-
sortlist	the-fusion-group-asia-pacific	-
sortlist	perceptics-international	-
sortlist	maanz-marketing-international	-
sortlist	packcentre-marketing-services	-
sortlist	thirst-studios	-
sortlist	sketchli	-
sortlist	eleven-dev	-
sortlist	shared-marketing	-
sortlist	smart-growth-solutions	-
sortlist	codium	-
sortlist	quattro-group	-
sortlist	key-marketing-services	-
sortlist	the-webmart-network-uk	-
sortlist	airteam-3	-
sortlist	contino	-
sortlist	4mation	-
sortlist	omg-creative	-
sortlist	hills-web-design	-
sortlist	red-crayon	-
sortlist	straight-out-digital-2	-
sortlist	rowdy-inc	-
sortlist	star-digital-marketing	-
sortlist	cmd-solutions	-
sortlist	procept	-
sortlist	platinum-seo-services	-
sortlist	empirical-works	-
sortlist	smart-group	-
sortlist	ib-creative	-
sortlist	cummins-partners	-
sortlist	data-3	-
sortlist	virtual-reception	-
sortlist	aurita	-
sortlist	rubicon-red	-
sortlist	skng-services	-
sortlist	kjr-australia	-
sortlist	coordinate-3	-
sortlist	as-white-global	-
sortlist	capital-analytics	-
sortlist	dejan-seo	-
sortlist	corporate-communications	-
sortlist	icon-agency-2	-
sortlist	aginic	-
sortlist	enabled	-
sortlist	conduct	-
sortlist	idea-box-2	-
sortlist	it-solutions-solved	-
sortlist	picket-studio	-
sortlist	web-profit-maximiser	-
sortlist	eastwood	-
sortlist	rank-higher-seo-2	-
sortlist	ireckon	-
sortlist	black-light-productions	-
sortlist	seo-company-melbourne	-
sortlist	synapse-worldwide	-
sortlist	soap-creative-2	-
sortlist	gemxit-pty-ltd	-
sortlist	appscore	-
sortlist	simplifies-technology-solutions	-
sortlist	qloudsoft	-
sortlist	bronron-apps	-
sortlist	planit-testing	-
sortlist	nextclick-digital	-
sortlist	odo-designs	-
sortlist	proudi	-
sortlist	cloud-downunder	-
sortlist	endless-digital-agency	-
sortlist	sixgun	-
sortlist	vesanique	-
sortlist	balmer-agency	-
sortlist	social-studio-pty-ltd	-
sortlist	avesta-agency	-
sortlist	move-ahead-media	-
sortlist	shout-digital	-
sortlist	virtual-headquarters	-
sortlist	editor-group	-
sortlist	esolutions	-
sortlist	built-with-digital	-
sortlist	digital-bridge-3	-
sortlist	webco	-
sortlist	websites-au	-
sortlist	cubeight-solutions	-
sortlist	it-ventures	-
sortlist	the-purple-panda-agency	-
sortlist	lash-creative	-
sortlist	goingit	-
sortlist	codedrips	-
sortlist	languageloop	-
sortlist	ezispeak	-
sortlist	wdm-agency	-
sortlist	digital-surfer	-
sortlist	pier-marketing	-
sortlist	yews	-
sortlist	oz-web-guru-australia-s-leading-digital-agency	-
sortlist	nifty-websites-melbourne	-
sortlist	concise-digital	-
sortlist	affinity-15	-
sortlist	beyond-translation	-
sortlist	camms	-
sortlist	ibp-processing	-
sortlist	dialog-information-technology	-
sortlist	blue-sense-digital	-
sortlist	flint-interactive	-
sortlist	diversify-offshore-staffing-solutions	-
sortlist	alpha-digital-3	-
sortlist	digital-one-marketing	-
sortlist	nifty-marketing-australia	-
sortlist	red-stockholm	-
sortlist	traffic-29	-
sortlist	digital-movement	-
