== search / us
  dental website design agency New York: +7
  dental website design agency Los Angeles: +6
  dental website design agency Chicago: +7
  dental website design agency Houston: +3
  dental website design agency Phoenix: +1
  dental website design agency Philadelphia: +1
  dental website design agency San Antonio: +4
  dental website design agency San Diego: +1
  dental website design agency Dallas: +5
  dental website design agency Austin: +1
  dental website design agency San Jose: +8
  dental website design agency Jacksonville: +0
  dental website design agency Columbus: +5
  dental website design agency Charlotte: +5
  dental website design agency Indianapolis: +0
  dental website design agency San Francisco: +0
  dental website design agency Seattle: +0
  dental website design agency Denver: +9
  dental website design agency Nashville: +1
  dental website design agency Boston: +8
  dental website design agency Las Vegas: +2
  dental website design agency Portland: +0
  dental website design agency Miami: +7
  dental website design agency Atlanta: +8
  dental website design agency Minneapolis: +1
  dental website design agency Tampa: +2
  dental website design agency Orlando: +0
  dental website design agency Raleigh: +1
  dental website design agency Salt Lake City: +0
  dental website design agency Kansas City: +6
  dental website design agency Pittsburgh: +0
  dental website design agency Cincinnati: +0
  dental website design agency Sacramento: +9
  dental website design agency St. Louis: +7
  dental website design agency Cleveland: +6
  dental website design agency Milwaukee: +8
  dental website design agency Baltimore: +0
  dental website design agency Detroit: +9
  dental website design agency Oklahoma City: +8
  dental website design agency Richmond: +0
  law firm website design agency New York: +8
  law firm website design agency Los Angeles: +7
  law firm website design agency Chicago: +1
  law firm website design agency Houston: +2
  law firm website design agency Phoenix: +0
  law firm website design agency Philadelphia: +8
  law firm website design agency San Antonio: +1
  law firm website design agency San Diego: +6
  law firm website design agency Dallas: +5
  law firm website design agency Austin: +0
  law firm website design agency San Jose: +0
  law firm website design agency Jacksonville: +0
  law firm website design agency Columbus: +4
  ddg law firm website design agency Charlotte: HTTP Error 403: Forbidden
  law firm website design agency Charlotte: +5
  ddg law firm website design agency Indianapolis: HTTP Error 403: Forbidden
  law firm website design agency Indianapolis: +3
  ddg law firm website design agency San Francisco: host blocked after repeated 403/429: lite.duckduckgo.com
  law firm website design agency San Francisco: +0
  ddg law firm website design agency Seattle: host blocked after repeated 403/429: lite.duckduckgo.com
  law firm website design agency Seattle: +0
  ddg law firm website design agency Denver: host blocked after repeated 403/429: lite.duckduckgo.com
  law firm website design agency Denver: +0
  ddg law firm website design agency Nashville: host blocked after repeated 403/429: lite.duckduckgo.com
  law firm website design agency Nashville: +9
  ddg law firm website design agency Boston: host blocked after repeated 403/429: lite.duckduckgo.com
  law firm website design agency Boston: +2
  ddg law firm website design agency Las Vegas: host blocked after repeated 403/429: lite.duckduckgo.com
  law firm website design agency Las Vegas: +5
  ddg law firm website design agency Portland: host blocked after repeated 403/429: lite.duckduckgo.com
  law firm website design agency Portland: +7
  ddg law firm website design agency Miami: host blocked after repeated 403/429: lite.duckduckgo.com
  law firm website design agency Miami: +1
  ddg law firm website design agency Atlanta: host blocked after repeated 403/429: lite.duckduckgo.com
  law firm website design agency Atlanta: +3
  ddg law firm website design agency Minneapolis: host blocked after repeated 403/429: lite.duckduckgo.com
  law firm website design agency Minneapolis: +0
  ddg law firm website design agency Tampa: host blocked after repeated 403/429: lite.duckduckgo.com
  law firm website design agency Tampa: +9
  ddg law firm website design agency Orlando: host blocked after repeated 403/429: lite.duckduckgo.com
  law firm website design agency Orlando: +0
  ddg law firm website design agency Raleigh: host blocked after repeated 403/429: lite.duckduckgo.com
  law firm website design agency Raleigh: +8
  ddg law firm website design agency Salt Lake City: host blocked after repeated 403/429: lite.duckduckgo.com
  law firm website design agency Salt Lake City: +7
  ddg law firm website design agency Kansas City: host blocked after repeated 403/429: lite.duckduckgo.com
  law firm website design agency Kansas City: +0
  ddg law firm website design agency Pittsburgh: host blocked after repeated 403/429: lite.duckduckgo.com
  law firm website design agency Pittsburgh: +2
  ddg law firm website design agency Cincinnati: host blocked after repeated 403/429: lite.duckduckgo.com
  law firm website design agency Cincinnati: +9
  ddg law firm website design agency Sacramento: host blocked after repeated 403/429: lite.duckduckgo.com
  law firm website design agency Sacramento: +2
  ddg law firm website design agency St. Louis: host blocked after repeated 403/429: lite.duckduckgo.com
  law firm website design agency St. Louis: +7
  ddg law firm website design agency Cleveland: host blocked after repeated 403/429: lite.duckduckgo.com
  law firm website design agency Cleveland: +1
  ddg law firm website design agency Milwaukee: host blocked after repeated 403/429: lite.duckduckgo.com
  law firm website design agency Milwaukee: +0
  ddg law firm website design agency Baltimore: host blocked after repeated 403/429: lite.duckduckgo.com
  law firm website design agency Baltimore: +7
  ddg law firm website design agency Detroit: host blocked after repeated 403/429: lite.duckduckgo.com
  law firm website design agency Detroit: +2
  ddg law firm website design agency Oklahoma City: host blocked after repeated 403/429: lite.duckduckgo.com
  law firm website design agency Oklahoma City: +0
  ddg law firm website design agency Richmond: host blocked after repeated 403/429: lite.duckduckgo.com
  law firm website design agency Richmond: +0
  ddg medical practice website design agency New York: host blocked after repeated 403/429: lite.duckduckgo.com
  medical practice website design agency New York: +0
  ddg medical practice website design agency Los Angeles: host blocked after repeated 403/429: lite.duckduckgo.com
  medical practice website design agency Los Angeles: +0
  ddg medical practice website design agency Chicago: host blocked after repeated 403/429: lite.duckduckgo.com
  medical practice website design agency Chicago: +5
  ddg medical practice website design agency Houston: host blocked after repeated 403/429: lite.duckduckgo.com
  medical practice website design agency Houston: +8
  ddg medical practice website design agency Phoenix: host blocked after repeated 403/429: lite.duckduckgo.com
  medical practice website design agency Phoenix: +5
  ddg medical practice website design agency Philadelphia: host blocked after repeated 403/429: lite.duckduckgo.com
  medical practice website design agency Philadelphia: +0
  ddg medical practice website design agency San Antonio: host blocked after repeated 403/429: lite.duckduckgo.com
  medical practice website design agency San Antonio: +4
  ddg medical practice website design agency San Diego: host blocked after repeated 403/429: lite.duckduckgo.com
  medical practice website design agency San Diego: +1
  ddg medical practice website design agency Dallas: host blocked after repeated 403/429: lite.duckduckgo.com
  medical practice website design agency Dallas: +0
  ddg medical practice website design agency Austin: host blocked after repeated 403/429: lite.duckduckgo.com
  medical practice website design agency Austin: +1
  ddg medical practice website design agency San Jose: host blocked after repeated 403/429: lite.duckduckgo.com
  medical practice website design agency San Jose: +0
  ddg medical practice website design agency Jacksonville: host blocked after repeated 403/429: lite.duckduckgo.com
  medical practice website design agency Jacksonville: +4
  ddg medical practice website design agency Columbus: host blocked after repeated 403/429: lite.duckduckgo.com
  medical practice website design agency Columbus: +0
  ddg medical practice website design agency Charlotte: host blocked after repeated 403/429: lite.duckduckgo.com
  medical practice website design agency Charlotte: +1
  ddg medical practice website design agency Indianapolis: host blocked after repeated 403/429: lite.duckduckgo.com
  medical practice website design agency Indianapolis: +2
  ddg medical practice website design agency San Francisco: host blocked after repeated 403/429: lite.duckduckgo.com
  medical practice website design agency San Francisco: +9
  ddg medical practice website design agency Seattle: host blocked after repeated 403/429: lite.duckduckgo.com
  medical practice website design agency Seattle: +0
  ddg medical practice website design agency Denver: host blocked after repeated 403/429: lite.duckduckgo.com
  medical practice website design agency Denver: +7
  ddg medical practice website design agency Nashville: host blocked after repeated 403/429: lite.duckduckgo.com
  medical practice website design agency Nashville: +6
  ddg medical practice website design agency Boston: host blocked after repeated 403/429: lite.duckduckgo.com
  medical practice website design agency Boston: +3
  ddg medical practice website design agency Las Vegas: host blocked after repeated 403/429: lite.duckduckgo.com
  medical practice website design agency Las Vegas: +1
  ddg medical practice website design agency Portland: host blocked after repeated 403/429: lite.duckduckgo.com
  medical practice website design agency Portland: +8
  ddg medical practice website design agency Miami: host blocked after repeated 403/429: lite.duckduckgo.com
  medical practice website design agency Miami: +1
  ddg medical practice website design agency Atlanta: host blocked after repeated 403/429: lite.duckduckgo.com
  medical practice website design agency Atlanta: +2
  ddg medical practice website design agency Minneapolis: host blocked after repeated 403/429: lite.duckduckgo.com
  medical practice website design agency Minneapolis: +4
  ddg medical practice website design agency Tampa: host blocked after repeated 403/429: lite.duckduckgo.com
  medical practice website design agency Tampa: +7
  ddg medical practice website design agency Orlando: host blocked after repeated 403/429: lite.duckduckgo.com
  medical practice website design agency Orlando: +0
  ddg medical practice website design agency Raleigh: host blocked after repeated 403/429: lite.duckduckgo.com
  medical practice website design agency Raleigh: +8
  ddg medical practice website design agency Salt Lake City: host blocked after repeated 403/429: lite.duckduckgo.com
  medical practice website design agency Salt Lake City: +0
  ddg medical practice website design agency Kansas City: host blocked after repeated 403/429: lite.duckduckgo.com
  medical practice website design agency Kansas City: +8
  ddg medical practice website design agency Pittsburgh: host blocked after repeated 403/429: lite.duckduckgo.com
  medical practice website design agency Pittsburgh: +7
  ddg medical practice website design agency Cincinnati: host blocked after repeated 403/429: lite.duckduckgo.com
  medical practice website design agency Cincinnati: +4
  ddg medical practice website design agency Sacramento: host blocked after repeated 403/429: lite.duckduckgo.com
  medical practice website design agency Sacramento: +0
  ddg medical practice website design agency St. Louis: host blocked after repeated 403/429: lite.duckduckgo.com
  medical practice website design agency St. Louis: +1
  ddg medical practice website design agency Cleveland: host blocked after repeated 403/429: lite.duckduckgo.com
  medical practice website design agency Cleveland: +7
  ddg medical practice website design agency Milwaukee: host blocked after repeated 403/429: lite.duckduckgo.com
  medical practice website design agency Milwaukee: +0
  ddg medical practice website design agency Baltimore: host blocked after repeated 403/429: lite.duckduckgo.com
  medical practice website design agency Baltimore: +3
  ddg medical practice website design agency Detroit: host blocked after repeated 403/429: lite.duckduckgo.com
  medical practice website design agency Detroit: +7
  ddg medical practice website design agency Oklahoma City: host blocked after repeated 403/429: lite.duckduckgo.com
  medical practice website design agency Oklahoma City: +7
  ddg medical practice website design agency Richmond: host blocked after repeated 403/429: lite.duckduckgo.com
  medical practice website design agency Richmond: +1
  ddg restaurant website design agency New York: host blocked after repeated 403/429: lite.duckduckgo.com
  restaurant website design agency New York: +7
  ddg restaurant website design agency Los Angeles: host blocked after repeated 403/429: lite.duckduckgo.com
  restaurant website design agency Los Angeles: +8
  ddg restaurant website design agency Chicago: host blocked after repeated 403/429: lite.duckduckgo.com
  restaurant website design agency Chicago: +8
  ddg restaurant website design agency Houston: host blocked after repeated 403/429: lite.duckduckgo.com
  restaurant website design agency Houston: +1
  ddg restaurant website design agency Phoenix: host blocked after repeated 403/429: lite.duckduckgo.com
  restaurant website design agency Phoenix: +7
  ddg restaurant website design agency Philadelphia: host blocked after repeated 403/429: lite.duckduckgo.com
  restaurant website design agency Philadelphia: +6
  ddg restaurant website design agency San Antonio: host blocked after repeated 403/429: lite.duckduckgo.com
  restaurant website design agency San Antonio: +0
  ddg restaurant website design agency San Diego: host blocked after repeated 403/429: lite.duckduckgo.com
  restaurant website design agency San Diego: +9
  ddg restaurant website design agency Dallas: host blocked after repeated 403/429: lite.duckduckgo.com
  restaurant website design agency Dallas: +8
  ddg restaurant website design agency Austin: host blocked after repeated 403/429: lite.duckduckgo.com
  restaurant website design agency Austin: +5
  ddg restaurant website design agency San Jose: host blocked after repeated 403/429: lite.duckduckgo.com
  restaurant website design agency San Jose: +0
  ddg restaurant website design agency Jacksonville: host blocked after repeated 403/429: lite.duckduckgo.com
  restaurant website design agency Jacksonville: +3
  ddg restaurant website design agency Columbus: host blocked after repeated 403/429: lite.duckduckgo.com
  restaurant website design agency Columbus: +2
  ddg restaurant website design agency Charlotte: host blocked after repeated 403/429: lite.duckduckgo.com
  restaurant website design agency Charlotte: +0
  ddg restaurant website design agency Indianapolis: host blocked after repeated 403/429: lite.duckduckgo.com
  restaurant website design agency Indianapolis: +1
  ddg restaurant website design agency San Francisco: host blocked after repeated 403/429: lite.duckduckgo.com
  restaurant website design agency San Francisco: +2
  ddg restaurant website design agency Seattle: host blocked after repeated 403/429: lite.duckduckgo.com
  restaurant website design agency Seattle: +1
  ddg restaurant website design agency Denver: host blocked after repeated 403/429: lite.duckduckgo.com
  restaurant website design agency Denver: +0
  ddg restaurant website design agency Nashville: host blocked after repeated 403/429: lite.duckduckgo.com
  restaurant website design agency Nashville: +6
  ddg restaurant website design agency Boston: host blocked after repeated 403/429: lite.duckduckgo.com
  restaurant website design agency Boston: +0
  ddg restaurant website design agency Las Vegas: host blocked after repeated 403/429: lite.duckduckgo.com
  restaurant website design agency Las Vegas: +8
  ddg restaurant website design agency Portland: host blocked after repeated 403/429: lite.duckduckgo.com
  restaurant website design agency Portland: +0
  ddg restaurant website design agency Miami: host blocked after repeated 403/429: lite.duckduckgo.com
  restaurant website design agency Miami: +9
  ddg restaurant website design agency Atlanta: host blocked after repeated 403/429: lite.duckduckgo.com
  restaurant website design agency Atlanta: +7
  ddg restaurant website design agency Minneapolis: host blocked after repeated 403/429: lite.duckduckgo.com
  restaurant website design agency Minneapolis: +6
  ddg restaurant website design agency Tampa: host blocked after repeated 403/429: lite.duckduckgo.com
  restaurant website design agency Tampa: +3
  ddg restaurant website design agency Orlando: host blocked after repeated 403/429: lite.duckduckgo.com
  restaurant website design agency Orlando: +8
  ddg restaurant website design agency Raleigh: host blocked after repeated 403/429: lite.duckduckgo.com
  restaurant website design agency Raleigh: +0
  ddg restaurant website design agency Salt Lake City: host blocked after repeated 403/429: lite.duckduckgo.com
  restaurant website design agency Salt Lake City: +6
  ddg restaurant website design agency Kansas City: host blocked after repeated 403/429: lite.duckduckgo.com
  restaurant website design agency Kansas City: +1
  ddg restaurant website design agency Pittsburgh: host blocked after repeated 403/429: lite.duckduckgo.com
  restaurant website design agency Pittsburgh: +1
  ddg restaurant website design agency Cincinnati: host blocked after repeated 403/429: lite.duckduckgo.com
  restaurant website design agency Cincinnati: +7
  ddg restaurant website design agency Sacramento: host blocked after repeated 403/429: lite.duckduckgo.com
  restaurant website design agency Sacramento: +0
  ddg restaurant website design agency St. Louis: host blocked after repeated 403/429: lite.duckduckgo.com
  restaurant website design agency St. Louis: +5
  ddg restaurant website design agency Cleveland: host blocked after repeated 403/429: lite.duckduckgo.com
  restaurant website design agency Cleveland: +1
  ddg restaurant website design agency Milwaukee: host blocked after repeated 403/429: lite.duckduckgo.com
  restaurant website design agency Milwaukee: +0
  ddg restaurant website design agency Baltimore: host blocked after repeated 403/429: lite.duckduckgo.com
  restaurant website design agency Baltimore: +1
  ddg restaurant website design agency Detroit: host blocked after repeated 403/429: lite.duckduckgo.com
  restaurant website design agency Detroit: +6
  ddg restaurant website design agency Oklahoma City: host blocked after repeated 403/429: lite.duckduckgo.com
  restaurant website design agency Oklahoma City: +8
  ddg restaurant website design agency Richmond: host blocked after repeated 403/429: lite.duckduckgo.com
  restaurant website design agency Richmond: +5
  ddg real estate website design agency New York: host blocked after repeated 403/429: lite.duckduckgo.com
  real estate website design agency New York: +9
  ddg real estate website design agency Los Angeles: host blocked after repeated 403/429: lite.duckduckgo.com
  real estate website design agency Los Angeles: +7
  ddg real estate website design agency Chicago: host blocked after repeated 403/429: lite.duckduckgo.com
  real estate website design agency Chicago: +9
  ddg real estate website design agency Houston: host blocked after repeated 403/429: lite.duckduckgo.com
  real estate website design agency Houston: +8
  ddg real estate website design agency Phoenix: host blocked after repeated 403/429: lite.duckduckgo.com
  real estate website design agency Phoenix: +3
  ddg real estate website design agency Philadelphia: host blocked after repeated 403/429: lite.duckduckgo.com
  real estate website design agency Philadelphia: +9
  ddg real estate website design agency San Antonio: host blocked after repeated 403/429: lite.duckduckgo.com
  real estate website design agency San Antonio: +0
  ddg real estate website design agency San Diego: host blocked after repeated 403/429: lite.duckduckgo.com
  real estate website design agency San Diego: +7
  ddg real estate website design agency Dallas: host blocked after repeated 403/429: lite.duckduckgo.com
  real estate website design agency Dallas: +0
  ddg real estate website design agency Austin: host blocked after repeated 403/429: lite.duckduckgo.com
  real estate website design agency Austin: +9
  ddg real estate website design agency San Jose: host blocked after repeated 403/429: lite.duckduckgo.com
  real estate website design agency San Jose: +9
  ddg real estate website design agency Jacksonville: host blocked after repeated 403/429: lite.duckduckgo.com
  real estate website design agency Jacksonville: +0
  ddg real estate website design agency Columbus: host blocked after repeated 403/429: lite.duckduckgo.com
  real estate website design agency Columbus: +0
  ddg real estate website design agency Charlotte: host blocked after repeated 403/429: lite.duckduckgo.com
  real estate website design agency Charlotte: +9
  ddg real estate website design agency Indianapolis: host blocked after repeated 403/429: lite.duckduckgo.com
  real estate website design agency Indianapolis: +7
  ddg real estate website design agency San Francisco: host blocked after repeated 403/429: lite.duckduckgo.com
  real estate website design agency San Francisco: +8
  ddg real estate website design agency Seattle: host blocked after repeated 403/429: lite.duckduckgo.com
  real estate website design agency Seattle: +4
  ddg real estate website design agency Denver: host blocked after repeated 403/429: lite.duckduckgo.com
  real estate website design agency Denver: +4
  ddg real estate website design agency Nashville: host blocked after repeated 403/429: lite.duckduckgo.com
  real estate website design agency Nashville: +5
  ddg real estate website design agency Boston: host blocked after repeated 403/429: lite.duckduckgo.com
  real estate website design agency Boston: +4
  ddg real estate website design agency Las Vegas: host blocked after repeated 403/429: lite.duckduckgo.com
  real estate website design agency Las Vegas: +1
  ddg real estate website design agency Portland: host blocked after repeated 403/429: lite.duckduckgo.com
  real estate website design agency Portland: +2
  ddg real estate website design agency Miami: host blocked after repeated 403/429: lite.duckduckgo.com
  real estate website design agency Miami: +1
  ddg real estate website design agency Atlanta: host blocked after repeated 403/429: lite.duckduckgo.com
  real estate website design agency Atlanta: +0
  ddg real estate website design agency Minneapolis: host blocked after repeated 403/429: lite.duckduckgo.com
  real estate website design agency Minneapolis: +0
  ddg real estate website design agency Tampa: host blocked after repeated 403/429: lite.duckduckgo.com
  real estate website design agency Tampa: +6
  ddg real estate website design agency Orlando: host blocked after repeated 403/429: lite.duckduckgo.com
  real estate website design agency Orlando: +7
  ddg real estate website design agency Raleigh: host blocked after repeated 403/429: lite.duckduckgo.com
  real estate website design agency Raleigh: +2
  ddg real estate website design agency Salt Lake City: host blocked after repeated 403/429: lite.duckduckgo.com
  real estate website design agency Salt Lake City: +6
  ddg real estate website design agency Kansas City: host blocked after repeated 403/429: lite.duckduckgo.com
  real estate website design agency Kansas City: +0
  ddg real estate website design agency Pittsburgh: host blocked after repeated 403/429: lite.duckduckgo.com
  real estate website design agency Pittsburgh: +6
  ddg real estate website design agency Cincinnati: host blocked after repeated 403/429: lite.duckduckgo.com
  real estate website design agency Cincinnati: +4
  ddg real estate website design agency Sacramento: host blocked after repeated 403/429: lite.duckduckgo.com
  real estate website design agency Sacramento: +3
  ddg real estate website design agency St. Louis: host blocked after repeated 403/429: lite.duckduckgo.com
  real estate website design agency St. Louis: +7
  ddg real estate website design agency Cleveland: host blocked after repeated 403/429: lite.duckduckgo.com
  real estate website design agency Cleveland: +9
  ddg real estate website design agency Milwaukee: host blocked after repeated 403/429: lite.duckduckgo.com
  real estate website design agency Milwaukee: +1
  ddg real estate website design agency Baltimore: host blocked after repeated 403/429: lite.duckduckgo.com
  real estate website design agency Baltimore: +0
  ddg real estate website design agency Detroit: host blocked after repeated 403/429: lite.duckduckgo.com
  real estate website design agency Detroit: +2
  ddg real estate website design agency Oklahoma City: host blocked after repeated 403/429: lite.duckduckgo.com
  real estate website design agency Oklahoma City: +7
  ddg real estate website design agency Richmond: host blocked after repeated 403/429: lite.duckduckgo.com
  real estate website design agency Richmond: +3
  ddg plumber electrician website design agency New York: host blocked after repeated 403/429: lite.duckduckgo.com
  plumber electrician website design agency New York: +5
  ddg plumber electrician website design agency Los Angeles: host blocked after repeated 403/429: lite.duckduckgo.com
  plumber electrician website design agency Los Angeles: +0
  ddg plumber electrician website design agency Chicago: host blocked after repeated 403/429: lite.duckduckgo.com
  plumber electrician website design agency Chicago: +0
  ddg plumber electrician website design agency Houston: host blocked after repeated 403/429: lite.duckduckgo.com
  plumber electrician website design agency Houston: +0
  ddg plumber electrician website design agency Phoenix: host blocked after repeated 403/429: lite.duckduckgo.com
  plumber electrician website design agency Phoenix: +0
  ddg plumber electrician website design agency Philadelphia: host blocked after repeated 403/429: lite.duckduckgo.com
  plumber electrician website design agency Philadelphia: +4
  ddg plumber electrician website design agency San Antonio: host blocked after repeated 403/429: lite.duckduckgo.com
  plumber electrician website design agency San Antonio: +0
  ddg plumber electrician website design agency San Diego: host blocked after repeated 403/429: lite.duckduckgo.com
  plumber electrician website design agency San Diego: +1
  ddg plumber electrician website design agency Dallas: host blocked after repeated 403/429: lite.duckduckgo.com
  plumber electrician website design agency Dallas: +0
  ddg plumber electrician website design agency Austin: host blocked after repeated 403/429: lite.duckduckgo.com
  plumber electrician website design agency Austin: +0
  ddg plumber electrician website design agency San Jose: host blocked after repeated 403/429: lite.duckduckgo.com
  plumber electrician website design agency San Jose: +0
  ddg plumber electrician website design agency Jacksonville: host blocked after repeated 403/429: lite.duckduckgo.com
  plumber electrician website design agency Jacksonville: +6
  ddg plumber electrician website design agency Columbus: host blocked after repeated 403/429: lite.duckduckgo.com
  plumber electrician website design agency Columbus: +1
  ddg plumber electrician website design agency Charlotte: host blocked after repeated 403/429: lite.duckduckgo.com
  plumber electrician website design agency Charlotte: +2
  ddg plumber electrician website design agency Indianapolis: host blocked after repeated 403/429: lite.duckduckgo.com
  plumber electrician website design agency Indianapolis: +0
  ddg plumber electrician website design agency San Francisco: host blocked after repeated 403/429: lite.duckduckgo.com
  plumber electrician website design agency San Francisco: +0
  ddg plumber electrician website design agency Seattle: host blocked after repeated 403/429: lite.duckduckgo.com
  plumber electrician website design agency Seattle: +0
  ddg plumber electrician website design agency Denver: host blocked after repeated 403/429: lite.duckduckgo.com
  plumber electrician website design agency Denver: +0
  ddg plumber electrician website design agency Nashville: host blocked after repeated 403/429: lite.duckduckgo.com
  plumber electrician website design agency Nashville: +3
  ddg plumber electrician website design agency Boston: host blocked after repeated 403/429: lite.duckduckgo.com
  plumber electrician website design agency Boston: +0
  ddg plumber electrician website design agency Las Vegas: host blocked after repeated 403/429: lite.duckduckgo.com
  plumber electrician website design agency Las Vegas: +0
  ddg plumber electrician website design agency Portland: host blocked after repeated 403/429: lite.duckduckgo.com
  plumber electrician website design agency Portland: +0
  ddg plumber electrician website design agency Miami: host blocked after repeated 403/429: lite.duckduckgo.com
  plumber electrician website design agency Miami: +6
  ddg plumber electrician website design agency Atlanta: host blocked after repeated 403/429: lite.duckduckgo.com
  plumber electrician website design agency Atlanta: +3
  ddg plumber electrician website design agency Minneapolis: host blocked after repeated 403/429: lite.duckduckgo.com
  plumber electrician website design agency Minneapolis: +0
  ddg plumber electrician website design agency Tampa: host blocked after repeated 403/429: lite.duckduckgo.com
  plumber electrician website design agency Tampa: +7
  ddg plumber electrician website design agency Orlando: host blocked after repeated 403/429: lite.duckduckgo.com
  plumber electrician website design agency Orlando: +2
  ddg plumber electrician website design agency Raleigh: host blocked after repeated 403/429: lite.duckduckgo.com
  plumber electrician website design agency Raleigh: +0
  ddg plumber electrician website design agency Salt Lake City: host blocked after repeated 403/429: lite.duckduckgo.com
  plumber electrician website design agency Salt Lake City: +14
  ddg plumber electrician website design agency Kansas City: host blocked after repeated 403/429: lite.duckduckgo.com
  plumber electrician website design agency Kansas City: +5
  ddg plumber electrician website design agency Pittsburgh: host blocked after repeated 403/429: lite.duckduckgo.com
  plumber electrician website design agency Pittsburgh: +4
  ddg plumber electrician website design agency Cincinnati: host blocked after repeated 403/429: lite.duckduckgo.com
  plumber electrician website design agency Cincinnati: +5
  ddg plumber electrician website design agency Sacramento: host blocked after repeated 403/429: lite.duckduckgo.com
  plumber electrician website design agency Sacramento: +0
  ddg plumber electrician website design agency St. Louis: host blocked after repeated 403/429: lite.duckduckgo.com
  plumber electrician website design agency St. Louis: +0
  ddg plumber electrician website design agency Cleveland: host blocked after repeated 403/429: lite.duckduckgo.com
  plumber electrician website design agency Cleveland: +1
  ddg plumber electrician website design agency Milwaukee: host blocked after repeated 403/429: lite.duckduckgo.com
  plumber electrician website design agency Milwaukee: +1
  ddg plumber electrician website design agency Baltimore: host blocked after repeated 403/429: lite.duckduckgo.com
  plumber electrician website design agency Baltimore: +0
  ddg plumber electrician website design agency Detroit: host blocked after repeated 403/429: lite.duckduckgo.com
  plumber electrician website design agency Detroit: +6
  ddg plumber electrician website design agency Oklahoma City: host blocked after repeated 403/429: lite.duckduckgo.com
  plumber electrician website design agency Oklahoma City: +9
  ddg plumber electrician website design agency Richmond: host blocked after repeated 403/429: lite.duckduckgo.com
  plumber electrician website design agency Richmond: +0
  ddg accounting firm website design agency New York: host blocked after repeated 403/429: lite.duckduckgo.com
  accounting firm website design agency New York: +4
  ddg accounting firm website design agency Los Angeles: host blocked after repeated 403/429: lite.duckduckgo.com
  accounting firm website design agency Los Angeles: +3
  ddg accounting firm website design agency Chicago: host blocked after repeated 403/429: lite.duckduckgo.com
  accounting firm website design agency Chicago: +3
  ddg accounting firm website design agency Houston: host blocked after repeated 403/429: lite.duckduckgo.com
  accounting firm website design agency Houston: +3
  ddg accounting firm website design agency Phoenix: host blocked after repeated 403/429: lite.duckduckgo.com
  accounting firm website design agency Phoenix: +7
  ddg accounting firm website design agency Philadelphia: host blocked after repeated 403/429: lite.duckduckgo.com
  accounting firm website design agency Philadelphia: +0
  ddg accounting firm website design agency San Antonio: host blocked after repeated 403/429: lite.duckduckgo.com
  accounting firm website design agency San Antonio: +0
  ddg accounting firm website design agency San Diego: host blocked after repeated 403/429: lite.duckduckgo.com
  accounting firm website design agency San Diego: +0
  ddg accounting firm website design agency Dallas: host blocked after repeated 403/429: lite.duckduckgo.com
  accounting firm website design agency Dallas: +0
  ddg accounting firm website design agency Austin: host blocked after repeated 403/429: lite.duckduckgo.com
  accounting firm website design agency Austin: +2
  ddg accounting firm website design agency San Jose: host blocked after repeated 403/429: lite.duckduckgo.com
  accounting firm website design agency San Jose: +4
  ddg accounting firm website design agency Jacksonville: host blocked after repeated 403/429: lite.duckduckgo.com
  accounting firm website design agency Jacksonville: +2
  ddg accounting firm website design agency Columbus: host blocked after repeated 403/429: lite.duckduckgo.com
  accounting firm website design agency Columbus: +3
  ddg accounting firm website design agency Charlotte: host blocked after repeated 403/429: lite.duckduckgo.com
  accounting firm website design agency Charlotte: +0
  ddg accounting firm website design agency Indianapolis: host blocked after repeated 403/429: lite.duckduckgo.com
  accounting firm website design agency Indianapolis: +0
  ddg accounting firm website design agency San Francisco: host blocked after repeated 403/429: lite.duckduckgo.com
  accounting firm website design agency San Francisco: +3
  ddg accounting firm website design agency Seattle: host blocked after repeated 403/429: lite.duckduckgo.com
  accounting firm website design agency Seattle: +7
  ddg accounting firm website design agency Denver: host blocked after repeated 403/429: lite.duckduckgo.com
  accounting firm website design agency Denver: +0
  ddg accounting firm website design agency Nashville: host blocked after repeated 403/429: lite.duckduckgo.com
  accounting firm website design agency Nashville: +5
  ddg accounting firm website design agency Boston: host blocked after repeated 403/429: lite.duckduckgo.com
  accounting firm website design agency Boston: +1
  ddg accounting firm website design agency Las Vegas: host blocked after repeated 403/429: lite.duckduckgo.com
  accounting firm website design agency Las Vegas: +3
  ddg accounting firm website design agency Portland: host blocked after repeated 403/429: lite.duckduckgo.com
  accounting firm website design agency Portland: +0
  ddg accounting firm website design agency Miami: host blocked after repeated 403/429: lite.duckduckgo.com
  accounting firm website design agency Miami: +4
  ddg accounting firm website design agency Atlanta: host blocked after repeated 403/429: lite.duckduckgo.com
  accounting firm website design agency Atlanta: +0
  ddg accounting firm website design agency Minneapolis: host blocked after repeated 403/429: lite.duckduckgo.com
  accounting firm website design agency Minneapolis: +0
  ddg accounting firm website design agency Tampa: host blocked after repeated 403/429: lite.duckduckgo.com
  accounting firm website design agency Tampa: +1
  ddg accounting firm website design agency Orlando: host blocked after repeated 403/429: lite.duckduckgo.com
  accounting firm website design agency Orlando: +9
  ddg accounting firm website design agency Raleigh: host blocked after repeated 403/429: lite.duckduckgo.com
  accounting firm website design agency Raleigh: +6
  ddg accounting firm website design agency Salt Lake City: host blocked after repeated 403/429: lite.duckduckgo.com
  accounting firm website design agency Salt Lake City: +4
  ddg accounting firm website design agency Kansas City: host blocked after repeated 403/429: lite.duckduckgo.com
  accounting firm website design agency Kansas City: +0
  ddg accounting firm website design agency Pittsburgh: host blocked after repeated 403/429: lite.duckduckgo.com
  accounting firm website design agency Pittsburgh: +0
  ddg accounting firm website design agency Cincinnati: host blocked after repeated 403/429: lite.duckduckgo.com
  accounting firm website design agency Cincinnati: +0
  ddg accounting firm website design agency Sacramento: host blocked after repeated 403/429: lite.duckduckgo.com
  accounting firm website design agency Sacramento: +0
  ddg accounting firm website design agency St. Louis: host blocked after repeated 403/429: lite.duckduckgo.com
  accounting firm website design agency St. Louis: +3
  ddg accounting firm website design agency Cleveland: host blocked after repeated 403/429: lite.duckduckgo.com
  accounting firm website design agency Cleveland: +0
  ddg accounting firm website design agency Milwaukee: host blocked after repeated 403/429: lite.duckduckgo.com
  accounting firm website design agency Milwaukee: +0
  ddg accounting firm website design agency Baltimore: host blocked after repeated 403/429: lite.duckduckgo.com
  accounting firm website design agency Baltimore: +1
  ddg accounting firm website design agency Detroit: host blocked after repeated 403/429: lite.duckduckgo.com
  accounting firm website design agency Detroit: +0
  ddg accounting firm website design agency Oklahoma City: host blocked after repeated 403/429: lite.duckduckgo.com
  accounting firm website design agency Oklahoma City: +1
  ddg accounting firm website design agency Richmond: host blocked after repeated 403/429: lite.duckduckgo.com
  accounting firm website design agency Richmond: +3
  ddg gym fitness website design agency New York: host blocked after repeated 403/429: lite.duckduckgo.com
  gym fitness website design agency New York: +0
  ddg gym fitness website design agency Los Angeles: host blocked after repeated 403/429: lite.duckduckgo.com
  gym fitness website design agency Los Angeles: +1
  ddg gym fitness website design agency Chicago: host blocked after repeated 403/429: lite.duckduckgo.com
  gym fitness website design agency Chicago: +4
  ddg gym fitness website design agency Houston: host blocked after repeated 403/429: lite.duckduckgo.com
  gym fitness website design agency Houston: +0
  ddg gym fitness website design agency Phoenix: host blocked after repeated 403/429: lite.duckduckgo.com
  gym fitness website design agency Phoenix: +1
  ddg gym fitness website design agency Philadelphia: host blocked after repeated 403/429: lite.duckduckgo.com
  gym fitness website design agency Philadelphia: +9
  ddg gym fitness website design agency San Antonio: host blocked after repeated 403/429: lite.duckduckgo.com
  gym fitness website design agency San Antonio: +0
  ddg gym fitness website design agency San Diego: host blocked after repeated 403/429: lite.duckduckgo.com
  gym fitness website design agency San Diego: +8
  ddg gym fitness website design agency Dallas: host blocked after repeated 403/429: lite.duckduckgo.com
  gym fitness website design agency Dallas: +7
  ddg gym fitness website design agency Austin: host blocked after repeated 403/429: lite.duckduckgo.com
  gym fitness website design agency Austin: +7
  ddg gym fitness website design agency San Jose: host blocked after repeated 403/429: lite.duckduckgo.com
  gym fitness website design agency San Jose: +2
  ddg gym fitness website design agency Jacksonville: host blocked after repeated 403/429: lite.duckduckgo.com
  gym fitness website design agency Jacksonville: +4
  ddg gym fitness website design agency Columbus: host blocked after repeated 403/429: lite.duckduckgo.com
  gym fitness website design agency Columbus: +0
  ddg gym fitness website design agency Charlotte: host blocked after repeated 403/429: lite.duckduckgo.com
  gym fitness website design agency Charlotte: +0
  ddg gym fitness website design agency Indianapolis: host blocked after repeated 403/429: lite.duckduckgo.com
  gym fitness website design agency Indianapolis: +6
  ddg gym fitness website design agency San Francisco: host blocked after repeated 403/429: lite.duckduckgo.com
  gym fitness website design agency San Francisco: +1
  ddg gym fitness website design agency Seattle: host blocked after repeated 403/429: lite.duckduckgo.com
  gym fitness website design agency Seattle: +6
  ddg gym fitness website design agency Denver: host blocked after repeated 403/429: lite.duckduckgo.com
  gym fitness website design agency Denver: +7
  ddg gym fitness website design agency Nashville: host blocked after repeated 403/429: lite.duckduckgo.com
  gym fitness website design agency Nashville: +8
  ddg gym fitness website design agency Boston: host blocked after repeated 403/429: lite.duckduckgo.com
  gym fitness website design agency Boston: +2
  ddg gym fitness website design agency Las Vegas: host blocked after repeated 403/429: lite.duckduckgo.com
  gym fitness website design agency Las Vegas: +8
  ddg gym fitness website design agency Portland: host blocked after repeated 403/429: lite.duckduckgo.com
  gym fitness website design agency Portland: +0
  ddg gym fitness website design agency Miami: host blocked after repeated 403/429: lite.duckduckgo.com
  gym fitness website design agency Miami: +8
  ddg gym fitness website design agency Atlanta: host blocked after repeated 403/429: lite.duckduckgo.com
  gym fitness website design agency Atlanta: +0
  ddg gym fitness website design agency Minneapolis: host blocked after repeated 403/429: lite.duckduckgo.com
  gym fitness website design agency Minneapolis: +1
  ddg gym fitness website design agency Tampa: host blocked after repeated 403/429: lite.duckduckgo.com
  gym fitness website design agency Tampa: +0
  ddg gym fitness website design agency Orlando: host blocked after repeated 403/429: lite.duckduckgo.com
  gym fitness website design agency Orlando: +1
  ddg gym fitness website design agency Raleigh: host blocked after repeated 403/429: lite.duckduckgo.com
  gym fitness website design agency Raleigh: +0
  ddg gym fitness website design agency Salt Lake City: host blocked after repeated 403/429: lite.duckduckgo.com
  gym fitness website design agency Salt Lake City: +9
  ddg gym fitness website design agency Kansas City: host blocked after repeated 403/429: lite.duckduckgo.com
  gym fitness website design agency Kansas City: +0
  ddg gym fitness website design agency Pittsburgh: host blocked after repeated 403/429: lite.duckduckgo.com
  gym fitness website design agency Pittsburgh: +3
  ddg gym fitness website design agency Cincinnati: host blocked after repeated 403/429: lite.duckduckgo.com
  gym fitness website design agency Cincinnati: +0
  ddg gym fitness website design agency Sacramento: host blocked after repeated 403/429: lite.duckduckgo.com
  gym fitness website design agency Sacramento: +6
  ddg gym fitness website design agency St. Louis: host blocked after repeated 403/429: lite.duckduckgo.com
  gym fitness website design agency St. Louis: +6
  ddg gym fitness website design agency Cleveland: host blocked after repeated 403/429: lite.duckduckgo.com
  gym fitness website design agency Cleveland: +8
  ddg gym fitness website design agency Milwaukee: host blocked after repeated 403/429: lite.duckduckgo.com
  gym fitness website design agency Milwaukee: +8
  ddg gym fitness website design agency Baltimore: host blocked after repeated 403/429: lite.duckduckgo.com
  gym fitness website design agency Baltimore: +6
  ddg gym fitness website design agency Detroit: host blocked after repeated 403/429: lite.duckduckgo.com
  gym fitness website design agency Detroit: +0
  ddg gym fitness website design agency Oklahoma City: host blocked after repeated 403/429: lite.duckduckgo.com
  gym fitness website design agency Oklahoma City: +0
  ddg gym fitness website design agency Richmond: host blocked after repeated 403/429: lite.duckduckgo.com
  gym fitness website design agency Richmond: +1
  ddg hotel website design agency New York: host blocked after repeated 403/429: lite.duckduckgo.com
  hotel website design agency New York: +9
  ddg hotel website design agency Los Angeles: host blocked after repeated 403/429: lite.duckduckgo.com
  hotel website design agency Los Angeles: +0
  ddg hotel website design agency Chicago: host blocked after repeated 403/429: lite.duckduckgo.com
  hotel website design agency Chicago: +0
  ddg hotel website design agency Houston: host blocked after repeated 403/429: lite.duckduckgo.com
  hotel website design agency Houston: +5
  ddg hotel website design agency Phoenix: host blocked after repeated 403/429: lite.duckduckgo.com
  hotel website design agency Phoenix: +3
  ddg hotel website design agency Philadelphia: host blocked after repeated 403/429: lite.duckduckgo.com
  hotel website design agency Philadelphia: +0
  ddg hotel website design agency San Antonio: host blocked after repeated 403/429: lite.duckduckgo.com
  hotel website design agency San Antonio: +9
  ddg hotel website design agency San Diego: host blocked after repeated 403/429: lite.duckduckgo.com
  hotel website design agency San Diego: +0
  ddg hotel website design agency Dallas: host blocked after repeated 403/429: lite.duckduckgo.com
  hotel website design agency Dallas: +0
  ddg hotel website design agency Austin: host blocked after repeated 403/429: lite.duckduckgo.com
  hotel website design agency Austin: +1
  ddg hotel website design agency San Jose: host blocked after repeated 403/429: lite.duckduckgo.com
  hotel website design agency San Jose: +1
  ddg hotel website design agency Jacksonville: host blocked after repeated 403/429: lite.duckduckgo.com
  hotel website design agency Jacksonville: +6
  ddg hotel website design agency Columbus: host blocked after repeated 403/429: lite.duckduckgo.com
  hotel website design agency Columbus: +9
  ddg hotel website design agency Charlotte: host blocked after repeated 403/429: lite.duckduckgo.com
  hotel website design agency Charlotte: +8
  ddg hotel website design agency Indianapolis: host blocked after repeated 403/429: lite.duckduckgo.com
  hotel website design agency Indianapolis: +5
  ddg hotel website design agency San Francisco: host blocked after repeated 403/429: lite.duckduckgo.com
  hotel website design agency San Francisco: +0
  ddg hotel website design agency Seattle: host blocked after repeated 403/429: lite.duckduckgo.com
  hotel website design agency Seattle: +4
  ddg hotel website design agency Denver: host blocked after repeated 403/429: lite.duckduckgo.com
  hotel website design agency Denver: +0
  ddg hotel website design agency Nashville: host blocked after repeated 403/429: lite.duckduckgo.com
  hotel website design agency Nashville: +9
  ddg hotel website design agency Boston: host blocked after repeated 403/429: lite.duckduckgo.com
  hotel website design agency Boston: +6
  ddg hotel website design agency Las Vegas: host blocked after repeated 403/429: lite.duckduckgo.com
  hotel website design agency Las Vegas: +5
  ddg hotel website design agency Portland: host blocked after repeated 403/429: lite.duckduckgo.com
  hotel website design agency Portland: +0
  ddg hotel website design agency Miami: host blocked after repeated 403/429: lite.duckduckgo.com
  hotel website design agency Miami: +0
  ddg hotel website design agency Atlanta: host blocked after repeated 403/429: lite.duckduckgo.com
  hotel website design agency Atlanta: +7
  ddg hotel website design agency Minneapolis: host blocked after repeated 403/429: lite.duckduckgo.com
  hotel website design agency Minneapolis: +1
  ddg hotel website design agency Tampa: host blocked after repeated 403/429: lite.duckduckgo.com
  hotel website design agency Tampa: +0
  ddg hotel website design agency Orlando: host blocked after repeated 403/429: lite.duckduckgo.com
  hotel website design agency Orlando: +4
  ddg hotel website design agency Raleigh: host blocked after repeated 403/429: lite.duckduckgo.com
  hotel website design agency Raleigh: +5
  ddg hotel website design agency Salt Lake City: host blocked after repeated 403/429: lite.duckduckgo.com
  hotel website design agency Salt Lake City: +4
  ddg hotel website design agency Kansas City: host blocked after repeated 403/429: lite.duckduckgo.com
  hotel website design agency Kansas City: +0
  ddg hotel website design agency Pittsburgh: host blocked after repeated 403/429: lite.duckduckgo.com
  hotel website design agency Pittsburgh: +1
  ddg hotel website design agency Cincinnati: host blocked after repeated 403/429: lite.duckduckgo.com
  hotel website design agency Cincinnati: +9
  ddg hotel website design agency Sacramento: host blocked after repeated 403/429: lite.duckduckgo.com
  hotel website design agency Sacramento: +6
  ddg hotel website design agency St. Louis: host blocked after repeated 403/429: lite.duckduckgo.com
  hotel website design agency St. Louis: +1
  ddg hotel website design agency Cleveland: host blocked after repeated 403/429: lite.duckduckgo.com
  hotel website design agency Cleveland: +2
  ddg hotel website design agency Milwaukee: host blocked after repeated 403/429: lite.duckduckgo.com
  hotel website design agency Milwaukee: +8
  ddg hotel website design agency Baltimore: host blocked after repeated 403/429: lite.duckduckgo.com
  hotel website design agency Baltimore: +7
  ddg hotel website design agency Detroit: host blocked after repeated 403/429: lite.duckduckgo.com
  hotel website design agency Detroit: +7
  ddg hotel website design agency Oklahoma City: host blocked after repeated 403/429: lite.duckduckgo.com
  hotel website design agency Oklahoma City: +4
  ddg hotel website design agency Richmond: host blocked after repeated 403/429: lite.duckduckgo.com
  hotel website design agency Richmond: +0
  ddg church nonprofit website design agency New York: host blocked after repeated 403/429: lite.duckduckgo.com
  church nonprofit website design agency New York: +0
  ddg church nonprofit website design agency Los Angeles: host blocked after repeated 403/429: lite.duckduckgo.com
  church nonprofit website design agency Los Angeles: +3
  ddg church nonprofit website design agency Chicago: host blocked after repeated 403/429: lite.duckduckgo.com
  church nonprofit website design agency Chicago: +1
  ddg church nonprofit website design agency Houston: host blocked after repeated 403/429: lite.duckduckgo.com
  church nonprofit website design agency Houston: +0
  ddg church nonprofit website design agency Phoenix: host blocked after repeated 403/429: lite.duckduckgo.com
  church nonprofit website design agency Phoenix: +3
  ddg church nonprofit website design agency Philadelphia: host blocked after repeated 403/429: lite.duckduckgo.com
  church nonprofit website design agency Philadelphia: +9
  ddg church nonprofit website design agency San Antonio: host blocked after repeated 403/429: lite.duckduckgo.com
  church nonprofit website design agency San Antonio: +3
  ddg church nonprofit website design agency San Diego: host blocked after repeated 403/429: lite.duckduckgo.com
  church nonprofit website design agency San Diego: +0
  ddg church nonprofit website design agency Dallas: host blocked after repeated 403/429: lite.duckduckgo.com
  church nonprofit website design agency Dallas: +0
  ddg church nonprofit website design agency Austin: host blocked after repeated 403/429: lite.duckduckgo.com
  church nonprofit website design agency Austin: +6
  ddg church nonprofit website design agency San Jose: host blocked after repeated 403/429: lite.duckduckgo.com
  church nonprofit website design agency San Jose: +4
  ddg church nonprofit website design agency Jacksonville: host blocked after repeated 403/429: lite.duckduckgo.com
  church nonprofit website design agency Jacksonville: +0
  ddg church nonprofit website design agency Columbus: host blocked after repeated 403/429: lite.duckduckgo.com
  church nonprofit website design agency Columbus: +1
  ddg church nonprofit website design agency Charlotte: host blocked after repeated 403/429: lite.duckduckgo.com
  church nonprofit website design agency Charlotte: +0
  ddg church nonprofit website design agency Indianapolis: host blocked after repeated 403/429: lite.duckduckgo.com
  church nonprofit website design agency Indianapolis: +5
  ddg church nonprofit website design agency San Francisco: host blocked after repeated 403/429: lite.duckduckgo.com
  church nonprofit website design agency San Francisco: +0
  ddg church nonprofit website design agency Seattle: host blocked after repeated 403/429: lite.duckduckgo.com
  church nonprofit website design agency Seattle: +2
  ddg church nonprofit website design agency Denver: host blocked after repeated 403/429: lite.duckduckgo.com
  church nonprofit website design agency Denver: +0
  ddg church nonprofit website design agency Nashville: host blocked after repeated 403/429: lite.duckduckgo.com
  church nonprofit website design agency Nashville: +2
  ddg church nonprofit website design agency Boston: host blocked after repeated 403/429: lite.duckduckgo.com
  church nonprofit website design agency Boston: +3
  ddg church nonprofit website design agency Las Vegas: host blocked after repeated 403/429: lite.duckduckgo.com
  church nonprofit website design agency Las Vegas: +7
  ddg church nonprofit website design agency Portland: host blocked after repeated 403/429: lite.duckduckgo.com
  church nonprofit website design agency Portland: +0
  ddg church nonprofit website design agency Miami: host blocked after repeated 403/429: lite.duckduckgo.com
  church nonprofit website design agency Miami: +7
  ddg church nonprofit website design agency Atlanta: host blocked after repeated 403/429: lite.duckduckgo.com
  church nonprofit website design agency Atlanta: +1
  ddg church nonprofit website design agency Minneapolis: host blocked after repeated 403/429: lite.duckduckgo.com
  church nonprofit website design agency Minneapolis: +0
  ddg church nonprofit website design agency Tampa: host blocked after repeated 403/429: lite.duckduckgo.com
  church nonprofit website design agency Tampa: +9
  ddg church nonprofit website design agency Orlando: host blocked after repeated 403/429: lite.duckduckgo.com
  church nonprofit website design agency Orlando: +2
  ddg church nonprofit website design agency Raleigh: host blocked after repeated 403/429: lite.duckduckgo.com
  church nonprofit website design agency Raleigh: +2
  ddg church nonprofit website design agency Salt Lake City: host blocked after repeated 403/429: lite.duckduckgo.com
  church nonprofit website design agency Salt Lake City: +0
  ddg church nonprofit website design agency Kansas City: host blocked after repeated 403/429: lite.duckduckgo.com
  church nonprofit website design agency Kansas City: +0
  ddg church nonprofit website design agency Pittsburgh: host blocked after repeated 403/429: lite.duckduckgo.com
  church nonprofit website design agency Pittsburgh: +12
  ddg church nonprofit website design agency Cincinnati: host blocked after repeated 403/429: lite.duckduckgo.com
  church nonprofit website design agency Cincinnati: +8
  ddg church nonprofit website design agency Sacramento: host blocked after repeated 403/429: lite.duckduckgo.com
  church nonprofit website design agency Sacramento: +1
  ddg church nonprofit website design agency St. Louis: host blocked after repeated 403/429: lite.duckduckgo.com
  church nonprofit website design agency St. Louis: +4
  ddg church nonprofit website design agency Cleveland: host blocked after repeated 403/429: lite.duckduckgo.com
  church nonprofit website design agency Cleveland: +0
  ddg church nonprofit website design agency Milwaukee: host blocked after repeated 403/429: lite.duckduckgo.com
  church nonprofit website design agency Milwaukee: +0
  ddg church nonprofit website design agency Baltimore: host blocked after repeated 403/429: lite.duckduckgo.com
  church nonprofit website design agency Baltimore: +2
  ddg church nonprofit website design agency Detroit: host blocked after repeated 403/429: lite.duckduckgo.com
  church nonprofit website design agency Detroit: +2
  ddg church nonprofit website design agency Oklahoma City: host blocked after repeated 403/429: lite.duckduckgo.com
  church nonprofit website design agency Oklahoma City: +0
  ddg church nonprofit website design agency Richmond: host blocked after repeated 403/429: lite.duckduckgo.com
  church nonprofit website design agency Richmond: +1
  ddg ecommerce website design agency New York: host blocked after repeated 403/429: lite.duckduckgo.com
  ecommerce website design agency New York: +8
  ddg ecommerce website design agency Los Angeles: host blocked after repeated 403/429: lite.duckduckgo.com
  ecommerce website design agency Los Angeles: +0
  ddg ecommerce website design agency Chicago: host blocked after repeated 403/429: lite.duckduckgo.com
  ecommerce website design agency Chicago: +0
  ddg ecommerce website design agency Houston: host blocked after repeated 403/429: lite.duckduckgo.com
  ecommerce website design agency Houston: +8
  ddg ecommerce website design agency Phoenix: host blocked after repeated 403/429: lite.duckduckgo.com
  ecommerce website design agency Phoenix: +1
  ddg ecommerce website design agency Philadelphia: host blocked after repeated 403/429: lite.duckduckgo.com
  ecommerce website design agency Philadelphia: +7
  ddg ecommerce website design agency San Antonio: host blocked after repeated 403/429: lite.duckduckgo.com
  ecommerce website design agency San Antonio: +0
  ddg ecommerce website design agency San Diego: host blocked after repeated 403/429: lite.duckduckgo.com
  ecommerce website design agency San Diego: +6
  ddg ecommerce website design agency Dallas: host blocked after repeated 403/429: lite.duckduckgo.com
  ecommerce website design agency Dallas: +0
  ddg ecommerce website design agency Austin: host blocked after repeated 403/429: lite.duckduckgo.com
  ecommerce website design agency Austin: +0
  ddg ecommerce website design agency San Jose: host blocked after repeated 403/429: lite.duckduckgo.com
  ecommerce website design agency San Jose: +1
  ddg ecommerce website design agency Jacksonville: host blocked after repeated 403/429: lite.duckduckgo.com
  ecommerce website design agency Jacksonville: +1
  ddg ecommerce website design agency Columbus: host blocked after repeated 403/429: lite.duckduckgo.com
  ecommerce website design agency Columbus: +1
  ddg ecommerce website design agency Charlotte: host blocked after repeated 403/429: lite.duckduckgo.com
  ecommerce website design agency Charlotte: +0
  ddg ecommerce website design agency Indianapolis: host blocked after repeated 403/429: lite.duckduckgo.com
  ecommerce website design agency Indianapolis: +0
  ddg ecommerce website design agency San Francisco: host blocked after repeated 403/429: lite.duckduckgo.com
  ecommerce website design agency San Francisco: +2
  ddg ecommerce website design agency Seattle: host blocked after repeated 403/429: lite.duckduckgo.com
  ecommerce website design agency Seattle: +6
  ddg ecommerce website design agency Denver: host blocked after repeated 403/429: lite.duckduckgo.com
  ecommerce website design agency Denver: +2
  ddg ecommerce website design agency Nashville: host blocked after repeated 403/429: lite.duckduckgo.com
  ecommerce website design agency Nashville: +0
  ddg ecommerce website design agency Boston: host blocked after repeated 403/429: lite.duckduckgo.com
  ecommerce website design agency Boston: +5
  ddg ecommerce website design agency Las Vegas: host blocked after repeated 403/429: lite.duckduckgo.com
  ecommerce website design agency Las Vegas: +6
  ddg ecommerce website design agency Portland: host blocked after repeated 403/429: lite.duckduckgo.com
  ecommerce website design agency Portland: +0
  ddg ecommerce website design agency Miami: host blocked after repeated 403/429: lite.duckduckgo.com
  ecommerce website design agency Miami: +3
  ddg ecommerce website design agency Atlanta: host blocked after repeated 403/429: lite.duckduckgo.com
  ecommerce website design agency Atlanta: +7
  ddg ecommerce website design agency Minneapolis: host blocked after repeated 403/429: lite.duckduckgo.com
  ecommerce website design agency Minneapolis: +6
  ddg ecommerce website design agency Tampa: host blocked after repeated 403/429: lite.duckduckgo.com
  ecommerce website design agency Tampa: +0
  ddg ecommerce website design agency Orlando: host blocked after repeated 403/429: lite.duckduckgo.com
  ecommerce website design agency Orlando: +1
  ddg ecommerce website design agency Raleigh: host blocked after repeated 403/429: lite.duckduckgo.com
  ecommerce website design agency Raleigh: +1
  ddg ecommerce website design agency Salt Lake City: host blocked after repeated 403/429: lite.duckduckgo.com
  ecommerce website design agency Salt Lake City: +3
  ddg ecommerce website design agency Kansas City: host blocked after repeated 403/429: lite.duckduckgo.com
  ecommerce website design agency Kansas City: +8
  ddg ecommerce website design agency Pittsburgh: host blocked after repeated 403/429: lite.duckduckgo.com
  ecommerce website design agency Pittsburgh: +8
  ddg ecommerce website design agency Cincinnati: host blocked after repeated 403/429: lite.duckduckgo.com
  ecommerce website design agency Cincinnati: +0
  ddg ecommerce website design agency Sacramento: host blocked after repeated 403/429: lite.duckduckgo.com
  ecommerce website design agency Sacramento: +0
  ddg ecommerce website design agency St. Louis: host blocked after repeated 403/429: lite.duckduckgo.com
  ecommerce website design agency St. Louis: +5
  ddg ecommerce website design agency Cleveland: host blocked after repeated 403/429: lite.duckduckgo.com
  ecommerce website design agency Cleveland: +5
  ddg ecommerce website design agency Milwaukee: host blocked after repeated 403/429: lite.duckduckgo.com
  ecommerce website design agency Milwaukee: +0
  ddg ecommerce website design agency Baltimore: host blocked after repeated 403/429: lite.duckduckgo.com
  ecommerce website design agency Baltimore: +0
  ddg ecommerce website design agency Detroit: host blocked after repeated 403/429: lite.duckduckgo.com
  ecommerce website design agency Detroit: +4
  ddg ecommerce website design agency Oklahoma City: host blocked after repeated 403/429: lite.duckduckgo.com
  ecommerce website design agency Oklahoma City: +0
  ddg ecommerce website design agency Richmond: host blocked after repeated 403/429: lite.duckduckgo.com
  ecommerce website design agency Richmond: +10
  ddg Shopify website design agency New York: host blocked after repeated 403/429: lite.duckduckgo.com
  Shopify website design agency New York: +7
  ddg Shopify website design agency Los Angeles: host blocked after repeated 403/429: lite.duckduckgo.com
  Shopify website design agency Los Angeles: +5
  ddg Shopify website design agency Chicago: host blocked after repeated 403/429: lite.duckduckgo.com
  Shopify website design agency Chicago: +1
  ddg Shopify website design agency Houston: host blocked after repeated 403/429: lite.duckduckgo.com
  Shopify website design agency Houston: +4
  ddg Shopify website design agency Phoenix: host blocked after repeated 403/429: lite.duckduckgo.com
  Shopify website design agency Phoenix: +3
  ddg Shopify website design agency Philadelphia: host blocked after repeated 403/429: lite.duckduckgo.com
  Shopify website design agency Philadelphia: +7
  ddg Shopify website design agency San Antonio: host blocked after repeated 403/429: lite.duckduckgo.com
  Shopify website design agency San Antonio: +0
  ddg Shopify website design agency San Diego: host blocked after repeated 403/429: lite.duckduckgo.com
  Shopify website design agency San Diego: +7
  ddg Shopify website design agency Dallas: host blocked after repeated 403/429: lite.duckduckgo.com
  Shopify website design agency Dallas: +6
  ddg Shopify website design agency Austin: host blocked after repeated 403/429: lite.duckduckgo.com
  Shopify website design agency Austin: +4
  ddg Shopify website design agency San Jose: host blocked after repeated 403/429: lite.duckduckgo.com
  Shopify website design agency San Jose: +7
  ddg Shopify website design agency Jacksonville: host blocked after repeated 403/429: lite.duckduckgo.com
  Shopify website design agency Jacksonville: +0
  ddg Shopify website design agency Columbus: host blocked after repeated 403/429: lite.duckduckgo.com
  Shopify website design agency Columbus: +9
  ddg Shopify website design agency Charlotte: host blocked after repeated 403/429: lite.duckduckgo.com
  Shopify website design agency Charlotte: +9
  ddg Shopify website design agency Indianapolis: host blocked after repeated 403/429: lite.duckduckgo.com
  Shopify website design agency Indianapolis: +0
  ddg Shopify website design agency San Francisco: host blocked after repeated 403/429: lite.duckduckgo.com
  Shopify website design agency San Francisco: +0
  ddg Shopify website design agency Seattle: host blocked after repeated 403/429: lite.duckduckgo.com
  Shopify website design agency Seattle: +6
  ddg Shopify website design agency Denver: host blocked after repeated 403/429: lite.duckduckgo.com
  Shopify website design agency Denver: +0
  ddg Shopify website design agency Nashville: host blocked after repeated 403/429: lite.duckduckgo.com
  Shopify website design agency Nashville: +0
  ddg Shopify website design agency Boston: host blocked after repeated 403/429: lite.duckduckgo.com
  Shopify website design agency Boston: +0
  ddg Shopify website design agency Las Vegas: host blocked after repeated 403/429: lite.duckduckgo.com
  Shopify website design agency Las Vegas: +0
  ddg Shopify website design agency Portland: host blocked after repeated 403/429: lite.duckduckgo.com
  Shopify website design agency Portland: +5
  ddg Shopify website design agency Miami: host blocked after repeated 403/429: lite.duckduckgo.com
  Shopify website design agency Miami: +0
  ddg Shopify website design agency Atlanta: host blocked after repeated 403/429: lite.duckduckgo.com
  Shopify website design agency Atlanta: +6
  ddg Shopify website design agency Minneapolis: host blocked after repeated 403/429: lite.duckduckgo.com
  Shopify website design agency Minneapolis: +6
  ddg Shopify website design agency Tampa: host blocked after repeated 403/429: lite.duckduckgo.com
  Shopify website design agency Tampa: +2
  ddg Shopify website design agency Orlando: host blocked after repeated 403/429: lite.duckduckgo.com
  Shopify website design agency Orlando: +0
  ddg Shopify website design agency Raleigh: host blocked after repeated 403/429: lite.duckduckgo.com
  Shopify website design agency Raleigh: +1
  ddg Shopify website design agency Salt Lake City: host blocked after repeated 403/429: lite.duckduckgo.com
  Shopify website design agency Salt Lake City: +2
  ddg Shopify website design agency Kansas City: host blocked after repeated 403/429: lite.duckduckgo.com
  Shopify website design agency Kansas City: +1
  ddg Shopify website design agency Pittsburgh: host blocked after repeated 403/429: lite.duckduckgo.com
  Shopify website design agency Pittsburgh: +0
  ddg Shopify website design agency Cincinnati: host blocked after repeated 403/429: lite.duckduckgo.com
  Shopify website design agency Cincinnati: +1
  ddg Shopify website design agency Sacramento: host blocked after repeated 403/429: lite.duckduckgo.com
  Shopify website design agency Sacramento: +4
  ddg Shopify website design agency St. Louis: host blocked after repeated 403/429: lite.duckduckgo.com
  Shopify website design agency St. Louis: +4
  ddg Shopify website design agency Cleveland: host blocked after repeated 403/429: lite.duckduckgo.com
  Shopify website design agency Cleveland: +0
  ddg Shopify website design agency Milwaukee: host blocked after repeated 403/429: lite.duckduckgo.com
  Shopify website design agency Milwaukee: +3
  ddg Shopify website design agency Baltimore: host blocked after repeated 403/429: lite.duckduckgo.com
  Shopify website design agency Baltimore: +3
  ddg Shopify website design agency Detroit: host blocked after repeated 403/429: lite.duckduckgo.com
  Shopify website design agency Detroit: +5
  ddg Shopify website design agency Oklahoma City: host blocked after repeated 403/429: lite.duckduckgo.com
  Shopify website design agency Oklahoma City: +10
  ddg Shopify website design agency Richmond: host blocked after repeated 403/429: lite.duckduckgo.com
  Shopify website design agency Richmond: +7
  ddg WordPress website design agency New York: host blocked after repeated 403/429: lite.duckduckgo.com
  WordPress website design agency New York: +0
  ddg WordPress website design agency Los Angeles: host blocked after repeated 403/429: lite.duckduckgo.com
  WordPress website design agency Los Angeles: +0
  ddg WordPress website design agency Chicago: host blocked after repeated 403/429: lite.duckduckgo.com
  WordPress website design agency Chicago: +0
  ddg WordPress website design agency Houston: host blocked after repeated 403/429: lite.duckduckgo.com
  WordPress website design agency Houston: +0
  ddg WordPress website design agency Phoenix: host blocked after repeated 403/429: lite.duckduckgo.com
  WordPress website design agency Phoenix: +0
  ddg WordPress website design agency Philadelphia: host blocked after repeated 403/429: lite.duckduckgo.com
  WordPress website design agency Philadelphia: +0
  ddg WordPress website design agency San Antonio: host blocked after repeated 403/429: lite.duckduckgo.com
  WordPress website design agency San Antonio: +0
  ddg WordPress website design agency San Diego: host blocked after repeated 403/429: lite.duckduckgo.com
  WordPress website design agency San Diego: +0
  ddg WordPress website design agency Dallas: host blocked after repeated 403/429: lite.duckduckgo.com
  WordPress website design agency Dallas: +0
  ddg WordPress website design agency Austin: host blocked after repeated 403/429: lite.duckduckgo.com
  WordPress website design agency Austin: +0
  ddg WordPress website design agency San Jose: host blocked after repeated 403/429: lite.duckduckgo.com
  WordPress website design agency San Jose: +0
  ddg WordPress website design agency Jacksonville: host blocked after repeated 403/429: lite.duckduckgo.com
  WordPress website design agency Jacksonville: +0
  ddg WordPress website design agency Columbus: host blocked after repeated 403/429: lite.duckduckgo.com
  WordPress website design agency Columbus: +0
  ddg WordPress website design agency Charlotte: host blocked after repeated 403/429: lite.duckduckgo.com
  WordPress website design agency Charlotte: +0
  ddg WordPress website design agency Indianapolis: host blocked after repeated 403/429: lite.duckduckgo.com
  WordPress website design agency Indianapolis: +0
  ddg WordPress website design agency San Francisco: host blocked after repeated 403/429: lite.duckduckgo.com
  WordPress website design agency San Francisco: +0
  ddg WordPress website design agency Seattle: host blocked after repeated 403/429: lite.duckduckgo.com
  WordPress website design agency Seattle: +0
  ddg WordPress website design agency Denver: host blocked after repeated 403/429: lite.duckduckgo.com
  WordPress website design agency Denver: +0
  ddg WordPress website design agency Nashville: host blocked after repeated 403/429: lite.duckduckgo.com
  WordPress website design agency Nashville: +0
  ddg WordPress website design agency Boston: host blocked after repeated 403/429: lite.duckduckgo.com
  WordPress website design agency Boston: +0
  ddg WordPress website design agency Las Vegas: host blocked after repeated 403/429: lite.duckduckgo.com
  WordPress website design agency Las Vegas: +0
  ddg WordPress website design agency Portland: host blocked after repeated 403/429: lite.duckduckgo.com
  WordPress website design agency Portland: +0
  ddg WordPress website design agency Miami: host blocked after repeated 403/429: lite.duckduckgo.com
  WordPress website design agency Miami: +0
  ddg WordPress website design agency Atlanta: host blocked after repeated 403/429: lite.duckduckgo.com
  WordPress website design agency Atlanta: +0
  ddg WordPress website design agency Minneapolis: host blocked after repeated 403/429: lite.duckduckgo.com
  WordPress website design agency Minneapolis: +0
  ddg WordPress website design agency Tampa: host blocked after repeated 403/429: lite.duckduckgo.com
  WordPress website design agency Tampa: +0
  ddg WordPress website design agency Orlando: host blocked after repeated 403/429: lite.duckduckgo.com
  WordPress website design agency Orlando: +0
  ddg WordPress website design agency Raleigh: host blocked after repeated 403/429: lite.duckduckgo.com
  WordPress website design agency Raleigh: +0
  ddg WordPress website design agency Salt Lake City: host blocked after repeated 403/429: lite.duckduckgo.com
  WordPress website design agency Salt Lake City: +0
  ddg WordPress website design agency Kansas City: host blocked after repeated 403/429: lite.duckduckgo.com
  WordPress website design agency Kansas City: +0
  ddg WordPress website design agency Pittsburgh: host blocked after repeated 403/429: lite.duckduckgo.com
  WordPress website design agency Pittsburgh: +0
  ddg WordPress website design agency Cincinnati: host blocked after repeated 403/429: lite.duckduckgo.com
  WordPress website design agency Cincinnati: +0
  ddg WordPress website design agency Sacramento: host blocked after repeated 403/429: lite.duckduckgo.com
  WordPress website design agency Sacramento: +4
  ddg WordPress website design agency St. Louis: host blocked after repeated 403/429: lite.duckduckgo.com
  WordPress website design agency St. Louis: +0
  ddg WordPress website design agency Cleveland: host blocked after repeated 403/429: lite.duckduckgo.com
  WordPress website design agency Cleveland: +0
  ddg WordPress website design agency Milwaukee: host blocked after repeated 403/429: lite.duckduckgo.com
  WordPress website design agency Milwaukee: +0
  ddg WordPress website design agency Baltimore: host blocked after repeated 403/429: lite.duckduckgo.com
  WordPress website design agency Baltimore: +0
  ddg WordPress website design agency Detroit: host blocked after repeated 403/429: lite.duckduckgo.com
  WordPress website design agency Detroit: +0
  ddg WordPress website design agency Oklahoma City: host blocked after repeated 403/429: lite.duckduckgo.com
  WordPress website design agency Oklahoma City: +0
  ddg WordPress website design agency Richmond: host blocked after repeated 403/429: lite.duckduckgo.com
  WordPress website design agency Richmond: +0
  ddg Webflow website design agency New York: host blocked after repeated 403/429: lite.duckduckgo.com
  Webflow website design agency New York: +7
  ddg Webflow website design agency Los Angeles: host blocked after repeated 403/429: lite.duckduckgo.com
  Webflow website design agency Los Angeles: +0
  ddg Webflow website design agency Chicago: host blocked after repeated 403/429: lite.duckduckgo.com
  Webflow website design agency Chicago: +5
  ddg Webflow website design agency Houston: host blocked after repeated 403/429: lite.duckduckgo.com
  Webflow website design agency Houston: +9
  ddg Webflow website design agency Phoenix: host blocked after repeated 403/429: lite.duckduckgo.com
  Webflow website design agency Phoenix: +7
  ddg Webflow website design agency Philadelphia: host blocked after repeated 403/429: lite.duckduckgo.com
  Webflow website design agency Philadelphia: +1
  ddg Webflow website design agency San Antonio: host blocked after repeated 403/429: lite.duckduckgo.com
  Webflow website design agency San Antonio: +1
  ddg Webflow website design agency San Diego: host blocked after repeated 403/429: lite.duckduckgo.com
  Webflow website design agency San Diego: +8
  ddg Webflow website design agency Dallas: host blocked after repeated 403/429: lite.duckduckgo.com
  Webflow website design agency Dallas: +5
  ddg Webflow website design agency Austin: host blocked after repeated 403/429: lite.duckduckgo.com
  Webflow website design agency Austin: +4
  ddg Webflow website design agency San Jose: host blocked after repeated 403/429: lite.duckduckgo.com
  Webflow website design agency San Jose: +2
  ddg Webflow website design agency Jacksonville: host blocked after repeated 403/429: lite.duckduckgo.com
  Webflow website design agency Jacksonville: +0
  ddg Webflow website design agency Columbus: host blocked after repeated 403/429: lite.duckduckgo.com
  Webflow website design agency Columbus: +0
  ddg Webflow website design agency Charlotte: host blocked after repeated 403/429: lite.duckduckgo.com
  Webflow website design agency Charlotte: +21
  ddg Webflow website design agency Indianapolis: host blocked after repeated 403/429: lite.duckduckgo.com
  Webflow website design agency Indianapolis: +1
  ddg Webflow website design agency San Francisco: host blocked after repeated 403/429: lite.duckduckgo.com
  Webflow website design agency San Francisco: +0
  ddg Webflow website design agency Seattle: host blocked after repeated 403/429: lite.duckduckgo.com
  Webflow website design agency Seattle: +1
  ddg Webflow website design agency Denver: host blocked after repeated 403/429: lite.duckduckgo.com
  Webflow website design agency Denver: +7
  ddg Webflow website design agency Nashville: host blocked after repeated 403/429: lite.duckduckgo.com
  Webflow website design agency Nashville: +0
  ddg Webflow website design agency Boston: host blocked after repeated 403/429: lite.duckduckgo.com
  Webflow website design agency Boston: +0
  ddg Webflow website design agency Las Vegas: host blocked after repeated 403/429: lite.duckduckgo.com
  Webflow website design agency Las Vegas: +1
  ddg Webflow website design agency Portland: host blocked after repeated 403/429: lite.duckduckgo.com
  Webflow website design agency Portland: +5
  ddg Webflow website design agency Miami: host blocked after repeated 403/429: lite.duckduckgo.com
  Webflow website design agency Miami: +8
  ddg Webflow website design agency Atlanta: host blocked after repeated 403/429: lite.duckduckgo.com
  Webflow website design agency Atlanta: +4
  ddg Webflow website design agency Minneapolis: host blocked after repeated 403/429: lite.duckduckgo.com
  Webflow website design agency Minneapolis: +0
  ddg Webflow website design agency Tampa: host blocked after repeated 403/429: lite.duckduckgo.com
  Webflow website design agency Tampa: +8
  ddg Webflow website design agency Orlando: host blocked after repeated 403/429: lite.duckduckgo.com
  Webflow website design agency Orlando: +2
  ddg Webflow website design agency Raleigh: host blocked after repeated 403/429: lite.duckduckgo.com
  Webflow website design agency Raleigh: +7
  ddg Webflow website design agency Salt Lake City: host blocked after repeated 403/429: lite.duckduckgo.com
  Webflow website design agency Salt Lake City: +6
  ddg Webflow website design agency Kansas City: host blocked after repeated 403/429: lite.duckduckgo.com
  Webflow website design agency Kansas City: +3
  ddg Webflow website design agency Pittsburgh: host blocked after repeated 403/429: lite.duckduckgo.com
  Webflow website design agency Pittsburgh: +3
  ddg Webflow website design agency Cincinnati: host blocked after repeated 403/429: lite.duckduckgo.com
  Webflow website design agency Cincinnati: +1
  ddg Webflow website design agency Sacramento: host blocked after repeated 403/429: lite.duckduckgo.com
  Webflow website design agency Sacramento: +0
  ddg Webflow website design agency St. Louis: host blocked after repeated 403/429: lite.duckduckgo.com
  Webflow website design agency St. Louis: +0
  ddg Webflow website design agency Cleveland: host blocked after repeated 403/429: lite.duckduckgo.com
  Webflow website design agency Cleveland: +9
  ddg Webflow website design agency Milwaukee: host blocked after repeated 403/429: lite.duckduckgo.com
  Webflow website design agency Milwaukee: +1
  ddg Webflow website design agency Baltimore: host blocked after repeated 403/429: lite.duckduckgo.com
  Webflow website design agency Baltimore: +1
  ddg Webflow website design agency Detroit: host blocked after repeated 403/429: lite.duckduckgo.com
  Webflow website design agency Detroit: +6
  ddg Webflow website design agency Oklahoma City: host blocked after repeated 403/429: lite.duckduckgo.com
  Webflow website design agency Oklahoma City: +7
  ddg Webflow website design agency Richmond: host blocked after repeated 403/429: lite.duckduckgo.com
  Webflow website design agency Richmond: +0
  ddg small business website design agency New York: host blocked after repeated 403/429: lite.duckduckgo.com
  small business website design agency New York: +4
  ddg small business website design agency Los Angeles: host blocked after repeated 403/429: lite.duckduckgo.com
  small business website design agency Los Angeles: +1
  ddg small business website design agency Chicago: host blocked after repeated 403/429: lite.duckduckgo.com
  small business website design agency Chicago: +1
  ddg small business website design agency Houston: host blocked after repeated 403/429: lite.duckduckgo.com
  small business website design agency Houston: +1
  ddg small business website design agency Phoenix: host blocked after repeated 403/429: lite.duckduckgo.com
  small business website design agency Phoenix: +8
  ddg small business website design agency Philadelphia: host blocked after repeated 403/429: lite.duckduckgo.com
  small business website design agency Philadelphia: +5
  ddg small business website design agency San Antonio: host blocked after repeated 403/429: lite.duckduckgo.com
  small business website design agency San Antonio: +4
  ddg small business website design agency San Diego: host blocked after repeated 403/429: lite.duckduckgo.com
  small business website design agency San Diego: +0
  ddg small business website design agency Dallas: host blocked after repeated 403/429: lite.duckduckgo.com
  small business website design agency Dallas: +5
  ddg small business website design agency Austin: host blocked after repeated 403/429: lite.duckduckgo.com
  small business website design agency Austin: +0
  ddg small business website design agency San Jose: host blocked after repeated 403/429: lite.duckduckgo.com
  small business website design agency San Jose: +5
  ddg small business website design agency Jacksonville: host blocked after repeated 403/429: lite.duckduckgo.com
  small business website design agency Jacksonville: +0
  ddg small business website design agency Columbus: host blocked after repeated 403/429: lite.duckduckgo.com
  small business website design agency Columbus: +9
  ddg small business website design agency Charlotte: host blocked after repeated 403/429: lite.duckduckgo.com
  small business website design agency Charlotte: +0
  ddg small business website design agency Indianapolis: host blocked after repeated 403/429: lite.duckduckgo.com
  small business website design agency Indianapolis: +9
  ddg small business website design agency San Francisco: host blocked after repeated 403/429: lite.duckduckgo.com
  small business website design agency San Francisco: +9
  ddg small business website design agency Seattle: host blocked after repeated 403/429: lite.duckduckgo.com
  small business website design agency Seattle: +0
  ddg small business website design agency Denver: host blocked after repeated 403/429: lite.duckduckgo.com
  small business website design agency Denver: +7
  ddg small business website design agency Nashville: host blocked after repeated 403/429: lite.duckduckgo.com
  small business website design agency Nashville: +4
  ddg small business website design agency Boston: host blocked after repeated 403/429: lite.duckduckgo.com
  small business website design agency Boston: +7
  ddg small business website design agency Las Vegas: host blocked after repeated 403/429: lite.duckduckgo.com
  small business website design agency Las Vegas: +1
  ddg small business website design agency Portland: host blocked after repeated 403/429: lite.duckduckgo.com
  small business website design agency Portland: +4
  ddg small business website design agency Miami: host blocked after repeated 403/429: lite.duckduckgo.com
  small business website design agency Miami: +6
  ddg small business website design agency Atlanta: host blocked after repeated 403/429: lite.duckduckgo.com
  small business website design agency Atlanta: +0
  ddg small business website design agency Minneapolis: host blocked after repeated 403/429: lite.duckduckgo.com
  small business website design agency Minneapolis: +0
  ddg small business website design agency Tampa: host blocked after repeated 403/429: lite.duckduckgo.com
  small business website design agency Tampa: +1
  ddg small business website design agency Orlando: host blocked after repeated 403/429: lite.duckduckgo.com
  small business website design agency Orlando: +0
  ddg small business website design agency Raleigh: host blocked after repeated 403/429: lite.duckduckgo.com
  small business website design agency Raleigh: +7
  ddg small business website design agency Salt Lake City: host blocked after repeated 403/429: lite.duckduckgo.com
  small business website design agency Salt Lake City: +7
  ddg small business website design agency Kansas City: host blocked after repeated 403/429: lite.duckduckgo.com
  small business website design agency Kansas City: +0
  ddg small business website design agency Pittsburgh: host blocked after repeated 403/429: lite.duckduckgo.com
  small business website design agency Pittsburgh: +0
  ddg small business website design agency Cincinnati: host blocked after repeated 403/429: lite.duckduckgo.com
  small business website design agency Cincinnati: +0
  ddg small business website design agency Sacramento: host blocked after repeated 403/429: lite.duckduckgo.com
  small business website design agency Sacramento: +0
  ddg small business website design agency St. Louis: host blocked after repeated 403/429: lite.duckduckgo.com
  small business website design agency St. Louis: +7
  ddg small business website design agency Cleveland: host blocked after repeated 403/429: lite.duckduckgo.com
  small business website design agency Cleveland: +0
  ddg small business website design agency Milwaukee: host blocked after repeated 403/429: lite.duckduckgo.com
  small business website design agency Milwaukee: +0
  ddg small business website design agency Baltimore: host blocked after repeated 403/429: lite.duckduckgo.com
  small business website design agency Baltimore: +2
  ddg small business website design agency Detroit: host blocked after repeated 403/429: lite.duckduckgo.com
  small business website design agency Detroit: +7
  ddg small business website design agency Oklahoma City: host blocked after repeated 403/429: lite.duckduckgo.com
  small business website design agency Oklahoma City: +0
  ddg small business website design agency Richmond: host blocked after repeated 403/429: lite.duckduckgo.com
  small business website design agency Richmond: +6
  ddg construction website design agency New York: host blocked after repeated 403/429: lite.duckduckgo.com
  construction website design agency New York: +7
  ddg construction website design agency Los Angeles: host blocked after repeated 403/429: lite.duckduckgo.com
  construction website design agency Los Angeles: +0
  ddg construction website design agency Chicago: host blocked after repeated 403/429: lite.duckduckgo.com
  construction website design agency Chicago: +4
  ddg construction website design agency Houston: host blocked after repeated 403/429: lite.duckduckgo.com
  construction website design agency Houston: +8
  ddg construction website design agency Phoenix: host blocked after repeated 403/429: lite.duckduckgo.com
  construction website design agency Phoenix: +8
  ddg construction website design agency Philadelphia: host blocked after repeated 403/429: lite.duckduckgo.com
  construction website design agency Philadelphia: +4
  ddg construction website design agency San Antonio: host blocked after repeated 403/429: lite.duckduckgo.com
  construction website design agency San Antonio: +0
  ddg construction website design agency San Diego: host blocked after repeated 403/429: lite.duckduckgo.com
  construction website design agency San Diego: +4
  ddg construction website design agency Dallas: host blocked after repeated 403/429: lite.duckduckgo.com
  construction website design agency Dallas: +23
  ddg construction website design agency Austin: host blocked after repeated 403/429: lite.duckduckgo.com
  construction website design agency Austin: +0
  ddg construction website design agency San Jose: host blocked after repeated 403/429: lite.duckduckgo.com
  construction website design agency San Jose: +1
  ddg construction website design agency Jacksonville: host blocked after repeated 403/429: lite.duckduckgo.com
  construction website design agency Jacksonville: +7
  ddg construction website design agency Columbus: host blocked after repeated 403/429: lite.duckduckgo.com
  construction website design agency Columbus: +1
  ddg construction website design agency Charlotte: host blocked after repeated 403/429: lite.duckduckgo.com
  construction website design agency Charlotte: +5
  ddg construction website design agency Indianapolis: host blocked after repeated 403/429: lite.duckduckgo.com
  construction website design agency Indianapolis: +0
  ddg construction website design agency San Francisco: host blocked after repeated 403/429: lite.duckduckgo.com
  construction website design agency San Francisco: +0
  ddg construction website design agency Seattle: host blocked after repeated 403/429: lite.duckduckgo.com
  construction website design agency Seattle: +1
  ddg construction website design agency Denver: host blocked after repeated 403/429: lite.duckduckgo.com
  construction website design agency Denver: +0
  ddg construction website design agency Nashville: host blocked after repeated 403/429: lite.duckduckgo.com
  construction website design agency Nashville: +0
  ddg construction website design agency Boston: host blocked after repeated 403/429: lite.duckduckgo.com
  construction website design agency Boston: +5
  ddg construction website design agency Las Vegas: host blocked after repeated 403/429: lite.duckduckgo.com
  construction website design agency Las Vegas: +2
  ddg construction website design agency Portland: host blocked after repeated 403/429: lite.duckduckgo.com
  construction website design agency Portland: +0
  ddg construction website design agency Miami: host blocked after repeated 403/429: lite.duckduckgo.com
  construction website design agency Miami: +9
  ddg construction website design agency Atlanta: host blocked after repeated 403/429: lite.duckduckgo.com
  construction website design agency Atlanta: +5
  ddg construction website design agency Minneapolis: host blocked after repeated 403/429: lite.duckduckgo.com
  construction website design agency Minneapolis: +5
  ddg construction website design agency Tampa: host blocked after repeated 403/429: lite.duckduckgo.com
  construction website design agency Tampa: +0
  ddg construction website design agency Orlando: host blocked after repeated 403/429: lite.duckduckgo.com
  construction website design agency Orlando: +0
  ddg construction website design agency Raleigh: host blocked after repeated 403/429: lite.duckduckgo.com
  construction website design agency Raleigh: +0
  ddg construction website design agency Salt Lake City: host blocked after repeated 403/429: lite.duckduckgo.com
  construction website design agency Salt Lake City: +0
  ddg construction website design agency Kansas City: host blocked after repeated 403/429: lite.duckduckgo.com
  construction website design agency Kansas City: +2
  ddg construction website design agency Pittsburgh: host blocked after repeated 403/429: lite.duckduckgo.com
  construction website design agency Pittsburgh: +3
  ddg construction website design agency Cincinnati: host blocked after repeated 403/429: lite.duckduckgo.com
  construction website design agency Cincinnati: +1
  ddg construction website design agency Sacramento: host blocked after repeated 403/429: lite.duckduckgo.com
  construction website design agency Sacramento: +2
  ddg construction website design agency St. Louis: host blocked after repeated 403/429: lite.duckduckgo.com
  construction website design agency St. Louis: +1
  ddg construction website design agency Cleveland: host blocked after repeated 403/429: lite.duckduckgo.com
  construction website design agency Cleveland: +0
  ddg construction website design agency Milwaukee: host blocked after repeated 403/429: lite.duckduckgo.com
  construction website design agency Milwaukee: +9
  ddg construction website design agency Baltimore: host blocked after repeated 403/429: lite.duckduckgo.com
  construction website design agency Baltimore: +7
  ddg construction website design agency Detroit: host blocked after repeated 403/429: lite.duckduckgo.com
  construction website design agency Detroit: +8
  ddg construction website design agency Oklahoma City: host blocked after repeated 403/429: lite.duckduckgo.com
  construction website design agency Oklahoma City: +0
  ddg construction website design agency Richmond: host blocked after repeated 403/429: lite.duckduckgo.com
  construction website design agency Richmond: +6
  ddg healthcare website design agency New York: host blocked after repeated 403/429: lite.duckduckgo.com
  healthcare website design agency New York: +1
  ddg healthcare website design agency Los Angeles: host blocked after repeated 403/429: lite.duckduckgo.com
  healthcare website design agency Los Angeles: +0
  ddg healthcare website design agency Chicago: host blocked after repeated 403/429: lite.duckduckgo.com
  healthcare website design agency Chicago: +1
  ddg healthcare website design agency Houston: host blocked after repeated 403/429: lite.duckduckgo.com
  healthcare website design agency Houston: +0
  ddg healthcare website design agency Phoenix: host blocked after repeated 403/429: lite.duckduckgo.com
  healthcare website design agency Phoenix: +9
  ddg healthcare website design agency Philadelphia: host blocked after repeated 403/429: lite.duckduckgo.com
  healthcare website design agency Philadelphia: +0
  ddg healthcare website design agency San Antonio: host blocked after repeated 403/429: lite.duckduckgo.com
  healthcare website design agency San Antonio: +2
  ddg healthcare website design agency San Diego: host blocked after repeated 403/429: lite.duckduckgo.com
  healthcare website design agency San Diego: +5
  ddg healthcare website design agency Dallas: host blocked after repeated 403/429: lite.duckduckgo.com
  healthcare website design agency Dallas: +3
  ddg healthcare website design agency Austin: host blocked after repeated 403/429: lite.duckduckgo.com
  healthcare website design agency Austin: +7
  ddg healthcare website design agency San Jose: host blocked after repeated 403/429: lite.duckduckgo.com
  healthcare website design agency San Jose: +0
  ddg healthcare website design agency Jacksonville: host blocked after repeated 403/429: lite.duckduckgo.com
  healthcare website design agency Jacksonville: +2
  ddg healthcare website design agency Columbus: host blocked after repeated 403/429: lite.duckduckgo.com
  healthcare website design agency Columbus: +0
  ddg healthcare website design agency Charlotte: host blocked after repeated 403/429: lite.duckduckgo.com
  healthcare website design agency Charlotte: +0
  ddg healthcare website design agency Indianapolis: host blocked after repeated 403/429: lite.duckduckgo.com
  healthcare website design agency Indianapolis: +0
  ddg healthcare website design agency San Francisco: host blocked after repeated 403/429: lite.duckduckgo.com
  healthcare website design agency San Francisco: +3
  ddg healthcare website design agency Seattle: host blocked after repeated 403/429: lite.duckduckgo.com
  healthcare website design agency Seattle: +7
  ddg healthcare website design agency Denver: host blocked after repeated 403/429: lite.duckduckgo.com
  healthcare website design agency Denver: +0
  ddg healthcare website design agency Nashville: host blocked after repeated 403/429: lite.duckduckgo.com
  healthcare website design agency Nashville: +6
  ddg healthcare website design agency Boston: host blocked after repeated 403/429: lite.duckduckgo.com
  healthcare website design agency Boston: +2
  ddg healthcare website design agency Las Vegas: host blocked after repeated 403/429: lite.duckduckgo.com
  healthcare website design agency Las Vegas: +9
  ddg healthcare website design agency Portland: host blocked after repeated 403/429: lite.duckduckgo.com
  healthcare website design agency Portland: +0
  ddg healthcare website design agency Miami: host blocked after repeated 403/429: lite.duckduckgo.com
  healthcare website design agency Miami: +1
  ddg healthcare website design agency Atlanta: host blocked after repeated 403/429: lite.duckduckgo.com
  healthcare website design agency Atlanta: +0
  ddg healthcare website design agency Minneapolis: host blocked after repeated 403/429: lite.duckduckgo.com
  healthcare website design agency Minneapolis: +0
  ddg healthcare website design agency Tampa: host blocked after repeated 403/429: lite.duckduckgo.com
  healthcare website design agency Tampa: +6
  ddg healthcare website design agency Orlando: host blocked after repeated 403/429: lite.duckduckgo.com
  healthcare website design agency Orlando: +7
  ddg healthcare website design agency Raleigh: host blocked after repeated 403/429: lite.duckduckgo.com
  healthcare website design agency Raleigh: +1
  ddg healthcare website design agency Salt Lake City: host blocked after repeated 403/429: lite.duckduckgo.com
  healthcare website design agency Salt Lake City: +7
  ddg healthcare website design agency Kansas City: host blocked after repeated 403/429: lite.duckduckgo.com
  healthcare website design agency Kansas City: +1
  ddg healthcare website design agency Pittsburgh: host blocked after repeated 403/429: lite.duckduckgo.com
  healthcare website design agency Pittsburgh: +9
  ddg healthcare website design agency Cincinnati: host blocked after repeated 403/429: lite.duckduckgo.com
  healthcare website design agency Cincinnati: +0
  ddg healthcare website design agency Sacramento: host blocked after repeated 403/429: lite.duckduckgo.com
  healthcare website design agency Sacramento: +1
  ddg healthcare website design agency St. Louis: host blocked after repeated 403/429: lite.duckduckgo.com
  healthcare website design agency St. Louis: +1
  ddg healthcare website design agency Cleveland: host blocked after repeated 403/429: lite.duckduckgo.com
  healthcare website design agency Cleveland: +7
  ddg healthcare website design agency Milwaukee: host blocked after repeated 403/429: lite.duckduckgo.com
  healthcare website design agency Milwaukee: +6
  ddg healthcare website design agency Baltimore: host blocked after repeated 403/429: lite.duckduckgo.com
  healthcare website design agency Baltimore: +12
  ddg healthcare website design agency Detroit: host blocked after repeated 403/429: lite.duckduckgo.com
  healthcare website design agency Detroit: +0
  ddg healthcare website design agency Oklahoma City: host blocked after repeated 403/429: lite.duckduckgo.com
  healthcare website design agency Oklahoma City: +7
  ddg healthcare website design agency Richmond: host blocked after repeated 403/429: lite.duckduckgo.com
  healthcare website design agency Richmond: +0
  ddg veterinary website design agency New York: host blocked after repeated 403/429: lite.duckduckgo.com
  veterinary website design agency New York: +0
  ddg veterinary website design agency Los Angeles: host blocked after repeated 403/429: lite.duckduckgo.com
  veterinary website design agency Los Angeles: +1
  ddg veterinary website design agency Chicago: host blocked after repeated 403/429: lite.duckduckgo.com
  veterinary website design agency Chicago: +0
  ddg veterinary website design agency Houston: host blocked after repeated 403/429: lite.duckduckgo.com
  veterinary website design agency Houston: +8
  ddg veterinary website design agency Phoenix: host blocked after repeated 403/429: lite.duckduckgo.com
  veterinary website design agency Phoenix: +0
  ddg veterinary website design agency Philadelphia: host blocked after repeated 403/429: lite.duckduckgo.com
  veterinary website design agency Philadelphia: +0
  ddg veterinary website design agency San Antonio: host blocked after repeated 403/429: lite.duckduckgo.com
  veterinary website design agency San Antonio: +1
  ddg veterinary website design agency San Diego: host blocked after repeated 403/429: lite.duckduckgo.com
  veterinary website design agency San Diego: +6
  ddg veterinary website design agency Dallas: host blocked after repeated 403/429: lite.duckduckgo.com
  veterinary website design agency Dallas: +1
  ddg veterinary website design agency Austin: host blocked after repeated 403/429: lite.duckduckgo.com
  veterinary website design agency Austin: +2
  ddg veterinary website design agency San Jose: host blocked after repeated 403/429: lite.duckduckgo.com
  veterinary website design agency San Jose: +0
  ddg veterinary website design agency Jacksonville: host blocked after repeated 403/429: lite.duckduckgo.com
  veterinary website design agency Jacksonville: +0
  ddg veterinary website design agency Columbus: host blocked after repeated 403/429: lite.duckduckgo.com
  veterinary website design agency Columbus: +0
  ddg veterinary website design agency Charlotte: host blocked after repeated 403/429: lite.duckduckgo.com
  veterinary website design agency Charlotte: +0
  ddg veterinary website design agency Indianapolis: host blocked after repeated 403/429: lite.duckduckgo.com
  veterinary website design agency Indianapolis: +7
  ddg veterinary website design agency San Francisco: host blocked after repeated 403/429: lite.duckduckgo.com
  veterinary website design agency San Francisco: +2
  ddg veterinary website design agency Seattle: host blocked after repeated 403/429: lite.duckduckgo.com
  veterinary website design agency Seattle: +0
  ddg veterinary website design agency Denver: host blocked after repeated 403/429: lite.duckduckgo.com
  veterinary website design agency Denver: +9
  ddg veterinary website design agency Nashville: host blocked after repeated 403/429: lite.duckduckgo.com
  veterinary website design agency Nashville: +6
  ddg veterinary website design agency Boston: host blocked after repeated 403/429: lite.duckduckgo.com
  veterinary website design agency Boston: +1
  ddg veterinary website design agency Las Vegas: host blocked after repeated 403/429: lite.duckduckgo.com
  veterinary website design agency Las Vegas: +0
  ddg veterinary website design agency Portland: host blocked after repeated 403/429: lite.duckduckgo.com
  veterinary website design agency Portland: +5
  ddg veterinary website design agency Miami: host blocked after repeated 403/429: lite.duckduckgo.com
  veterinary website design agency Miami: +0
  ddg veterinary website design agency Atlanta: host blocked after repeated 403/429: lite.duckduckgo.com
  veterinary website design agency Atlanta: +6
  ddg veterinary website design agency Minneapolis: host blocked after repeated 403/429: lite.duckduckgo.com
  veterinary website design agency Minneapolis: +1
  ddg veterinary website design agency Tampa: host blocked after repeated 403/429: lite.duckduckgo.com
  veterinary website design agency Tampa: +4
  ddg veterinary website design agency Orlando: host blocked after repeated 403/429: lite.duckduckgo.com
  veterinary website design agency Orlando: +1
  ddg veterinary website design agency Raleigh: host blocked after repeated 403/429: lite.duckduckgo.com
  veterinary website design agency Raleigh: +0
  ddg veterinary website design agency Salt Lake City: host blocked after repeated 403/429: lite.duckduckgo.com
  veterinary website design agency Salt Lake City: +4
  ddg veterinary website design agency Kansas City: host blocked after repeated 403/429: lite.duckduckgo.com
  veterinary website design agency Kansas City: +0
  ddg veterinary website design agency Pittsburgh: host blocked after repeated 403/429: lite.duckduckgo.com
  veterinary website design agency Pittsburgh: +0
  ddg veterinary website design agency Cincinnati: host blocked after repeated 403/429: lite.duckduckgo.com
  veterinary website design agency Cincinnati: +0
  ddg veterinary website design agency Sacramento: host blocked after repeated 403/429: lite.duckduckgo.com
  veterinary website design agency Sacramento: +0
  ddg veterinary website design agency St. Louis: host blocked after repeated 403/429: lite.duckduckgo.com
  veterinary website design agency St. Louis: +6
  ddg veterinary website design agency Cleveland: host blocked after repeated 403/429: lite.duckduckgo.com
  veterinary website design agency Cleveland: +0
  ddg veterinary website design agency Milwaukee: host blocked after repeated 403/429: lite.duckduckgo.com
  veterinary website design agency Milwaukee: +0
  ddg veterinary website design agency Baltimore: host blocked after repeated 403/429: lite.duckduckgo.com
  veterinary website design agency Baltimore: +9
  ddg veterinary website design agency Detroit: host blocked after repeated 403/429: lite.duckduckgo.com
  veterinary website design agency Detroit: +7
  ddg veterinary website design agency Oklahoma City: host blocked after repeated 403/429: lite.duckduckgo.com
  veterinary website design agency Oklahoma City: +0
  ddg veterinary website design agency Richmond: host blocked after repeated 403/429: lite.duckduckgo.com
  veterinary website design agency Richmond: +0
  ddg salon spa website design agency New York: host blocked after repeated 403/429: lite.duckduckgo.com
  salon spa website design agency New York: +7
  ddg salon spa website design agency Los Angeles: host blocked after repeated 403/429: lite.duckduckgo.com
  salon spa website design agency Los Angeles: +0
  ddg salon spa website design agency Chicago: host blocked after repeated 403/429: lite.duckduckgo.com
  salon spa website design agency Chicago: +0
  ddg salon spa website design agency Houston: host blocked after repeated 403/429: lite.duckduckgo.com
  salon spa website design agency Houston: +0
  ddg salon spa website design agency Phoenix: host blocked after repeated 403/429: lite.duckduckgo.com
  salon spa website design agency Phoenix: +0
  ddg salon spa website design agency Philadelphia: host blocked after repeated 403/429: lite.duckduckgo.com
  salon spa website design agency Philadelphia: +0
  ddg salon spa website design agency San Antonio: host blocked after repeated 403/429: lite.duckduckgo.com
  salon spa website design agency San Antonio: +0
  ddg salon spa website design agency San Diego: host blocked after repeated 403/429: lite.duckduckgo.com
  salon spa website design agency San Diego: +0
  ddg salon spa website design agency Dallas: host blocked after repeated 403/429: lite.duckduckgo.com
  salon spa website design agency Dallas: +0
  ddg salon spa website design agency Austin: host blocked after repeated 403/429: lite.duckduckgo.com
  salon spa website design agency Austin: +0
  ddg salon spa website design agency San Jose: host blocked after repeated 403/429: lite.duckduckgo.com
  salon spa website design agency San Jose: +0
  ddg salon spa website design agency Jacksonville: host blocked after repeated 403/429: lite.duckduckgo.com
  salon spa website design agency Jacksonville: +0
  ddg salon spa website design agency Columbus: host blocked after repeated 403/429: lite.duckduckgo.com
  salon spa website design agency Columbus: +0
  ddg salon spa website design agency Charlotte: host blocked after repeated 403/429: lite.duckduckgo.com
  salon spa website design agency Charlotte: +0
  ddg salon spa website design agency Indianapolis: host blocked after repeated 403/429: lite.duckduckgo.com
  salon spa website design agency Indianapolis: +0
  ddg salon spa website design agency San Francisco: host blocked after repeated 403/429: lite.duckduckgo.com
  salon spa website design agency San Francisco: +0
  ddg salon spa website design agency Seattle: host blocked after repeated 403/429: lite.duckduckgo.com
  salon spa website design agency Seattle: +0
  ddg salon spa website design agency Denver: host blocked after repeated 403/429: lite.duckduckgo.com
  salon spa website design agency Denver: +0
  ddg salon spa website design agency Nashville: host blocked after repeated 403/429: lite.duckduckgo.com
  salon spa website design agency Nashville: +0
  ddg salon spa website design agency Boston: host blocked after repeated 403/429: lite.duckduckgo.com
  salon spa website design agency Boston: +0
  ddg salon spa website design agency Las Vegas: host blocked after repeated 403/429: lite.duckduckgo.com
  salon spa website design agency Las Vegas: +0
  ddg salon spa website design agency Portland: host blocked after repeated 403/429: lite.duckduckgo.com
  salon spa website design agency Portland: +0
  ddg salon spa website design agency Miami: host blocked after repeated 403/429: lite.duckduckgo.com
  salon spa website design agency Miami: +0
  ddg salon spa website design agency Atlanta: host blocked after repeated 403/429: lite.duckduckgo.com
  salon spa website design agency Atlanta: +0
  ddg salon spa website design agency Minneapolis: host blocked after repeated 403/429: lite.duckduckgo.com
  salon spa website design agency Minneapolis: +0
  ddg salon spa website design agency Tampa: host blocked after repeated 403/429: lite.duckduckgo.com
  salon spa website design agency Tampa: +0
  ddg salon spa website design agency Orlando: host blocked after repeated 403/429: lite.duckduckgo.com
  salon spa website design agency Orlando: +0
  ddg salon spa website design agency Raleigh: host blocked after repeated 403/429: lite.duckduckgo.com
  salon spa website design agency Raleigh: +0
  ddg salon spa website design agency Salt Lake City: host blocked after repeated 403/429: lite.duckduckgo.com
  salon spa website design agency Salt Lake City: +0
  ddg salon spa website design agency Kansas City: host blocked after repeated 403/429: lite.duckduckgo.com
  salon spa website design agency Kansas City: +0
  ddg salon spa website design agency Pittsburgh: host blocked after repeated 403/429: lite.duckduckgo.com
  salon spa website design agency Pittsburgh: +0
  ddg salon spa website design agency Cincinnati: host blocked after repeated 403/429: lite.duckduckgo.com
  salon spa website design agency Cincinnati: +0
  ddg salon spa website design agency Sacramento: host blocked after repeated 403/429: lite.duckduckgo.com
  salon spa website design agency Sacramento: +0
  ddg salon spa website design agency St. Louis: host blocked after repeated 403/429: lite.duckduckgo.com
  salon spa website design agency St. Louis: +0
  ddg salon spa website design agency Cleveland: host blocked after repeated 403/429: lite.duckduckgo.com
  salon spa website design agency Cleveland: +0
  ddg salon spa website design agency Milwaukee: host blocked after repeated 403/429: lite.duckduckgo.com
  salon spa website design agency Milwaukee: +0
  ddg salon spa website design agency Baltimore: host blocked after repeated 403/429: lite.duckduckgo.com
  salon spa website design agency Baltimore: +0
  ddg salon spa website design agency Detroit: host blocked after repeated 403/429: lite.duckduckgo.com
  salon spa website design agency Detroit: +0
  ddg salon spa website design agency Oklahoma City: host blocked after repeated 403/429: lite.duckduckgo.com
  salon spa website design agency Oklahoma City: +0
  ddg salon spa website design agency Richmond: host blocked after repeated 403/429: lite.duckduckgo.com
  salon spa website design agency Richmond: +0
  ddg financial advisor website design agency New York: host blocked after repeated 403/429: lite.duckduckgo.com
  financial advisor website design agency New York: +6
  ddg financial advisor website design agency Los Angeles: host blocked after repeated 403/429: lite.duckduckgo.com
  financial advisor website design agency Los Angeles: +0
  ddg financial advisor website design agency Chicago: host blocked after repeated 403/429: lite.duckduckgo.com
  financial advisor website design agency Chicago: +1
  ddg financial advisor website design agency Houston: host blocked after repeated 403/429: lite.duckduckgo.com
  financial advisor website design agency Houston: +0
  ddg financial advisor website design agency Phoenix: host blocked after repeated 403/429: lite.duckduckgo.com
  financial advisor website design agency Phoenix: +5
  ddg financial advisor website design agency Philadelphia: host blocked after repeated 403/429: lite.duckduckgo.com
  financial advisor website design agency Philadelphia: +1
  ddg financial advisor website design agency San Antonio: host blocked after repeated 403/429: lite.duckduckgo.com
  financial advisor website design agency San Antonio: +9
  ddg financial advisor website design agency San Diego: host blocked after repeated 403/429: lite.duckduckgo.com
  financial advisor website design agency San Diego: +2
  ddg financial advisor website design agency Dallas: host blocked after repeated 403/429: lite.duckduckgo.com
  financial advisor website design agency Dallas: +10
  ddg financial advisor website design agency Austin: host blocked after repeated 403/429: lite.duckduckgo.com
  financial advisor website design agency Austin: +0
  ddg financial advisor website design agency San Jose: host blocked after repeated 403/429: lite.duckduckgo.com
  financial advisor website design agency San Jose: +0
  ddg financial advisor website design agency Jacksonville: host blocked after repeated 403/429: lite.duckduckgo.com
  financial advisor website design agency Jacksonville: +6
  ddg financial advisor website design agency Columbus: host blocked after repeated 403/429: lite.duckduckgo.com
  financial advisor website design agency Columbus: +0
  ddg financial advisor website design agency Charlotte: host blocked after repeated 403/429: lite.duckduckgo.com
  financial advisor website design agency Charlotte: +1
  ddg financial advisor website design agency Indianapolis: host blocked after repeated 403/429: lite.duckduckgo.com
  financial advisor website design agency Indianapolis: +0
  ddg financial advisor website design agency San Francisco: host blocked after repeated 403/429: lite.duckduckgo.com
  financial advisor website design agency San Francisco: +4
  ddg financial advisor website design agency Seattle: host blocked after repeated 403/429: lite.duckduckgo.com
  financial advisor website design agency Seattle: +1
  ddg financial advisor website design agency Denver: host blocked after repeated 403/429: lite.duckduckgo.com
  financial advisor website design agency Denver: +10
  ddg financial advisor website design agency Nashville: host blocked after repeated 403/429: lite.duckduckgo.com
  financial advisor website design agency Nashville: +0
  ddg financial advisor website design agency Boston: host blocked after repeated 403/429: lite.duckduckgo.com
  financial advisor website design agency Boston: +0
  ddg financial advisor website design agency Las Vegas: host blocked after repeated 403/429: lite.duckduckgo.com
  financial advisor website design agency Las Vegas: +9
  ddg financial advisor website design agency Portland: host blocked after repeated 403/429: lite.duckduckgo.com
  financial advisor website design agency Portland: +3
  ddg financial advisor website design agency Miami: host blocked after repeated 403/429: lite.duckduckgo.com
  financial advisor website design agency Miami: +0
  ddg financial advisor website design agency Atlanta: host blocked after repeated 403/429: lite.duckduckgo.com
  financial advisor website design agency Atlanta: +0
  ddg financial advisor website design agency Minneapolis: host blocked after repeated 403/429: lite.duckduckgo.com
  financial advisor website design agency Minneapolis: +0
  ddg financial advisor website design agency Tampa: host blocked after repeated 403/429: lite.duckduckgo.com
  financial advisor website design agency Tampa: +0
  ddg financial advisor website design agency Orlando: host blocked after repeated 403/429: lite.duckduckgo.com
  financial advisor website design agency Orlando: +2
  ddg financial advisor website design agency Raleigh: host blocked after repeated 403/429: lite.duckduckgo.com
  financial advisor website design agency Raleigh: +1
  ddg financial advisor website design agency Salt Lake City: host blocked after repeated 403/429: lite.duckduckgo.com
  financial advisor website design agency Salt Lake City: +6
  ddg financial advisor website design agency Kansas City: host blocked after repeated 403/429: lite.duckduckgo.com
  financial advisor website design agency Kansas City: +8
  ddg financial advisor website design agency Pittsburgh: host blocked after repeated 403/429: lite.duckduckgo.com
  financial advisor website design agency Pittsburgh: +0
  ddg financial advisor website design agency Cincinnati: host blocked after repeated 403/429: lite.duckduckgo.com
  financial advisor website design agency Cincinnati: +0
  ddg financial advisor website design agency Sacramento: host blocked after repeated 403/429: lite.duckduckgo.com
  financial advisor website design agency Sacramento: +0
  ddg financial advisor website design agency St. Louis: host blocked after repeated 403/429: lite.duckduckgo.com
  financial advisor website design agency St. Louis: +0
  ddg financial advisor website design agency Cleveland: host blocked after repeated 403/429: lite.duckduckgo.com
  financial advisor website design agency Cleveland: +7
  ddg financial advisor website design agency Milwaukee: host blocked after repeated 403/429: lite.duckduckgo.com
  financial advisor website design agency Milwaukee: +7
  ddg financial advisor website design agency Baltimore: host blocked after repeated 403/429: lite.duckduckgo.com
  financial advisor website design agency Baltimore: +7
  ddg financial advisor website design agency Detroit: host blocked after repeated 403/429: lite.duckduckgo.com
  financial advisor website design agency Detroit: +0
  ddg financial advisor website design agency Oklahoma City: host blocked after repeated 403/429: lite.duckduckgo.com
  financial advisor website design agency Oklahoma City: +4
  ddg financial advisor website design agency Richmond: host blocked after repeated 403/429: lite.duckduckgo.com
  financial advisor website design agency Richmond: +5
  ddg SaaS startup website design agency New York: host blocked after repeated 403/429: lite.duckduckgo.com
  SaaS startup website design agency New York: +6
  ddg SaaS startup website design agency Los Angeles: host blocked after repeated 403/429: lite.duckduckgo.com
  SaaS startup website design agency Los Angeles: +5
  ddg SaaS startup website design agency Chicago: host blocked after repeated 403/429: lite.duckduckgo.com
  SaaS startup website design agency Chicago: +3
  ddg SaaS startup website design agency Houston: host blocked after repeated 403/429: lite.duckduckgo.com
  SaaS startup website design agency Houston: +3
  ddg SaaS startup website design agency Phoenix: host blocked after repeated 403/429: lite.duckduckgo.com
  SaaS startup website design agency Phoenix: +0
  ddg SaaS startup website design agency Philadelphia: host blocked after repeated 403/429: lite.duckduckgo.com
  SaaS startup website design agency Philadelphia: +0
  ddg SaaS startup website design agency San Antonio: host blocked after repeated 403/429: lite.duckduckgo.com
  SaaS startup website design agency San Antonio: +2
  ddg SaaS startup website design agency San Diego: host blocked after repeated 403/429: lite.duckduckgo.com
  SaaS startup website design agency San Diego: +10
  ddg SaaS startup website design agency Dallas: host blocked after repeated 403/429: lite.duckduckgo.com
  SaaS startup website design agency Dallas: +0
  ddg SaaS startup website design agency Austin: host blocked after repeated 403/429: lite.duckduckgo.com
  SaaS startup website design agency Austin: +0
  ddg SaaS startup website design agency San Jose: host blocked after repeated 403/429: lite.duckduckgo.com
  SaaS startup website design agency San Jose: +0
  ddg SaaS startup website design agency Jacksonville: host blocked after repeated 403/429: lite.duckduckgo.com
  SaaS startup website design agency Jacksonville: +0
  ddg SaaS startup website design agency Columbus: host blocked after repeated 403/429: lite.duckduckgo.com
  SaaS startup website design agency Columbus: +0
  ddg SaaS startup website design agency Charlotte: host blocked after repeated 403/429: lite.duckduckgo.com
  SaaS startup website design agency Charlotte: +0
  ddg SaaS startup website design agency Indianapolis: host blocked after repeated 403/429: lite.duckduckgo.com
  SaaS startup website design agency Indianapolis: +2
  ddg SaaS startup website design agency San Francisco: host blocked after repeated 403/429: lite.duckduckgo.com
  SaaS startup website design agency San Francisco: +1
  ddg SaaS startup website design agency Seattle: host blocked after repeated 403/429: lite.duckduckgo.com
  SaaS startup website design agency Seattle: +0
  ddg SaaS startup website design agency Denver: host blocked after repeated 403/429: lite.duckduckgo.com
  SaaS startup website design agency Denver: +0
  ddg SaaS startup website design agency Nashville: host blocked after repeated 403/429: lite.duckduckgo.com
  SaaS startup website design agency Nashville: +1
  ddg SaaS startup website design agency Boston: host blocked after repeated 403/429: lite.duckduckgo.com
  SaaS startup website design agency Boston: +0
  ddg SaaS startup website design agency Las Vegas: host blocked after repeated 403/429: lite.duckduckgo.com
  SaaS startup website design agency Las Vegas: +1
  ddg SaaS startup website design agency Portland: host blocked after repeated 403/429: lite.duckduckgo.com
  SaaS startup website design agency Portland: +0
  ddg SaaS startup website design agency Miami: host blocked after repeated 403/429: lite.duckduckgo.com
  SaaS startup website design agency Miami: +0
  ddg SaaS startup website design agency Atlanta: host blocked after repeated 403/429: lite.duckduckgo.com
  SaaS startup website design agency Atlanta: +0
  ddg SaaS startup website design agency Minneapolis: host blocked after repeated 403/429: lite.duckduckgo.com
  SaaS startup website design agency Minneapolis: +8
  ddg SaaS startup website design agency Tampa: host blocked after repeated 403/429: lite.duckduckgo.com
  SaaS startup website design agency Tampa: +5
  ddg SaaS startup website design agency Orlando: host blocked after repeated 403/429: lite.duckduckgo.com
  SaaS startup website design agency Orlando: +6
  ddg SaaS startup website design agency Raleigh: host blocked after repeated 403/429: lite.duckduckgo.com
  SaaS startup website design agency Raleigh: +0
  ddg SaaS startup website design agency Salt Lake City: host blocked after repeated 403/429: lite.duckduckgo.com
  SaaS startup website design agency Salt Lake City: +0
  ddg SaaS startup website design agency Kansas City: host blocked after repeated 403/429: lite.duckduckgo.com
  SaaS startup website design agency Kansas City: +6
  ddg SaaS startup website design agency Pittsburgh: host blocked after repeated 403/429: lite.duckduckgo.com
  SaaS startup website design agency Pittsburgh: +0
  ddg SaaS startup website design agency Cincinnati: host blocked after repeated 403/429: lite.duckduckgo.com
  SaaS startup website design agency Cincinnati: +0
  ddg SaaS startup website design agency Sacramento: host blocked after repeated 403/429: lite.duckduckgo.com
  SaaS startup website design agency Sacramento: +6
  ddg SaaS startup website design agency St. Louis: host blocked after repeated 403/429: lite.duckduckgo.com
  SaaS startup website design agency St. Louis: +9
  ddg SaaS startup website design agency Cleveland: host blocked after repeated 403/429: lite.duckduckgo.com
  SaaS startup website design agency Cleveland: +0
  ddg SaaS startup website design agency Milwaukee: host blocked after repeated 403/429: lite.duckduckgo.com
  SaaS startup website design agency Milwaukee: +3
  ddg SaaS startup website design agency Baltimore: host blocked after repeated 403/429: lite.duckduckgo.com
  SaaS startup website design agency Baltimore: +0
  ddg SaaS startup website design agency Detroit: host blocked after repeated 403/429: lite.duckduckgo.com
  SaaS startup website design agency Detroit: +4
  ddg SaaS startup website design agency Oklahoma City: host blocked after repeated 403/429: lite.duckduckgo.com
  SaaS startup website design agency Oklahoma City: +8
  ddg SaaS startup website design agency Richmond: host blocked after repeated 403/429: lite.duckduckgo.com
  SaaS startup website design agency Richmond: +0
  ddg chiropractor website design agency New York: host blocked after repeated 403/429: lite.duckduckgo.com
  chiropractor website design agency New York: +0
  ddg chiropractor website design agency Los Angeles: host blocked after repeated 403/429: lite.duckduckgo.com
  chiropractor website design agency Los Angeles: +6
  ddg chiropractor website design agency Chicago: host blocked after repeated 403/429: lite.duckduckgo.com
  chiropractor website design agency Chicago: +1
  ddg chiropractor website design agency Houston: host blocked after repeated 403/429: lite.duckduckgo.com
  chiropractor website design agency Houston: +1
  ddg chiropractor website design agency Phoenix: host blocked after repeated 403/429: lite.duckduckgo.com
  chiropractor website design agency Phoenix: +0
  ddg chiropractor website design agency Philadelphia: host blocked after repeated 403/429: lite.duckduckgo.com
  chiropractor website design agency Philadelphia: +0
  ddg chiropractor website design agency San Antonio: host blocked after repeated 403/429: lite.duckduckgo.com
  chiropractor website design agency San Antonio: +0
  ddg chiropractor website design agency San Diego: host blocked after repeated 403/429: lite.duckduckgo.com
  chiropractor website design agency San Diego: +8
  ddg chiropractor website design agency Dallas: host blocked after repeated 403/429: lite.duckduckgo.com
  chiropractor website design agency Dallas: +3
  ddg chiropractor website design agency Austin: host blocked after repeated 403/429: lite.duckduckgo.com
  chiropractor website design agency Austin: +8
  ddg chiropractor website design agency San Jose: host blocked after repeated 403/429: lite.duckduckgo.com
  chiropractor website design agency San Jose: +0
  ddg chiropractor website design agency Jacksonville: host blocked after repeated 403/429: lite.duckduckgo.com
  chiropractor website design agency Jacksonville: +7
  ddg chiropractor website design agency Columbus: host blocked after repeated 403/429: lite.duckduckgo.com
  chiropractor website design agency Columbus: +7
  ddg chiropractor website design agency Charlotte: host blocked after repeated 403/429: lite.duckduckgo.com
  chiropractor website design agency Charlotte: +0
  ddg chiropractor website design agency Indianapolis: host blocked after repeated 403/429: lite.duckduckgo.com
  chiropractor website design agency Indianapolis: +7
  ddg chiropractor website design agency San Francisco: host blocked after repeated 403/429: lite.duckduckgo.com
  chiropractor website design agency San Francisco: +4
  ddg chiropractor website design agency Seattle: host blocked after repeated 403/429: lite.duckduckgo.com
  chiropractor website design agency Seattle: +6
  ddg chiropractor website design agency Denver: host blocked after repeated 403/429: lite.duckduckgo.com
  chiropractor website design agency Denver: +3
  ddg chiropractor website design agency Nashville: host blocked after repeated 403/429: lite.duckduckgo.com
  chiropractor website design agency Nashville: +6
  ddg chiropractor website design agency Boston: host blocked after repeated 403/429: lite.duckduckgo.com
  chiropractor website design agency Boston: +10
  ddg chiropractor website design agency Las Vegas: host blocked after repeated 403/429: lite.duckduckgo.com
  chiropractor website design agency Las Vegas: +0
  ddg chiropractor website design agency Portland: host blocked after repeated 403/429: lite.duckduckgo.com
  chiropractor website design agency Portland: +8
  ddg chiropractor website design agency Miami: host blocked after repeated 403/429: lite.duckduckgo.com
  chiropractor website design agency Miami: +0
  ddg chiropractor website design agency Atlanta: host blocked after repeated 403/429: lite.duckduckgo.com
  chiropractor website design agency Atlanta: +7
  ddg chiropractor website design agency Minneapolis: host blocked after repeated 403/429: lite.duckduckgo.com
  chiropractor website design agency Minneapolis: +4
  ddg chiropractor website design agency Tampa: host blocked after repeated 403/429: lite.duckduckgo.com
  chiropractor website design agency Tampa: +9
  ddg chiropractor website design agency Orlando: host blocked after repeated 403/429: lite.duckduckgo.com
  chiropractor website design agency Orlando: +7
  ddg chiropractor website design agency Raleigh: host blocked after repeated 403/429: lite.duckduckgo.com
  chiropractor website design agency Raleigh: +0
  ddg chiropractor website design agency Salt Lake City: host blocked after repeated 403/429: lite.duckduckgo.com
  chiropractor website design agency Salt Lake City: +0
  ddg chiropractor website design agency Kansas City: host blocked after repeated 403/429: lite.duckduckgo.com
  chiropractor website design agency Kansas City: +7
  ddg chiropractor website design agency Pittsburgh: host blocked after repeated 403/429: lite.duckduckgo.com
  chiropractor website design agency Pittsburgh: +8
  ddg chiropractor website design agency Cincinnati: host blocked after repeated 403/429: lite.duckduckgo.com
  chiropractor website design agency Cincinnati: +0
  ddg chiropractor website design agency Sacramento: host blocked after repeated 403/429: lite.duckduckgo.com
  chiropractor website design agency Sacramento: +0
  ddg chiropractor website design agency St. Louis: host blocked after repeated 403/429: lite.duckduckgo.com
  chiropractor website design agency St. Louis: +0
  ddg chiropractor website design agency Cleveland: host blocked after repeated 403/429: lite.duckduckgo.com
  chiropractor website design agency Cleveland: +0
  ddg chiropractor website design agency Milwaukee: host blocked after repeated 403/429: lite.duckduckgo.com
  chiropractor website design agency Milwaukee: +0
  ddg chiropractor website design agency Baltimore: host blocked after repeated 403/429: lite.duckduckgo.com
  chiropractor website design agency Baltimore: +7
  ddg chiropractor website design agency Detroit: host blocked after repeated 403/429: lite.duckduckgo.com
  chiropractor website design agency Detroit: +6
  ddg chiropractor website design agency Oklahoma City: host blocked after repeated 403/429: lite.duckduckgo.com
  chiropractor website design agency Oklahoma City: +4
  ddg chiropractor website design agency Richmond: host blocked after repeated 403/429: lite.duckduckgo.com
  chiropractor website design agency Richmond: +0
  ddg landscaping website design agency New York: host blocked after repeated 403/429: lite.duckduckgo.com
  landscaping website design agency New York: +7
  ddg landscaping website design agency Los Angeles: host blocked after repeated 403/429: lite.duckduckgo.com
  landscaping website design agency Los Angeles: +6
  ddg landscaping website design agency Chicago: host blocked after repeated 403/429: lite.duckduckgo.com
  landscaping website design agency Chicago: +6
  ddg landscaping website design agency Houston: host blocked after repeated 403/429: lite.duckduckgo.com
  landscaping website design agency Houston: +0
  ddg landscaping website design agency Phoenix: host blocked after repeated 403/429: lite.duckduckgo.com
  landscaping website design agency Phoenix: +0
  ddg landscaping website design agency Philadelphia: host blocked after repeated 403/429: lite.duckduckgo.com
  landscaping website design agency Philadelphia: +0
  ddg landscaping website design agency San Antonio: host blocked after repeated 403/429: lite.duckduckgo.com
  landscaping website design agency San Antonio: +8
  ddg landscaping website design agency San Diego: host blocked after repeated 403/429: lite.duckduckgo.com
  landscaping website design agency San Diego: +0
  ddg landscaping website design agency Dallas: host blocked after repeated 403/429: lite.duckduckgo.com
  landscaping website design agency Dallas: +8
  ddg landscaping website design agency Austin: host blocked after repeated 403/429: lite.duckduckgo.com
  landscaping website design agency Austin: +1
  ddg landscaping website design agency San Jose: host blocked after repeated 403/429: lite.duckduckgo.com
  landscaping website design agency San Jose: +6
  ddg landscaping website design agency Jacksonville: host blocked after repeated 403/429: lite.duckduckgo.com
  landscaping website design agency Jacksonville: +7
  ddg landscaping website design agency Columbus: host blocked after repeated 403/429: lite.duckduckgo.com
  landscaping website design agency Columbus: +1
  ddg landscaping website design agency Charlotte: host blocked after repeated 403/429: lite.duckduckgo.com
  landscaping website design agency Charlotte: +8
  ddg landscaping website design agency Indianapolis: host blocked after repeated 403/429: lite.duckduckgo.com
  landscaping website design agency Indianapolis: +5
  ddg landscaping website design agency San Francisco: host blocked after repeated 403/429: lite.duckduckgo.com
  landscaping website design agency San Francisco: +1
  ddg landscaping website design agency Seattle: host blocked after repeated 403/429: lite.duckduckgo.com
  landscaping website design agency Seattle: +0
  ddg landscaping website design agency Denver: host blocked after repeated 403/429: lite.duckduckgo.com
  landscaping website design agency Denver: +0
  ddg landscaping website design agency Nashville: host blocked after repeated 403/429: lite.duckduckgo.com
  landscaping website design agency Nashville: +3
  ddg landscaping website design agency Boston: host blocked after repeated 403/429: lite.duckduckgo.com
  landscaping website design agency Boston: +3
  ddg landscaping website design agency Las Vegas: host blocked after repeated 403/429: lite.duckduckgo.com
  landscaping website design agency Las Vegas: +8
  ddg landscaping website design agency Portland: host blocked after repeated 403/429: lite.duckduckgo.com
  landscaping website design agency Portland: +2
  ddg landscaping website design agency Miami: host blocked after repeated 403/429: lite.duckduckgo.com
  landscaping website design agency Miami: +6
  ddg landscaping website design agency Atlanta: host blocked after repeated 403/429: lite.duckduckgo.com
  landscaping website design agency Atlanta: +2
  ddg landscaping website design agency Minneapolis: host blocked after repeated 403/429: lite.duckduckgo.com
  landscaping website design agency Minneapolis: +5
  ddg landscaping website design agency Tampa: host blocked after repeated 403/429: lite.duckduckgo.com
  landscaping website design agency Tampa: +0
  ddg landscaping website design agency Orlando: host blocked after repeated 403/429: lite.duckduckgo.com
  landscaping website design agency Orlando: +4
  ddg landscaping website design agency Raleigh: host blocked after repeated 403/429: lite.duckduckgo.com
  landscaping website design agency Raleigh: +5
  ddg landscaping website design agency Salt Lake City: host blocked after repeated 403/429: lite.duckduckgo.com
  landscaping website design agency Salt Lake City: +0
  ddg landscaping website design agency Kansas City: host blocked after repeated 403/429: lite.duckduckgo.com
  landscaping website design agency Kansas City: +1
  ddg landscaping website design agency Pittsburgh: host blocked after repeated 403/429: lite.duckduckgo.com
  landscaping website design agency Pittsburgh: +10
  ddg landscaping website design agency Cincinnati: host blocked after repeated 403/429: lite.duckduckgo.com
  landscaping website design agency Cincinnati: +0
  ddg landscaping website design agency Sacramento: host blocked after repeated 403/429: lite.duckduckgo.com
  landscaping website design agency Sacramento: +0
  ddg landscaping website design agency St. Louis: host blocked after repeated 403/429: lite.duckduckgo.com
  landscaping website design agency St. Louis: +3
  ddg landscaping website design agency Cleveland: host blocked after repeated 403/429: lite.duckduckgo.com
  landscaping website design agency Cleveland: +1
  ddg landscaping website design agency Milwaukee: host blocked after repeated 403/429: lite.duckduckgo.com
  landscaping website design agency Milwaukee: +0
  ddg landscaping website design agency Baltimore: host blocked after repeated 403/429: lite.duckduckgo.com
  landscaping website design agency Baltimore: +0
  ddg landscaping website design agency Detroit: host blocked after repeated 403/429: lite.duckduckgo.com
  landscaping website design agency Detroit: +1
  ddg landscaping website design agency Oklahoma City: host blocked after repeated 403/429: lite.duckduckgo.com
  landscaping website design agency Oklahoma City: +2
  ddg landscaping website design agency Richmond: host blocked after repeated 403/429: lite.duckduckgo.com
  landscaping website design agency Richmond: +7
  ddg roofing website design agency New York: host blocked after repeated 403/429: lite.duckduckgo.com
  roofing website design agency New York: +8
  ddg roofing website design agency Los Angeles: host blocked after repeated 403/429: lite.duckduckgo.com
  roofing website design agency Los Angeles: +3
  ddg roofing website design agency Chicago: host blocked after repeated 403/429: lite.duckduckgo.com
  roofing website design agency Chicago: +1
  ddg roofing website design agency Houston: host blocked after repeated 403/429: lite.duckduckgo.com
  roofing website design agency Houston: +9
  ddg roofing website design agency Phoenix: host blocked after repeated 403/429: lite.duckduckgo.com
  roofing website design agency Phoenix: +6
  ddg roofing website design agency Philadelphia: host blocked after repeated 403/429: lite.duckduckgo.com
  roofing website design agency Philadelphia: +3
  ddg roofing website design agency San Antonio: host blocked after repeated 403/429: lite.duckduckgo.com
  roofing website design agency San Antonio: +0
  ddg roofing website design agency San Diego: host blocked after repeated 403/429: lite.duckduckgo.com
  roofing website design agency San Diego: +0
  ddg roofing website design agency Dallas: host blocked after repeated 403/429: lite.duckduckgo.com
  roofing website design agency Dallas: +1
  ddg roofing website design agency Austin: host blocked after repeated 403/429: lite.duckduckgo.com
  roofing website design agency Austin: +7
  ddg roofing website design agency San Jose: host blocked after repeated 403/429: lite.duckduckgo.com
  roofing website design agency San Jose: +5
  ddg roofing website design agency Jacksonville: host blocked after repeated 403/429: lite.duckduckgo.com
  roofing website design agency Jacksonville: +10
  ddg roofing website design agency Columbus: host blocked after repeated 403/429: lite.duckduckgo.com
  roofing website design agency Columbus: +0
  ddg roofing website design agency Charlotte: host blocked after repeated 403/429: lite.duckduckgo.com
  roofing website design agency Charlotte: +5
  ddg roofing website design agency Indianapolis: host blocked after repeated 403/429: lite.duckduckgo.com
  roofing website design agency Indianapolis: +5
  ddg roofing website design agency San Francisco: host blocked after repeated 403/429: lite.duckduckgo.com
  roofing website design agency San Francisco: +3
  ddg roofing website design agency Seattle: host blocked after repeated 403/429: lite.duckduckgo.com
  roofing website design agency Seattle: +0
  ddg roofing website design agency Denver: host blocked after repeated 403/429: lite.duckduckgo.com
  roofing website design agency Denver: +0
  ddg roofing website design agency Nashville: host blocked after repeated 403/429: lite.duckduckgo.com
  roofing website design agency Nashville: +0
  ddg roofing website design agency Boston: host blocked after repeated 403/429: lite.duckduckgo.com
  roofing website design agency Boston: +0
  ddg roofing website design agency Las Vegas: host blocked after repeated 403/429: lite.duckduckgo.com
  roofing website design agency Las Vegas: +0
  ddg roofing website design agency Portland: host blocked after repeated 403/429: lite.duckduckgo.com
  roofing website design agency Portland: +1
  ddg roofing website design agency Miami: host blocked after repeated 403/429: lite.duckduckgo.com
  roofing website design agency Miami: +9
  ddg roofing website design agency Atlanta: host blocked after repeated 403/429: lite.duckduckgo.com
  roofing website design agency Atlanta: +0
  ddg roofing website design agency Minneapolis: host blocked after repeated 403/429: lite.duckduckgo.com
  roofing website design agency Minneapolis: +2
  ddg roofing website design agency Tampa: host blocked after repeated 403/429: lite.duckduckgo.com
  roofing website design agency Tampa: +0
  ddg roofing website design agency Orlando: host blocked after repeated 403/429: lite.duckduckgo.com
  roofing website design agency Orlando: +1
  ddg roofing website design agency Raleigh: host blocked after repeated 403/429: lite.duckduckgo.com
  roofing website design agency Raleigh: +0
  ddg roofing website design agency Salt Lake City: host blocked after repeated 403/429: lite.duckduckgo.com
  roofing website design agency Salt Lake City: +3
  ddg roofing website design agency Kansas City: host blocked after repeated 403/429: lite.duckduckgo.com
  roofing website design agency Kansas City: +0
  ddg roofing website design agency Pittsburgh: host blocked after repeated 403/429: lite.duckduckgo.com
  roofing website design agency Pittsburgh: +6
  ddg roofing website design agency Cincinnati: host blocked after repeated 403/429: lite.duckduckgo.com
  roofing website design agency Cincinnati: +7
  ddg roofing website design agency Sacramento: host blocked after repeated 403/429: lite.duckduckgo.com
  roofing website design agency Sacramento: +0
  ddg roofing website design agency St. Louis: host blocked after repeated 403/429: lite.duckduckgo.com
  roofing website design agency St. Louis: +0
  ddg roofing website design agency Cleveland: host blocked after repeated 403/429: lite.duckduckgo.com
  roofing website design agency Cleveland: +0
  ddg roofing website design agency Milwaukee: host blocked after repeated 403/429: lite.duckduckgo.com
  roofing website design agency Milwaukee: +8
  ddg roofing website design agency Baltimore: host blocked after repeated 403/429: lite.duckduckgo.com
  roofing website design agency Baltimore: +6
  ddg roofing website design agency Detroit: host blocked after repeated 403/429: lite.duckduckgo.com
  roofing website design agency Detroit: +0
  ddg roofing website design agency Oklahoma City: host blocked after repeated 403/429: lite.duckduckgo.com
  roofing website design agency Oklahoma City: +8
  ddg roofing website design agency Richmond: host blocked after repeated 403/429: lite.duckduckgo.com
  roofing website design agency Richmond: +0
== search / au
  ddg dental website design agency Melbourne: host blocked after repeated 403/429: lite.duckduckgo.com
  dental website design agency Melbourne: +6
  ddg dental website design agency Brisbane: host blocked after repeated 403/429: lite.duckduckgo.com
  dental website design agency Brisbane: +9
  ddg dental website design agency Perth: host blocked after repeated 403/429: lite.duckduckgo.com
  dental website design agency Perth: +9
  ddg dental website design agency Adelaide: host blocked after repeated 403/429: lite.duckduckgo.com
  dental website design agency Adelaide: +9
  ddg dental website design agency Gold Coast: host blocked after repeated 403/429: lite.duckduckgo.com
  dental website design agency Gold Coast: +0
  ddg dental website design agency Canberra: host blocked after repeated 403/429: lite.duckduckgo.com
  dental website design agency Canberra: +4
  ddg dental website design agency Newcastle: host blocked after repeated 403/429: lite.duckduckgo.com
  dental website design agency Newcastle: +0
  ddg dental website design agency Hobart: host blocked after repeated 403/429: lite.duckduckgo.com
  dental website design agency Hobart: +2
  ddg dental website design agency Sunshine Coast: host blocked after repeated 403/429: lite.duckduckgo.com
  dental website design agency Sunshine Coast: +3
  ddg dental website design agency Geelong: host blocked after repeated 403/429: lite.duckduckgo.com
  dental website design agency Geelong: +9
  ddg dental website design agency Wollongong: host blocked after repeated 403/429: lite.duckduckgo.com
  dental website design agency Wollongong: +1
  ddg law firm website design agency Sydney: host blocked after repeated 403/429: lite.duckduckgo.com
  law firm website design agency Sydney: +0
  ddg law firm website design agency Melbourne: host blocked after repeated 403/429: lite.duckduckgo.com
  law firm website design agency Melbourne: +0
  ddg law firm website design agency Brisbane: host blocked after repeated 403/429: lite.duckduckgo.com
  law firm website design agency Brisbane: +2
  ddg law firm website design agency Perth: host blocked after repeated 403/429: lite.duckduckgo.com
  law firm website design agency Perth: +4
  ddg law firm website design agency Adelaide: host blocked after repeated 403/429: lite.duckduckgo.com
  law firm website design agency Adelaide: +1
  ddg law firm website design agency Gold Coast: host blocked after repeated 403/429: lite.duckduckgo.com
  law firm website design agency Gold Coast: +6
  ddg law firm website design agency Canberra: host blocked after repeated 403/429: lite.duckduckgo.com
  law firm website design agency Canberra: +8
  ddg law firm website design agency Newcastle: host blocked after repeated 403/429: lite.duckduckgo.com
  law firm website design agency Newcastle: +0
  ddg law firm website design agency Hobart: host blocked after repeated 403/429: lite.duckduckgo.com
  law firm website design agency Hobart: +1
  ddg law firm website design agency Sunshine Coast: host blocked after repeated 403/429: lite.duckduckgo.com
  law firm website design agency Sunshine Coast: +5
  ddg law firm website design agency Geelong: host blocked after repeated 403/429: lite.duckduckgo.com
  law firm website design agency Geelong: +8
  ddg law firm website design agency Wollongong: host blocked after repeated 403/429: lite.duckduckgo.com
  law firm website design agency Wollongong: +4
  ddg medical practice website design agency Sydney: host blocked after repeated 403/429: lite.duckduckgo.com
  medical practice website design agency Sydney: +0
  ddg medical practice website design agency Melbourne: host blocked after repeated 403/429: lite.duckduckgo.com
  medical practice website design agency Melbourne: +6
  ddg medical practice website design agency Brisbane: host blocked after repeated 403/429: lite.duckduckgo.com
  medical practice website design agency Brisbane: +0
  ddg medical practice website design agency Perth: host blocked after repeated 403/429: lite.duckduckgo.com
  medical practice website design agency Perth: +8
  ddg medical practice website design agency Adelaide: host blocked after repeated 403/429: lite.duckduckgo.com
  medical practice website design agency Adelaide: +19
  ddg medical practice website design agency Gold Coast: host blocked after repeated 403/429: lite.duckduckgo.com
  medical practice website design agency Gold Coast: +6
  ddg medical practice website design agency Canberra: host blocked after repeated 403/429: lite.duckduckgo.com
  medical practice website design agency Canberra: +0
  ddg medical practice website design agency Newcastle: host blocked after repeated 403/429: lite.duckduckgo.com
  medical practice website design agency Newcastle: +4
  ddg medical practice website design agency Hobart: host blocked after repeated 403/429: lite.duckduckgo.com
  medical practice website design agency Hobart: +6
  ddg medical practice website design agency Sunshine Coast: host blocked after repeated 403/429: lite.duckduckgo.com
  medical practice website design agency Sunshine Coast: +0
  ddg medical practice website design agency Geelong: host blocked after repeated 403/429: lite.duckduckgo.com
  medical practice website design agency Geelong: +8
  ddg medical practice website design agency Wollongong: host blocked after repeated 403/429: lite.duckduckgo.com
  medical practice website design agency Wollongong: +3
  ddg restaurant website design agency Sydney: host blocked after repeated 403/429: lite.duckduckgo.com
  restaurant website design agency Sydney: +0
  ddg restaurant website design agency Melbourne: host blocked after repeated 403/429: lite.duckduckgo.com
  restaurant website design agency Melbourne: +1
  ddg restaurant website design agency Brisbane: host blocked after repeated 403/429: lite.duckduckgo.com
  restaurant website design agency Brisbane: +8
  ddg restaurant website design agency Perth: host blocked after repeated 403/429: lite.duckduckgo.com
  restaurant website design agency Perth: +7
  ddg restaurant website design agency Adelaide: host blocked after repeated 403/429: lite.duckduckgo.com
  restaurant website design agency Adelaide: +3
  ddg restaurant website design agency Gold Coast: host blocked after repeated 403/429: lite.duckduckgo.com
  restaurant website design agency Gold Coast: +5
  ddg restaurant website design agency Canberra: host blocked after repeated 403/429: lite.duckduckgo.com
  restaurant website design agency Canberra: +2
  ddg restaurant website design agency Newcastle: host blocked after repeated 403/429: lite.duckduckgo.com
  restaurant website design agency Newcastle: +9
  ddg restaurant website design agency Hobart: host blocked after repeated 403/429: lite.duckduckgo.com
  restaurant website design agency Hobart: +10
  ddg restaurant website design agency Sunshine Coast: host blocked after repeated 403/429: lite.duckduckgo.com
  restaurant website design agency Sunshine Coast: +7
  ddg restaurant website design agency Geelong: host blocked after repeated 403/429: lite.duckduckgo.com
  restaurant website design agency Geelong: +2
  ddg restaurant website design agency Wollongong: host blocked after repeated 403/429: lite.duckduckgo.com
  restaurant website design agency Wollongong: +1
  ddg real estate website design agency Sydney: host blocked after repeated 403/429: lite.duckduckgo.com
  real estate website design agency Sydney: +0
  ddg real estate website design agency Melbourne: host blocked after repeated 403/429: lite.duckduckgo.com
  real estate website design agency Melbourne: +1
  ddg real estate website design agency Brisbane: host blocked after repeated 403/429: lite.duckduckgo.com
  real estate website design agency Brisbane: +5
  ddg real estate website design agency Perth: host blocked after repeated 403/429: lite.duckduckgo.com
  real estate website design agency Perth: +5
  ddg real estate website design agency Adelaide: host blocked after repeated 403/429: lite.duckduckgo.com
  real estate website design agency Adelaide: +5
  ddg real estate website design agency Gold Coast: host blocked after repeated 403/429: lite.duckduckgo.com
  real estate website design agency Gold Coast: +2
  ddg real estate website design agency Canberra: host blocked after repeated 403/429: lite.duckduckgo.com
  real estate website design agency Canberra: +4
  ddg real estate website design agency Newcastle: host blocked after repeated 403/429: lite.duckduckgo.com
  real estate website design agency Newcastle: +0
  ddg real estate website design agency Hobart: host blocked after repeated 403/429: lite.duckduckgo.com
  real estate website design agency Hobart: +0
  ddg real estate website design agency Sunshine Coast: host blocked after repeated 403/429: lite.duckduckgo.com
  real estate website design agency Sunshine Coast: +5
  ddg real estate website design agency Geelong: host blocked after repeated 403/429: lite.duckduckgo.com
  real estate website design agency Geelong: +0
  ddg real estate website design agency Wollongong: host blocked after repeated 403/429: lite.duckduckgo.com
  real estate website design agency Wollongong: +9
  ddg plumber electrician website design agency Sydney: host blocked after repeated 403/429: lite.duckduckgo.com
  plumber electrician website design agency Sydney: +5
  ddg plumber electrician website design agency Melbourne: host blocked after repeated 403/429: lite.duckduckgo.com
  plumber electrician website design agency Melbourne: +0
  ddg plumber electrician website design agency Brisbane: host blocked after repeated 403/429: lite.duckduckgo.com
  plumber electrician website design agency Brisbane: +0
  ddg plumber electrician website design agency Perth: host blocked after repeated 403/429: lite.duckduckgo.com
  plumber electrician website design agency Perth: +0
  ddg plumber electrician website design agency Adelaide: host blocked after repeated 403/429: lite.duckduckgo.com
  plumber electrician website design agency Adelaide: +0
  ddg plumber electrician website design agency Gold Coast: host blocked after repeated 403/429: lite.duckduckgo.com
  plumber electrician website design agency Gold Coast: +1
  ddg plumber electrician website design agency Canberra: host blocked after repeated 403/429: lite.duckduckgo.com
  plumber electrician website design agency Canberra: +1
  ddg plumber electrician website design agency Newcastle: host blocked after repeated 403/429: lite.duckduckgo.com
  plumber electrician website design agency Newcastle: +3
  ddg plumber electrician website design agency Hobart: host blocked after repeated 403/429: lite.duckduckgo.com
  plumber electrician website design agency Hobart: +6
  ddg plumber electrician website design agency Sunshine Coast: host blocked after repeated 403/429: lite.duckduckgo.com
  plumber electrician website design agency Sunshine Coast: +0
  ddg plumber electrician website design agency Geelong: host blocked after repeated 403/429: lite.duckduckgo.com
  plumber electrician website design agency Geelong: +0
  ddg plumber electrician website design agency Wollongong: host blocked after repeated 403/429: lite.duckduckgo.com
  plumber electrician website design agency Wollongong: +8
  ddg accounting firm website design agency Sydney: host blocked after repeated 403/429: lite.duckduckgo.com
  accounting firm website design agency Sydney: +5
  ddg accounting firm website design agency Melbourne: host blocked after repeated 403/429: lite.duckduckgo.com
  accounting firm website design agency Melbourne: +0
  ddg accounting firm website design agency Brisbane: host blocked after repeated 403/429: lite.duckduckgo.com
  accounting firm website design agency Brisbane: +4
  ddg accounting firm website design agency Perth: host blocked after repeated 403/429: lite.duckduckgo.com
  accounting firm website design agency Perth: +8
  ddg accounting firm website design agency Adelaide: host blocked after repeated 403/429: lite.duckduckgo.com
  accounting firm website design agency Adelaide: +3
  ddg accounting firm website design agency Gold Coast: host blocked after repeated 403/429: lite.duckduckgo.com
  accounting firm website design agency Gold Coast: +0
  ddg accounting firm website design agency Canberra: host blocked after repeated 403/429: lite.duckduckgo.com
  accounting firm website design agency Canberra: +0
  ddg accounting firm website design agency Newcastle: host blocked after repeated 403/429: lite.duckduckgo.com
  accounting firm website design agency Newcastle: +0
  ddg accounting firm website design agency Hobart: host blocked after repeated 403/429: lite.duckduckgo.com
  accounting firm website design agency Hobart: +0
  ddg accounting firm website design agency Sunshine Coast: host blocked after repeated 403/429: lite.duckduckgo.com
  accounting firm website design agency Sunshine Coast: +1
  ddg accounting firm website design agency Geelong: host blocked after repeated 403/429: lite.duckduckgo.com
  accounting firm website design agency Geelong: +1
  ddg accounting firm website design agency Wollongong: host blocked after repeated 403/429: lite.duckduckgo.com
  accounting firm website design agency Wollongong: +0
  ddg gym fitness website design agency Sydney: host blocked after repeated 403/429: lite.duckduckgo.com
  gym fitness website design agency Sydney: +3
  ddg gym fitness website design agency Melbourne: host blocked after repeated 403/429: lite.duckduckgo.com
  gym fitness website design agency Melbourne: +1
  ddg gym fitness website design agency Brisbane: host blocked after repeated 403/429: lite.duckduckgo.com
  gym fitness website design agency Brisbane: +7
  ddg gym fitness website design agency Perth: host blocked after repeated 403/429: lite.duckduckgo.com
  gym fitness website design agency Perth: +5
  ddg gym fitness website design agency Adelaide: host blocked after repeated 403/429: lite.duckduckgo.com
  gym fitness website design agency Adelaide: +5
  ddg gym fitness website design agency Gold Coast: host blocked after repeated 403/429: lite.duckduckgo.com
  gym fitness website design agency Gold Coast: +0
  ddg gym fitness website design agency Canberra: host blocked after repeated 403/429: lite.duckduckgo.com
  gym fitness website design agency Canberra: +4
  ddg gym fitness website design agency Newcastle: host blocked after repeated 403/429: lite.duckduckgo.com
  gym fitness website design agency Newcastle: +10
  ddg gym fitness website design agency Hobart: host blocked after repeated 403/429: lite.duckduckgo.com
  gym fitness website design agency Hobart: +0
  ddg gym fitness website design agency Sunshine Coast: host blocked after repeated 403/429: lite.duckduckgo.com
  gym fitness website design agency Sunshine Coast: +5
  ddg gym fitness website design agency Geelong: host blocked after repeated 403/429: lite.duckduckgo.com
  gym fitness website design agency Geelong: +0
  ddg gym fitness website design agency Wollongong: host blocked after repeated 403/429: lite.duckduckgo.com
  gym fitness website design agency Wollongong: +1
  ddg hotel website design agency Sydney: host blocked after repeated 403/429: lite.duckduckgo.com
  hotel website design agency Sydney: +0
  ddg hotel website design agency Melbourne: host blocked after repeated 403/429: lite.duckduckgo.com
  hotel website design agency Melbourne: +4
  ddg hotel website design agency Brisbane: host blocked after repeated 403/429: lite.duckduckgo.com
  hotel website design agency Brisbane: +0
  ddg hotel website design agency Perth: host blocked after repeated 403/429: lite.duckduckgo.com
  hotel website design agency Perth: +0
  ddg hotel website design agency Adelaide: host blocked after repeated 403/429: lite.duckduckgo.com
  hotel website design agency Adelaide: +1
  ddg hotel website design agency Gold Coast: host blocked after repeated 403/429: lite.duckduckgo.com
  hotel website design agency Gold Coast: +6
  ddg hotel website design agency Canberra: host blocked after repeated 403/429: lite.duckduckgo.com
  hotel website design agency Canberra: +0
  ddg hotel website design agency Newcastle: host blocked after repeated 403/429: lite.duckduckgo.com
  hotel website design agency Newcastle: +5
  ddg hotel website design agency Hobart: host blocked after repeated 403/429: lite.duckduckgo.com
  hotel website design agency Hobart: +0
  ddg hotel website design agency Sunshine Coast: host blocked after repeated 403/429: lite.duckduckgo.com
  hotel website design agency Sunshine Coast: +0
  ddg hotel website design agency Geelong: host blocked after repeated 403/429: lite.duckduckgo.com
  hotel website design agency Geelong: +5
  ddg hotel website design agency Wollongong: host blocked after repeated 403/429: lite.duckduckgo.com
  hotel website design agency Wollongong: +1
  ddg church nonprofit website design agency Sydney: host blocked after repeated 403/429: lite.duckduckgo.com
  church nonprofit website design agency Sydney: +0
  ddg church nonprofit website design agency Melbourne: host blocked after repeated 403/429: lite.duckduckgo.com
  church nonprofit website design agency Melbourne: +1
  ddg church nonprofit website design agency Brisbane: host blocked after repeated 403/429: lite.duckduckgo.com
  church nonprofit website design agency Brisbane: +0
  ddg church nonprofit website design agency Perth: host blocked after repeated 403/429: lite.duckduckgo.com
  church nonprofit website design agency Perth: +2
  ddg church nonprofit website design agency Adelaide: host blocked after repeated 403/429: lite.duckduckgo.com
  church nonprofit website design agency Adelaide: +1
  ddg church nonprofit website design agency Gold Coast: host blocked after repeated 403/429: lite.duckduckgo.com
  church nonprofit website design agency Gold Coast: +8
  ddg church nonprofit website design agency Canberra: host blocked after repeated 403/429: lite.duckduckgo.com
  church nonprofit website design agency Canberra: +12
  ddg church nonprofit website design agency Newcastle: host blocked after repeated 403/429: lite.duckduckgo.com
  church nonprofit website design agency Newcastle: +0
  ddg church nonprofit website design agency Hobart: host blocked after repeated 403/429: lite.duckduckgo.com
  church nonprofit website design agency Hobart: +4
  ddg church nonprofit website design agency Sunshine Coast: host blocked after repeated 403/429: lite.duckduckgo.com
  church nonprofit website design agency Sunshine Coast: +0
  ddg church nonprofit website design agency Geelong: host blocked after repeated 403/429: lite.duckduckgo.com
  church nonprofit website design agency Geelong: +6
  ddg church nonprofit website design agency Wollongong: host blocked after repeated 403/429: lite.duckduckgo.com
  church nonprofit website design agency Wollongong: +1
  ddg ecommerce website design agency Sydney: host blocked after repeated 403/429: lite.duckduckgo.com
  ecommerce website design agency Sydney: +7
  ddg ecommerce website design agency Melbourne: host blocked after repeated 403/429: lite.duckduckgo.com
  ecommerce website design agency Melbourne: +0
  ddg ecommerce website design agency Brisbane: host blocked after repeated 403/429: lite.duckduckgo.com
  ecommerce website design agency Brisbane: +0
  ddg ecommerce website design agency Perth: host blocked after repeated 403/429: lite.duckduckgo.com
  ecommerce website design agency Perth: +10
  ddg ecommerce website design agency Adelaide: host blocked after repeated 403/429: lite.duckduckgo.com
  ecommerce website design agency Adelaide: +3
  ddg ecommerce website design agency Gold Coast: host blocked after repeated 403/429: lite.duckduckgo.com
  ecommerce website design agency Gold Coast: +2
  ddg ecommerce website design agency Canberra: host blocked after repeated 403/429: lite.duckduckgo.com
  ecommerce website design agency Canberra: +0
  ddg ecommerce website design agency Newcastle: host blocked after repeated 403/429: lite.duckduckgo.com
  ecommerce website design agency Newcastle: +7
  ddg ecommerce website design agency Hobart: host blocked after repeated 403/429: lite.duckduckgo.com
  ecommerce website design agency Hobart: +6
  ddg ecommerce website design agency Sunshine Coast: host blocked after repeated 403/429: lite.duckduckgo.com
  ecommerce website design agency Sunshine Coast: +5
  ddg ecommerce website design agency Geelong: host blocked after repeated 403/429: lite.duckduckgo.com
  ecommerce website design agency Geelong: +1
  ddg ecommerce website design agency Wollongong: host blocked after repeated 403/429: lite.duckduckgo.com
  ecommerce website design agency Wollongong: +0
  ddg Shopify website design agency Sydney: host blocked after repeated 403/429: lite.duckduckgo.com
  Shopify website design agency Sydney: +1
  ddg Shopify website design agency Melbourne: host blocked after repeated 403/429: lite.duckduckgo.com
  Shopify website design agency Melbourne: +0
  ddg Shopify website design agency Brisbane: host blocked after repeated 403/429: lite.duckduckgo.com
  Shopify website design agency Brisbane: +3
  ddg Shopify website design agency Perth: host blocked after repeated 403/429: lite.duckduckgo.com
  Shopify website design agency Perth: +0
  ddg Shopify website design agency Adelaide: host blocked after repeated 403/429: lite.duckduckgo.com
  Shopify website design agency Adelaide: +2
  ddg Shopify website design agency Gold Coast: host blocked after repeated 403/429: lite.duckduckgo.com
  Shopify website design agency Gold Coast: +1
  ddg Shopify website design agency Canberra: host blocked after repeated 403/429: lite.duckduckgo.com
  Shopify website design agency Canberra: +4
  ddg Shopify website design agency Newcastle: host blocked after repeated 403/429: lite.duckduckgo.com
  Shopify website design agency Newcastle: +0
  ddg Shopify website design agency Hobart: host blocked after repeated 403/429: lite.duckduckgo.com
  Shopify website design agency Hobart: +9
  ddg Shopify website design agency Sunshine Coast: host blocked after repeated 403/429: lite.duckduckgo.com
  Shopify website design agency Sunshine Coast: +0
  ddg Shopify website design agency Geelong: host blocked after repeated 403/429: lite.duckduckgo.com
  Shopify website design agency Geelong: +1
  ddg Shopify website design agency Wollongong: host blocked after repeated 403/429: lite.duckduckgo.com
  Shopify website design agency Wollongong: +0
  ddg WordPress website design agency Sydney: host blocked after repeated 403/429: lite.duckduckgo.com
  WordPress website design agency Sydney: +1
  ddg WordPress website design agency Melbourne: host blocked after repeated 403/429: lite.duckduckgo.com
  WordPress website design agency Melbourne: +0
  ddg WordPress website design agency Brisbane: host blocked after repeated 403/429: lite.duckduckgo.com
  WordPress website design agency Brisbane: +8
  ddg WordPress website design agency Perth: host blocked after repeated 403/429: lite.duckduckgo.com
  WordPress website design agency Perth: +3
  ddg WordPress website design agency Adelaide: host blocked after repeated 403/429: lite.duckduckgo.com
  WordPress website design agency Adelaide: +10
  ddg WordPress website design agency Gold Coast: host blocked after repeated 403/429: lite.duckduckgo.com
  WordPress website design agency Gold Coast: +0
  ddg WordPress website design agency Canberra: host blocked after repeated 403/429: lite.duckduckgo.com
  WordPress website design agency Canberra: +0
  ddg WordPress website design agency Newcastle: host blocked after repeated 403/429: lite.duckduckgo.com
  WordPress website design agency Newcastle: +0
  ddg WordPress website design agency Hobart: host blocked after repeated 403/429: lite.duckduckgo.com
  WordPress website design agency Hobart: +7
  ddg WordPress website design agency Sunshine Coast: host blocked after repeated 403/429: lite.duckduckgo.com
  WordPress website design agency Sunshine Coast: +0
  ddg WordPress website design agency Geelong: host blocked after repeated 403/429: lite.duckduckgo.com
  WordPress website design agency Geelong: +3
  ddg WordPress website design agency Wollongong: host blocked after repeated 403/429: lite.duckduckgo.com
  WordPress website design agency Wollongong: +2
  ddg Webflow website design agency Sydney: host blocked after repeated 403/429: lite.duckduckgo.com
  Webflow website design agency Sydney: +8
  ddg Webflow website design agency Melbourne: host blocked after repeated 403/429: lite.duckduckgo.com
  Webflow website design agency Melbourne: +5
  ddg Webflow website design agency Brisbane: host blocked after repeated 403/429: lite.duckduckgo.com
  Webflow website design agency Brisbane: +9
  ddg Webflow website design agency Perth: host blocked after repeated 403/429: lite.duckduckgo.com
  Webflow website design agency Perth: +1
  ddg Webflow website design agency Adelaide: host blocked after repeated 403/429: lite.duckduckgo.com
  Webflow website design agency Adelaide: +5
  ddg Webflow website design agency Gold Coast: host blocked after repeated 403/429: lite.duckduckgo.com
  Webflow website design agency Gold Coast: +0
  ddg Webflow website design agency Canberra: host blocked after repeated 403/429: lite.duckduckgo.com
  Webflow website design agency Canberra: +0
  ddg Webflow website design agency Newcastle: host blocked after repeated 403/429: lite.duckduckgo.com
  Webflow website design agency Newcastle: +1
  ddg Webflow website design agency Hobart: host blocked after repeated 403/429: lite.duckduckgo.com
  Webflow website design agency Hobart: +35
  ddg Webflow website design agency Sunshine Coast: host blocked after repeated 403/429: lite.duckduckgo.com
  Webflow website design agency Sunshine Coast: +0
  ddg Webflow website design agency Geelong: host blocked after repeated 403/429: lite.duckduckgo.com
  Webflow website design agency Geelong: +0
  ddg Webflow website design agency Wollongong: host blocked after repeated 403/429: lite.duckduckgo.com
  Webflow website design agency Wollongong: +7
  ddg small business website design agency Sydney: host blocked after repeated 403/429: lite.duckduckgo.com
  small business website design agency Sydney: +0
  ddg small business website design agency Melbourne: host blocked after repeated 403/429: lite.duckduckgo.com
  small business website design agency Melbourne: +1
  ddg small business website design agency Brisbane: host blocked after repeated 403/429: lite.duckduckgo.com
  small business website design agency Brisbane: +7
  ddg small business website design agency Perth: host blocked after repeated 403/429: lite.duckduckgo.com
  small business website design agency Perth: +0
  ddg small business website design agency Adelaide: host blocked after repeated 403/429: lite.duckduckgo.com
  small business website design agency Adelaide: +2
  ddg small business website design agency Gold Coast: host blocked after repeated 403/429: lite.duckduckgo.com
  small business website design agency Gold Coast: +0
  ddg small business website design agency Canberra: host blocked after repeated 403/429: lite.duckduckgo.com
  small business website design agency Canberra: +3
  ddg small business website design agency Newcastle: host blocked after repeated 403/429: lite.duckduckgo.com
  small business website design agency Newcastle: +7
  ddg small business website design agency Hobart: host blocked after repeated 403/429: lite.duckduckgo.com
  small business website design agency Hobart: +0
  ddg small business website design agency Sunshine Coast: host blocked after repeated 403/429: lite.duckduckgo.com
  small business website design agency Sunshine Coast: +6
  ddg small business website design agency Geelong: host blocked after repeated 403/429: lite.duckduckgo.com
  small business website design agency Geelong: +8
  ddg small business website design agency Wollongong: host blocked after repeated 403/429: lite.duckduckgo.com
  small business website design agency Wollongong: +6
  ddg construction website design agency Sydney: host blocked after repeated 403/429: lite.duckduckgo.com
  construction website design agency Sydney: +8
  ddg construction website design agency Melbourne: host blocked after repeated 403/429: lite.duckduckgo.com
  construction website design agency Melbourne: +5
  ddg construction website design agency Brisbane: host blocked after repeated 403/429: lite.duckduckgo.com
  construction website design agency Brisbane: +2
  ddg construction website design agency Perth: host blocked after repeated 403/429: lite.duckduckgo.com
  construction website design agency Perth: +10
  ddg construction website design agency Adelaide: host blocked after repeated 403/429: lite.duckduckgo.com
  construction website design agency Adelaide: +1
  ddg construction website design agency Gold Coast: host blocked after repeated 403/429: lite.duckduckgo.com
  construction website design agency Gold Coast: +1
  ddg construction website design agency Canberra: host blocked after repeated 403/429: lite.duckduckgo.com
  construction website design agency Canberra: +7
  ddg construction website design agency Newcastle: host blocked after repeated 403/429: lite.duckduckgo.com
  construction website design agency Newcastle: +0
  ddg construction website design agency Hobart: host blocked after repeated 403/429: lite.duckduckgo.com
  construction website design agency Hobart: +0
  ddg construction website design agency Sunshine Coast: host blocked after repeated 403/429: lite.duckduckgo.com
  construction website design agency Sunshine Coast: +4
  ddg construction website design agency Geelong: host blocked after repeated 403/429: lite.duckduckgo.com
  construction website design agency Geelong: +0
  ddg construction website design agency Wollongong: host blocked after repeated 403/429: lite.duckduckgo.com
  construction website design agency Wollongong: +1
  ddg healthcare website design agency Sydney: host blocked after repeated 403/429: lite.duckduckgo.com
  healthcare website design agency Sydney: +1
  ddg healthcare website design agency Melbourne: host blocked after repeated 403/429: lite.duckduckgo.com
  healthcare website design agency Melbourne: +4
  ddg healthcare website design agency Brisbane: host blocked after repeated 403/429: lite.duckduckgo.com
  healthcare website design agency Brisbane: +3
  ddg healthcare website design agency Perth: host blocked after repeated 403/429: lite.duckduckgo.com
  healthcare website design agency Perth: +2
  ddg healthcare website design agency Adelaide: host blocked after repeated 403/429: lite.duckduckgo.com
  healthcare website design agency Adelaide: +1
  ddg healthcare website design agency Gold Coast: host blocked after repeated 403/429: lite.duckduckgo.com
  healthcare website design agency Gold Coast: +0
  ddg healthcare website design agency Canberra: host blocked after repeated 403/429: lite.duckduckgo.com
  healthcare website design agency Canberra: +3
  ddg healthcare website design agency Newcastle: host blocked after repeated 403/429: lite.duckduckgo.com
  healthcare website design agency Newcastle: +10
  ddg healthcare website design agency Hobart: host blocked after repeated 403/429: lite.duckduckgo.com
  healthcare website design agency Hobart: +3
  ddg healthcare website design agency Sunshine Coast: host blocked after repeated 403/429: lite.duckduckgo.com
  healthcare website design agency Sunshine Coast: +4
  ddg healthcare website design agency Geelong: host blocked after repeated 403/429: lite.duckduckgo.com
  healthcare website design agency Geelong: +1
  ddg healthcare website design agency Wollongong: host blocked after repeated 403/429: lite.duckduckgo.com
  healthcare website design agency Wollongong: +0
  ddg veterinary website design agency Sydney: host blocked after repeated 403/429: lite.duckduckgo.com
  veterinary website design agency Sydney: +0
  ddg veterinary website design agency Melbourne: host blocked after repeated 403/429: lite.duckduckgo.com
  veterinary website design agency Melbourne: +8
  ddg veterinary website design agency Brisbane: host blocked after repeated 403/429: lite.duckduckgo.com
  veterinary website design agency Brisbane: +0
  ddg veterinary website design agency Perth: host blocked after repeated 403/429: lite.duckduckgo.com
  veterinary website design agency Perth: +3
  ddg veterinary website design agency Adelaide: host blocked after repeated 403/429: lite.duckduckgo.com
  veterinary website design agency Adelaide: +0
  ddg veterinary website design agency Gold Coast: host blocked after repeated 403/429: lite.duckduckgo.com
  veterinary website design agency Gold Coast: +1
  ddg veterinary website design agency Canberra: host blocked after repeated 403/429: lite.duckduckgo.com
  veterinary website design agency Canberra: +2
  ddg veterinary website design agency Newcastle: host blocked after repeated 403/429: lite.duckduckgo.com
  veterinary website design agency Newcastle: +4
  ddg veterinary website design agency Hobart: host blocked after repeated 403/429: lite.duckduckgo.com
  veterinary website design agency Hobart: +0
  ddg veterinary website design agency Sunshine Coast: host blocked after repeated 403/429: lite.duckduckgo.com
  veterinary website design agency Sunshine Coast: +0
  ddg veterinary website design agency Geelong: host blocked after repeated 403/429: lite.duckduckgo.com
  veterinary website design agency Geelong: +8
  ddg veterinary website design agency Wollongong: host blocked after repeated 403/429: lite.duckduckgo.com
  veterinary website design agency Wollongong: +6
  ddg salon spa website design agency Sydney: host blocked after repeated 403/429: lite.duckduckgo.com
  salon spa website design agency Sydney: +0
  ddg salon spa website design agency Melbourne: host blocked after repeated 403/429: lite.duckduckgo.com
  salon spa website design agency Melbourne: +0
  ddg salon spa website design agency Brisbane: host blocked after repeated 403/429: lite.duckduckgo.com
  salon spa website design agency Brisbane: +7
  ddg salon spa website design agency Perth: host blocked after repeated 403/429: lite.duckduckgo.com
  salon spa website design agency Perth: +3
  ddg salon spa website design agency Adelaide: host blocked after repeated 403/429: lite.duckduckgo.com
  salon spa website design agency Adelaide: +0
  ddg salon spa website design agency Gold Coast: host blocked after repeated 403/429: lite.duckduckgo.com
  salon spa website design agency Gold Coast: +5
  ddg salon spa website design agency Canberra: host blocked after repeated 403/429: lite.duckduckgo.com
  salon spa website design agency Canberra: +0
  ddg salon spa website design agency Newcastle: host blocked after repeated 403/429: lite.duckduckgo.com
  salon spa website design agency Newcastle: +1
  ddg salon spa website design agency Hobart: host blocked after repeated 403/429: lite.duckduckgo.com
  salon spa website design agency Hobart: +1
  ddg salon spa website design agency Sunshine Coast: host blocked after repeated 403/429: lite.duckduckgo.com
  salon spa website design agency Sunshine Coast: +7
  ddg salon spa website design agency Geelong: host blocked after repeated 403/429: lite.duckduckgo.com
  salon spa website design agency Geelong: +1
  ddg salon spa website design agency Wollongong: host blocked after repeated 403/429: lite.duckduckgo.com
  salon spa website design agency Wollongong: +0
  ddg financial advisor website design agency Sydney: host blocked after repeated 403/429: lite.duckduckgo.com
  financial advisor website design agency Sydney: +0
  ddg financial advisor website design agency Melbourne: host blocked after repeated 403/429: lite.duckduckgo.com
  financial advisor website design agency Melbourne: +8
  ddg financial advisor website design agency Brisbane: host blocked after repeated 403/429: lite.duckduckgo.com
  financial advisor website design agency Brisbane: +5
  ddg financial advisor website design agency Perth: host blocked after repeated 403/429: lite.duckduckgo.com
  financial advisor website design agency Perth: +3
  ddg financial advisor website design agency Adelaide: host blocked after repeated 403/429: lite.duckduckgo.com
  financial advisor website design agency Adelaide: +2
  ddg financial advisor website design agency Gold Coast: host blocked after repeated 403/429: lite.duckduckgo.com
  financial advisor website design agency Gold Coast: +0
  ddg financial advisor website design agency Canberra: host blocked after repeated 403/429: lite.duckduckgo.com
  financial advisor website design agency Canberra: +0
  ddg financial advisor website design agency Newcastle: host blocked after repeated 403/429: lite.duckduckgo.com
  financial advisor website design agency Newcastle: +7
  ddg financial advisor website design agency Hobart: host blocked after repeated 403/429: lite.duckduckgo.com
  financial advisor website design agency Hobart: +1
  ddg financial advisor website design agency Sunshine Coast: host blocked after repeated 403/429: lite.duckduckgo.com
  financial advisor website design agency Sunshine Coast: +0
  ddg financial advisor website design agency Geelong: host blocked after repeated 403/429: lite.duckduckgo.com
  financial advisor website design agency Geelong: +4
  ddg financial advisor website design agency Wollongong: host blocked after repeated 403/429: lite.duckduckgo.com
  financial advisor website design agency Wollongong: +2
  ddg SaaS startup website design agency Sydney: host blocked after repeated 403/429: lite.duckduckgo.com
  SaaS startup website design agency Sydney: +1
  ddg SaaS startup website design agency Melbourne: host blocked after repeated 403/429: lite.duckduckgo.com
  SaaS startup website design agency Melbourne: +8
  ddg SaaS startup website design agency Brisbane: host blocked after repeated 403/429: lite.duckduckgo.com
  SaaS startup website design agency Brisbane: +1
  ddg SaaS startup website design agency Perth: host blocked after repeated 403/429: lite.duckduckgo.com
  SaaS startup website design agency Perth: +2
  ddg SaaS startup website design agency Adelaide: host blocked after repeated 403/429: lite.duckduckgo.com
  SaaS startup website design agency Adelaide: +0
  ddg SaaS startup website design agency Gold Coast: host blocked after repeated 403/429: lite.duckduckgo.com
  SaaS startup website design agency Gold Coast: +5
  ddg SaaS startup website design agency Canberra: host blocked after repeated 403/429: lite.duckduckgo.com
  SaaS startup website design agency Canberra: +0
  ddg SaaS startup website design agency Newcastle: host blocked after repeated 403/429: lite.duckduckgo.com
  SaaS startup website design agency Newcastle: +9
  ddg SaaS startup website design agency Hobart: host blocked after repeated 403/429: lite.duckduckgo.com
  SaaS startup website design agency Hobart: +1
  ddg SaaS startup website design agency Sunshine Coast: host blocked after repeated 403/429: lite.duckduckgo.com
  SaaS startup website design agency Sunshine Coast: +0
  ddg SaaS startup website design agency Geelong: host blocked after repeated 403/429: lite.duckduckgo.com
  SaaS startup website design agency Geelong: +2
  ddg SaaS startup website design agency Wollongong: host blocked after repeated 403/429: lite.duckduckgo.com
  SaaS startup website design agency Wollongong: +0
  ddg chiropractor website design agency Sydney: host blocked after repeated 403/429: lite.duckduckgo.com
  chiropractor website design agency Sydney: +6
  ddg chiropractor website design agency Melbourne: host blocked after repeated 403/429: lite.duckduckgo.com
  chiropractor website design agency Melbourne: +1
  ddg chiropractor website design agency Brisbane: host blocked after repeated 403/429: lite.duckduckgo.com
  chiropractor website design agency Brisbane: +7
  ddg chiropractor website design agency Perth: host blocked after repeated 403/429: lite.duckduckgo.com
  chiropractor website design agency Perth: +6
  ddg chiropractor website design agency Adelaide: host blocked after repeated 403/429: lite.duckduckgo.com
  chiropractor website design agency Adelaide: +0
  ddg chiropractor website design agency Gold Coast: host blocked after repeated 403/429: lite.duckduckgo.com
  chiropractor website design agency Gold Coast: +0
  ddg chiropractor website design agency Canberra: host blocked after repeated 403/429: lite.duckduckgo.com
  chiropractor website design agency Canberra: +8
  ddg chiropractor website design agency Newcastle: host blocked after repeated 403/429: lite.duckduckgo.com
  chiropractor website design agency Newcastle: +0
  ddg chiropractor website design agency Hobart: host blocked after repeated 403/429: lite.duckduckgo.com
  chiropractor website design agency Hobart: +1
  ddg chiropractor website design agency Sunshine Coast: host blocked after repeated 403/429: lite.duckduckgo.com
  chiropractor website design agency Sunshine Coast: +3
  ddg chiropractor website design agency Geelong: host blocked after repeated 403/429: lite.duckduckgo.com
  chiropractor website design agency Geelong: +0
  ddg chiropractor website design agency Wollongong: host blocked after repeated 403/429: lite.duckduckgo.com
  chiropractor website design agency Wollongong: +0
  ddg landscaping website design agency Sydney: host blocked after repeated 403/429: lite.duckduckgo.com
  landscaping website design agency Sydney: +0
  ddg landscaping website design agency Melbourne: host blocked after repeated 403/429: lite.duckduckgo.com
  landscaping website design agency Melbourne: +4
  ddg landscaping website design agency Brisbane: host blocked after repeated 403/429: lite.duckduckgo.com
  landscaping website design agency Brisbane: +0
  ddg landscaping website design agency Perth: host blocked after repeated 403/429: lite.duckduckgo.com
  landscaping website design agency Perth: +8
  ddg landscaping website design agency Adelaide: host blocked after repeated 403/429: lite.duckduckgo.com
  landscaping website design agency Adelaide: +1
  ddg landscaping website design agency Gold Coast: host blocked after repeated 403/429: lite.duckduckgo.com
  landscaping website design agency Gold Coast: +0
  ddg landscaping website design agency Canberra: host blocked after repeated 403/429: lite.duckduckgo.com
  landscaping website design agency Canberra: +0
  ddg landscaping website design agency Newcastle: host blocked after repeated 403/429: lite.duckduckgo.com
  landscaping website design agency Newcastle: +0
  ddg landscaping website design agency Hobart: host blocked after repeated 403/429: lite.duckduckgo.com
  landscaping website design agency Hobart: +0
  ddg landscaping website design agency Sunshine Coast: host blocked after repeated 403/429: lite.duckduckgo.com
  landscaping website design agency Sunshine Coast: +2
  ddg landscaping website design agency Geelong: host blocked after repeated 403/429: lite.duckduckgo.com
  landscaping website design agency Geelong: +1
  ddg landscaping website design agency Wollongong: host blocked after repeated 403/429: lite.duckduckgo.com
  landscaping website design agency Wollongong: +1
  ddg roofing website design agency Sydney: host blocked after repeated 403/429: lite.duckduckgo.com
  roofing website design agency Sydney: +5
  ddg roofing website design agency Melbourne: host blocked after repeated 403/429: lite.duckduckgo.com
  roofing website design agency Melbourne: +5
  ddg roofing website design agency Brisbane: host blocked after repeated 403/429: lite.duckduckgo.com
  roofing website design agency Brisbane: +3
  ddg roofing website design agency Perth: host blocked after repeated 403/429: lite.duckduckgo.com
  roofing website design agency Perth: +0
  ddg roofing website design agency Adelaide: host blocked after repeated 403/429: lite.duckduckgo.com
  roofing website design agency Adelaide: +0
  ddg roofing website design agency Gold Coast: host blocked after repeated 403/429: lite.duckduckgo.com
  roofing website design agency Gold Coast: +7
  ddg roofing website design agency Canberra: host blocked after repeated 403/429: lite.duckduckgo.com
  roofing website design agency Canberra: +0
  ddg roofing website design agency Newcastle: host blocked after repeated 403/429: lite.duckduckgo.com
  roofing website design agency Newcastle: +0
  ddg roofing website design agency Hobart: host blocked after repeated 403/429: lite.duckduckgo.com
  roofing website design agency Hobart: +7
  ddg roofing website design agency Sunshine Coast: host blocked after repeated 403/429: lite.duckduckgo.com
  roofing website design agency Sunshine Coast: +0
  ddg roofing website design agency Geelong: host blocked after repeated 403/429: lite.duckduckgo.com
  roofing website design agency Geelong: +5
  ddg roofing website design agency Wollongong: host blocked after repeated 403/429: lite.duckduckgo.com
  roofing website design agency Wollongong: +0
store search.csv: 3652 domains (+3636 new this run, 16 before)
done in 3980s
