domain,name,website,city,country,market,sources,tags,blurb,size,rate,found_at
magnetoitsolutions.com,Magneto IT Solutions,https://magnetoitsolutions.com/,,Australia,australia,selectedfirms,bigcommerce|ecommerce|magento|web|web-design|woocommerce|wordpress,,,,2026-09-20 21:58
bytestechnolab.com,Bytes Technolab Inc,https://www.bytestechnolab.com/,,Australia,australia,selectedfirms,web|web-design,,,,2026-09-20 21:58
keyideasinfotech.com,Keyideas Infotech Private Limited,https://www.keyideasinfotech.com/,,Australia,australia,selectedfirms,web|web-design,,,,2026-09-20 21:58
mavlers.com,Mavlers,https://mavlers.com/,,Australia,australia,selectedfirms,ecommerce|web|web-design|wordpress,,,,2026-09-20 21:58
probeyservices.com,PROBEY SERVICES,https://probeyservices.com/,,Australia,australia,selectedfirms,ecommerce|magento|web|web-design|woocommerce,,,,2026-09-20 21:58
scopicsoftware.com,Scopic,https://scopicsoftware.com/,,Australia,australia,selectedfirms,web|web-design,,,,2026-09-20 21:58
vrinsoft.com.au,Vrinsoft Pty Ltd,https://www.vrinsoft.com.au/,,Australia,australia,selectedfirms,web|web-design,,,,2026-09-20 21:58
seasiainfotech.com,Seasia Infotech,https://www.seasiainfotech.com/,,Australia,australia,selectedfirms,web|web-design,,,,2026-09-20 21:58
newwavesolution.com,Newwave Solutions,https://newwavesolution.com/,,Australia,australia,selectedfirms,web|web-design,,,,2026-09-20 21:58
designpluz.com.au,Designpluz,https://www.designpluz.com.au,,Australia,australia,selectedfirms,bigcommerce|ecommerce|web|web-design|woocommerce,,,,2026-09-20 21:58
igexsolutions.com,iGex Solutions,https://www.igexsolutions.com/,,Australia,australia,selectedfirms,ecommerce|magento|web|web-design|woocommerce|wordpress,,,,2026-09-20 21:58
wpcreative.com.au,WP Creative,https://wpcreative.com.au/,,Australia,australia,selectedfirms,ecommerce|web|web-design|woocommerce|wordpress,,,,2026-09-20 21:58
digiwhiz.com.au,Digiwhiz,https://www.digiwhiz.com.au/,,Australia,australia,selectedfirms,web|web-design,,,,2026-09-20 21:58
triorbitdigital.com,TriOrbit Digital,https://www.triorbitdigital.com/,,Australia,australia,selectedfirms,web|web-design,,,,2026-09-20 21:58
sydneydigitalagency.com.au,Sydney Digital Agency,https://sydneydigitalagency.com.au/,,Australia,australia,selectedfirms,web-design,,,,2026-09-20 21:58
enosta.com,Enosta,https://enosta.com/,,Australia,australia,selectedfirms,web|web-design,,,,2026-09-20 21:58
mobcoder.com,Mobcoder,https://mobcoder.com/,,Australia,australia,selectedfirms,web|web-design,,,,2026-09-20 21:58
iamsenthil.com,iamsenthil,https://www.iamsenthil.com/,,Australia,australia,selectedfirms,web-design,,,,2026-09-20 21:58
digiground.com.au,DigiGround,https://digiground.com.au/,,Australia,australia,selectedfirms,web|web-design,,,,2026-09-20 21:58
metadesignsolutions.com,MetaDesign Solutions,https://metadesignsolutions.com/,,Australia,australia,selectedfirms,ecommerce|web|web-design,,,,2026-09-20 21:58
aviato.consulting,Aviato Consulting,https://www.aviato.consulting,,Australia,australia,selectedfirms,web-design,,,,2026-09-20 21:58
foliomanager.com.au,Folio Manager,https://www.foliomanager.com.au,,Australia,australia,selectedfirms,web|web-design,,,,2026-09-20 21:58
digitalnomadshq.com.au,Digital Nomads HQ,https://digitalnomadshq.com.au/,,Australia,australia,selectedfirms,ecommerce|web-design|woocommerce,,,,2026-09-20 21:58
nirmal.com.au,Nirmal Web Studio,https://nirmal.com.au/,,Australia,australia,selectedfirms,ecommerce|web|web-design|woocommerce|wordpress,,,,2026-09-20 21:58
albiorixtech.com,Albiorix Technology Pvt. Ltd.,https://www.albiorixtech.com/,,Australia,australia,selectedfirms,bigcommerce|ecommerce|web|web-design|woocommerce,,,,2026-09-20 21:58
shivlab.com,Shiv Technolabs Pvt. Ltd.,https://shivlab.com/ai-ml-development-services/,,Australia,australia,selectedfirms,bigcommerce|ecommerce|magento|web|web-design|woocommerce|wordpress,,,,2026-09-20 21:58
classicinformatics.com,Classic Informatics,https://www.classicinformatics.com/,,Australia,australia,selectedfirms,web|web-design,,,,2026-09-20 21:58
encodedots.com,EncodeDots,https://www.encodedots.com,,Australia,australia,selectedfirms,bigcommerce|ecommerce|magento|web|web-design|wix|woocommerce|wordpress,,,,2026-09-20 21:58
itrobes.com,iTrobes Technologies,https://www.itrobes.com/,,Australia,australia,selectedfirms,bigcommerce|ecommerce|magento|web-design|wix|woocommerce|wordpress,,,,2026-09-20 21:58
digitaloneagency.com.au,Digital One Agency,https://digitaloneagency.com.au/,,Australia,australia,selectedfirms,web|web-design,,,,2026-09-20 21:58
moo.com.au,MOO Marketing & Design,https://moo.com.au/,,Australia,australia,selectedfirms,web-design,,,,2026-09-20 21:58
veracitydesign.studio,Veracity Design Studio,http://veracitydesign.studio/,,Australia,australia,selectedfirms,web-design,,,,2026-09-20 21:58
talkdigital.com.au,Talk Digital,https://talkdigital.com.au/,,Australia,australia,selectedfirms,web-design,,,,2026-09-20 21:58
digitalzoop.com.au,Digitalzoop,https://digitalzoop.com.au/,,Australia,australia,selectedfirms,ecommerce|web-design|wordpress,,,,2026-09-20 21:58
brightlabs.com.au,Bright Labs,https://www.brightlabs.com.au,,Australia,australia,selectedfirms,ecommerce|web|web-design|woocommerce|wordpress,,,,2026-09-20 21:58
farsiight.com,Farsiight,https://farsiight.com/,,Australia,australia,selectedfirms,web-design,,,,2026-09-20 21:58
brandopus.com,BrandOpus,https://www.brandopus.com/,,Australia,australia,selectedfirms,web-design,,,,2026-09-20 21:58
consagous.co,Consagous Technologies,https://www.consagous.co,,Australia,australia,selectedfirms,web|web-design,,,,2026-09-20 21:58
quantumitinnovation.com,Quantum IT Innovation,https://quantumitinnovation.com,,Australia,australia,selectedfirms,bigcommerce|ecommerce|magento|web|web-design|woocommerce,,,,2026-09-20 21:58
windpixel.com.au,Windpixel,https://windpixel.com.au/,,Australia,australia,selectedfirms,web-design,,,,2026-09-20 21:58
emddigital.com.au,emd:digital,https://www.emddigital.com.au/,,Australia,australia,selectedfirms,web|web-design,,,,2026-09-20 21:58
willshall.com,WillShall,https://www.willshall.com/,,Australia,australia,selectedfirms,web|web-design,,,,2026-09-20 21:58
socialdirect.com.au,Social Direct Marketing,https://socialdirect.com.au,,Australia,australia,selectedfirms,web-design,,,,2026-09-20 21:58
nxmarketing.com.au,NX Marketing,https://www.nxmarketing.com.au/,,Australia,australia,selectedfirms,web-design,,,,2026-09-20 21:58
mytradiesite.com.au,My Tradie Site,https://www.mytradiesite.com.au/,,Australia,australia,selectedfirms,web-design,,,,2026-09-20 21:58
platinumseo.com.au,Platinum SEO,https://platinumseo.com.au/,,Australia,australia,selectedfirms,web-design|wordpress,,,,2026-09-20 21:58
wobitech.com,Wobitech,https://www.wobitech.com,,Australia,australia,selectedfirms,web|web-design,,,,2026-09-20 21:58
diversewebsitedesign.com.au,Diverse Website Design,https://diversewebsitedesign.com.au/,,Australia,australia,selectedfirms,ecommerce|web|web-design,,,,2026-09-20 21:58
oopdesign.com.au,Oop Design,https://www.oopdesign.com.au/,,Australia,australia,selectedfirms,ecommerce|web-design,,,,2026-09-20 21:58
gowide.com,Gowide Solutions,https://gowide.com/,,Australia,australia,selectedfirms,web-design,,,,2026-09-20 21:58
hubs.la,Designli,https://hubs.la/Q02K777Y0,,United States,us,selectedfirms,web|web-design,,,,2026-09-20 22:08
thinktoshare.com,Think To Share,https://thinktoshare.com/,,United States,us,selectedfirms,web|web-design,,,,2026-09-20 22:08
touchzen.ai,TouchZen Media,https://www.touchzen.ai,,United States,us,selectedfirms,web|web-design,,,,2026-09-20 22:08
loungelizard.com,Lounge Lizard,https://loungelizard.com?utm_campaign=25523467-SelectedFirms&utm_source=selectedfirms&utm_medium=referral&utm_term=web-design,,United States,us,selectedfirms,bigcommerce|ecommerce|magento|web|web-design|woocommerce,,,,2026-09-20 22:08
ventionteams.com,Vention,https://ventionteams.com/services/web-development?utm_source=selectedfirms&utm_medium=referral&utm_campaign=web-design-usa,,United States,us,selectedfirms,ecommerce|web|web-design,,,,2026-09-20 22:08
triare.net,TRIARE,https://triare.net/?utm_source=selectedfirms.co&utm_medium=referral_profile&utm_campaign=directory,,United States,us,selectedfirms,ecommerce|web|web-design|woocommerce,,,,2026-09-20 22:08
simpalm.com,Simpalm,https://www.simpalm.com/,,United States,us,selectedfirms,web|web-design,,,,2026-09-20 22:08
sthenostechnologies.com,Sthenos Technologies,https://sthenostechnologies.com/,,United States,us,selectedfirms,ecommerce|magento|web|web-design,,,,2026-09-20 22:08
mmcgbl.com,MMC Global,https://mmcgbl.com/,,United States,us,selectedfirms,web|web-design,,,,2026-09-20 22:08
brights.io,Brights,https://brights.io?utm_source=selectedfirms&utm_medium=referral&utm_campaign=profile,,United States,us,selectedfirms,ecommerce|web|web-design,,,,2026-09-20 22:08
encyphers.com,Encyphers,https://encyphers.com,,United States,us,selectedfirms,bigcommerce|ecommerce|magento|web|web-design|wix|woocommerce|wordpress,,,,2026-09-20 22:08
alliancetek.com,AllianceTek Inc.,https://www.alliancetek.com/,,United States,us,selectedfirms,web-design,,,,2026-09-20 22:08
digital4design.com,Digital4design,https://www.digital4design.com,,United States,us,selectedfirms,bigcommerce|ecommerce|magento|squarespace|web|web-design|wix|woocommerce|wordpress,,,,2026-09-20 22:08
azati.ai,Azati Software,https://azati.ai/,,United States,us,selectedfirms,ecommerce|magento|web|web-design,,,,2026-09-20 22:08
activeone.co,Activeone,https://activeone.co/,,United States,us,selectedfirms,web|web-design,,,,2026-09-20 22:08
vardot.com,Vardot,https://www.vardot.com,,United States,us,selectedfirms,web|web-design,,,,2026-09-20 22:08
exoft.net,Exoft,https://exoft.net/,,United States,us,selectedfirms,web|web-design,,,,2026-09-20 22:08
rootstack.com,Rootstack,https://www.rootstack.com/en/,,United States,us,selectedfirms,ecommerce|magento|web|web-design,,,,2026-09-20 22:08
tuesday.is,Tuesday,https://www.tuesday.is/,,United States,us,selectedfirms,ecommerce|web|web-design,,,,2026-09-20 22:08
geniusee.com,Geniusee,https://geniusee.com/,,United States,us,selectedfirms,web|web-design,,,,2026-09-20 22:08
elogic.co,Elogic Commerce,https://elogic.co/,,United States,us,selectedfirms,bigcommerce|ecommerce|magento|web-design,,,,2026-09-20 22:08
invozone.com,InvoZone,https://invozone.com/,,United States,us,selectedfirms,web|web-design,,,,2026-09-20 22:08
tkxel.com,tkxel,http://tkxel.com/,,United States,us,selectedfirms,web|web-design,,,,2026-09-20 22:08
foreignerds.com,Foreignerds Inc,https://foreignerds.com/,,United States,us,selectedfirms,ecommerce|magento|web|web-design|wix|wordpress,,,,2026-09-20 22:08
prolificstudio.co,Prolific Studio Inc,https://prolificstudio.co/,,United States,us,selectedfirms,web-design,,,,2026-09-20 22:08
sfappworks.com,SF AppWorks,https://www.sfappworks.com/,,United States,us,selectedfirms,ecommerce|web|web-design,,,,2026-09-20 22:08
valmaxdigital.com.ua,VALMAX,https://valmaxdigital.com.ua/,,United States,us,selectedfirms,ecommerce|magento|web|web-design|woocommerce,,,,2026-09-20 22:08
effectivesoft.com,EffectiveSoft,https://www.effectivesoft.com?utm_source=selectedfirms.co&utm_medium=referral&utm_campaign=listings,,United States,us,selectedfirms,web|web-design,,,,2026-09-20 22:08
fivejars.com,Five Jars,https://fivejars.com/,,United States,us,selectedfirms,ecommerce|web|web-design|wordpress,,,,2026-09-20 22:08
fyclabs.com,FYC Labs,https://fyclabs.com/,,United States,us,selectedfirms,web|web-design,,,,2026-09-20 22:08
agencypartner.com,Agency Partner Interactive,https://agencypartner.com/,,United States,us,selectedfirms,ecommerce|magento|web|web-design|woocommerce|wordpress,,,,2026-09-20 22:08
oploxtech.com,Oplox Tech,https://www.oploxtech.com,,United States,us,selectedfirms,ecommerce|web|web-design|wordpress,,,,2026-09-20 22:08
ideamaker.agency,Idea Maker,https://ideamaker.agency/,,United States,us,selectedfirms,web|web-design,,,,2026-09-20 22:08
getdevdone.com,GetDevDone,https://getdevdone.com/,,United States,us,selectedfirms,bigcommerce|ecommerce|magento|web|web-design|woocommerce|wordpress,,,,2026-09-20 22:08
bowerwebsolutions.com,"Bower Web Solutions, Inc.",https://bowerwebsolutions.com,,United States,us,selectedfirms,ecommerce|magento|web-design|woocommerce,,,,2026-09-20 22:08
upqode.com,UPQODE,https://upqode.com/,,United States,us,selectedfirms,web|web-design|wordpress,,,,2026-09-20 22:08
quokkalabs.com,Quokka Labs,https://quokkalabs.com/,,United States,us,selectedfirms,web|web-design,,,,2026-09-20 22:08
phenomenonstudio.com,Phenomenon Studio,https://phenomenonstudio.com/,,United States,us,selectedfirms,ecommerce|web|web-design|woocommerce,,,,2026-09-20 22:08
manektech.com,Manektech,https://www.manektech.com/,,United States,us,selectedfirms,bigcommerce|ecommerce|magento|web|web-design|woocommerce|wordpress,,,,2026-09-20 22:08
beewebsystems.com,BeeWeb,https://beewebsystems.com/,,United States,us,selectedfirms,ecommerce|magento|web|web-design,,,,2026-09-20 22:08
intactdia.com,Intactdia,https://www.intactdia.com/,,United States,us,selectedfirms,web|web-design,,,,2026-09-20 22:08
anadea.info,Anadea,https://anadea.info/,,United States,us,selectedfirms,web|web-design,,,,2026-09-20 22:08
zoolatech.com,Zoolatech,https://zoolatech.com/,,United States,us,selectedfirms,web-design,,,,2026-09-20 22:08
synergytop.com,SynergyTop Inc,https://synergytop.com/,,United States,us,selectedfirms,ecommerce|magento|web|web-design|wordpress,,,,2026-09-20 22:08
colorwhistle.com,ColorWhistle,https://colorwhistle.com/,,United States,us,selectedfirms,ecommerce|web|web-design|woocommerce|wordpress,,,,2026-09-20 22:08
klashtech.com,Klashtech,https://www.klashtech.com,,United States,us,selectedfirms,ecommerce|web|web-design|woocommerce|wordpress,,,,2026-09-20 22:08
sitesbysara.com,Sites by Sara,https://sitesbysara.com/,,United States,us,selectedfirms,ecommerce|web|web-design,,,,2026-09-20 22:08
pharosproduction.com,Pharos Production,https://pharosproduction.com/,,United States,us,selectedfirms,web|web-design,,,,2026-09-20 22:08
quartustech.com,Quartustech,https://quartustech.com,,United States,us,selectedfirms,web|web-design,,,,2026-09-20 22:08
smallprojectsbureau.com,The Bureau Of Small Projects,https://www.smallprojectsbureau.com/,,United States,us,selectedfirms,ecommerce|web|web-design|woocommerce,,,,2026-09-20 22:08
mediasearchgroup.com,Media Search Group,https://www.mediasearchgroup.com/,,United States,us,selectedfirms,ecommerce|magento|web|web-design|wordpress,,,,2026-09-20 22:08
pixelcrayons.com,PixelCrayons,https://www.pixelcrayons.com/,,United States,us,selectedfirms,bigcommerce|ecommerce|magento|web|web-design|woocommerce|wordpress,,,,2026-09-20 22:08
anideos.com,Anideos,https://www.anideos.com/,,United States,us,selectedfirms,web-design,,,,2026-09-20 22:08
yual.io,"YUAL, Inc.",https://yual.io,,United States,us,selectedfirms,web|web-design,,,,2026-09-20 22:08
alty.co,Alty,https://alty.co,,United States,us,selectedfirms,web|web-design,,,,2026-09-20 22:08
aimers.io,Aimers,https://aimers.io/,,United States,us,selectedfirms,web-design,,,,2026-09-20 22:08
codiant.com,Codiant Software Technologies Pvt. Ltd.,https://codiant.com/,,United States,us,selectedfirms,bigcommerce|ecommerce|magento|web|web-design|woocommerce,,,,2026-09-20 22:08
co-ventech.com,Co-Ventech,https://co-ventech.com/,,United States,us,selectedfirms,web|web-design,,,,2026-09-20 22:08
mojotech.com,MojoTech,https://www.mojotech.com/,,United States,us,selectedfirms,web|web-design,,,,2026-09-20 22:08
thegraybear.com,The Gray Bear,https://thegraybear.com/,,United States,us,selectedfirms,ecommerce|magento|web|web-design,,,,2026-09-20 22:08
proxdigitalagency.com,Prox Digital Agency,https://proxdigitalagency.com,,United States,us,selectedfirms,bigcommerce|ecommerce|magento|web|web-design,,,,2026-09-20 22:08
bird.marketing,Bird Marketing,https://bird.marketing/web-design/,,United States,us,selectedfirms,web|web-design,,,,2026-09-20 22:08
barwenock.com,Barwenock LLC,https://barwenock.com/?utm_source=selectedfirms.co&utm_medium=referral,,United States,us,selectedfirms,ecommerce|magento|web|web-design,,,,2026-09-20 22:08
softermii.com,Softermii,https://www.softermii.com/,,United States,us,selectedfirms,web|web-design,,,,2026-09-20 22:08
fixmywebs.com,Fixmywebs,https://www.fixmywebs.com/website-design-development-services/new-york/hempstead,,United States,us,selectedfirms,web|web-design,,,,2026-09-20 22:08
zaagsys.com,Zaag Systems Ltd.,https://zaagsys.com/,,United States,us,selectedfirms,ecommerce|web|web-design,,,,2026-09-20 22:08
inventcolabssoftware.com,Inventcolabs,https://www.inventcolabssoftware.com/,,United States,us,selectedfirms,web|web-design,,,,2026-09-20 22:08
brainxtech.com,BrainX Technologies,https://www.brainxtech.com/,,United States,us,selectedfirms,ecommerce|web|web-design,,,,2026-09-20 22:08
wilsonwings.com,Wilsonwings,https://wilsonwings.com/,,United States,us,selectedfirms,ecommerce|web|web-design|wordpress,,,,2026-09-20 22:08
vservesolution.com,Vserve Ebusiness Solutions,https://www.vservesolution.com,,United States,us,selectedfirms,bigcommerce|ecommerce|magento|web|web-design|woocommerce,,,,2026-09-20 22:08
peppersquare.com,Pepper Square,https://www.peppersquare.com/,,United States,us,selectedfirms,web-design,,,,2026-09-20 22:08
repunext.com,RepuNEXT,https://www.repunext.com,,United States,us,selectedfirms,web|web-design,,,,2026-09-20 22:08
brownsofts.com,Brownsofts LLC,https://www.brownsofts.com/,,United States,us,selectedfirms,web-design,,,,2026-09-20 22:08
appmaisters.com,App Maisters Inc,https://www.appmaisters.com/,,United States,us,selectedfirms,web|web-design,,,,2026-09-20 22:08
webkorps.com,Webkorps Services,https://www.webkorps.com,,United States,us,selectedfirms,bigcommerce|ecommerce|magento|web|web-design|woocommerce,,,,2026-09-20 22:08
anviam.com,Anviam Solutions Pvt. Ltd,https://anviam.com,,United States,us,selectedfirms,ecommerce|magento|web|web-design|wordpress,,,,2026-09-20 22:08
dignitas.digital,Dignitas Digital,https://dignitas.digital/,,United States,us,selectedfirms,ecommerce|magento|web|web-design|wordpress,,,,2026-09-20 22:08
oneclickitsolution.com,OneClick IT Consultancy Pvt. Ltd.,https://www.oneclickitsolution.com/,,United States,us,selectedfirms,bigcommerce|ecommerce|magento|web|web-design|woocommerce|wordpress,,,,2026-09-20 22:08
captus-technologies.com,Captus Technologies Private Limited,https://captus-technologies.com/,,United States,us,selectedfirms,ecommerce|magento|web|web-design|wordpress,,,,2026-09-20 22:08
aistechnolabs.com,AIS Technolabs PVT LTD,https://www.aistechnolabs.com/,,United States,us,selectedfirms,ecommerce|magento|web|web-design,,,,2026-09-20 22:08
tagdiv.com,tagDiv,https://tagdiv.com/,,United States,us,selectedfirms,web|web-design,,,,2026-09-20 22:08
thedigitalscratch.com,The Digital Scratch,https://thedigitalscratch.com/lp-web-development-company/?utm_source=selectedfirms&utm_medium=referral,,United States,us,selectedfirms,web|web-design,,,,2026-09-20 22:08
urlaunched.com,You are launched,https://www.urlaunched.com,,United States,us,selectedfirms,web-design,,,,2026-09-20 22:08
iconier.com,Iconier,https://iconier.com/,,United States,us,selectedfirms,ecommerce|web|web-design,,,,2026-09-20 22:08
soshace.com,Soshace Digital,https://soshace.com/,,United States,us,selectedfirms,web|web-design,,,,2026-09-20 22:08
edesigninteractive.com,eDesign Interactive,https://edesigninteractive.com/,,United States,us,selectedfirms,ecommerce|magento|web|web-design,,,,2026-09-20 22:08
spinxdigital.com,SPINX Digital,https://www.spinxdigital.com/,,United States,us,selectedfirms,bigcommerce|ecommerce|magento|web|web-design|woocommerce|wordpress,,,,2026-09-20 22:08
richestsoft.com,RichestSoft,https://richestsoft.com/,,United States,us,selectedfirms,bigcommerce|ecommerce|magento|web|web-design|woocommerce|wordpress,,,,2026-09-20 22:08
uidesignz.com,UIDesignz,https://www.uidesignz.com/,,United States,us,selectedfirms,web-design,,,,2026-09-20 22:08
codezerostudio.com,Code Zero Studio,https://codezerostudio.com,,United States,us,selectedfirms,web-design,,,,2026-09-20 22:08
solveit.dev,SolveIt,https://solveit.dev/,,United States,us,selectedfirms,ecommerce|web|web-design,,,,2026-09-20 22:08
tekglide.com,Tekglide,https://tekglide.com/,,United States,us,selectedfirms,bigcommerce|ecommerce|magento|squarespace|web|web-design|wix|woocommerce|wordpress,,,,2026-09-20 22:08
nextstack.org,NextStack,https://nextstack.org/,,United States,us,selectedfirms,web|web-design,,,,2026-09-20 22:08
creatif.agency,Creatif Agency,https://creatif.agency/,,United States,us,selectedfirms,ecommerce|web|web-design|woocommerce,,,,2026-09-20 22:08
thetisa.com,THE TISA,https://www.thetisa.com/,,United States,us,selectedfirms,ecommerce|web|web-design,,,,2026-09-20 22:08
brainspate.com,BrainSpate,https://brainspate.com/,,United States,us,selectedfirms,ecommerce|magento|web-design|woocommerce,,,,2026-09-20 22:08
tactionsoft.com,Taction Software,https://www.tactionsoft.com/,,United States,us,selectedfirms,ecommerce|web|web-design,,,,2026-09-20 22:08
orases.com,Orases,https://orases.com/,,United States,us,selectedfirms,web|web-design,,,,2026-09-20 22:08
netsolutions.com,Net Solutions,https://www.netsolutions.com/,,United States,us,selectedfirms,web|web-design,,,,2026-09-20 22:08
orbitsoft.com,OrbitSoft,https://orbitsoft.com/,,United States,us,selectedfirms,web|web-design,,,,2026-09-20 22:08
templatehouse.net,TemplateHouse.net,https://www.templatehouse.net/wordpress-website-design-services/,,United States,us,selectedfirms,ecommerce|magento|web|web-design|wix|woocommerce|wordpress,,,,2026-09-20 22:08
sangfroidwebdesign.com,SangFroid Web LLC,https://www.sangfroidwebdesign.com/,,United States,us,selectedfirms,web-design,,,,2026-09-20 22:08
janbaskdigitaldesign.com,JanBask Digital Design,https://www.janbaskdigitaldesign.com/,,United States,us,selectedfirms,ecommerce|magento|web|web-design|woocommerce|wordpress,,,,2026-09-20 22:08
pranshtech.com,Pranshtech Solutions Private Limited,https://pranshtech.com/,,United States,us,selectedfirms,web|web-design,,,,2026-09-20 22:08
xevensolutions.com,Xeven Solutions (Pvt) Ltd.,https://www.xevensolutions.com/,,United States,us,selectedfirms,ecommerce|web|web-design|wix|wordpress,,,,2026-09-20 22:08
carmatec.com,Carmatec INC,https://www.carmatec.com/,,United States,us,selectedfirms,web|web-design,,,,2026-09-20 22:08
designx.co,DesignX,https://designx.co/,,United States,us,selectedfirms,web-design,,,,2026-09-20 22:08
chicagotechsolution.com,Chicago Tech Solution,https://chicagotechsolution.com,,United States,us,selectedfirms,web|web-design,,,,2026-09-20 22:08
technobrains.io,TechnoBrains,https://technobrains.io/,,United States,us,selectedfirms,ecommerce|web|web-design|wordpress,,,,2026-09-20 22:08
more.patagonian.com,Patagonian,https://more.patagonian.com/top-software-developers-in-latin-america?utm_source=themanifest.com&utm_medium=referral&utm_campaign=latam-software-development,,United States,us,selectedfirms,web-design,,,,2026-09-20 22:08
solvd.com,"Solvd, Inc.",https://www.solvd.com/,,United States,us,selectedfirms,web|web-design,,,,2026-09-20 22:08
hirejordansmith.com,Hire Jordan Smith,https://hirejordansmith.com/,,United States,us,selectedfirms,web|web-design,,,,2026-09-20 22:08
fulminoussoftware.com,Fulminous Software,https://fulminoussoftware.com/,,United States,us,selectedfirms,ecommerce|web|web-design|wordpress,,,,2026-09-20 22:08
helpfulinsightsolution.com,Helpful Insight Private Limited,https://www.helpfulinsightsolution.com,,United States,us,selectedfirms,ecommerce|magento|web|web-design|wix|woocommerce|wordpress,,,,2026-09-20 22:08
webcodegenie.com,WebCodeGenie Technology Pvt. Ltd.,https://webcodegenie.com,,United States,us,selectedfirms,web|web-design,,,,2026-09-20 22:08
qsstechnosoft.com,QSS Technosoft Inc,https://www.qsstechnosoft.com/blog/cost-to-build-an-app/#link_2,,United States,us,selectedfirms,ecommerce|web|web-design,,,,2026-09-20 22:08
sunlightmedia.org,Sunlight Media LLC,https://sunlightmedia.org/,,United States,us,selectedfirms,ecommerce|magento|web|web-design|wordpress,,,,2026-09-20 22:08
redhoustonseocompany.com,Red Houston SEO Company,https://www.redhoustonseocompany.com/,,United States,us,selectedfirms,web|web-design,,,,2026-09-20 22:08
uncannycs.com,Uncanny Consulting Services LLP,https://uncannycs.com/,,United States,us,selectedfirms,bigcommerce|ecommerce|magento|web|web-design|woocommerce,,,,2026-09-20 22:08
sprinterra.com,Sprinterra,https://www.sprinterra.com/,,United States,us,selectedfirms,web-design,,,,2026-09-20 22:08
dev-3.com,DEV-3,https://dev-3.com,,United States,us,selectedfirms,ecommerce|magento|web|web-design|woocommerce|wordpress,,,,2026-09-20 22:08
snotor.pro,Snotor,https://snotor.pro/,,United States,us,selectedfirms,web-design,,,,2026-09-20 22:08
codestoresolutions.com,CodeStore Technologies,https://codestoresolutions.com/,,United States,us,selectedfirms,web|web-design|wordpress,,,,2026-09-20 22:08
designersstack.com,Designers Stack,https://www.designersstack.com/,,United States,us,selectedfirms,web-design,,,,2026-09-20 22:08
searchberg.com,Search Berg,https://www.searchberg.com/,,United States,us,selectedfirms,web-design,,,,2026-09-20 22:08
hirewebdesignagency.com,Hire Web Design Agency,https://hirewebdesignagency.com,,United States,us,selectedfirms,web-design,,,,2026-09-20 22:08
logoleagues.com,Logo Leagues,https://logoleagues.com,,United States,us,selectedfirms,web-design,,,,2026-09-20 22:08
websvent.com,Webs Vent,https://websvent.com/,,United States,us,selectedfirms,ecommerce|squarespace|web|web-design|wordpress,,,,2026-09-20 22:08
prontowebssolution.com,Pronto Webs Solution,https://prontowebssolution.com/,,United States,us,selectedfirms,web-design,,,,2026-09-20 22:08
htvisions.com,HT Visions,https://htvisions.com/,,United States,us,selectedfirms,web-design,,,,2026-09-20 22:08
picsmatic.com,PicsMatic,https://www.picsmatic.com/,,United States,us,selectedfirms,web-design,,,,2026-09-20 22:08
spreadseo.com,Spread SEO,https://spreadseo.com/web-design-fort-lauderdale-seo-company/,,United States,us,selectedfirms,web-design,,,,2026-09-20 22:08
brandingnycity.com,Branding New York City,https://www.brandingnycity.com/,,United States,us,selectedfirms,web-design,,,,2026-09-20 22:08
contlo.ai,Contlo AI,https://contlo.ai/,,United States,us,selectedfirms,web-design,,,,2026-09-20 22:08
seoservices.io,SEOServices.io,https://seoservices.io/,,United States,us,selectedfirms,web-design,,,,2026-09-20 22:08
digihexagon.com,Digihexagon,https://digihexagon.com,,United States,us,selectedfirms,web-design,,,,2026-09-20 22:08
slidelya.com,Slidelya,https://www.slidelya.com/,,United States,us,selectedfirms,web-design,,,,2026-09-20 22:08
voltsconsulting.com,Volts Consulting,https://voltsconsulting.com/,,United States,us,selectedfirms,web-design,,,,2026-09-20 22:08
tvscube.com,TVS Cube,https://tvscube.com/,,United States,us,selectedfirms,web-design,,,,2026-09-20 22:08
branxify.com,Branxify,https://branxify.com/,,United States,us,selectedfirms,web-design,,,,2026-09-20 22:08
wixwebdesignagency.com,Wix Web Design Agency,https://wixwebdesignagency.com/,,United States,us,selectedfirms,web-design,,,,2026-09-20 22:08
astoundz.com,Astoundz SEO | WEB | PPC | SOCIAL,https://astoundz.com/,,United States,us,selectedfirms,web-design,,,,2026-09-20 22:08
designprinto.com,Design Printo,https://designprinto.com/,,United States,us,selectedfirms,web-design,,,,2026-09-20 22:08
dsgnpackaging.com,DSGN Packaging,https://dsgnpackaging.com/,,United States,us,selectedfirms,web-design,,,,2026-09-20 22:08
businesslogomaker.ai,Business Logo Maker AI,https://businesslogomaker.ai/,,United States,us,selectedfirms,web-design,,,,2026-09-20 22:08
dallas-designs.com,Dallas Designs,https://dallas-designs.com/,,United States,us,selectedfirms,web-design,,,,2026-09-20 22:08
oddinfotech.com,Odd Infotech,https://oddinfotech.com/embroidery-digitizing-service/,,United States,us,selectedfirms,web-design,,,,2026-09-20 22:08
cloudtechstudios.com,Cloud Tech Studios,https://cloudtechstudios.com/,,United States,us,selectedfirms,web-design,,,,2026-09-20 22:08
webhivee.com,Webhivee,https://webhivee.com/,,United States,us,selectedfirms,web-design,,,,2026-09-20 22:08
calidigitalpros.com,Cali Digital Pros,https://calidigitalpros.com/,,United States,us,selectedfirms,web-design,,,,2026-09-20 22:08
webdesignbakersfieldca.com,Bluegrid Digital,https://webdesignbakersfieldca.com/,,United States,us,selectedfirms,web-design,,,,2026-09-20 22:08
digiops360.com,Digiops 360,https://digiops360.com/,,United States,us,selectedfirms,web-design,,,,2026-09-20 22:08
alanbagi.com,Alanbagi,https://www.alanbagi.com/,,United States,us,selectedfirms,web-design,,,,2026-09-20 22:08
vividmotion.co,Vivid Motion,https://vividmotion.co/,,United States,us,selectedfirms,bigcommerce|ecommerce|web-design,,,,2026-09-20 22:08
mentormate.com,MentorMate,https://mentormate.com/,,United States,us,selectedfirms,web|web-design,,,,2026-09-20 22:08
maxburst.com,Maxburst,https://www.maxburst.com/,,United States,us,selectedfirms,ecommerce|web|web-design,,,,2026-09-20 22:08
talrace.com,TALRACE,https://talrace.com/,,United States,us,selectedfirms,web|web-design,,,,2026-09-20 22:08
makemybrandlabs.com,Make My Brand,https://www.makemybrandlabs.com/,,United States,us,selectedfirms,web|web-design|wix|wordpress,,,,2026-09-20 22:08
bachoodesign.com,Bachoo,https://bachoodesign.com/,,United States,us,selectedfirms,web|web-design,,,,2026-09-20 22:08
thetechclouds.com,The Tech Clouds,https://thetechclouds.com/,,United States,us,selectedfirms,ecommerce|magento|web|web-design|woocommerce,,,,2026-09-20 22:08
eventyr.pro,Eventyr,https://eventyr.pro,,United States,us,selectedfirms,web|web-design,,,,2026-09-20 22:08
raptormobileapps.com,Raptor Mobile Apps,https://raptormobileapps.com/,,United States,us,selectedfirms,bigcommerce|ecommerce|magento|web|web-design|woocommerce,,,,2026-09-20 22:08
codment.com,Codment,https://codment.com/,,United States,us,selectedfirms,bigcommerce|ecommerce|magento|web|web-design|wix|woocommerce|wordpress,,,,2026-09-20 22:08
appinventiv.com,Appinventiv,https://appinventiv.com/,,United States,us,selectedfirms,web|web-design,,,,2026-09-20 22:08
logic-square.com,Logic Square Technologies,https://logic-square.com/,,United States,us,selectedfirms,ecommerce|magento|web|web-design|wordpress,,,,2026-09-20 22:08
golpik.com,Golpik,https://golpik.com/,,United States,us,selectedfirms,ecommerce|magento|web|web-design|woocommerce|wordpress,,,,2026-09-20 22:08
technbrains.com,TechnBrains,https://www.technbrains.com/,,United States,us,selectedfirms,ecommerce|web|web-design|woocommerce|wordpress,,,,2026-09-20 22:08
dd.nyc,DD.NYC,https://dd.nyc/,,United States,us,selectedfirms,web-design,,,,2026-09-20 22:08
programmers.io,Programmers.io,https://programmers.io/,,United States,us,selectedfirms,web|web-design,,,,2026-09-20 22:08
unifiedinfotech.net,Unified Infotech,https://www.unifiedinfotech.net/services/custom-software-development/,,United States,us,selectedfirms,ecommerce|magento|web|web-design|woocommerce,,,,2026-09-20 22:08
scrumlaunch.com,ScrumLaunch,https://www.scrumlaunch.com/,,United States,us,selectedfirms,ecommerce|web|web-design|wordpress,,,,2026-09-20 22:08
cognitiveclouds.app,CognitiveClouds,https://www.cognitiveclouds.app/,,United States,us,selectedfirms,web|web-design,,,,2026-09-20 22:08
ewaycorp.com,eWay Corp,https://www.ewaycorp.com/,,United States,us,selectedfirms,web|web-design,,,,2026-09-20 22:08
upzilo.com,UpZilo,https://upzilo.com,,United States,us,selectedfirms,web-design,,,,2026-09-20 22:08
cybercraftinc.com,cybercraftinc,https://cybercraftinc.com/,,United States,us,selectedfirms,web|web-design,,,,2026-09-20 22:08
eluminoustechnologies.com,eLuminous Technologies,https://eluminoustechnologies.com/,,United States,us,selectedfirms,ecommerce|magento|web|web-design|woocommerce|wordpress,,,,2026-09-20 22:08
amazecodes.com,Amazecodes Solutions Pvt Ltd,https://amazecodes.com/,,United States,us,selectedfirms,ecommerce|web|web-design,,,,2026-09-20 22:08
americandesignhub.com,American Design Hub,https://www.americandesignhub.com,,United States,us,selectedfirms,ecommerce|squarespace|web|web-design|wix|woocommerce|wordpress,,,,2026-09-20 22:08
americandesignagencyllc.com,American Design Agency LLC,https://americandesignagencyllc.com/,,United States,us,selectedfirms,ecommerce|squarespace|web|web-design|wix|woocommerce|wordpress,,,,2026-09-20 22:08
viitorcloud.com,ViitorCloud Technologies,https://viitorcloud.com/,,United States,us,selectedfirms,web|web-design,,,,2026-09-20 22:08
speqto.com,Speqto Technologies Pvt Ltd,https://www.speqto.com/,,United States,us,selectedfirms,ecommerce|magento|web|web-design|wordpress,,,,2026-09-20 22:08
techlexity.com,Techlexity,https://techlexity.com/,,United States,us,selectedfirms,web|web-design,,,,2026-09-20 22:08
craftedq.com,CraftedQ,https://craftedq.com,,United States,us,selectedfirms,web|web-design,,,,2026-09-20 22:08
taffinc.com,TAFF Inc,https://www.taffinc.com/,,United States,us,selectedfirms,web|web-design,,,,2026-09-20 22:08
imagexmedia.com,ImageX,https://imagexmedia.com/drupal,,United States,us,selectedfirms,web|web-design,,,,2026-09-20 22:08
designalligators.com,Design Alligators,https://designalligators.com,,United States,us,selectedfirms,ecommerce|web|web-design,,,,2026-09-20 22:08
ecommercerepublic.com,eCommerce Republic,https://ecommercerepublic.com/,,United States,us,selectedfirms,bigcommerce|ecommerce|magento|web|web-design|woocommerce,,,,2026-09-20 22:08
blacksmith.agency,Blacksmith Agency,https://blacksmith.agency/,,United States,us,selectedfirms,ecommerce|magento|web|web-design,,,,2026-09-20 22:08
williamswebsolutions.com,Williams Web Solutions,https://www.WilliamsWebSolutions.com,,United States,us,selectedfirms,web-design,,,,2026-09-20 22:08
revvlab.com,RevvLab,https://revvlab.com,,United States,us,selectedfirms,ecommerce|web|web-design,,,,2026-09-20 22:08
synapseindia.com,SynapseIndia,https://www.synapseindia.com/,,United States,us,selectedfirms,bigcommerce|ecommerce|magento|web|web-design|wix|woocommerce|wordpress,,,,2026-09-20 22:08
americanwebsmaster.com,American Webs Masters,https://americanwebsmaster.com,,United States,us,selectedfirms,bigcommerce|ecommerce|magento|web|web-design|woocommerce,,,,2026-09-20 22:08
techfisc.com,TechFisc,https://techfisc.com/,,United States,us,selectedfirms,ecommerce|magento|squarespace|web|web-design|wix|woocommerce|wordpress,,,,2026-09-20 22:08
technexus.io,TechNexus,https://www.technexus.io/,,United States,us,selectedfirms,web|web-design|wordpress,,,,2026-09-20 22:08
premiermarketingus.com,Premier Marketing,https://premiermarketingus.com/,,United States,us,selectedfirms,web|web-design,,,,2026-09-20 22:08
techavidus.com,TechAvidus,https://www.techavidus.com/mobile-application-development,,United States,us,selectedfirms,ecommerce|web|web-design|wordpress,,,,2026-09-20 22:08
tech2globe.com,Tech2Globe Web Solution LLP,https://tech2globe.com/data-management-services,,United States,us,selectedfirms,bigcommerce|ecommerce|magento|web|web-design|woocommerce|wordpress,,,,2026-09-20 22:08
thebusinesstheory.com,The Business Theory,https://www.thebusinesstheory.com/,,United States,us,selectedfirms,web|web-design,,,,2026-09-20 22:08
tech-stack.com,Techstack,https://tech-stack.com/,,United States,us,selectedfirms,web|web-design,,,,2026-09-20 22:08
starkedge.com,StarkEdge,https://www.starkedge.com/,,United States,us,selectedfirms,ecommerce|web|web-design,,,,2026-09-20 22:08
alwaysopencommerce.com,Always Open Commerce,https://alwaysopencommerce.com/,,United States,us,selectedfirms,bigcommerce|ecommerce|web-design,,,,2026-09-20 22:08
hookedoncode.com,Hooked On Code,https://hookedoncode.com/,,United States,us,selectedfirms,ecommerce|web|web-design,,,,2026-09-20 22:08
flyingvgroup.com,Flying V Group,https://www.flyingvgroup.com/,,United States,us,selectedfirms,web-design,,,,2026-09-20 22:08
appventurez.com,Appventurez,https://www.appventurez.com/,,United States,us,selectedfirms,ecommerce|web|web-design,,,,2026-09-20 22:08
nascenture.com,Nascenture,https://nascenture.com/,,United States,us,selectedfirms,ecommerce|web|web-design,,,,2026-09-20 22:08
plego.com,Plego Technologies,https://www.plego.com/,,United States,us,selectedfirms,bigcommerce|ecommerce|web|web-design|woocommerce,,,,2026-09-20 22:08
baytechconsulting.com,BayTech Consulting,https://www.baytechconsulting.com/,,United States,us,selectedfirms,web|web-design,,,,2026-09-20 22:08
mojo-agency.com,Mojo Media Web Design,https://mojo-agency.com/,,United States,us,selectedfirms,web|web-design|wordpress,,,,2026-09-20 22:08
sofmen.com,Sofmen - Web & Mobile Development,https://www.sofmen.com/,,United States,us,selectedfirms,ecommerce|web|web-design,,,,2026-09-20 22:08
rudrainnovative.com,Rudra Innovative Software,https://www.rudrainnovative.com/,,United States,us,selectedfirms,web|web-design,,,,2026-09-20 22:08
ajm.in,AJM Softwares,https://www.ajm.in,,United States,us,selectedfirms,web|web-design,,,,2026-09-20 22:08
humbleteam.com,Humbleteam,https://humbleteam.com/,,United States,us,selectedfirms,web-design,,,,2026-09-20 22:08
wamatechnology.com,Wama Technology,https://www.wamatechnology.com/top-mobile-app-development-company-in-usa/,,United States,us,selectedfirms,ecommerce|web|web-design|woocommerce,,,,2026-09-20 22:08
brahmatechnolab.com,BRAHMA TECHNOLAB,https://www.brahmatechnolab.com/,,United States,us,selectedfirms,ecommerce|web|web-design|wordpress,,,,2026-09-20 22:08
thriveagency.com,Thrive Internet Marketing Agency,https://thriveagency.com/,,United States,us,selectedfirms,web-design,,,,2026-09-20 22:08
huspi.com,HUSPI,https://huspi.com/,,United States,us,selectedfirms,web|web-design,,,,2026-09-20 22:08
mightyfinedesign.co,Mighty Fine,https://mightyfinedesign.co/,,United States,us,selectedfirms,web|web-design,,,,2026-09-20 22:08
unleashed-technologies.com,Unleashed Technologies,https://www.unleashed-technologies.com/,,United States,us,selectedfirms,ecommerce|web|web-design,,,,2026-09-20 22:08
kitrum.com,KITRUM,https://kitrum.com,,United States,us,selectedfirms,web|web-design,,,,2026-09-20 22:08
webbycentral.com,Webby Central,https://www.webbycentral.com/,,United States,us,selectedfirms,web|web-design,,,,2026-09-20 22:08
sapient.pro,SapientPro,https://sapient.pro,,United States,us,selectedfirms,ecommerce|web|web-design|woocommerce,,,,2026-09-20 22:08
aspiresoftserv.com,Aspire Softserv,https://www.aspiresoftserv.com/,,United States,us,selectedfirms,ecommerce|web-design,,,,2026-09-20 22:08
pearlwhitemedia.com,Pearl White Media,https://www.pearlwhitemedia.com/,,United States,us,selectedfirms,web|web-design,,,,2026-09-20 22:08
ajackus.com,Ajackus,https://www.ajackus.com,,United States,us,selectedfirms,web|web-design,,,,2026-09-20 22:08
uniquewebdesigner.com,Unique Web Designer,https://uniquewebdesigner.com/,,United States,us,selectedfirms,ecommerce|web|web-design|wordpress,,,,2026-09-20 22:08
bigredjelly.com,Big Red Jelly,https://bigredjelly.com/,,United States,us,selectedfirms,web|web-design,,,,2026-09-20 22:08
modea.com,Modea,https://www.modea.com/,,United States,us,selectedfirms,web|web-design|wordpress,,,,2026-09-20 22:08
cantilever.co,Cantilever Web Design & Development,https://www.cantilever.co/,,United States,us,selectedfirms,web|web-design,,,,2026-09-20 22:08
bitbean.com,BitBean,https://www.bitbean.com/,,United States,us,selectedfirms,web-design,,,,2026-09-20 22:08
tinyfrog.com,Tiny Frog Technologies,https://tinyfrog.com/,,United States,us,selectedfirms,ecommerce|web|web-design,,,,2026-09-20 22:08
bigoutsource.com,Big Outsource,https://bigoutsource.com/,,United States,us,selectedfirms,web|web-design,,,,2026-09-20 22:08
41northdigital.com,41 North Digital,https://www.41northdigital.com/,,United States,us,selectedfirms,web|web-design,,,,2026-09-20 22:08
kingfishmedia.com,KingFish + Partners,https://kingfishmedia.com/,,United States,us,selectedfirms,web-design,,,,2026-09-20 22:08
topspot.com,TopSpot Internet Marketing,https://www.topspot.com/,,United States,us,selectedfirms,web|web-design,,,,2026-09-20 22:08
zenkoders.com,Zenkoders,https://zenkoders.com/,,United States,us,selectedfirms,web-design,,,,2026-09-20 22:08
echoinnovateit.com,Echoinnovate IT,https://echoinnovateit.com/,,United States,us,selectedfirms,web|web-design,,,,2026-09-20 22:08
smartapp.technology,SmartApp,https://smartapp.technology/,,United States,us,selectedfirms,ecommerce|web|web-design|woocommerce,,,,2026-09-20 22:08
salttechno.com,Salt Technologies Inc,https://salttechno.com,,United States,us,selectedfirms,ecommerce|web|web-design|wordpress,,,,2026-09-20 22:08
celectstudios.com,Celect Studios,https://celectstudios.com/,,United States,us,selectedfirms,ecommerce|web-design,,,,2026-09-20 22:08
pairroxz.com,Pairroxz Technologies,https://pairroxz.com/,,United States,us,selectedfirms,ecommerce|web|web-design,,,,2026-09-20 22:08
itservicesindia.com,IT Services India,https://www.itservicesindia.com,,United States,us,selectedfirms,ecommerce|magento|web|web-design|woocommerce|wordpress,,,,2026-09-20 22:08
peiko.space,Peiko,https://peiko.space,,United States,us,selectedfirms,web|web-design,,,,2026-09-20 22:08
virtuenetz.pk,VirtueNetz,https://www.virtuenetz.pk/service/web-development-company-pakistan/,,United States,us,selectedfirms,ecommerce|magento|web|web-design|wordpress,,,,2026-09-20 22:08
jpptech.com,JPP Technology Services LLC,https://jpptech.com,,United States,us,selectedfirms,ecommerce|web-design|wordpress,,,,2026-09-20 22:08
likexr.com,LikeXR,https://likexr.com,,United States,us,selectedfirms,web-design,,,,2026-09-20 22:08
nyusoft.com,NYUsoft Solutions,https://www.nyusoft.com/,,United States,us,selectedfirms,ecommerce|web|web-design|wix|woocommerce|wordpress,,,,2026-09-20 22:08
stratedia.com,Stratedia,https://stratedia.com/,,United States,us,selectedfirms,web|web-design,,,,2026-09-20 22:08
tecziq.com,Tecziq Solutions,https://www.tecziq.com/,,United States,us,selectedfirms,ecommerce|web|web-design|woocommerce|wordpress,,,,2026-09-20 22:08
classyllama.com,Classy Llama,https://classyllama.com/,,United States,us,selectedfirms,bigcommerce|ecommerce|magento|web-design,,,,2026-09-20 22:08
syncrasytech.com,Syncrasy Technologies Pvt. Ltd.,https://www.syncrasytech.com/,,United States,us,selectedfirms,web|web-design,,,,2026-09-20 22:08
drdevelopers.com,Dr Developers,https://drdevelopers.com/,,United States,us,selectedfirms,ecommerce|web|web-design|woocommerce,,,,2026-09-20 22:08
soft-loft.com,SoftLoft,https://soft-loft.com/,,United States,us,selectedfirms,bigcommerce|ecommerce|web|web-design,,,,2026-09-20 22:08
applify.co,Applify,https://www.applify.co/,,United States,us,selectedfirms,ecommerce|web|web-design,,,,2026-09-20 22:08
techugo.com,Techugo,https://www.techugo.com/,,United States,us,selectedfirms,web|web-design,,,,2026-09-20 22:08
appverticals.com,AppVerticals,https://www.appverticals.com/mobile-app-development-dallas,,United States,us,selectedfirms,ecommerce|web|web-design|woocommerce|wordpress,,,,2026-09-20 22:08
ideamotive.co,Ideamotive,https://www.ideamotive.co/,,United States,us,selectedfirms,web-design,,,,2026-09-20 22:08
spur-i-t.com,SpurIT,https://spur-i-t.com/,,United States,us,selectedfirms,ecommerce|web-design,,,,2026-09-20 22:08
aalpha.net,Aalpha Information Systems,https://www.aalpha.net/,,United States,us,selectedfirms,web|web-design,,,,2026-09-20 22:08
galacticfed.com,Galactic Fed,https://www.galacticfed.com/,,United States,us,selectedfirms,web|web-design,,,,2026-09-20 22:08
webliteseo.com,Webliteseo,https://webliteseo.com/,,United States,us,selectedfirms,web|web-design,,,,2026-09-20 22:08
taillight.agency,Taillight,https://taillight.agency/,,United States,us,selectedfirms,web-design,,,,2026-09-20 22:08
hashpotato.design,Hashpotatodesign,https://hashpotato.design/,,United States,us,selectedfirms,web-design,,,,2026-09-20 22:08
5starvisibility.com,5 Star Visibility Digital Marketing Agency,https://5starvisibility.com/,,United States,us,selectedfirms,web-design,,,,2026-09-20 22:08
sachsmarketinggroup.com,Sachs Marketing Group,https://sachsmarketinggroup.com/,,United States,us,selectedfirms,web|web-design,,,,2026-09-20 22:08
atquo.com,Agency atQuo,https://atquo.com/,,United States,us,selectedfirms,bigcommerce|ecommerce|web|web-design,,,,2026-09-20 22:08
gotomarketers.com,GoTo Marketers,https://gotomarketers.com/,,United States,us,selectedfirms,web|web-design,,,,2026-09-20 22:08
scrumdigital.com,Scrum Digital,https://scrumdigital.com/,,United States,us,selectedfirms,web-design,,,,2026-09-20 22:08
americanwebdevelopers.com,American Web Developers,https://americanwebdevelopers.com/,,United States,us,selectedfirms,ecommerce|web|web-design|wordpress,,,,2026-09-20 22:08
octivdigital.com,Octiv Digital,https://www.octivdigital.com/,,United States,us,selectedfirms,bigcommerce|ecommerce|web|web-design|woocommerce,,,,2026-09-20 22:08
globiztechnology.com,Globiz Technology,https://globiztechnology.com/,,United States,us,selectedfirms,ecommerce|web|web-design|wordpress,,,,2026-09-20 22:08
avidclan.com,Avidclan Technologies,https://www.avidclan.com/,,United States,us,selectedfirms,web|web-design,,,,2026-09-20 22:08
differenzsystem.com,Differenz System,https://www.differenzsystem.com/,,United States,us,selectedfirms,web|web-design,,,,2026-09-20 22:08
mobile-app-development-india.com,Mobile App Development India,https://www.mobile-app-development-india.com/,,United States,us,selectedfirms,web-design,,,,2026-09-20 22:08
themmachine.com,The Marketing Machine,https://www.themmachine.com/,,United States,us,selectedfirms,web|web-design,,,,2026-09-20 22:08
vativeapps.com,vativeApps,https://www.vativeapps.com/,,United States,us,selectedfirms,bigcommerce|ecommerce|web|web-design|woocommerce,,,,2026-09-20 22:08
vegaone.com,VegaOne - Digital Marketing Agency,https://vegaone.com/,,United States,us,selectedfirms,web|web-design,,,,2026-09-20 22:08
prowebandapp.com,Pro Web and App,https://prowebandapp.com/,,United States,us,selectedfirms,ecommerce|web|web-design,,,,2026-09-20 22:08
sigmainfo.net,Sigma Infosolutions,https://www.sigmainfo.net/,,United States,us,selectedfirms,bigcommerce|ecommerce|magento|web-design|woocommerce,,,,2026-09-20 22:08
moonflowermarketing.com,Moonflower Marketing,https://moonflowermarketing.com/,,United States,us,selectedfirms,web|web-design,,,,2026-09-20 22:08
apex-seo-company.com,Apex SEO Company,https://apex-seo-company.com/,,United States,us,selectedfirms,ecommerce|web-design,,,,2026-09-20 22:08
gethypersite.com,hypersite,https://gethypersite.com/,,United States,us,selectedfirms,web|web-design|wordpress,,,,2026-09-20 22:08
brightbrightgreat.com,Bright Bright Great,https://brightbrightgreat.com/,,United States,us,selectedfirms,web|web-design,,,,2026-09-20 22:08
awarenessbg.com,Awareness Business Group,https://awarenessbg.com/,,United States,us,selectedfirms,web|web-design,,,,2026-09-20 22:08
wakefly.com,"Wakefly, Inc.",https://www.wakefly.com/,,United States,us,selectedfirms,web|web-design,,,,2026-09-20 22:08
nextwaretech.com,Nextware Technologies,https://www.nextwaretech.com/,,United States,us,selectedfirms,web|web-design,,,,2026-09-20 22:08
algoworks.com,Algoworks,https://www.algoworks.com/?utm_source=selectedfirms&utm_medium=referral&utm_campaign=strategic_alliances,,United States,us,selectedfirms,web|web-design,,,,2026-09-20 22:08
brsoftech.com,BR Softech,https://www.brsoftech.com/,,United States,us,selectedfirms,web|web-design,,,,2026-09-20 22:08
systematixinfotech.com,Systematix Infotech,https://www.systematixinfotech.com/,,United States,us,selectedfirms,web|web-design,,,,2026-09-20 22:08
nimbleappgenie.com,Nimble AppGenie,https://www.nimbleappgenie.com/,,United States,us,selectedfirms,web|web-design,,,,2026-09-20 22:08
wedefy.com,Defy,https://wedefy.com/,,United States,us,selectedfirms,web|web-design,,,,2026-09-20 22:08
padulamedia.com,Padula Media,https://padulamedia.com/,,United States,us,selectedfirms,web|web-design,,,,2026-09-20 22:08
musemind.agency,Musemind,https://musemind.agency/,,United States,us,selectedfirms,web|web-design|wordpress,,,,2026-09-20 22:08
ipixtechnologies.com,IPIX Tech Services Pvt Ltd,https://www.ipixtechnologies.com/,,United States,us,selectedfirms,ecommerce|web|web-design|wordpress,,,,2026-09-20 22:08
crushingcones.com,Crushing Cones,https://crushingcones.com/,,United States,us,selectedfirms,web|web-design|wordpress,,,,2026-09-20 22:08
bpvideoplus.com,BP Video Production,http://bpvideoplus.com/,,United States,us,selectedfirms,web-design,,,,2026-09-20 22:08
dreambit.io,dreambit,https://dreambit.io/,,United States,us,selectedfirms,ecommerce|web|web-design,,,,2026-09-20 22:08
softnix.co,Softnix,https://softnix.co/,,United States,us,selectedfirms,ecommerce|web-design|woocommerce|wordpress,,,,2026-09-20 22:08
direction.com,Direction.com,https://direction.com/,,United States,us,selectedfirms,web-design,,,,2026-09-20 22:08
wisecodestudio.com,Wise Code Studio,https://wisecodestudio.com/,,United States,us,selectedfirms,web-design,,,,2026-09-20 22:08
phaedrasolutions.com,Phaedra Solutions,https://www.phaedrasolutions.com/,,United States,us,selectedfirms,bigcommerce|ecommerce|web|web-design,,,,2026-09-20 22:08
digiworldsolutioninc.com,Digiworld Solution Inc,https://digiworldsolutioninc.com/,,United States,us,selectedfirms,web|web-design|wordpress,,,,2026-09-20 22:08
codeandcore.com,Code and Core,https://codeandcore.com/,,United States,us,selectedfirms,ecommerce|web|web-design|wix|wordpress,,,,2026-09-20 22:08
codesoltech.com,CodeSol Technologies,https://www.codesoltech.com/,,United States,us,selectedfirms,bigcommerce|ecommerce|squarespace|web|web-design|wix|wordpress,,,,2026-09-20 22:08
perfectafternoon.com,Perfect Afternoon,https://www.perfectafternoon.com/,,United States,us,selectedfirms,ecommerce|web|web-design,,,,2026-09-20 22:08
crosswayconsulting.com,Crossway Consulting,https://www.crosswayconsulting.com/,,United States,us,selectedfirms,ecommerce|web|web-design,,,,2026-09-20 22:08
fibonalabs.com,Fibonalabs,https://fibonalabs.com/aboutus,,United States,us,selectedfirms,web|web-design,,,,2026-09-20 22:08
techcelerant.com,Techcelerant,https://techcelerant.com,,United States,us,selectedfirms,web-design,,,,2026-09-20 22:08
cmsminds.com,cmsMinds,https://cmsminds.com/,,United States,us,selectedfirms,ecommerce|web|web-design,,,,2026-09-20 22:08
potensdigital.com,Potens Digital,https://potensdigital.com/,,United States,us,selectedfirms,bigcommerce|ecommerce|web-design,,,,2026-09-20 22:08
kihanmarketing.com,Kihan Marketing,https://kihanmarketing.com/,,United States,us,selectedfirms,ecommerce|web|web-design|wordpress,,,,2026-09-20 22:08
appitventures.com,AppIt Ventures,https://appitventures.com/,,United States,us,selectedfirms,web|web-design,,,,2026-09-20 22:08
efirmedia.com,Efir Media,https://efirmedia.com/,,United States,us,selectedfirms,web|web-design,,,,2026-09-20 22:08
elevatodigital.com,Elevato Digital,https://www.elevatodigital.com/,,United States,us,selectedfirms,web-design,,,,2026-09-20 22:08
brainbytescreative.com,Brain Bytes Creative,https://www.brainbytescreative.com/,,United States,us,selectedfirms,web|web-design,,,,2026-09-20 22:08
multiqos.com,MultiQoS,https://multiqos.com/,,United States,us,selectedfirms,web|web-design,,,,2026-09-20 22:08
agencyjet.com,Agency Jet,https://www.agencyjet.com/,,United States,us,selectedfirms,ecommerce|web|web-design|wordpress,,,,2026-09-20 22:08
lightspace.com,Lightspace,https://www.lightspace.com/,,United States,us,selectedfirms,ecommerce|web|web-design,,,,2026-09-20 22:08
messapps.com,Messapps,https://messapps.com/,,United States,us,selectedfirms,web|web-design,,,,2026-09-20 22:08
yslingshot.com,Slingshot,https://www.yslingshot.com/,,United States,us,selectedfirms,web|web-design,,,,2026-09-20 22:08
inexture.com,Inexture Solutions LLP,https://www.inexture.com/,,United States,us,selectedfirms,ecommerce|web|web-design,,,,2026-09-20 22:08
500designs.com,500 Designs,https://500designs.com/,,United States,us,selectedfirms,ecommerce|web-design|wordpress,,,,2026-09-20 22:08
inoxoft.com,Inoxoft,https://inoxoft.com/,,United States,us,selectedfirms,web|web-design,,,,2026-09-20 22:08
ackee.agency,Ackee,https://www.ackee.agency/,,United States,us,selectedfirms,web|web-design,,,,2026-09-20 22:08
vtlabs.org,VT Labs,https://www.vtlabs.org/,,United States,us,selectedfirms,ecommerce|web|web-design,,,,2026-09-20 22:08
zenesys.com,Zenesys,https://www.zenesys.com/,,United States,us,selectedfirms,web|web-design|wordpress,,,,2026-09-20 22:08
ehousestudio.com,eHouse Studio,https://www.ehousestudio.com/,,United States,us,selectedfirms,ecommerce|web-design,,,,2026-09-20 22:08
olivestreetdesign.com,Olive Street Design,https://www.olivestreetdesign.com/,,United States,us,selectedfirms,web|web-design,,,,2026-09-20 22:08
thefreewebsiteguys.com,The Free Website Guys,https://thefreewebsiteguys.com/,,United States,us,selectedfirms,web|web-design|wordpress,,,,2026-09-20 22:08
buzzworthystudio.com,Buzzworthy Studio,https://buzzworthystudio.com/,,United States,us,selectedfirms,ecommerce|web|web-design,,,,2026-09-20 22:08
saasfactor.co,Saasfactor,https://www.saasfactor.co,,United States,us,selectedfirms,web-design,,,,2026-09-20 22:08
shakacode.com,ShakaCode,https://www.shakacode.com/,,United States,us,selectedfirms,web|web-design,,,,2026-09-20 22:08
bsllc.biz,BS LLC,https://bsllc.biz/,,United States,us,selectedfirms,web|web-design,,,,2026-09-20 22:08
bluefountainmedia.com,Blue Fountain Media,https://www.bluefountainmedia.com/,,United States,us,selectedfirms,web|web-design,,,,2026-09-20 22:08
etelligens.com,Etelligens Technologies,https://www.etelligens.com/,,United States,us,selectedfirms,ecommerce|web|web-design|wordpress,,,,2026-09-20 22:08
dezital.com,Dezital Technologies,https://www.dezital.com/,,United States,us,selectedfirms,ecommerce|web|web-design,,,,2026-09-20 22:08
acquaintsoft.com,Acquaint Softtech Private Limited,https://acquaintsoft.com,,United States,us,selectedfirms,ecommerce|web|web-design|wordpress,,,,2026-09-20 22:08
unitedmonks.com,United Monks Technologies,https://www.unitedmonks.com/,,United States,us,selectedfirms,ecommerce|web|web-design|woocommerce|wordpress,,,,2026-09-20 22:08
300feetout.com,300FeetOut,https://www.300feetout.com/,,United States,us,selectedfirms,web|web-design,,,,2026-09-20 22:08
directallied.com,Direct Allied Agency,https://www.directallied.com/,,United States,us,selectedfirms,web-design|wordpress,,,,2026-09-20 22:08
taazaa.com,Taazaa Inc,https://taazaa.com/,,United States,us,selectedfirms,web|web-design,,,,2026-09-20 22:08
parkerwhite.com,"ParkerWhite, A Healthcare Agency",https://www.parkerwhite.com/,,United States,us,selectedfirms,web-design,,,,2026-09-20 22:08
soliddigital.com,"Solid Digital, LLC",https://www.soliddigital.com/,,United States,us,selectedfirms,web|web-design,,,,2026-09-20 22:08
digifianz.com,Digifianz,https://www.digifianz.com/,,United States,us,selectedfirms,web|web-design,,,,2026-09-20 22:08
digitlhaus.com,DigitlHaus,https://www.digitlhaus.com/,,United States,us,selectedfirms,bigcommerce|ecommerce|web|web-design,,,,2026-09-20 22:08
kyriosdigitalgroup.com,Kyrios Digital Group LLC,https://kyriosdigitalgroup.com/,,United States,us,selectedfirms,ecommerce|web|web-design|wordpress,,,,2026-09-20 22:08
fasthippomedia.com,Fast Hippo Media,https://fasthippomedia.com/,,United States,us,selectedfirms,bigcommerce|ecommerce|web-design,,,,2026-09-20 22:08
dotlogics.com,Dotlogics,https://www.dotlogics.com/,,United States,us,selectedfirms,ecommerce|web|web-design,,,,2026-09-20 22:08
pxmediainc.com,PX Media,https://www.pxmediainc.com/,,United States,us,selectedfirms,web|web-design,,,,2026-09-20 22:08
tkxmedia.com,TKX Media,https://tkxmedia.com/,,United States,us,selectedfirms,web|web-design,,,,2026-09-20 22:08
xtreemsolution.com,Xtreem Solution,https://xtreemsolution.com/,,United States,us,selectedfirms,web-design,,,,2026-09-20 22:08
argience.com,Argience Technologies Pvt. Ltd,https://www.argience.com/,,United States,us,selectedfirms,ecommerce|web-design,,,,2026-09-20 22:08
desverto.com,Desverto,https://desverto.com/,,United States,us,selectedfirms,web-design,,,,2026-09-20 22:08
cbwebsitedesign.co.uk,CreativeWeb,https://www.cbwebsitedesign.co.uk/,,United States,us,selectedfirms,ecommerce|web|web-design|wordpress,,,,2026-09-20 22:08
llt-group.com,LLT Group,https://www.llt-group.com/,,United States,us,selectedfirms,ecommerce|web|web-design|wordpress,,,,2026-09-20 22:08
appigma.com,Appigma,https://www.appigma.com/,,United States,us,selectedfirms,ecommerce|web|web-design,,,,2026-09-20 22:08
aston360.com,Aston360,https://aston360.com/,,United States,us,selectedfirms,web|web-design,,,,2026-09-20 22:08
soltech.net,Soltech,https://soltech.net/,,United States,us,selectedfirms,web|web-design|wordpress,,,,2026-09-20 22:08
bowmandigitalmedia.com,Bowman Digital Media,https://bowmandigitalmedia.com/,,United States,us,selectedfirms,web|web-design|wordpress,,,,2026-09-20 22:08
icepop.co,icepop,https://www.icepop.co/,,United States,us,selectedfirms,web-design,,,,2026-09-20 22:08
tegan.io,Tegan Digital,https://tegan.io/,,United States,us,selectedfirms,web|web-design,,,,2026-09-20 22:08
doubleshotcreative.com,DoubleShot Creative,https://doubleshotcreative.com/,,United States,us,selectedfirms,web|web-design,,,,2026-09-20 22:08
ironforge.co,Iron Forge Development,https://www.ironforge.co/,,United States,us,selectedfirms,web|web-design,,,,2026-09-20 22:08
pixciletechnologies.com,Pixcile Technologies,https://www.pixciletechnologies.com/,,United States,us,selectedfirms,web|web-design,,,,2026-09-20 22:08
appwt.com,AppWT Web & AI Solutions (AppWT LLC),https://appwt.com/,,United States,us,selectedfirms,ecommerce|web|web-design,,,,2026-09-20 22:08
redvancreative.com,Red Van Creative,https://redvancreative.com/,,United States,us,selectedfirms,web-design,,,,2026-09-20 22:08
concentric.design,Concentric Design,https://www.concentric.design/,,United States,us,selectedfirms,web-design,,,,2026-09-20 22:08
interodigital.com,Intero Digital,https://www.interodigital.com/,,United States,us,selectedfirms,bigcommerce|ecommerce|web|web-design|wordpress,,,,2026-09-20 22:08
designity.com,Designity,https://www.designity.com/,,United States,us,selectedfirms,web-design,,,,2026-09-20 22:08
jahnelgroup.com,"Jahnel Group, Inc.",https://www.jahnelgroup.com/,,United States,us,selectedfirms,web|web-design,,,,2026-09-20 22:08
ramotion.agency,Ramotion,https://ramotion.agency/,,United States,us,selectedfirms,web|web-design,,,,2026-09-20 22:08
nimbletoad.com,Nimbletoad,https://nimbletoad.com/,,United States,us,selectedfirms,ecommerce|web|web-design,,,,2026-09-20 22:08
appx-digital.com,AppX,https://appx-digital.com/,,United States,us,selectedfirms,ecommerce|web|web-design,,,,2026-09-20 22:08
techcloudltd.com,Tech Cloud Ltd,https://techcloudltd.com/,,United States,us,selectedfirms,ecommerce|web|web-design,,,,2026-09-20 22:08
weappitright.com,We AppIt,https://weappitright.com/,,United States,us,selectedfirms,web|web-design,,,,2026-09-20 22:08
octosglobal.com,Octos Global Solutions,https://octosglobal.com/,,United States,us,selectedfirms,ecommerce|web|web-design,,,,2026-09-20 22:08
metacreativedesigner.com,Meta Creative Designer,https://metacreativedesigner.com/,,United States,us,selectedfirms,web|web-design,,,,2026-09-20 22:08
apporio.com,Apporio Infolabs,https://www.apporio.com/,,United States,us,selectedfirms,ecommerce|web|web-design,,,,2026-09-20 22:08
infinisys.co,Infinisys,https://infinisys.co/,,United States,us,selectedfirms,web-design,,,,2026-09-20 22:08
spirradigital.com,Spirra Digital,https://www.spirradigital.com,,United States,us,selectedfirms,web|web-design,,,,2026-09-20 22:08
alignedcode.com,Aligned Code,https://alignedcode.com/,,United States,us,selectedfirms,web|web-design,,,,2026-09-20 22:08
praxent.com,Praxent,https://praxent.com/,,United States,us,selectedfirms,web|web-design,,,,2026-09-20 22:08
webdevelopmentgroup.com,WDG - Web Development Group,https://www.webdevelopmentgroup.com/,,United States,us,selectedfirms,web|web-design|wordpress,,,,2026-09-20 22:08
zaptatech.com,ZAPTA Technologies,https://zaptatech.com/,,United States,us,selectedfirms,web|web-design,,,,2026-09-20 22:08
proximitylab.com,Proximity Lab,https://www.proximitylab.com/,,United States,us,selectedfirms,web-design,,,,2026-09-20 22:08
from.digital,FROM.Digital,https://www.from.digital/,,United States,us,selectedfirms,web-design,,,,2026-09-20 22:08
adachicomputech.net,Adachi Computech Solutions,https://www.adachicomputech.net/,,United States,us,selectedfirms,ecommerce|web|web-design|wordpress,,,,2026-09-20 22:08
pillcreative.com,Pill Creative Studio,https://pillcreative.com/,,United States,us,selectedfirms,web|web-design,,,,2026-09-20 22:08
aktivstudios.com,Aktiv Studios,https://www.aktivstudios.com/,,United States,us,selectedfirms,web|web-design,,,,2026-09-20 22:08
nextbigtechnology.com,Next Big Technology,https://nextbigtechnology.com/,,United States,us,selectedfirms,ecommerce|squarespace|web|web-design|wordpress,,,,2026-09-20 22:08
pegasusone.com,Pegasus One,https://www.pegasusone.com/,,United States,us,selectedfirms,web-design,,,,2026-09-20 22:08
niftic.com,Niftic Agency,https://niftic.com/,,United States,us,selectedfirms,web|web-design,,,,2026-09-20 22:08
netrio.com,Netrio,https://www.netrio.com/,,United States,us,selectedfirms,web-design,,,,2026-09-20 22:08
giantpartners.com,Giant Partners,https://giantpartners.com/,,United States,us,selectedfirms,web|web-design,,,,2026-09-20 22:08
appwrk.com,APPWRK IT Solutions Pvt. Ltd.,https://appwrk.com/,,United States,us,selectedfirms,ecommerce|web|web-design|wordpress,,,,2026-09-20 22:08
savaslabs.com,Savas Labs,https://www.savaslabs.com/,,United States,us,selectedfirms,ecommerce|web|web-design,,,,2026-09-20 22:08
llamaleadgen.com,Llama Lead Gen,https://www.llamaleadgen.com/,,United States,us,selectedfirms,web-design,,,,2026-09-20 22:08
thundertech.com,thunder::tech,https://www.thundertech.com/,,United States,us,selectedfirms,web|web-design,,,,2026-09-20 22:08
nextleft.com,NextLeft,https://nextleft.com/,,United States,us,selectedfirms,ecommerce|web|web-design|wordpress,,,,2026-09-20 22:08
neversettle.it,Never Settle,https://neversettle.it/,,United States,us,selectedfirms,ecommerce|squarespace|web|web-design|wordpress,,,,2026-09-20 22:08
themediacaptain.com,The Media Captain,https://www.themediacaptain.com/,,United States,us,selectedfirms,ecommerce|web|web-design|wordpress,,,,2026-09-20 22:08
eliftech.com,ElifTech,https://www.eliftech.com/,,United States,us,selectedfirms,ecommerce|web|web-design,,,,2026-09-20 22:08
ballastlane.com,Ballast Lane Applications LLC,https://ballastlane.com/,,United States,us,selectedfirms,web-design,,,,2026-09-20 22:08
nopio.com,Nopio,https://www.nopio.com/,,United States,us,selectedfirms,ecommerce|web|web-design|wordpress,,,,2026-09-20 22:08
interfaz.io,Interfaz,https://interfaz.io/,,United States,us,selectedfirms,web-design,,,,2026-09-20 22:08
doubleup.digital,Double Up Digital,https://doubleup.digital/,,United States,us,selectedfirms,web|web-design,,,,2026-09-20 22:08
orangeloops.com,OrangeLoops,https://orangeloops.com/,,United States,us,selectedfirms,web|web-design,,,,2026-09-20 22:08
diacritech.com,diacriTech - ePublishing Company,https://diacritech.com/,,United States,us,selectedfirms,web-design,,,,2026-09-20 22:08
iacircle.com,InterActive Circle,https://www.iacircle.com/,,United States,us,selectedfirms,web|web-design,,,,2026-09-20 22:08
betaacid.co,Beta Acid,https://betaacid.co/,,United States,us,selectedfirms,bigcommerce|ecommerce|web|web-design,,,,2026-09-20 22:08
iphtechnologies.com,IPH Technologies,https://iphtechnologies.com/,,United States,us,selectedfirms,web|web-design|wordpress,,,,2026-09-20 22:08
webgentechnologies.us,Webgen Technologies,https://www.webgentechnologies.us/,,United States,us,selectedfirms,web|web-design|wordpress,,,,2026-09-20 22:08
semnexus.com,SEM Nexus,https://semnexus.com/,,United States,us,selectedfirms,web-design,,,,2026-09-20 22:08
ateliware.com,Ateliware,https://ateliware.com/en/,,United States,us,selectedfirms,web|web-design,,,,2026-09-20 22:08
tangenttek.com,Tangent.,https://www.tangenttek.com,,United States,us,selectedfirms,ecommerce|web|web-design|wordpress,,,,2026-09-20 22:08
marketmediaconnect.com,Market Media Connect,https://marketmediaconnect.com/,,United States,us,selectedfirms,web|web-design,,,,2026-09-20 22:08
center3consulting.com,Center 3 Consulting,https://www.center3consulting.com/,,United States,us,selectedfirms,web|web-design,,,,2026-09-20 22:08
ester.co,Ester Digital,https://ester.co/,,United States,us,selectedfirms,web|web-design,,,,2026-09-20 22:08
bitzenith.com,Bitzenith,https://www.bitzenith.com/,,United States,us,selectedfirms,web|web-design,,,,2026-09-20 22:08
adroitmktg.com,Adroit,https://adroitmktg.com/,,United States,us,selectedfirms,web-design,,,,2026-09-20 22:08
animationliberty.com,Animation Liberty,https://www.animationliberty.com,,United States,us,selectedfirms,web-design,,,,2026-09-20 22:08
pwa-media.org,PWA Media,https://pwa-media.org/,,United States,us,selectedfirms,web-design,,,,2026-09-20 22:08
colchuckconsulting.com,Colchuck Consulting,https://www.colchuckconsulting.com,,United States,us,selectedfirms,web|web-design,,,,2026-09-20 22:08
indigoicon.com,Indigo Icon,https://indigoicon.com/,,United States,us,selectedfirms,web|web-design,,,,2026-09-20 22:08
digitalmarketingagency-consultant.com,Digital Marketing Agency,https://www.digitalmarketingagency-consultant.com/,,United States,us,selectedfirms,web-design,,,,2026-09-20 22:08
proweb365.com,ProWeb365,http://proweb365.com/,,United States,us,selectedfirms,web-design,,,,2026-09-20 22:08
vitanur.com,Vitanur,https://www.vitanur.com/,,United States,us,selectedfirms,web-design,,,,2026-09-20 22:08
medrankinteractive.com,Med Rank Interactive,https://medrankinteractive.com/,,United States,us,selectedfirms,web-design,,,,2026-09-20 22:08
thesunmediahouse.com,The Sun Media House LLC,https://www.thesunmediahouse.com/,,United States,us,selectedfirms,web-design,,,,2026-09-20 22:08
wunderdogs.co,Wunderdogs,https://www.wunderdogs.co/,,United States,us,selectedfirms,web-design,,,,2026-09-20 22:08
nerodigitaldesign.com,Nero Digital Design,https://www.nerodigitaldesign.com/,,United States,us,selectedfirms,web-design,,,,2026-09-20 22:08
ihyiptemplates.com,IHYIP Templates,https://www.ihyiptemplates.com/hyip-templates,,United States,us,selectedfirms,web|web-design,,,,2026-09-20 22:08
barlop.com,Barlop Business Systems,https://barlop.com/miami-copier-printer-rentals/,,United States,us,selectedfirms,web-design,,,,2026-09-20 22:08
megastreammedia.com,MEGAstream Media,https://megastreammedia.com/,,United States,us,selectedfirms,web|web-design,,,,2026-09-20 22:08
chavezwebdesign.com,Chavez Web Design LLC,https://chavezwebdesign.com/,,United States,us,selectedfirms,web-design,,,,2026-09-20 22:08
highpointseomarketing.com,High Point SEO & Marketing,https://www.highpointseomarketing.com/,,United States,us,selectedfirms,web|web-design,,,,2026-09-20 22:08
godiggo.com,Godiggo,https://godiggo.com/us-en/,,United States,us,selectedfirms,web|web-design,,,,2026-09-20 22:08
fmemodules.com,FME Modules,https://www.fmemodules.com/en/,,United States,us,selectedfirms,ecommerce|web-design,,,,2026-09-20 22:08
thrivesparksocial.com,ThriveSpark Social,https://www.thrivesparksocial.com/,,United States,us,selectedfirms,web-design,,,,2026-09-20 22:08
a99solutions.com,A99 SOLUTIONS,https://a99solutions.com/,,United States,us,selectedfirms,web|web-design,,,,2026-09-20 22:08
bluelinks.agency,Bluelinks Agency,https://www.bluelinks.agency,,United States,us,selectedfirms,web|web-design,,,,2026-09-20 22:08
thewebsitecoder.com,The Website Coder,https://thewebsitecoder.com/,,United States,us,selectedfirms,web|web-design,,,,2026-09-20 22:08
muletowndigital.com,Muletown Digital,https://muletowndigital.com/,,United States,us,selectedfirms,web|web-design,,,,2026-09-20 22:08
brandwelldesigns.com,BrandWell Designs,https://www.brandwelldesigns.com/,,United States,us,selectedfirms,web-design,,,,2026-09-20 22:08
sleekrdigital.com,Sleekr Digital,https://sleekrdigital.com/,,United States,us,selectedfirms,ecommerce|web-design,,,,2026-09-20 22:08
cubemarketingagency.com,Cube Marketing Agency,https://cubemarketingagency.com/,,United States,us,selectedfirms,web|web-design,,,,2026-09-20 22:08
logoxoom.com,Logo Xoom,https://www.logoxoom.com/logo/,,United States,us,selectedfirms,web-design,,,,2026-09-20 22:08
amanrasoft.com,AmanraSoft,https://amanrasoft.com/,,United States,us,selectedfirms,web-design,,,,2026-09-20 22:08
webology.io,Webology,https://webology.io/,,United States,us,selectedfirms,web-design,,,,2026-09-20 22:08
ridgetechcorp.com,Ridge Tech Corporation,https://ridgetechcorp.com/,,United States,us,selectedfirms,web|web-design|wix|wordpress,,,,2026-09-20 22:08
inflowen.com,Inflowen,https://inflowen.com/,,United States,us,selectedfirms,web-design,,,,2026-09-20 22:08
thelocalseofirm.com,The Local SEO Firm,https://thelocalseofirm.com,,United States,us,selectedfirms,web-design,,,,2026-09-20 22:08
igniteandinfinite.com,Ignite and Infinite,https://igniteandinfinite.com/,,United States,us,selectedfirms,web|web-design,,,,2026-09-20 22:08
animationrush.com,Animation Rush,https://animationrush.com/,,United States,us,selectedfirms,web-design,,,,2026-09-20 22:08
digistackmarketing.com,DigiStack Marketing,https://digistackmarketing.com/,,United States,us,selectedfirms,web-design,,,,2026-09-20 22:08
planowebmarketing.com,Plano Web Marketing,https://planowebmarketing.com,,United States,us,selectedfirms,web|web-design,,,,2026-09-20 22:08
roadtosuccesswebdesign.com,Road To Success Web Design,https://roadtosuccesswebdesign.com/,,United States,us,selectedfirms,web-design,,,,2026-09-20 22:08
sandiegoseo.company,San Diego SEO Company,https://www.sandiegoseo.company/,,United States,us,selectedfirms,web-design,,,,2026-09-20 22:08
websitedesignace.com,Website Design Ace,https://websitedesignace.com/,,United States,us,selectedfirms,ecommerce|web-design,,,,2026-09-20 22:08
webii.net,Webii,https://www.webii.net/,,United States,us,selectedfirms,web-design,,,,2026-09-20 22:08
dazonn.com,Dazonn Technologies Private Limited,https://dazonn.com/,,United States,us,selectedfirms,ecommerce|web|web-design|wordpress,,,,2026-09-20 22:08
yellowfindigital.com,YellowFin Digital,https://www.yellowfindigital.com,,United States,us,selectedfirms,web|web-design,,,,2026-09-20 22:08
webwizardsusa.com,Web Wizards USA,https://webwizardsusa.com/,,United States,us,selectedfirms,web|web-design,,,,2026-09-20 22:08
websitedesignplano.com,Website Design Plano,https://websitedesignplano.com,,United States,us,selectedfirms,web|web-design,,,,2026-09-20 22:08
yourhustler.com,YourHustler Inc,https://www.yourhustler.com/,,United States,us,selectedfirms,web|web-design,,,,2026-09-20 22:08
internetmarketingnokomis.com,Internet Marketing Nokomis FL,https://internetmarketingnokomis.com/,,United States,us,selectedfirms,web-design,,,,2026-09-20 22:08
flamingoagency.com,Flamingo Agency,https://www.flamingoagency.com,,United States,us,selectedfirms,web|web-design,,,,2026-09-20 22:08
cloudanimations.com,Cloud Animation,https://www.cloudanimations.com/whiteboard-animation,,United States,us,selectedfirms,web-design,,,,2026-09-20 22:08
websitedesigngreensboro.com,Designly Web Agency,https://websitedesigngreensboro.com,,United States,us,selectedfirms,web-design,,,,2026-09-20 22:08
gsourcedata.com,Gsource Technologies LLC,https://www.gsourcedata.com,,United States,us,selectedfirms,web-design,,,,2026-09-20 22:08
octet.design,Octet Design Studio,https://octet.design/,,United States,us,selectedfirms,web-design,,,,2026-09-20 22:08
blesswebdesigns.com,Bless Web Designs - Dallas,https://blesswebdesigns.com/website-design-dallas,,United States,us,selectedfirms,web|web-design,,,,2026-09-20 22:08
bookwritershub.com,Book Writers Hub,https://bookwritershub.com/,,United States,us,selectedfirms,web-design,,,,2026-09-20 22:08
socialfunnelmarketing.com,Social Funnel Marketing,https://socialfunnelmarketing.com,,United States,us,selectedfirms,web-design,,,,2026-09-20 22:08
topbrandingaltimeter.com,Top Branding Altimeter,https://topbrandingaltimeter.com/services/logo-design/,,United States,us,selectedfirms,web-design,,,,2026-09-20 22:08
weblish.io,WEBLISH,https://weblish.io,,United States,us,selectedfirms,web|web-design,,,,2026-09-20 22:08
snackbar.design,Snack Bar,https://snackbar.design/,,United States,us,selectedfirms,web-design,,,,2026-09-20 22:08
daishocreative.com,Daisho Creative Strategies,https://www.daishocreative.com/,,United States,us,selectedfirms,web-design,,,,2026-09-20 22:08
printdeed.com,Print Deed,https://www.printdeed.com/,,United States,us,selectedfirms,web-design,,,,2026-09-20 22:08
brightlab.me,Brightlab,https://brightlab.me/,,United States,us,selectedfirms,web|web-design,,,,2026-09-20 22:08
digiteins.com,Digiteins LLC,https://digiteins.com/,,United States,us,selectedfirms,web|web-design|wordpress,,,,2026-09-20 22:08
whitelabelpartner.com,White Label Partner,https://whitelabelpartner.com/,,United States,us,selectedfirms,web|web-design|wix|wordpress,,,,2026-09-20 22:08
yesitlabs.com,YES IT Labs,https://www.yesitlabs.com/,,United States,us,selectedfirms,ecommerce|squarespace|web|web-design|wix|wordpress,,,,2026-09-20 22:08
einfochips.com,eInfochips,https://www.einfochips.com/,,United States,us,selectedfirms,web|web-design,,,,2026-09-20 22:08
materiell.com,Materiell,https://materiell.com/,,United States,us,selectedfirms,web|web-design,,,,2026-09-20 22:08
jumpgrowth.com,JumpGrowth,https://jumpgrowth.com/,,United States,us,selectedfirms,web|web-design,,,,2026-09-20 22:08
pixelrocketapps.com,PixelRocket,https://pixelrocketapps.com,,United States,us,selectedfirms,ecommerce|web-design,,,,2026-09-20 22:08
boostability.com,Boostability,https://www.boostability.com/,,United States,us,selectedfirms,web-design,,,,2026-09-20 22:08
tbhcreative.com,TBH Creative,https://www.tbhcreative.com/,,United States,us,selectedfirms,web|web-design,,,,2026-09-20 22:08
blackflagcreative.com,Black Flag Creative,https://blackflagcreative.com/,,United States,us,selectedfirms,web-design,,,,2026-09-20 22:08
cadenceseo.com,CadenceSEO,https://www.cadenceseo.com/,,United States,us,selectedfirms,web-design,,,,2026-09-20 22:08
ideagrove.com,Idea Grove,https://www.ideagrove.com/,,United States,us,selectedfirms,web-design,,,,2026-09-20 22:08
keenethics.com,KeenEthics,https://keenethics.com/,,United States,us,selectedfirms,web|web-design,,,,2026-09-20 22:08
jsguru.io,jsGuru,https://jsguru.io/,,United States,us,selectedfirms,web|web-design,,,,2026-09-20 22:08
wojodesign.com,Wojo Design,https://wojodesign.com/,,United States,us,selectedfirms,ecommerce|web|web-design,,,,2026-09-20 22:08
stormbrain.com,Storm Brain,https://stormbrain.com/,,United States,us,selectedfirms,ecommerce|web|web-design|wordpress,,,,2026-09-20 22:08
fictivestudios.com,Fictive Studios,https://fictivestudios.com/,,United States,us,selectedfirms,bigcommerce|ecommerce|web|web-design|wordpress,,,,2026-09-20 22:08
devspheretechnologies.com,DevSphere Technologies LLC,https://devspheretechnologies.com/,,United States,us,selectedfirms,ecommerce|web|web-design|wordpress,,,,2026-09-20 22:08
strativera.com,Strativera,https://strativera.com/,,United States,us,selectedfirms,web-design,,,,2026-09-20 22:08
wingstechsolutions.com,Wings Tech Solutions Pvt. Ltd,https://wingstechsolutions.com/,,United States,us,selectedfirms,bigcommerce|ecommerce|web|web-design|wordpress,,,,2026-09-20 22:08
devtrust.biz,DEVtrust,https://www.devtrust.biz/,,United States,us,selectedfirms,web|web-design,,,,2026-09-20 22:08
tekzotech.com,TekzoTech,https://tekzotech.com/,,United States,us,selectedfirms,web-design,,,,2026-09-20 22:08
senditrising.com,Send It Rising Internet Marketing,https://senditrising.com/,,United States,us,selectedfirms,ecommerce|web-design|wordpress,,,,2026-09-20 22:08
hypersense-software.com,HyperSense Software Inc,https://hypersense-software.com/,,United States,us,selectedfirms,web|web-design|wordpress,,,,2026-09-20 22:08
xaicode.com,Xaicode,https://www.xaicode.com/,,United States,us,selectedfirms,ecommerce|web|web-design,,,,2026-09-20 22:08
avintivmedia.com,AVINTIV,https://avintivmedia.com/,,United States,us,selectedfirms,web-design,,,,2026-09-20 22:08
maxiomtech.com,Maxiom Technology,https://www.maxiomtech.com/,,United States,us,selectedfirms,web|web-design,,,,2026-09-20 22:08
imarc.com,Imarc,https://www.imarc.com/,,United States,us,selectedfirms,web|web-design|wordpress,,,,2026-09-20 22:08
lazarev.agency,Lazarev.,https://www.lazarev.agency/,,United States,us,selectedfirms,web-design,,,,2026-09-20 22:08
baunfire.com,Baunfire,https://www.baunfire.com/,,United States,us,selectedfirms,web|web-design,,,,2026-09-20 22:08
bopdesign.com,Bop Design,https://www.bopdesign.com/,,United States,us,selectedfirms,web-design,,,,2026-09-20 22:08
snowmanlabs.com,Snowman Labs,https://snowmanlabs.com/,,United States,us,selectedfirms,web-design,,,,2026-09-20 22:08
scalablepath.com,Scalable Path,https://www.scalablepath.com/,,United States,us,selectedfirms,web|web-design,,,,2026-09-20 22:08
singlemindconsulting.com,SingleMind,https://www.singlemindconsulting.com/,,United States,us,selectedfirms,web|web-design,,,,2026-09-20 22:08
bigdropinc.com,Big Drop Inc,https://www.bigdropinc.com/,,United States,us,selectedfirms,web|web-design,,,,2026-09-20 22:08
witgroupagency.com,WiT Group,https://witgroupagency.com/,,United States,us,selectedfirms,web|web-design,,,,2026-09-20 22:08
asktheegghead.com,Ask the Egghead,https://www.asktheegghead.com/,,United States,us,selectedfirms,squarespace|web|web-design|wix|wordpress,,,,2026-09-20 22:08
delaine.tech,Delaine Technologies,https://delaine.tech/,,United States,us,selectedfirms,web|web-design|wordpress,,,,2026-09-20 22:08
phpyouth.com,PHPYouth Software Solutions Pvt. Ltd.,https://phpyouth.com/,,United States,us,selectedfirms,ecommerce|web|web-design|wordpress,,,,2026-09-20 22:08
fatcamel.io,Fatcamel,https://fatcamel.io/index.html,,United States,us,selectedfirms,web-design,,,,2026-09-20 22:08
depextechnologies.com,Depex Technologies,https://depextechnologies.com/,,United States,us,selectedfirms,ecommerce|web|web-design|wordpress,,,,2026-09-20 22:08
kyledavidgroup.com,KDG,http://www.kyledavidgroup.com/,,United States,us,selectedfirms,web|web-design,,,,2026-09-20 22:08
ionixxtech.com,Ionixx Technologies,https://www.ionixxtech.com/,,United States,us,selectedfirms,web|web-design,,,,2026-09-20 22:08
igeektech.com,IGEEK,https://igeektech.com,,United States,us,selectedfirms,web|web-design,,,,2026-09-20 22:08
codebludev.com,Codebludev,https://codebludev.com/,,United States,us,selectedfirms,web|web-design|wordpress,,,,2026-09-20 22:08
focusreactive.com,Focusreactive,https://focusreactive.com/,,United States,us,selectedfirms,web|web-design,,,,2026-09-20 22:08
scalosoft.com,Scalo,https://www.scalosoft.com/,,United States,us,selectedfirms,web|web-design,,,,2026-09-20 22:08
rso-consulting.com,RSO Consulting,https://www.rso-consulting.com/,,United States,us,selectedfirms,web|web-design,,,,2026-09-20 22:08
wvelabs.com,Wve Labs,https://wvelabs.com/,,United States,us,selectedfirms,ecommerce|web|web-design,,,,2026-09-20 22:08
w3-lab.com,W3 Lab Digital Solutions,https://w3-lab.com/,,United States,us,selectedfirms,ecommerce|web|web-design,,,,2026-09-20 22:08
kandasoft.com,Kanda Software,https://www.kandasoft.com/,,United States,us,selectedfirms,web|web-design,,,,2026-09-20 22:08
discovermybusiness.co,DiscoverMyBusiness,https://discovermybusiness.co/,,United States,us,selectedfirms,bigcommerce|ecommerce|web|web-design,,,,2026-09-20 22:08
9series.com,9series,https://www.9series.com/,,United States,us,selectedfirms,ecommerce|web|web-design|wordpress,,,,2026-09-20 22:08
wearemadcraft.com,Madcraft,https://wearemadcraft.com/,,United States,us,selectedfirms,ecommerce|web|web-design,,,,2026-09-20 22:08
upraisepr.com,UPRAISE,https://upraisepr.com/,,United States,us,selectedfirms,web|web-design,,,,2026-09-20 22:08
owdt.com,OWDT,https://owdt.com/,,United States,us,selectedfirms,web|web-design,,,,2026-09-20 22:08
vertical10.com,Vertical10,https://vertical10.com/,,United States,us,selectedfirms,web|web-design|wordpress,,,,2026-09-20 22:08
skytechbpo.com,Skytech Solutions,https://www.skytechbpo.com/,,United States,us,selectedfirms,web|web-design,,,,2026-09-20 22:08
brytdesigns.com,Bryt Designs,https://www.brytdesigns.com/,,United States,us,selectedfirms,ecommerce|web|web-design|wordpress,,,,2026-09-20 22:08
agicent.com,Agicent,https://www.agicent.com/,,United States,us,selectedfirms,web|web-design,,,,2026-09-20 22:08
surf.dev,Surf,https://surf.dev/,,United States,us,selectedfirms,web|web-design,,,,2026-09-20 22:08
revealize.com,Revealize Inc.,https://revealize.com/,,United States,us,selectedfirms,web|web-design,,,,2026-09-20 22:08
devsu.com,Devsu,https://devsu.com/,,United States,us,selectedfirms,web|web-design,,,,2026-09-20 22:08
myvirtualteams.com,My Virtual Teams,https://www.myvirtualteams.com/,,United States,us,selectedfirms,ecommerce|web-design,,,,2026-09-20 22:08
xtapps.us,XTAPPS Software Solutions,https://xtapps.us/,,United States,us,selectedfirms,web|web-design|wordpress,,,,2026-09-20 22:08
syrupmarketing.com,Syrup,https://syrupmarketing.com/,,United States,us,selectedfirms,web-design,,,,2026-09-20 22:08
saerintech.com,Saerin Tech LLC,https://saerintech.com/,,United States,us,selectedfirms,web|web-design,,,,2026-09-20 22:08
rankings.io,Rankingsio,https://rankings.io/,,United States,us,selectedfirms,web-design,,,,2026-09-20 22:08
axon.dev,Axon,https://www.axon.dev/,,United States,us,selectedfirms,web|web-design,,,,2026-09-20 22:08
umbrellait.com,Umbrella IT,https://umbrellait.com/,,United States,us,selectedfirms,web|web-design,,,,2026-09-20 22:08
smartboost.com,smartboost,https://www.smartboost.com/,,United States,us,selectedfirms,ecommerce|web|web-design,,,,2026-09-20 22:08
particularangles.com,Particular Angles,https://particularangles.com/,,United States,us,selectedfirms,web|web-design|wordpress,,,,2026-09-20 22:08
seattlewebdesign.com,efelle creative,https://www.seattlewebdesign.com/,,United States,us,selectedfirms,bigcommerce|ecommerce|web|web-design,,,,2026-09-20 22:08
byteout.com,Byteout Software,https://www.byteout.com/,,United States,us,selectedfirms,ecommerce|web-design,,,,2026-09-20 22:08
ayokay.com,Ayokay,https://www.ayokay.com/,,United States,us,selectedfirms,ecommerce|web|web-design|wordpress,,,,2026-09-20 22:08
semaphoremobile.com,Semaphore Mobile,https://semaphoremobile.com/,,United States,us,selectedfirms,ecommerce|web|web-design,,,,2026-09-20 22:08
unflip.co,Unflip,https://www.unflip.co/,,United States,us,selectedfirms,web|web-design,,,,2026-09-20 22:08
jatapp.com,JatApp,https://jatapp.com/,,United States,us,selectedfirms,web-design,,,,2026-09-20 22:08
nixtio.com,Nixtio Digital Agency,https://nixtio.com/,,United States,us,selectedfirms,web|web-design,,,,2026-09-20 22:08
clicktitan.co,ClickTitan,https://clicktitan.co,,United States,us,selectedfirms,ecommerce|web|web-design,,,,2026-09-20 22:08
armia.com,Armia Systems,https://www.armia.com/,,United States,us,selectedfirms,ecommerce|web|web-design|wordpress,,,,2026-09-20 22:08
syzmic.com,Syzmic,https://www.syzmic.com/,,United States,us,selectedfirms,ecommerce|web|web-design,,,,2026-09-20 22:08
webnortics.com,Webnortics,https://webnortics.com/,,United States,us,selectedfirms,web|web-design|wordpress,,,,2026-09-20 22:08
hdc.net,HDC,https://hdc.net/,,United States,us,selectedfirms,web|web-design,,,,2026-09-20 22:08
startdesigns.com,Start Designs,https://www.startdesigns.com/,,United States,us,selectedfirms,ecommerce|web|web-design|wordpress,,,,2026-09-20 22:08
thinkpalm.com,ThinkPalm Technologies Pvt. Ltd.,https://thinkpalm.com/,,United States,us,selectedfirms,web|web-design,,,,2026-09-20 22:08
devbatch.com,DevBatch Inc,https://www.devbatch.com,,United States,us,selectedfirms,ecommerce|web|web-design,,,,2026-09-20 22:08
softura.com,Softura,https://www.softura.com/,,United States,us,selectedfirms,web|web-design|wordpress,,,,2026-09-20 22:08
digisoftsolution.com,Digisoft Solution,https://www.digisoftsolution.com/,,United States,us,selectedfirms,ecommerce|web|web-design|wordpress,,,,2026-09-20 22:08
internetsoft.com,Internet Soft,https://internetsoft.com,,United States,us,selectedfirms,bigcommerce|ecommerce|web|web-design|wordpress,,,,2026-09-20 22:08
kerneltech.net,Kernel Tech,https://kerneltech.net/,,United States,us,selectedfirms,bigcommerce|ecommerce|web|web-design,,,,2026-09-20 22:08
seoguruatlanta.com,SEO Guru Atlanta,https://seoguruatlanta.com/,,United States,us,selectedfirms,ecommerce|web|web-design,,,,2026-09-20 22:08
ebizzinfotech.com,EbizzInfotech,https://www.ebizzinfotech.com/,,United States,us,selectedfirms,web|web-design,,,,2026-09-20 22:08
req.co,REQ,https://req.co/,,United States,us,selectedfirms,web-design|wordpress,,,,2026-09-20 22:08
thawkdigital.com,t/hawk digital,https://thawkdigital.com/,,United States,us,selectedfirms,ecommerce|web|web-design,,,,2026-09-20 22:08
siteninestudios.com,Site Nine Studios,https://siteninestudios.com/,,United States,us,selectedfirms,ecommerce|web|web-design|wordpress,,,,2026-09-20 22:08
tba.ai,Texas Business Analytics,https://www.tba.ai/,,United States,us,selectedfirms,ecommerce|web-design,,,,2026-09-20 22:08
triveniglobalsoft.com,Triveni Global Software Services LLP,https://triveniglobalsoft.com/,,United States,us,selectedfirms,ecommerce|web|web-design,,,,2026-09-20 22:08
integrativesystems.com,Integrative Systems,https://www.integrativesystems.com/,,United States,us,selectedfirms,web|web-design,,,,2026-09-20 22:08
o8.agency,O8,https://www.o8.agency,,United States,us,selectedfirms,web|web-design,,,,2026-09-20 22:08
tarikatechnologies.com,Tarika Technologies,https://www.tarikatechnologies.com/,,United States,us,selectedfirms,web-design,,,,2026-09-20 22:08
myfavoritewebdesigns.com,My Favorite Web Designs,https://myfavoritewebdesigns.com,,United States,us,selectedfirms,web|web-design,,,,2026-09-20 22:08
thriveengine.com,Thrive Engine,https://thriveengine.com/,,United States,us,selectedfirms,web|web-design,,,,2026-09-20 22:08
cbdwebdesigning.com,CBD Web Designing,https://cbdwebdesigning.com/,,United States,us,selectedfirms,ecommerce|web|web-design,,,,2026-09-20 22:08
agencycouch.com,Agency Couch,https://agencycouch.com/,,United States,us,selectedfirms,web|web-design,,,,2026-09-20 22:08
ijonaservices.com,Ijona Technologies,https://ijonaservices.com/,,United States,us,selectedfirms,ecommerce|web|web-design,,,,2026-09-20 22:08
pixelbrainy.com,PixelBrainy LLC,https://www.pixelbrainy.com/,,United States,us,selectedfirms,ecommerce|web-design,,,,2026-09-20 22:08
supremiumads.com,Supremium Ads,https://supremiumads.com/,,United States,us,selectedfirms,web|web-design,,,,2026-09-20 22:08
spiralbridge.solutions,Spiral Bridge Solutions LLC,https://spiralbridge.solutions/,,United States,us,selectedfirms,web|web-design,,,,2026-09-20 22:08
simplewebsolutions.com,Simple Web Solutions,https://www.simplewebsolutions.com/,,United States,us,selectedfirms,web|web-design,,,,2026-09-20 22:08
sispntech.com,SISPN Technology,https://sispntech.com/,,United States,us,selectedfirms,squarespace|web|web-design,,,,2026-09-20 22:08
kdesignsgroup.com,Kdesigns Group,https://kdesignsgroup.com/,,United States,us,selectedfirms,web|web-design,,,,2026-09-20 22:08
tentackles.com,Tentackles,https://tentackles.com/,,United States,us,selectedfirms,ecommerce|web|web-design,,,,2026-09-20 22:08
homageusa.com,Homage USA,https://homageusa.com/contact-us,,United States,us,selectedfirms,web|web-design,,,,2026-09-20 22:08
24webstudio.com,24Webstudio,https://www.24webstudio.com/,,United States,us,selectedfirms,ecommerce|web|web-design,,,,2026-09-20 22:08
websitedigitals.com,Website Digitals,https://www.websitedigitals.com/,,United States,us,selectedfirms,ecommerce|web|web-design,,,,2026-09-20 22:08
mycompanysite.com,Roofing Website Design Agency,https://mycompanysite.com/services/website-design/roofing/,,United States,us,selectedfirms,ecommerce|squarespace|web|web-design|wix,,,,2026-09-20 22:08
hegemonicinc.com,Hegemonic Inc,https://www.hegemonicinc.com/,,United States,us,selectedfirms,web|web-design,,,,2026-09-20 22:08
technanosoft.com,Technanosoft Technologies,https://technanosoft.com/,,United States,us,selectedfirms,web|web-design,,,,2026-09-20 22:08
clickysoft.com,Clickysoft,https://clickysoft.com/,,United States,us,selectedfirms,bigcommerce|ecommerce|web|web-design,,,,2026-09-20 22:08
aidantaylor.com,Aidan Taylor Marketing,https://aidantaylor.com/,,United States,us,selectedfirms,web|web-design,,,,2026-09-20 22:08
pnclogos.com,PNC Logos,https://www.pnclogos.com/,,United States,us,selectedfirms,bigcommerce|ecommerce|web|web-design,,,,2026-09-20 22:08
futurismtechnologies.com,"Futurism Technologies, Inc.",https://www.futurismtechnologies.com/,,United States,us,selectedfirms,bigcommerce|ecommerce|magento|web-design|woocommerce,,,,2026-09-20 22:08
chetu.com,Chetu,https://www.chetu.com/,,United States,us,selectedfirms,bigcommerce|ecommerce|web-design|wordpress,,,,2026-09-20 22:08
pivofy.com,Pivofy,https://www.pivofy.com/,,United States,us,selectedfirms,ecommerce|web-design,,,,2026-09-20 22:08
neuralab.net,NEURALAB,https://www.neuralab.net/,,United States,us,selectedfirms,ecommerce|web-design|woocommerce|wordpress,,,,2026-09-20 22:08
info.shockoe.com,Shockoe,https://info.shockoe.com/,,United States,us,selectedfirms,web|web-design,,,,2026-09-20 22:08
sugarfreedesigns.com,SugarFree Designs,https://sugarfreedesigns.com/,,United States,us,selectedfirms,web-design,,,,2026-09-20 22:08
captivedemand.com,Captive Demand,https://captivedemand.com/,,United States,us,selectedfirms,web|web-design,,,,2026-09-20 22:08
meanpug.com,MeanPug Digital,https://www.meanpug.com/,,United States,us,selectedfirms,web|web-design,,,,2026-09-20 22:08
redspotdesign.com,Red Spot Design,https://www.redspotdesign.com/,,United States,us,selectedfirms,web|web-design|wordpress,,,,2026-09-20 22:08
technologyrivers.com,Technology Rivers,https://technologyrivers.com/,,United States,us,selectedfirms,web|web-design,,,,2026-09-20 22:08
ologie.com,Ologie,https://ologie.com/,,United States,us,selectedfirms,web-design,,,,2026-09-20 22:08
connect4webdesign.com,Connect 4 Web Design,https://www.connect4webdesign.com/,,United States,us,selectedfirms,web|web-design,,,,2026-09-20 22:08
digitalsilk.com,Digital Silk,https://www.digitalsilk.com/,,United States,us,selectedfirms,ecommerce|web|web-design,,,,2026-09-20 22:08
synchronized.studio,Synchronized Studio,https://synchronized.studio/,,United States,us,selectedfirms,web|web-design,,,,2026-09-20 22:08
siteitnow.com,SITE IT NOW,https://www.siteitnow.com/,,United States,us,selectedfirms,ecommerce|web|web-design,,,,2026-09-20 22:08
highervisibility.com,HigherVisibility,https://www.highervisibility.com/,,United States,us,selectedfirms,web-design,,,,2026-09-20 22:08
7studios.co,7 Studios,https://www.7studios.co/,,United States,us,selectedfirms,web-design,,,,2026-09-20 22:08
tryspringstudio.com,Spring Studio,https://www.tryspringstudio.com/,,United States,us,selectedfirms,web-design|wix|wordpress,,,,2026-09-20 22:08
afflectomm.com,Afflecto,https://afflectomm.com/,,United States,us,selectedfirms,web-design,,,,2026-09-20 22:08
marketingmaven.com,Marketing Maven,https://marketingmaven.com/,,United States,us,selectedfirms,web|web-design,,,,2026-09-20 22:08
miracommerce.com,Mira Commerce,https://www.miracommerce.com/,,United States,us,selectedfirms,bigcommerce|ecommerce|web-design,,,,2026-09-20 22:08
cubettech.com,CUBET Technolabs,https://cubettech.com/,,United States,us,selectedfirms,ecommerce|web|web-design,,,,2026-09-20 22:08
firstpier.com,First Pier,https://www.firstpier.com/,,United States,us,selectedfirms,ecommerce|web-design,,,,2026-09-20 22:08
proventusagency.com,Surge Elevate Thrive,https://www.proventusagency.com/,,United States,us,selectedfirms,web-design,,,,2026-09-20 22:08
hexagoncreativedetroit.com,Hexagon Creative,https://hexagoncreativedetroit.com/,,United States,us,selectedfirms,web-design,,,,2026-09-20 22:08
websitedesignaustintexas.com,Website Design Austin Texas,https://websitedesignaustintexas.com/,,United States,us,selectedfirms,web-design,,,,2026-09-20 22:08
lucidrealitylabs.com,Lucid Reality Labs,https://lucidrealitylabs.com/,,United States,us,selectedfirms,web-design,,,,2026-09-20 22:08
phoenixonlinemedia.com,Phoenix Online Media,https://phoenixonlinemedia.com/,,United States,us,selectedfirms,web-design,,,,2026-09-20 22:08
sonatafy.com,Sonatafy Technology,https://sonatafy.com/,,United States,us,selectedfirms,web|web-design,,,,2026-09-20 22:08
jjlyonsmarketing.com,Joshua Lyons Marketing,https://jjlyonsmarketing.com/,,United States,us,selectedfirms,web|web-design,,,,2026-09-20 22:08
neologic.dev,Neologic,https://neologic.dev/,,United States,us,selectedfirms,ecommerce|web-design,,,,2026-09-20 22:08
405ads.com,405 Ads,https://405ads.com/,,United States,us,selectedfirms,ecommerce|web|web-design|wordpress,,,,2026-09-20 22:08
growpixel.co,GrowPixel LLC,https://growpixel.co/,,United States,us,selectedfirms,ecommerce|web|web-design|wordpress,,,,2026-09-20 22:08
andersoncollaborative.com,Anderson Collaborative,https://www.andersoncollaborative.com/,,United States,us,selectedfirms,ecommerce|web|web-design,,,,2026-09-20 22:08
bilberrry.com,Bilberrry,https://bilberrry.com/,,United States,us,selectedfirms,ecommerce|web|web-design,,,,2026-09-20 22:08
fuzzymath.com,Fuzzy Math,https://fuzzymath.com/,,United States,us,selectedfirms,web-design,,,,2026-09-20 22:08
fuselabcreative.com,Fuselab Creative,https://fuselabcreative.com/,,United States,us,selectedfirms,web-design,,,,2026-09-20 22:08
techsigmaglobal.com,Techsigma Global,https://www.techsigmaglobal.com/,,United States,us,selectedfirms,web|web-design,,,,2026-09-20 22:08
goprotoz.com,GoProtoz,https://www.goprotoz.com/,,United States,us,selectedfirms,web-design,,,,2026-09-20 22:08
digitalradar.agency,Digital Radar,https://www.digitalradar.agency/,,United States,us,selectedfirms,web-design,,,,2026-09-20 22:08
newlightdigital.com,New Light Digital,https://newlightdigital.com/,,United States,us,selectedfirms,ecommerce|web|web-design|wordpress,,,,2026-09-20 22:08
75way.com,75way Technologies Pvt. Ltd.,https://75way.com/,,United States,us,selectedfirms,web|web-design,,,,2026-09-20 22:08
parix.ai,Parix.ai,https://parix.ai,,United States,us,selectedfirms,ecommerce|web|web-design|wordpress,,,,2026-09-20 22:08
endpointdev.com,End Point Corporation,https://www.endpointdev.com/,,United States,us,selectedfirms,ecommerce|web|web-design|wix|wordpress,,,,2026-09-20 22:08
ecreativeworks.com,"Ecreative (Ecreativeworks, Inc.)",https://www.ecreativeworks.com/,,United States,us,selectedfirms,ecommerce|web|web-design,,,,2026-09-20 22:08
vrrb.com,Vrrb,https://www.vrrb.com/,,United States,us,selectedfirms,ecommerce|web|web-design|wordpress,,,,2026-09-20 22:08
demskigroup.com,The Demski Group,https://demskigroup.com/,,United States,us,selectedfirms,web|web-design,,,,2026-09-20 22:08
crema.us,Crema,https://www.crema.us/,,United States,us,selectedfirms,web|web-design,,,,2026-09-20 22:08
marketwithfirefly.com,"Firefly Marketing Solutions, LLC",https://marketwithfirefly.com/,,United States,us,selectedfirms,web|web-design,,,,2026-09-20 22:08
coreandmoretechnologies.com,Core and More Technologies,https://www.coreandmoretechnologies.com/,,United States,us,selectedfirms,web-design,,,,2026-09-20 22:08
the215guys.com,The 215 Guys,https://www.the215guys.com/,,United States,us,selectedfirms,ecommerce|web|web-design|wordpress,,,,2026-09-20 22:08
visualwebz.com,Visualwebz,https://visualwebz.com/,,United States,us,selectedfirms,ecommerce|web|web-design|wordpress,,,,2026-09-20 22:08
ishir.com,ISHIR,https://www.ishir.com/,,United States,us,selectedfirms,web|web-design,,,,2026-09-20 22:08
augmentifyinc.com,Augmentify Inc,https://augmentifyinc.com/,,United States,us,selectedfirms,web|web-design,,,,2026-09-20 22:08
hypertechverse.com,Hypertech Verse,https://hypertechverse.com/,,United States,us,selectedfirms,web|web-design,,,,2026-09-20 22:08
escalaco.com,Escala,https://escalaco.com/,,United States,us,selectedfirms,ecommerce|web-design,,,,2026-09-20 22:08
optimum7.com,Optimum7,https://www.optimum7.com/,,United States,us,selectedfirms,ecommerce|web-design,,,,2026-09-20 22:08
neologix.ae,Neologix Software Solutions,https://neologix.ae/,,United States,us,selectedfirms,web|web-design,,,,2026-09-20 22:08
dewsolutions.in,Dew Solutions Pvt Ltd,https://www.dewsolutions.in/,,United States,us,selectedfirms,web|web-design,,,,2026-09-20 22:08
kalpitatechnologies.com,Kalpita Technologies Private Limited,https://www.kalpitatechnologies.com/,,United States,us,selectedfirms,web|web-design,,,,2026-09-20 22:08
thebhwgroup.com,The BHW Group,https://thebhwgroup.com/,,United States,us,selectedfirms,web|web-design,,,,2026-09-20 22:08
thewebnovas.com,The Web Novas,https://thewebnovas.com/,,United States,us,selectedfirms,ecommerce|web-design,,,,2026-09-20 22:08
bizmapllc.com,Bizmap LLC,https://bizmapllc.com/,,United States,us,selectedfirms,web|web-design|wordpress,,,,2026-09-20 22:08
thiel.com,THIEL,https://thiel.com/,,United States,us,selectedfirms,web|web-design,,,,2026-09-20 22:08
reputation-guards.com,Reputation Guards,https://reputation-guards.com/,,United States,us,selectedfirms,web|web-design,,,,2026-09-20 22:08
fueled.com,Fueled,https://fueled.com/,,United States,us,selectedfirms,web|web-design,,,,2026-09-20 22:08
glow.team,Glow Design Agency,https://glow.team/trial,,United States,us,selectedfirms,web-design,,,,2026-09-20 22:08
spiredigital-kinandcarta.com,Spire Digital,https://www.spiredigital-kinandcarta.com/,,United States,us,selectedfirms,web|web-design,,,,2026-09-20 22:08
bluewhaleapps.com,Bluewhaleapps,https://bluewhaleapps.com/,,United States,us,selectedfirms,ecommerce|web|web-design,,,,2026-09-20 22:08
kindgeek.com,KindGeek,https://kindgeek.com/,,United States,us,selectedfirms,web|web-design,,,,2026-09-20 22:08
dotcode.pro,dotcode,https://dotcode.pro/,,United States,us,selectedfirms,web-design,,,,2026-09-20 22:08
logicalposition.com,Logical Position,https://www.logicalposition.com/,,United States,us,selectedfirms,web-design,,,,2026-09-20 22:08
cenango.com,Cenango,https://www.cenango.com/,,United States,us,selectedfirms,web-design,,,,2026-09-20 22:08
motiontactic.com,Motion Tactic,https://motiontactic.com/,,United States,us,selectedfirms,web|web-design|wordpress,,,,2026-09-20 22:08
redsharkdigital.com,Red Shark Digital,https://www.redsharkdigital.com/,,United States,us,selectedfirms,web|web-design,,,,2026-09-20 22:08
webxd.net,WebXd,https://webxd.net/,,United States,us,selectedfirms,web|web-design|wordpress,,,,2026-09-20 22:08
blueoceanglobaltech.com,Blue Ocean Global Technology,https://www.blueoceanglobaltech.com/,,United States,us,selectedfirms,web|web-design,,,,2026-09-20 22:08
konstructdigital.com,Konstruct Digital,https://www.konstructdigital.com/,,United States,us,selectedfirms,web-design,,,,2026-09-20 22:08
samarpaninfotech.com,Samarpan Infotech,https://www.samarpaninfotech.com/,,United States,us,selectedfirms,ecommerce|squarespace|web|web-design|wix|wordpress,,,,2026-09-20 22:08
coreware.us,Coreware Group,https://www.coreware.us/,,United States,us,selectedfirms,web|web-design,,,,2026-09-20 22:08
capitoltechsolutions.com,Capitol Tech Solutions,https://www.capitoltechsolutions.com/,,United States,us,selectedfirms,web|web-design,,,,2026-09-20 22:08
endertech.com,ENDERTECH,https://endertech.com/,,United States,us,selectedfirms,ecommerce|web-design,,,,2026-09-20 22:08
pomoroi.com,POMOROI,https://pomoroi.com/,,United States,us,selectedfirms,web-design,,,,2026-09-20 22:08
interactone.com,InteractOne,https://interactone.com/,,United States,us,selectedfirms,ecommerce|web-design,,,,2026-09-20 22:08
royalinkdesign.com,Royalink,https://royalinkdesign.com/,,United States,us,selectedfirms,web|web-design,,,,2026-09-20 22:08
growlaw.co,Grow Law,https://growlaw.co/,,United States,us,selectedfirms,web|web-design,,,,2026-09-20 22:08
mitiztechnologies.com,Mitiz Technologies,https://www.mitiztechnologies.com/,,United States,us,selectedfirms,ecommerce|web|web-design|wordpress,,,,2026-09-20 22:08
mile6.com,Mile6,https://www.mile6.com/,,United States,us,selectedfirms,web|web-design,,,,2026-09-20 22:08
rolemodelsoftware.com,RoleModel Software,https://rolemodelsoftware.com/,,United States,us,selectedfirms,web|web-design,,,,2026-09-20 22:08
digitalhonchos.com,Digital Honchos,https://digitalhonchos.com/,,United States,us,selectedfirms,bigcommerce|ecommerce|web|web-design|wordpress,,,,2026-09-20 22:08
bellwood.io,Bellwood Labs,https://bellwood.io/,,United States,us,selectedfirms,web-design,,,,2026-09-20 22:08
moduscreate.com,Modus Create,https://www.moduscreate.com/,,United States,us,selectedfirms,web-design,,,,2026-09-20 22:08
uniquesoftwaredev.com,Unique Software Development,https://uniquesoftwaredev.com/,,United States,us,selectedfirms,web|web-design,,,,2026-09-20 22:08
divelement.io,Divelement Web Services,https://divelement.io/,,United States,us,selectedfirms,web|web-design,,,,2026-09-20 22:08
arcanemarketing.com,Arcane Marketing,https://www.arcanemarketing.com/,,United States,us,selectedfirms,web|web-design,,,,2026-09-20 22:08
sourcecodelab.co,Source Code Lab,https://sourcecodelab.co/,,United States,us,selectedfirms,web|web-design,,,,2026-09-20 22:08
jeremymcgilvrey.com,jeremymcgilvrey,https://www.jeremymcgilvrey.com/,,United States,us,selectedfirms,web|web-design,,,,2026-09-20 22:08
greenbaumstiers.com,Greenbaum Stiers Strategic Marketing Group,https://www.greenbaumstiers.com/,,United States,us,selectedfirms,web-design,,,,2026-09-20 22:08
yojji.io,Yojji LTD,https://yojji.io/,,United States,us,selectedfirms,web|web-design,,,,2026-09-20 22:08
eightbitstudios.com,Eight Bit Studios,https://eightbitstudios.com/,,United States,us,selectedfirms,web|web-design,,,,2026-09-20 22:08
bizstream.com,BizStream,https://www.bizstream.com/,,United States,us,selectedfirms,ecommerce|web|web-design|wordpress,,,,2026-09-20 22:08
indeema.com,Indeema,https://indeema.com/,,United States,us,selectedfirms,web|web-design,,,,2026-09-20 22:08
grow.brolik.com,Brolik,https://grow.brolik.com/get-started/,,United States,us,selectedfirms,web|web-design,,,,2026-09-20 22:08
pathbrand.com,Pathbrand,https://pathbrand.com/,,United States,us,selectedfirms,web|web-design|wordpress,,,,2026-09-20 22:08
boardroompr.com,Boardroom PR,https://boardroompr.com/,,United States,us,selectedfirms,web|web-design,,,,2026-09-20 22:08
fyresite.com,Fyresite,https://www.fyresite.com/,,United States,us,selectedfirms,ecommerce|web|web-design|wordpress,,,,2026-09-20 22:08
kostyl.works,Kostyl Works,https://kostyl.works/,,United States,us,selectedfirms,web-design,,,,2026-09-20 22:08
marcelheap.com,MarcelHeap,https://marcelheap.com,,United States,us,selectedfirms,ecommerce|web|web-design,,,,2026-09-20 22:08
penninetechnolabs.com,Pennine Technolabs,https://penninetechnolabs.com/,,United States,us,selectedfirms,ecommerce|squarespace|web|web-design|wix|wordpress,,,,2026-09-20 22:08
hennessey.com,Hennessey Digital,https://hennessey.com/,,United States,us,selectedfirms,web|web-design,,,,2026-09-20 22:08
buzzflick.com,BuzzFlick,https://buzzflick.com/,,United States,us,selectedfirms,web-design,,,,2026-09-20 22:08
reliqus.com,Reliqus Consulting,https://reliqus.com,,United States,us,selectedfirms,web-design,,,,2026-09-20 22:08
fintechdigital.com,Fintech Digital,https://www.fintechdigital.com/,,United States,us,selectedfirms,web-design,,,,2026-09-20 22:08
siwtech.com,Siwtech SMC-Private Limited,https://www.siwtech.com,,United States,us,selectedfirms,web|web-design,,,,2026-09-20 22:08
neetable.com,Neetable,https://neetable.com,,United States,us,selectedfirms,web|web-design,,,,2026-09-20 22:08
ehues.com,Ehues Web Solutions,https://ehues.com/los-angeles/,,United States,us,selectedfirms,ecommerce|web|web-design|wordpress,,,,2026-09-20 22:08
smilemultimedia.com,Smile MEDIA,https://www.smilemultimedia.com/,,United States,us,selectedfirms,web|web-design,,,,2026-09-20 22:08
virrgotech.com,VirrgoTech,https://virrgotech.com/,,United States,us,selectedfirms,web|web-design,,,,2026-09-20 22:08
summrsolutions.com,Summr Solutions,https://summrsolutions.com/,,United States,us,selectedfirms,ecommerce|web|web-design,,,,2026-09-20 22:08
digitroopers.com,DigiTroopers,https://digitroopers.com/,,United States,us,selectedfirms,web|web-design,,,,2026-09-20 22:08
webseotrends.com,Webseotrends,https://webseotrends.com/,,United States,us,selectedfirms,web|web-design,,,,2026-09-20 22:08
onebizmarketing.com,OneBiz Marketing Solutions,https://onebizmarketing.com/,,United States,us,selectedfirms,web|web-design,,,,2026-09-20 22:08
elitewebsolutions.co,Elite Web Solutions,https://elitewebsolutions.co/,,United States,us,selectedfirms,ecommerce|web|web-design|wordpress,,,,2026-09-20 22:08
dentalmaxsolutions.com,DentalMax Solutions,https://dentalmaxsolutions.com,,United States,us,selectedfirms,web|web-design,,,,2026-09-20 22:08
kytzlabs.com,Kytz Labs,https://www.kytzlabs.com/sustainable-website-design-and-development-company,,United States,us,selectedfirms,ecommerce|web|web-design,,,,2026-09-20 22:08
tracemarkimpression.com,Tracemark Impression,https://tracemarkimpression.com/,,United States,us,selectedfirms,web-design,,,,2026-09-20 22:08
thescale.tech,The Scale Tech,https://www.thescale.tech/,,United States,us,selectedfirms,ecommerce|squarespace|web|web-design|wix|wordpress,,,,2026-09-20 22:08
glumeberginnovations.com,Glumeberg Innovations,https://glumeberginnovations.com/,,United States,us,selectedfirms,web|web-design,,,,2026-09-20 22:08
globesign.com,GlobeSign,https://www.globesign.com,,United States,us,selectedfirms,ecommerce|squarespace|web-design|wix|wordpress,,,,2026-09-20 22:08
webdesignmechanic.com,Web Design Mechanic,https://www.webdesignmechanic.com/,,United States,us,selectedfirms,ecommerce|web|web-design,,,,2026-09-20 22:08
skylanesolutions.co,Skylane Solutions,https://www.skylanesolutions.co/,,United States,us,selectedfirms,web-design|wix|wordpress,,,,2026-09-20 22:08
exactitconsulting.com,Exact IT Consulting,https://exactitconsulting.com/,,United States,us,selectedfirms,web-design,,,,2026-09-20 22:08
cyfrow.org,Cyfrow Solutions,https://cyfrow.org,,United States,us,selectedfirms,web-design,,,,2026-09-20 22:08
peppermint.id,Peppermint,https://peppermint.id,,United States,us,selectedfirms,web|web-design,,,,2026-09-20 22:08
milltownmediagroup.com,Mill Town Media Group,https://milltownmediagroup.com/,,United States,us,selectedfirms,web-design,,,,2026-09-20 22:08
prowebdevelopmentllc.com,Pro Web Development LLC,https://prowebdevelopmentllc.com/,,United States,us,selectedfirms,ecommerce|web-design,,,,2026-09-20 22:08
liquidzest.com,Liquidzest,https://www.liquidzest.com/pages/shopify-development-agency-in-usa,,United States,us,selectedfirms,ecommerce|web|web-design,,,,2026-09-20 22:08
thebrandleader.com,The Brand Leader,https://thebrandleader.com/,,United States,us,selectedfirms,ecommerce|web|web-design,,,,2026-09-20 22:08
techgrains.com,Techgrains,https://www.techgrains.com/,,United States,us,selectedfirms,ecommerce|web|web-design,,,,2026-09-20 22:08
airdesigns.us,Air Designs,https://airdesigns.us/,,United States,us,selectedfirms,ecommerce|web|web-design|wordpress,,,,2026-09-20 22:08
azularc.com,Azul Arc,https://azularc.com/,,United States,us,selectedfirms,web|web-design,,,,2026-09-20 22:08
silverconcepts.com,Silver Concepts LLC,https://silverconcepts.com/,,United States,us,selectedfirms,ecommerce|squarespace|web-design,,,,2026-09-20 22:08
eseospace.com,eSEOspace,https://eseospace.com/,,United States,us,selectedfirms,web|web-design|wix|wordpress,,,,2026-09-20 22:08
stokeventures.com,Stoke Ventures,https://stokeventures.com/,,United States,us,selectedfirms,web|web-design,,,,2026-09-20 22:08
thewebartist.com,The Web Artist,https://thewebartist.com/,,United States,us,selectedfirms,ecommerce|web|web-design|wordpress,,,,2026-09-20 22:08
rendrhq.com,Rendr,https://www.rendrhq.com/,,United States,us,selectedfirms,ecommerce|web|web-design,,,,2026-09-20 22:08
thoughtbot.com,thoughtbot,https://thoughtbot.com/,,United States,us,selectedfirms,web|web-design,,,,2026-09-20 22:08
outsourcearg.com,Outsource Argentina,https://outsourcearg.com/,,United States,us,selectedfirms,web|web-design|wordpress,,,,2026-09-20 22:08
lucidcircus.com,LucidCircus,https://lucidcircus.com/,,United States,us,selectedfirms,web|web-design,,,,2026-09-20 22:08
eaccountable.com,eAccountable,https://www.eaccountable.com/,,United States,us,selectedfirms,web-design,,,,2026-09-20 22:08
upgrow.io,Upgrow,https://www.upgrow.io/,,United States,us,selectedfirms,web-design,,,,2026-09-20 22:08
visionsnap.com,VisionSnap,https://www.visionsnap.com/,,United States,us,selectedfirms,ecommerce|web|web-design|wordpress,,,,2026-09-20 22:08
codetokloud.com,CodetoKloud,https://codetokloud.com/,,United States,us,selectedfirms,web|web-design,,,,2026-09-20 22:08
thernloven.com,ThernLoven,https://thernloven.com/,,United States,us,selectedfirms,web|web-design,,,,2026-09-20 22:08
theflowerpress.net,Flower Press Interactive,https://www.theflowerpress.net/,,United States,us,selectedfirms,web|web-design,,,,2026-09-20 22:08
tsl.io,The SilverLogic,https://tsl.io/,,United States,us,selectedfirms,web-design,,,,2026-09-20 22:08
motomtech.com,Motomtech,https://www.motomtech.com/,,United States,us,selectedfirms,web|web-design,,,,2026-09-20 22:08
11thagency.com,11thAgency,https://11thagency.com/,,United States,us,selectedfirms,ecommerce|web|web-design|wordpress,,,,2026-09-20 22:08
boltpr.com,Bolt PR,https://www.boltpr.com/,,United States,us,selectedfirms,web-design,,,,2026-09-20 22:08
morelandconnect.com,Moreland Connect,https://www.morelandconnect.com/,,United States,us,selectedfirms,ecommerce|web|web-design,,,,2026-09-20 22:08
clickflame.com,Clickflame,https://clickflame.com/,,United States,us,selectedfirms,web|web-design,,,,2026-09-20 22:08
flylightmedia.com,"Flylight Media, Inc.",https://flylightmedia.com/,,United States,us,selectedfirms,ecommerce|web|web-design,,,,2026-09-20 22:08
rjsmediaconsulting.com,RJS Media Consulting LLC,https://www.rjsmediaconsulting.com/,,United States,us,selectedfirms,web|web-design,,,,2026-09-20 22:08
wolfwhale.com,Wolf&Whale,https://www.wolfwhale.com/,,United States,us,selectedfirms,web-design,,,,2026-09-20 22:08
sjinnovation.com,SJ INNOVATION,https://sjinnovation.com/,,United States,us,selectedfirms,ecommerce|web|web-design,,,,2026-09-20 22:08
brighterclick.com,Brighter Click,https://www.brighterclick.com/,,United States,us,selectedfirms,web-design,,,,2026-09-20 22:08
infiniti.dev,Infiniti Software,https://infiniti.dev/,,United States,us,selectedfirms,web|web-design|wordpress,,,,2026-09-20 22:08
madfishdigital.com,Mad Fish Digital,https://www.madfishdigital.com/,,United States,us,selectedfirms,web|web-design,,,,2026-09-20 22:08
lomray.com,Lomray Software,https://lomray.com/,,United States,us,selectedfirms,web|web-design,,,,2026-09-20 22:08
gkmit.co,GKM IT Pvt. Ltd.,https://www.gkmit.co/,,United States,us,selectedfirms,ecommerce|web|web-design|wordpress,,,,2026-09-20 22:08
dataintuitions.com,Data Intuitions,https://dataintuitions.com/,,United States,us,selectedfirms,ecommerce|web|web-design,,,,2026-09-20 22:08
saawahiitsolution.com,Saawahi IT Solution LLP,https://www.saawahiitsolution.com/,,United States,us,selectedfirms,web|web-design,,,,2026-09-20 22:08
designindc.com,Design In DC,https://designindc.com/,,United States,us,selectedfirms,web|web-design|wordpress,,,,2026-09-20 22:08
digitrends.co,DigiTrends,https://digitrends.co,,United States,us,selectedfirms,ecommerce|web|web-design,,,,2026-09-20 22:08
terrificminds.com,Terrific Minds,https://www.terrificminds.com/,,United States,us,selectedfirms,bigcommerce|ecommerce|web|web-design,,,,2026-09-20 22:08
visnext.com,Visnext Software Solutions,https://www.visnext.com/,,United States,us,selectedfirms,web|web-design,,,,2026-09-20 22:08
cubitrek.com,Cubitrek,https://cubitrek.com/,,United States,us,selectedfirms,ecommerce|web|web-design,,,,2026-09-20 22:08
webmantra.net,Webmantra - A Digital Agency,https://webmantra.net/,,United States,us,selectedfirms,web|web-design,,,,2026-09-20 22:08
eagerworks.com,Eagerworks,https://www.eagerworks.com/,,United States,us,selectedfirms,web|web-design,,,,2026-09-20 22:08
sktthemes.org,SKT Themes,https://www.sktthemes.org/,,United States,us,selectedfirms,web|web-design|wordpress,,,,2026-09-20 22:08
royaldesignusa.com,Royal Design USA,https://www.royaldesignusa.com/,,United States,us,selectedfirms,ecommerce|squarespace|web|web-design|wordpress,,,,2026-09-20 22:08
gexton.com,GEXTON LLC,https://gexton.com/,,United States,us,selectedfirms,web|web-design,,,,2026-09-20 22:08
appxpros.com,Appxpros,https://www.appxpros.com/,,United States,us,selectedfirms,web|web-design,,,,2026-09-20 22:08
exactink.com,ExactInk,https://www.exactink.com/,,United States,us,selectedfirms,ecommerce|web-design,,,,2026-09-20 22:08
incrementors.com,Incrementors Web Solutions,https://www.incrementors.com/,,United States,us,selectedfirms,web|web-design,,,,2026-09-20 22:08
whitedovebird.com,White Dove Bird,https://whitedovebird.com/,,United States,us,selectedfirms,ecommerce|web|web-design,,,,2026-09-20 22:08
occreates.com,OC Creative,http://www.occreates.com,,United States,us,selectedfirms,web|web-design,,,,2026-09-20 22:08
websitedevelopment.company,Website Development Company,https://websitedevelopment.company/,,United States,us,selectedfirms,ecommerce|web|web-design,,,,2026-09-20 22:08
metapixelsinc.com,Meta Pixels Inc,https://www.metapixelsinc.com/,,United States,us,selectedfirms,web-design,,,,2026-09-20 22:08
idearocketlabs.com,Idea Rocket Labs,https://www.idearocketlabs.com,,United States,us,selectedfirms,ecommerce|web-design,,,,2026-09-20 22:08
whiterabbit.la,White Rabbit,https://whiterabbit.la/,,United States,us,selectedfirms,ecommerce|web|web-design,,,,2026-09-20 22:08
evrrdigital.com,EVRR Digital,https://evrrdigital.com/,,United States,us,selectedfirms,ecommerce|web-design,,,,2026-09-20 22:08
aureatelabs.com,Aureate Labs LLC,https://www.aureatelabs.com/,,United States,us,selectedfirms,ecommerce|web-design,,,,2026-09-20 22:08
universalghostwriter.com,Universal Ghostwriter,https://universalghostwriter.com/,,United States,us,selectedfirms,web|web-design,,,,2026-09-20 22:08
boomdevs.com,BoomDevs LLC,https://boomdevs.com,,United States,us,selectedfirms,web|web-design,,,,2026-09-20 22:08
webtage.com,Webtage LLC,https://www.webtage.com,,United States,us,selectedfirms,ecommerce|web|web-design,,,,2026-09-20 22:08
wp-virtual.com,WordPress Virtual Assistant,https://wp-virtual.com/,,United States,us,selectedfirms,web-design|wordpress,,,,2026-09-20 22:08
clicksyou.com,ClicksYou,https://clicksyou.com/,,United States,us,selectedfirms,ecommerce|web|web-design,,,,2026-09-20 22:08
bluemonkfish.com,Blue Monkfish,https://bluemonkfish.com/,,United States,us,selectedfirms,web|web-design,,,,2026-09-20 22:08
ecomfixr.com,eComFixR,https://ecomfixr.com/,,United States,us,selectedfirms,ecommerce|web-design|wordpress,,,,2026-09-20 22:08
maxgentechnologies.com,Maxgen Technologies,https://maxgentechnologies.com/,,United States,us,selectedfirms,web|web-design,,,,2026-09-20 22:08
net-craft.com,Net-Craft Inc,https://www.net-craft.com/services/app-mobile-development/,,United States,us,selectedfirms,ecommerce|web|web-design,,,,2026-09-20 22:08
outsource2india.com,Outsource2India,https://www.outsource2india.com/,,United States,us,selectedfirms,web|web-design,,,,2026-09-20 22:08
mobmaxime.com,Mobmaxime Inc,https://www.mobmaxime.com/,,United States,us,selectedfirms,web|web-design,,,,2026-09-20 22:08
designix.us,Designix INC,https://designix.us/,,United States,us,selectedfirms,ecommerce|web|web-design,,,,2026-09-20 22:08
impressicodigital.com,Impressico Digital,https://www.impressicodigital.com/services/social-media-optimization/,,United States,us,selectedfirms,web|web-design,,,,2026-09-20 22:08
hatzs.com,Hatzs Dimensions,https://www.hatzs.com/,,United States,us,selectedfirms,web|web-design,,,,2026-09-20 22:08
thecuneiform.com,Cuneiform Consulting Private Limited,https://www.thecuneiform.com,,United States,us,selectedfirms,ecommerce|web|web-design,,,,2026-09-20 22:08
thewebdesignerllc.com,THE WEB DESIGNER LLC,https://www.thewebdesignerllc.com/,,United States,us,selectedfirms,ecommerce|web|web-design,,,,2026-09-20 22:08
monosoft.dev,Monosoft,https://monosoft.dev,,United States,us,selectedfirms,web|web-design,,,,2026-09-20 22:08
automaticgrowth.com,Automatic Growth,https://www.automaticgrowth.com/,,United States,us,selectedfirms,web|web-design,,,,2026-09-20 22:08
alphaloop.net,ALPHALOOP IT PVT LTD,http://www.alphaloop.net,,United States,us,selectedfirms,ecommerce|web-design,,,,2026-09-20 22:08
rfslogodesign.com,rfslogodesign,https://rfslogodesign.com/,,United States,us,selectedfirms,bigcommerce|ecommerce|web-design|wordpress,,,,2026-09-20 22:08
enresult.com,SEO Experts - Enresult Solutions,https://enresult.com/search-engine-optimization-company.php,,United States,us,selectedfirms,web|web-design,,,,2026-09-20 22:08
sinansoft.com,Sinansoft,https://sinansoft.com/,,United States,us,selectedfirms,web|web-design,,,,2026-09-20 22:08
bmymarketer.com,bmymarketer,https://bmymarketer.com,,United States,us,selectedfirms,ecommerce|web-design|wordpress,,,,2026-09-20 22:08
freeterium.com,Freeterium,https://freeterium.com/en,,United States,us,selectedfirms,web|web-design|wordpress,,,,2026-09-20 22:08
o16labs.com,O16 Labs,https://www.o16labs.com/,,United States,us,selectedfirms,web|web-design,,,,2026-09-20 22:08
brandsbro.com,Brand's Bro LLC,https://brandsbro.com/,,United States,us,selectedfirms,ecommerce|web|web-design,,,,2026-09-20 22:08
teqtop.com,TEQTOP Agency,https://www.teqtop.com/,,United States,us,selectedfirms,web|web-design|wix|wordpress,,,,2026-09-20 22:08
nextwavetechs.com,Nextwave Technologies,https://nextwavetechs.com/,,United States,us,selectedfirms,web|web-design,,,,2026-09-20 22:08
thedesignocracy.us,The Designocracy,https://thedesignocracy.us/,,United States,us,selectedfirms,ecommerce|web|web-design,,,,2026-09-20 22:08
thedallasseocompany.com,The Dallas SEO Company Inc.,https://www.thedallasseocompany.com/,,United States,us,selectedfirms,web|web-design,,,,2026-09-20 22:08
wsiwebenhancers.com,WSI Web Enhancers,https://wsiwebenhancers.com/,,United States,us,selectedfirms,web|web-design,,,,2026-09-20 22:08
saltrank.com,Salt Rank,https://saltrank.com/,,United States,us,selectedfirms,web|web-design,,,,2026-09-20 22:08
texasbrandingagency.com,Branding Texas Agency,https://www.texasbrandingagency.com/,,United States,us,selectedfirms,web-design,,,,2026-09-20 22:08
brainstacker.com,brainstacker,https://brainstacker.com/,,United States,us,selectedfirms,web|web-design|wordpress,,,,2026-09-20 22:08
wazazmarketing.com,Wazaz Marketing LLC,https://wazazmarketing.com/,,United States,us,selectedfirms,web|web-design,,,,2026-09-20 22:08
proxseo.com,ProxSEO,https://proxseo.com,,United States,us,selectedfirms,web|web-design,,,,2026-09-20 22:08
codingclave.us,Coding Clave Media LLC,https://www.codingclave.us/,,United States,us,selectedfirms,web|web-design,,,,2026-09-20 22:08
virtualmarketingdirectors.com,The Virtual Marketing Directors,https://www.virtualmarketingdirectors.com/,,United States,us,selectedfirms,web|web-design,,,,2026-09-20 22:08
weblium.com,Weblium,https://weblium.com/,,United States,us,selectedfirms,ecommerce|web|web-design,,,,2026-09-20 22:08
clicktraces.com,Click Traces LLC,https://clicktraces.com/,,United States,us,selectedfirms,web|web-design,,,,2026-09-20 22:08
triconinfotech.com,Tricon Infotech,https://www.triconinfotech.com/,,United States,us,selectedfirms,web-design,,,,2026-09-20 22:08
qewebby.com,QeWebby,https://www.qewebby.com/,,United States,us,selectedfirms,ecommerce|web|web-design|wordpress,,,,2026-09-20 22:08
magnet-growth.com,Magnet Growth,https://magnet-growth.com/,,United States,us,selectedfirms,web-design,,,,2026-09-20 22:08
skyseodigital.com,Sky SEO Digital,https://skyseodigital.com/,,United States,us,selectedfirms,web-design,,,,2026-09-20 22:08
360lawfirmmarketer.com,360 LawFirm Marketer,https://360lawfirmmarketer.com,,United States,us,selectedfirms,ecommerce|squarespace|web-design|wix|wordpress,,,,2026-09-20 22:08
designinggeeks.com,Designing Geeks,https://www.designinggeeks.com/,,United States,us,selectedfirms,ecommerce|web|web-design|wordpress,,,,2026-09-20 22:08
designminted.com,Design Minted,https://www.designminted.com/,,United States,us,selectedfirms,web|web-design,,,,2026-09-20 22:08
royaldigitalagency.com,Royal Digital Agency,https://royaldigitalagency.com/,,United States,us,selectedfirms,web|web-design,,,,2026-09-20 22:08
slocumstudio.com,SLOCUM DESIGN STUDIO,https://slocumstudio.com/,,United States,us,selectedfirms,ecommerce|web|web-design,,,,2026-09-20 22:08
theshopninjas.com,The Shop Ninjas,https://theshopninjas.com/,,United States,us,selectedfirms,ecommerce|web-design,,,,2026-09-20 22:08
mediacomponents.com,Media Components,https://mediacomponents.com/,,United States,us,selectedfirms,web|web-design,,,,2026-09-20 22:08
dexdel.com,DexDel,https://www.dexdel.com/,,United States,us,selectedfirms,web|web-design,,,,2026-09-20 22:08
lotustitan.com,Lotus Titan,https://lotustitan.com/,,United States,us,selectedfirms,web|web-design,,,,2026-09-20 22:08
octadyne.com,Octadyne Systems,https://www.octadyne.com,,United States,us,selectedfirms,web|web-design,,,,2026-09-20 22:08
realogixs.com,Realogixs,https://realogixs.com/,,United States,us,selectedfirms,web|web-design,,,,2026-09-20 22:08
metix.co,Metix Co,https://metix.co/,,United States,us,selectedfirms,ecommerce|web|web-design,,,,2026-09-20 22:08
gleecus.com,Gleecus TechLabs,https://www.gleecus.com/,,United States,us,selectedfirms,ecommerce|web|web-design,,,,2026-09-20 22:08
topoutgrp.com,TopOut Group,https://topoutgrp.com/,,United States,us,selectedfirms,web|web-design,,,,2026-09-20 22:08
isubstance.com,Substance,https://isubstance.com/,,United States,us,selectedfirms,web-design,,,,2026-09-20 22:08
yourhousemarketing.com,Yourhouse Marketing,https://www.yourhousemarketing.com/,,United States,us,selectedfirms,web-design|wordpress,,,,2026-09-20 22:08
emerald.design,Emerald,https://www.emerald.design/,,United States,us,selectedfirms,squarespace|web-design|wix,,,,2026-09-20 22:08
glidedesign.com,GLIDE,https://www.glidedesign.com/,,United States,us,selectedfirms,web|web-design,,,,2026-09-20 22:08
verybigthings.com,Very Big Things,https://www.verybigthings.com/,,United States,us,selectedfirms,web-design,,,,2026-09-20 22:08
harrisdigital.io,Harris Digital,https://www.harrisdigital.io/,,United States,us,selectedfirms,ecommerce|web-design|wordpress,,,,2026-09-20 22:08
inlb.io,INNOLAB,https://inlb.io,,United States,us,selectedfirms,ecommerce|web|web-design,,,,2026-09-20 22:08
svitla.com,Svitla Systems,https://svitla.com/,,United States,us,selectedfirms,web|web-design,,,,2026-09-20 22:08
ikm.agency,IKM,https://www.ikm.agency/,,United States,us,selectedfirms,web-design|wix|wordpress,,,,2026-09-20 22:08
cybersprout.net,CYBERsprout,https://cybersprout.net/,,United States,us,selectedfirms,web-design|wix|wordpress,,,,2026-09-20 22:08
startup-masters.com,Startup Masters,https://startup-masters.com/,,United States,us,selectedfirms,ecommerce|web|web-design,,,,2026-09-20 22:08
digitalscientists.com,Digital Scientists,https://digitalscientists.com/,,United States,us,selectedfirms,web|web-design,,,,2026-09-20 22:08
webloftdesigns.com,Web Loft Designs,https://www.webloftdesigns.com/,,United States,us,selectedfirms,ecommerce|squarespace|web|web-design|wordpress,,,,2026-09-20 22:08
exemplifi.io,Exemplifi,https://www.exemplifi.io/,,United States,us,selectedfirms,ecommerce|web|web-design,,,,2026-09-20 22:08
avenuez.com,Avenue Z,https://avenuez.com/,,United States,us,selectedfirms,web-design,,,,2026-09-20 22:08
nobleintent.com,Noble Intent Studio,https://nobleintent.com/,,United States,us,selectedfirms,web|web-design|wordpress,,,,2026-09-20 22:08
multipz.com,Multipz Technology,https://www.multipz.com/,,United States,us,selectedfirms,web-design,,,,2026-09-20 22:08
expertvillagemedia.com,Expert Village Media Technologies,https://www.expertvillagemedia.com/,,United States,us,selectedfirms,ecommerce|web|web-design|wix,,,,2026-09-20 22:08
vivus.tech,Vivus,https://www.vivus.tech/,,United States,us,selectedfirms,ecommerce|web|web-design|wordpress,,,,2026-09-20 22:08
fisherdesignandadvertising.com,Fisher Agency,https://www.fisherdesignandadvertising.com/,,United States,us,selectedfirms,ecommerce|web-design|wix|wordpress,,,,2026-09-20 22:08
nbmsllc.com,"NB Media Solutions, LLC",https://www.nbmsllc.com/,,United States,us,selectedfirms,web-design|wix,,,,2026-09-20 22:08
dragonarmy.com,Dragon Army,https://dragonarmy.com/,,United States,us,selectedfirms,web|web-design,,,,2026-09-20 22:08
cqlcorp.com,CQL,https://www.cqlcorp.com/,,United States,us,selectedfirms,ecommerce|web-design,,,,2026-09-20 22:08
goingclear.com,GoingClear,https://goingclear.com/,,United States,us,selectedfirms,web|web-design,,,,2026-09-20 22:08
tanthetaa.com,Tanthetaa Software Studio,https://www.tanthetaa.com/,,United States,us,selectedfirms,web|web-design,,,,2026-09-20 22:08
ldstudios.co,LD Studios,https://www.ldstudios.co,,United States,us,selectedfirms,ecommerce|web-design,,,,2026-09-20 22:08
husldigital.com,HUSL Digital,https://husldigital.com/,,United States,us,selectedfirms,web|web-design,,,,2026-09-20 22:08
weblime.com,WebLime,https://weblime.com/,,United States,us,selectedfirms,ecommerce|web|web-design,,,,2026-09-20 22:08
getfoundintown.com,Get Found In Town,https://getfoundintown.com/,,United States,us,selectedfirms,web|web-design,,,,2026-09-20 22:08
wisedigitalpartners.com,WISE Digital Partners,https://www.wisedigitalpartners.com/,,United States,us,selectedfirms,web|web-design,,,,2026-09-20 22:08
cascadewebdev.com,Cascade Web Development,https://cascadewebdev.com/,,United States,us,selectedfirms,ecommerce|web|web-design,,,,2026-09-20 22:08
secondcrew.com,Second Crew,https://secondcrew.com/,,United States,us,selectedfirms,web-design,,,,2026-09-20 22:08
seafoammedia.com,Seafoam Marketing,https://seafoammedia.com/,,United States,us,selectedfirms,web-design,,,,2026-09-20 22:08
clay.global,Clay,https://clay.global/,,United States,us,selectedfirms,web|web-design,,,,2026-09-20 22:08
convertiv.com,Convertiv,https://www.convertiv.com/,,United States,us,selectedfirms,web-design,,,,2026-09-20 22:08
farmboyinc.com,Farmboy Inc.,https://farmboyinc.com/,,United States,us,selectedfirms,web-design,,,,2026-09-20 22:08
mnml.com,MNML,https://www.mnml.com/,,United States,us,selectedfirms,web-design,,,,2026-09-20 22:08
byaustere.com,AUSTERE,https://www.byaustere.com/,,United States,us,selectedfirms,web-design,,,,2026-09-20 22:08
ecompmarketing.com,eComp Marketing LLC,https://www.ecompmarketing.com/,,United States,us,selectedfirms,web-design,,,,2026-09-20 22:08
portent.com,Portent,https://www.portent.com/,,United States,us,selectedfirms,web-design,,,,2026-09-20 22:08
titanwebagency.com,Titan Web Agency,https://titanwebagency.com/,,United States,us,selectedfirms,web-design,,,,2026-09-20 22:08
411locals.com,411 Locals,https://411locals.com/,,United States,us,selectedfirms,web-design,,,,2026-09-20 22:08
imphasis.com,Imphasis,https://imphasis.com/,,United States,us,selectedfirms,web-design,,,,2026-09-20 22:08
trihead.com,TriHead,https://trihead.com/,,United States,us,selectedfirms,web-design,,,,2026-09-20 22:08
thegratzi.com,"The Gratzi, Inc.",https://thegratzi.com/,,United States,us,selectedfirms,web-design,,,,2026-09-20 22:08
dreamdesignskc.com,Dream Designs,https://www.dreamdesignskc.com/,,United States,us,selectedfirms,web-design,,,,2026-09-20 22:08
blueatlasmarketing.com,Blue Atlas Marketing,https://www.blueatlasmarketing.com/,,United States,us,selectedfirms,web-design,,,,2026-09-20 22:08
digitalextremetech.com,Digital Extreme Technologies LLC,https://www.digitalextremetech.com/,,United States,us,selectedfirms,web-design,,,,2026-09-20 22:08
designpickle.com,Design Pickle,https://designpickle.com/,,United States,us,selectedfirms,web-design,,,,2026-09-20 22:08
ashton-design.com,Ashton Design,https://ashton-design.com/,,United States,us,selectedfirms,web-design,,,,2026-09-20 22:08
pspsports.com,Professional Sports Publications,https://www.pspsports.com/,,United States,us,selectedfirms,web-design,,,,2026-09-20 22:08
bpprintgroup.com,BP Print Group,https://bpprintgroup.com/,,United States,us,selectedfirms,web-design,,,,2026-09-20 22:08
adprintingdesign.com,A&D Technical Supply Co./Color Graphics,https://adprintingdesign.com/,,United States,us,selectedfirms,web-design,,,,2026-09-20 22:08
mosaicology.com,Mosaic Design Group,https://mosaicology.com/,,United States,us,selectedfirms,web-design,,,,2026-09-20 22:08
lunarlab.io,LunarLab,https://lunarlab.io/,,United States,us,selectedfirms,web-design,,,,2026-09-20 22:08
cakeandarrow.com,Cake & Arrow,https://cakeandarrow.com/,,United States,us,selectedfirms,web-design,,,,2026-09-20 22:08
adagetech.com,Adage Technologies,https://adagetech.com/,,United States,us,selectedfirms,web-design,,,,2026-09-20 22:08
braintrustagency.com,BRAINTRUST Agency,https://braintrustagency.com/,,United States,us,selectedfirms,web|web-design,,,,2026-09-20 22:08
cleverwolfdigital.com,Clever Wolf Digital,https://cleverwolfdigital.com/,,United States,us,selectedfirms,web|web-design,,,,2026-09-20 22:08
zilliondesigns.com,ZillionDesigns,https://www.zilliondesigns.com/,,United States,us,selectedfirms,ecommerce|web|web-design,,,,2026-09-20 22:08
alakmalak.com,AlakMalak Technologies,https://www.alakmalak.com/?utm-km-july,,United States,us,selectedfirms,ecommerce|web|web-design,,,,2026-09-20 22:08
broadvisions.net,Broad Visions,https://broadvisions.net/,,United States,us,selectedfirms,web-design,,,,2026-09-20 22:08
affordableweb.co,AffordableWeb.co,https://affordableweb.co/,,United States,us,selectedfirms,ecommerce|web|web-design,,,,2026-09-20 22:08
devndesigns.com,DevnDesigns,https://devndesigns.com,,United States,us,selectedfirms,ecommerce|web|web-design,,,,2026-09-20 22:08
atharvasystem.com,Atharva System,https://www.atharvasystem.com,,United States,us,selectedfirms,ecommerce|web|web-design,,,,2026-09-20 22:08
coherentlab.com,Coherent Lab LLP,https://www.coherentlab.com,,United States,us,selectedfirms,web|web-design,,,,2026-09-20 22:08
newmedia.com,NEWMEDIA.COM,https://newmedia.com,,United States,us,selectedfirms,ecommerce|web|web-design,,,,2026-09-20 22:08
sysvoot.com,Sysvoot,https://www.sysvoot.com/,,United States,us,selectedfirms,web|web-design,,,,2026-09-20 22:08
marketingtiki.com,Marketing Tiki LLC,https://www.marketingtiki.com/,,United States,us,selectedfirms,web-design,,,,2026-09-20 22:08
vimapps.com,Vimapps,https://vimapps.com/,,United States,us,selectedfirms,web|web-design|wordpress,,,,2026-09-20 22:08
boldbeyond.com,Bold+Beyond,https://boldbeyond.com,,United States,us,selectedfirms,ecommerce|web|web-design|wordpress,,,,2026-09-20 22:08
sevenmagnets.com,Seven Magnets,https://sevenmagnets.com/,,United States,us,selectedfirms,ecommerce|web|web-design|wordpress,,,,2026-09-20 22:08
regumsoft.com,Regumsoft Technologies,https://regumsoft.com/,,United States,us,selectedfirms,web|web-design,,,,2026-09-20 22:08
ipstechnologyservices.com,IPS Technology services,https://www.ipstechnologyservices.com/,,United States,us,selectedfirms,web|web-design,,,,2026-09-20 22:08
designslegend.com,DesignsLegend,https://designslegend.com,,United States,us,selectedfirms,ecommerce|web|web-design|wordpress,,,,2026-09-20 22:08
southjerseywebdesign.com,South Jersey Web Design,https://www.southjerseywebdesign.com/,,United States,us,selectedfirms,ecommerce|web|web-design,,,,2026-09-20 22:08
csnainc.com,Cybersoft North America Inc,https://www.csnainc.com/home,,United States,us,selectedfirms,web|web-design,,,,2026-09-20 22:08
enfintechnologies.com,Enfin Technologies India Pvt Ltd,https://enfintechnologies.com/,,United States,us,selectedfirms,web|web-design,,,,2026-09-20 22:08
bluntsoft.com,Blunt Soft LLC,https://bluntsoft.com/,,United States,us,selectedfirms,web|web-design,,,,2026-09-20 22:08
logotraffic.com,logotraffic,https://logotraffic.com/,,United States,us,selectedfirms,ecommerce|web|web-design|wordpress,,,,2026-09-20 22:08
techartisans.io,Tech Artisans,https://techartisans.io,,United States,us,selectedfirms,ecommerce|web|web-design,,,,2026-09-20 22:08
suntechapps.com,SunTech Applications,https://www.suntechapps.com,,United States,us,selectedfirms,ecommerce|web|web-design|wordpress,,,,2026-09-20 22:08
centricdxb.com,Centric DXB,https://centricdxb.com/,,United States,us,selectedfirms,ecommerce|web|web-design,,,,2026-09-20 22:08
metafic.co,Metafic,https://www.metafic.co/,,United States,us,selectedfirms,ecommerce|web|web-design,,,,2026-09-20 22:08
appscre8ve.com,Apps Cre8ve,https://www.appscre8ve.com,,United States,us,selectedfirms,ecommerce|web|web-design,,,,2026-09-20 22:08
insigniaconsultancy.com,Insignia Consultancy,https://insigniaconsultancy.com/,,United States,us,selectedfirms,ecommerce|web|web-design,,,,2026-09-20 22:08
creolestudios.com,Creole Studios,https://www.creolestudios.com/web-development-company/,,United States,us,selectedfirms,web|web-design,,,,2026-09-20 22:08
getmysites.com,Get My Sites,https://getmysites.com,,United States,us,selectedfirms,ecommerce|web|web-design,,,,2026-09-20 22:08
mobisoftinfotech.com,Mobisoft Infotech,https://mobisoftinfotech.com/,,United States,us,selectedfirms,web|web-design,,,,2026-09-20 22:08
leobit.com,Leobit,https://leobit.com/,,United States,us,selectedfirms,web|web-design,,,,2026-09-20 22:08
slidershift.com,Slider Shift,https://slidershift.com,,United States,us,selectedfirms,web|web-design,,,,2026-09-20 22:08
softport.co,SoftPort,https://softport.co,,United States,us,selectedfirms,ecommerce|web|web-design,,,,2026-09-20 22:08
makemaya.com,MakeMaya Private Limited,https://makemaya.com/,,United States,us,selectedfirms,ecommerce|web|web-design|wordpress,,,,2026-09-20 22:08
appicoders.com,Appicoders,https://appicoders.com/mobile-app-development,,United States,us,selectedfirms,ecommerce|web|web-design,,,,2026-09-20 22:08
ammag.tech,Ammag Technologies,https://ammag.tech/,,United States,us,selectedfirms,web|web-design,,,,2026-09-20 22:08
psdtohtmlninja.com,PSD to HTML Ninja,https://www.psdtohtmlninja.com,,United States,us,selectedfirms,ecommerce|web|web-design|wordpress,,,,2026-09-20 22:08
seoquartz.com,Seo Quartz,https://seoquartz.com/,,United States,us,selectedfirms,ecommerce|web-design|wordpress,,,,2026-09-20 22:08
wpriders.com,WPRiders,https://wpriders.com/,,United States,us,selectedfirms,ecommerce|web|web-design|wordpress,,,,2026-09-20 22:08
topfed.com,Topfed,https://www.topfed.com,,United States,us,selectedfirms,ecommerce|web|web-design|wordpress,,,,2026-09-20 22:08
invoxico.com,Invoxico Technologies,https://www.invoxico.com/,,United States,us,selectedfirms,ecommerce|web|web-design|wix|wordpress,,,,2026-09-20 22:08
ginilytics.com,Ginilytics IT Solutions,https://ginilytics.com/,,United States,us,selectedfirms,ecommerce|web|web-design|wordpress,,,,2026-09-20 22:08
xonique.dev,Xonique,https://xonique.dev/,,United States,us,selectedfirms,web|web-design,,,,2026-09-20 22:08
outsourcingtechnologies.com,Outsourcing Technologies,https://www.outsourcingtechnologies.com/,,United States,us,selectedfirms,web|web-design,,,,2026-09-20 22:08
smvexperts.com,SMV Experts,https://smvexperts.com/,,United States,us,selectedfirms,web|web-design,,,,2026-09-20 22:08
zexussolution.com,Zexus Solution,https://zexussolution.com,,United States,us,selectedfirms,ecommerce|web|web-design,,,,2026-09-20 22:08
logisticinfotech.com,Logistic Inotech,https://www.logisticinfotech.com/,,United States,us,selectedfirms,ecommerce|web|web-design,,,,2026-09-20 22:08
trusthavensolution.com,Trust Haven Solution,https://www.trusthavensolution.com/,,United States,us,selectedfirms,ecommerce|web|web-design,,,,2026-09-20 22:08
i95dev.com,i95Dev,https://www.i95dev.com/,,United States,us,selectedfirms,ecommerce|web|web-design,,,,2026-09-20 22:08
logopoppin.com,Logo Poppin,https://logopoppin.com/,,United States,us,selectedfirms,ecommerce|web|web-design,,,,2026-09-20 22:08
gtwizards.com,GT Wizards,https://www.gtwizards.com/,,United States,us,selectedfirms,web|web-design,,,,2026-09-20 22:08
webtualglobal.com,Webtual Global Inc.,https://www.webtualglobal.com/,,United States,us,selectedfirms,ecommerce|web|web-design,,,,2026-09-20 22:08
ddcit.com,Digital DataComm,https://www.ddcit.com/managed-it-services/,,United States,us,selectedfirms,ecommerce|web|web-design,,,,2026-09-20 22:08
etslabs.ai,ETS Labs,https://www.etslabs.ai,,United States,us,selectedfirms,web|web-design,,,,2026-09-20 22:08
code-brew.com,Code Brew Labs,https://www.code-brew.com/custom-software-development-company-dubai/,,United States,us,selectedfirms,web|web-design,,,,2026-09-20 22:08
logoinn.com,Logo Design Service | Logoinn,http://www.logoinn.com,,United States,us,selectedfirms,ecommerce|web|web-design,,,,2026-09-20 22:08
risinglms.com,RisingLms,https://risinglms.com/,,United States,us,selectedfirms,web|web-design,,,,2026-09-20 22:08
indiwork.com,IndiWork Software Solutions Pvt. Ltd,https://indiwork.com/,,United States,us,selectedfirms,ecommerce|squarespace|web-design|wordpress,,,,2026-09-20 22:08
globotechsolutions.com,Globotech Solutions,https://globotechsolutions.com/,,United States,us,selectedfirms,ecommerce|web|web-design,,,,2026-09-20 22:08
remoteresource.com,Remote Resource LLC,https://www.remoteresource.com/,,United States,us,selectedfirms,web|web-design,,,,2026-09-20 22:08
saltechsystems.com,Saltech Systems,https://saltechsystems.com,,United States,us,selectedfirms,web-design,,,,2026-09-20 22:08
mohstechnologies.com,Moh's Technologies,https://www.mohstechnologies.com/,,United States,us,selectedfirms,ecommerce|web|web-design,,,,2026-09-20 22:08
metaversstudios.com,Metavers Studios,https://metaversstudios.com/,,United States,us,selectedfirms,web|web-design,,,,2026-09-20 22:08
stackedgedigital.com,Stack Edge Digital,https://stackedgedigital.com/,,United States,us,selectedfirms,web-design,,,,2026-09-20 22:08
jamtechtechnologies.com,Jamtech Technologies Pvt Ltd,https://www.jamtechtechnologies.com/,,United States,us,selectedfirms,ecommerce|web|web-design,,,,2026-09-20 22:08
brandcenterusa.com,Brand Center USA LLC,https://brandcenterusa.com/,,United States,us,selectedfirms,ecommerce|web-design|wordpress,,,,2026-09-20 22:08
splitarts.com,Split Arts Technologies,https://splitarts.com/,,United States,us,selectedfirms,squarespace|web|web-design,,,,2026-09-20 22:08
sprigstack.com,SprigStack,https://sprigstack.com/erp-development-services,,United States,us,selectedfirms,web|web-design,,,,2026-09-20 22:08
techstackdigital.com,Techstack Digital,https://techstackdigital.com/,,United States,us,selectedfirms,ecommerce|web|web-design,,,,2026-09-20 22:08
alphasquadinc.com,AlphaSquad Technologies LLC,https://alphasquadinc.com/,,United States,us,selectedfirms,web|web-design,,,,2026-09-20 22:08
infidigit.com,INFIDIGIT Consultants Pvt Ltd,https://www.infidigit.com/,,United States,us,selectedfirms,ecommerce|web|web-design,,,,2026-09-20 22:08
monkoutsourcing.com,Monk Outsourcing,https://monkoutsourcing.com/,,United States,us,selectedfirms,web|web-design|wordpress,,,,2026-09-20 22:08
wpexperts.io,WPExperts,https://wpexperts.io/,,United States,us,selectedfirms,ecommerce|web|web-design,,,,2026-09-20 22:08
algorlabs.com,Algorlabs,https://www.algorlabs.com/,,United States,us,selectedfirms,ecommerce|squarespace|web|web-design|wix,,,,2026-09-20 22:08
digitalgrowthcatalyze.com,Digital Growth Catalyze LLC,https://digitalgrowthcatalyze.com/,,United States,us,selectedfirms,web|web-design,,,,2026-09-20 22:08
iweb-soft.com,"iWeb-Soft, Inc.",https://iweb-soft.com/,,United States,us,selectedfirms,ecommerce|web|web-design|wordpress,,,,2026-09-20 22:08
maldevtechnologies.com,Maldev Technologies,https://maldevtechnologies.com/,,United States,us,selectedfirms,web|web-design,,,,2026-09-20 22:08
fileroom.com,File Room Pty Ltd,https://fileroom.com/,,United States,us,selectedfirms,web|web-design,,,,2026-09-20 22:08
animotionsstudio.com,Animotions Studio,https://animotionsstudio.com/,,United States,us,selectedfirms,ecommerce|web-design,,,,2026-09-20 22:08
robosoftin.com,Robosoft Technologies Inc.,https://www.robosoftin.com/,,United States,us,selectedfirms,web|web-design,,,,2026-09-20 22:08
thebytecraft.com,thebytecraft,https://thebytecraft.com/,,United States,us,selectedfirms,ecommerce|web|web-design,,,,2026-09-20 22:08
rankandscale.com,Rank & Scale,https://rankandscale.com/,,United States,us,selectedfirms,web|web-design,,,,2026-09-20 22:08
assisttree.com,Assisttree,https://assisttree.com/,,United States,us,selectedfirms,web-design,,,,2026-09-20 22:08
ecommeraid.com,E-Commer Aid,https://ecommeraid.com/,,United States,us,selectedfirms,ecommerce|web|web-design,,,,2026-09-20 22:08
webcraftpros.com,Web Craft Pros,https://webcraftpros.com/,,United States,us,selectedfirms,ecommerce|web|web-design,,,,2026-09-20 22:08
seoctexperts.com,SEO CT Experts,https://seoctexperts.com/,,United States,us,selectedfirms,web|web-design,,,,2026-09-20 22:08
codeanddesigngroup.com,CodeandDesignGroup,https://codeanddesigngroup.com/,,United States,us,selectedfirms,ecommerce|web|web-design,,,,2026-09-20 22:08
thewebsiteexchange.us,The Website Exchange,https://thewebsiteexchange.us/,,United States,us,selectedfirms,ecommerce|web|web-design|wix|wordpress,,,,2026-09-20 22:08
ladsolutions.com,LAD Solutions,https://ladsolutions.com,,United States,us,selectedfirms,ecommerce|web|web-design,,,,2026-09-20 22:08
appscord.com,AppsCord,https://appscord.com/,,United States,us,selectedfirms,ecommerce|web|web-design,,,,2026-09-20 22:08
dmtechlabs.us,Dmtechlabs,https://dmtechlabs.us/,,United States,us,selectedfirms,ecommerce|squarespace|web|web-design|wix|wordpress,,,,2026-09-20 22:08
k2rankingstech.com,K2 Rankings Tech,https://k2rankingstech.com/,,United States,us,selectedfirms,web-design,,,,2026-09-20 22:08
motion8agency.com,Motion 8 Agency,https://www.motion8agency.com/,,United States,us,selectedfirms,ecommerce|web|web-design,,,,2026-09-20 22:08
impacttechlab.com,Impact TechLab LLC,https://impacttechlab.com/,,United States,us,selectedfirms,web|web-design,,,,2026-09-20 22:08
canesta.com,Canesta,https://www.canesta.com,,United States,us,selectedfirms,bigcommerce|ecommerce|web-design,,,,2026-09-20 22:08
athinfosys.com,ATH Infosystems,https://www.athinfosys.com/,,United States,us,selectedfirms,ecommerce|web|web-design,,,,2026-09-20 22:08
reveation.com,Reveation Technologies,https://www.reveation.com/,,United States,us,selectedfirms,ecommerce|web|web-design,,,,2026-09-20 22:08
planowebsitedesign.com,Plano Website Design,https://planowebsitedesign.com/,,United States,us,selectedfirms,ecommerce|web|web-design,,,,2026-09-20 22:08
ashwiinternational.com,Ashwi International,https://ashwiinternational.com/,,United States,us,selectedfirms,ecommerce|web|web-design|wordpress,,,,2026-09-20 22:08
301io.com,301io,https://www.301io.com/,,United States,us,selectedfirms,web|web-design,,,,2026-09-20 22:08
silicontechstudio.com,Silicon Tech Studio,https://silicontechstudio.com/,,United States,us,selectedfirms,squarespace|web|web-design|wix|wordpress,,,,2026-09-20 22:08
xzio.co,Xzio,https://xzio.co/,,United States,us,selectedfirms,web|web-design,,,,2026-09-20 22:08
primepublishinglabs.com,Prime Publishing Labs,https://primepublishinglabs.com/,,United States,us,selectedfirms,ecommerce|web|web-design,,,,2026-09-20 22:08
peakrankerllc.com,Peak Ranker LLC,https://peakrankerllc.com/,,United States,us,selectedfirms,ecommerce|web|web-design,,,,2026-09-20 22:08
webskitters.com,Webskitters Technology Solutions Pvt. Ltd.,https://www.webskitters.com/,,United States,us,selectedfirms,ecommerce|web|web-design,,,,2026-09-20 22:08
halodigital.co,Halo Digital,https://halodigital.co/,,United States,us,selectedfirms,ecommerce|web|web-design|wix,,,,2026-09-20 22:08
stravexdesign.com,Stravex Design,https://stravexdesign.com/,,United States,us,selectedfirms,ecommerce|web|web-design,,,,2026-09-20 22:08
varundigitalmedia.com,Varun Digital Media,https://www.varundigitalmedia.com/,,United States,us,selectedfirms,ecommerce|web|web-design,,,,2026-09-20 22:08
innovixcode.com,Innovix Code,https://innovixcode.com,,United States,us,selectedfirms,ecommerce|web|web-design,,,,2026-09-20 22:08
dawnitservice.com,Dawn IT Services,https://www.dawnitservice.com/,,United States,us,selectedfirms,web|web-design,,,,2026-09-20 22:08
saaitecdigital.com,Saaitec Digital,https://saaitecdigital.com/,,United States,us,selectedfirms,ecommerce|web|web-design,,,,2026-09-20 22:08
jaymehta.co,Jay Mehta Digital,https://www.jaymehta.co/,,United States,us,selectedfirms,web|web-design,,,,2026-09-20 22:08
bramerz.com,Bramerz,https://bramerz.com/,,United States,us,selectedfirms,ecommerce|web|web-design|wordpress,,,,2026-09-20 22:08
allianzetechnologies.com,Allianze Technologies,https://www.allianzetechnologies.com/,,United States,us,selectedfirms,web|web-design|wordpress,,,,2026-09-20 22:08
itmonks.com,IT Monks,https://itmonks.com/,,United States,us,selectedfirms,web|web-design|wordpress,,,,2026-09-20 22:08
picktechinnovations.com,PickTech Innovations,https://picktechinnovations.com/,,United States,us,selectedfirms,ecommerce|web|web-design,,,,2026-09-20 22:08
itnowtechnologies.com,IT Now Technologies,https://itnowtechnologies.com/,,United States,us,selectedfirms,web|web-design,,,,2026-09-20 22:08
topshelfdesign.net,"Top Shelf Design, LLc",https://topshelfdesign.net/,,United States,us,selectedfirms,web|web-design,,,,2026-09-20 22:08
inteloraa.com,Inteloraa,https://inteloraa.com/,,United States,us,selectedfirms,ecommerce|web|web-design,,,,2026-09-20 22:08
hboxdigital.com,HBOX Digital,https://www.hboxdigital.com/,,United States,us,selectedfirms,ecommerce|web|web-design,,,,2026-09-20 22:08
techlooker.com,TechLooker,https://techlooker.com/,,United States,us,selectedfirms,web-design|wordpress,,,,2026-09-20 22:08
247realestatemarketing.com,247 Real Estate Marketing,https://247realestatemarketing.com/,,United States,us,selectedfirms,web|web-design,,,,2026-09-20 22:08
habitatcreativestudio.com,Habitat Creative Studio,https://www.habitatcreativestudio.com/,,United States,us,selectedfirms,web-design,,,,2026-09-20 22:08
tecsmiths.co.uk,TecSmiths,https://tecsmiths.co.uk/,,United States,us,selectedfirms,web|web-design,,,,2026-09-20 22:08
chainbotsolutions.com,chainbot solutions,https://chainbotsolutions.com,,United States,us,selectedfirms,ecommerce|squarespace|web|web-design|wix,,,,2026-09-20 22:08
abovebits.com,Above Bits,https://abovebits.com/,,United States,us,selectedfirms,ecommerce|squarespace|web|web-design|wix|wordpress,,,,2026-09-20 22:08
nuttymarketing.com,Squirrel Marketing & Graphix,https://www.nuttymarketing.com/,,United States,us,selectedfirms,web-design,,,,2026-09-20 22:08
agentosupport.com,Agento support,https://www.agentosupport.com/,,United States,us,selectedfirms,ecommerce|web|web-design,,,,2026-09-20 22:08
advancedgedigital.com,AdvancEdge Digital,https://advancedgedigital.com/,,United States,us,selectedfirms,web|web-design,,,,2026-09-20 22:08
nexgendesigners.com,Nexgen Designers,https://nexgendesigners.com,,United States,us,selectedfirms,ecommerce|web|web-design,,,,2026-09-20 22:08
toplocalseoservices.com,Top Local SEO Services LLC,https://www.toplocalseoservices.com,,United States,us,selectedfirms,web-design,,,,2026-09-20 22:08
prodzyn.com,Prodzyn,https://prodzyn.com/,,United States,us,selectedfirms,web|web-design,,,,2026-09-20 22:08
prontosys.ae,Prontosys It Services,https://www.prontosys.ae/,,United States,us,selectedfirms,ecommerce|web|web-design|wix,,,,2026-09-20 22:08
dependibot.com,Dependibot Solutions,https://dependibot.com/,,United States,us,selectedfirms,web|web-design|wordpress,,,,2026-09-20 22:08
mullztech.com,Mullz Tech,https://mullztech.com/,,United States,us,selectedfirms,web|web-design,,,,2026-09-20 22:08
olearis.com,Olearis,https://olearis.com/,,United States,us,selectedfirms,web|web-design,,,,2026-09-20 22:08
atechsight.com,A Tech Sight,https://atechsight.com,,United States,us,selectedfirms,web|web-design|wordpress,,,,2026-09-20 22:08
10turtle.com,10turtle,https://10turtle.com/,,United States,us,selectedfirms,ecommerce|squarespace|web|web-design|wix,,,,2026-09-20 22:08
redcollar.co,Red Collar,https://redcollar.co/,,United States,us,selectedfirms,ecommerce|web|web-design,,,,2026-09-20 22:08
vocso.com,VOCSO Technologies,https://www.vocso.com/,,United States,us,selectedfirms,web|web-design,,,,2026-09-20 22:08
calibrated.io,Calibrate Software,https://calibrated.io/,,United States,us,selectedfirms,web|web-design,,,,2026-09-20 22:08
milestechnologies.com,Miles Technologies,https://www.milestechnologies.com/,,United States,us,selectedfirms,web-design,,,,2026-09-20 22:08
iskpro.com,ISKPRO Inc,https://www.iskpro.com/,,United States,us,selectedfirms,ecommerce|web|web-design,,,,2026-09-20 22:08
briskon.com,Briskon Inc.,https://www.briskon.com/,,United States,us,selectedfirms,ecommerce|web-design,,,,2026-09-20 22:08
lostsearchmedia.com,Lost Search Media,https://lostsearchmedia.com/,,United States,us,selectedfirms,web-design,,,,2026-09-20 22:08
cheenti.com,Cheenti Digital LLC,https://www.cheenti.com/,,United States,us,selectedfirms,web|web-design,,,,2026-09-20 22:08
autusdigital.com,Autus Digital,https://www.autusdigital.com/,,United States,us,selectedfirms,ecommerce|web|web-design,,,,2026-09-20 22:08
softhouse.space,SoftHouse,https://www.softhouse.space/,,United States,us,selectedfirms,web|web-design,,,,2026-09-20 22:08
sosadiaz.com,SOSADIAZ,https://sosadiaz.com/,,United States,us,selectedfirms,ecommerce|web|web-design,,,,2026-09-20 22:08
fecoms.com,Faith eCommerce Services,https://fecoms.com/,,United States,us,selectedfirms,ecommerce|web-design|wordpress,,,,2026-09-20 22:08
rocketfarmstudios.com,Rocket Farm Studios,https://www.rocketfarmstudios.com/,,United States,us,selectedfirms,web-design,,,,2026-09-20 22:08
contentdevelopmentpros.com,Content Development Pros,https://www.contentdevelopmentpros.com/,,United States,us,selectedfirms,web|web-design,,,,2026-09-20 22:08
readyartwork.com,Ready Artwork,https://www.readyartwork.com/,,United States,us,selectedfirms,ecommerce|web-design|wordpress,,,,2026-09-20 22:08
codebrightly.com,CodeBright,https://codebrightly.com/,,United States,us,selectedfirms,ecommerce|web|web-design|wordpress,,,,2026-09-20 22:08
logicalmediagroup.com,Logical Media Group,https://logicalmediagroup.com/,,United States,us,selectedfirms,web|web-design,,,,2026-09-20 22:08
nmgtechnologies.com,NMG Technologies,https://nmgtechnologies.com/,,United States,us,selectedfirms,ecommerce|web|web-design,,,,2026-09-20 22:08
computools.com,Computools,https://computools.com/,,United States,us,selectedfirms,web|web-design,,,,2026-09-20 22:08
halo-lab.com,Halo Lab,https://www.halo-lab.com/,,United States,us,selectedfirms,ecommerce|web|web-design|wordpress,,,,2026-09-20 22:08
fasturtle.com,Fasturtle,https://www.fasturtle.com/,,United States,us,selectedfirms,web-design,,,,2026-09-20 22:08
rytsensetech.com,Rytsense Technologies,https://rytsensetech.com/,,United States,us,selectedfirms,ecommerce|magento|web|web-design|woocommerce|wordpress,,,,2026-09-20 22:08
conversionflow.com,ConversionFlow,https://www.conversionflow.com/,,United States,us,selectedfirms,ecommerce|web-design,,,,2026-09-20 22:08
wordsystech.com,Wordsys,https://www.wordsystech.com/,,United States,us,selectedfirms,ecommerce|web|web-design|wordpress,,,,2026-09-20 22:08
nectarbits.com,Nectarbits Pvt Ltd,https://nectarbits.com/,,United States,us,selectedfirms,ecommerce|web|web-design|wordpress,,,,2026-09-20 22:08
gummicube.com,"Gummicube, Inc.",https://www.gummicube.com/,,United States,us,selectedfirms,web-design,,,,2026-09-20 22:08
fivepackcreative.com,Five Pack Creative,https://fivepackcreative.com/,,United States,us,selectedfirms,web|web-design,,,,2026-09-20 22:08
ironglove.studio,IronGlove Studio,https://www.ironglove.studio/,,United States,us,selectedfirms,ecommerce|web|web-design|wordpress,,,,2026-09-20 22:08
mandelmarketing.com,Mandel Marketing,https://www.mandelmarketing.com/,,United States,us,selectedfirms,ecommerce|squarespace|web|web-design|wordpress,,,,2026-09-20 22:08
magmalabs.io,MagmaLabs,https://www.magmalabs.io/,,United States,us,selectedfirms,ecommerce|web|web-design,,,,2026-09-20 22:08
brandartica.agency,Brandartica,https://brandartica.agency/,,United States,us,selectedfirms,ecommerce|web|web-design|wordpress,,,,2026-09-20 22:08
alphabravodevelopment.com,Alpha Bravo Development,https://www.alphabravodevelopment.com/,,United States,us,selectedfirms,web|web-design,,,,2026-09-20 22:08
gorevity.com,Revity Marketing Agency,https://gorevity.com/,,United States,us,selectedfirms,web|web-design,,,,2026-09-20 22:08
ameotech.com,Ameotech Informatics,https://www.ameotech.com/,,United States,us,selectedfirms,web|web-design,,,,2026-09-20 22:08
primotech.com,Primotech,https://primotech.com/,,United States,us,selectedfirms,ecommerce|web|web-design|wordpress,,,,2026-09-20 22:08
fishbat.com,fishbat Media,https://fishbat.com/,,United States,us,selectedfirms,web-design,,,,2026-09-20 22:08
darkbears.com,Dark Bears,https://www.darkbears.com/,,United States,us,selectedfirms,web|web-design,,,,2026-09-20 22:08
biz4solutions.com,Biz 4Solutions,https://biz4solutions.com/,,United States,us,selectedfirms,web|web-design|wordpress,,,,2026-09-20 22:08
povio.com,Povio,https://povio.com/,,United States,us,selectedfirms,ecommerce|web|web-design|wordpress,,,,2026-09-20 22:08
algofy.com,Algofy,https://www.algofy.com/,,United States,us,selectedfirms,web-design,,,,2026-09-20 22:08
epicbusinessapps.com,Epic Apps,https://epicbusinessapps.com/,,United States,us,selectedfirms,web|web-design|wordpress,,,,2026-09-20 22:08
evinent.com,Evinent GmbH,https://evinent.com/,,United States,us,selectedfirms,ecommerce|web|web-design,,,,2026-09-20 22:08
ppcforce.com,PPC Force,https://www.ppcforce.com/,,United States,us,selectedfirms,web-design,,,,2026-09-20 22:08
brianwhite.design,Brian White Design,https://brianwhite.design/,,United States,us,selectedfirms,web-design,,,,2026-09-20 22:08
wideopentech.com,Wide Open Technologies,https://wideopentech.com/,,United States,us,selectedfirms,ecommerce|web|web-design,,,,2026-09-20 22:08
rnftechnologies.com,RNF Technologies,https://www.rnftechnologies.com/,,United States,us,selectedfirms,ecommerce|web|web-design,,,,2026-09-20 22:08
rabitse.com,RabIT Solutions,https://www.rabitse.com/,,United States,us,selectedfirms,web|web-design,,,,2026-09-20 22:08
cospark.com,CoSpark,https://cospark.com/,,United States,us,selectedfirms,ecommerce|web-design,,,,2026-09-20 22:08
metricoidtech.com,Metricoid Technology Solutions,https://metricoidtech.com/,,United States,us,selectedfirms,ecommerce|web|web-design,,,,2026-09-20 22:08
nuancedmedia.com,Nuanced Media,https://nuancedmedia.com/,,United States,us,selectedfirms,web-design,,,,2026-09-20 22:08
leadingedgeinfosolutions.com,Leading Edge Info Solutions Pvt Ltd,https://leadingedgeinfosolutions.com/,,United States,us,selectedfirms,ecommerce|web|web-design|wordpress,,,,2026-09-20 22:08
elinext.com,Elinext,https://www.elinext.com/,,United States,us,selectedfirms,web|web-design,,,,2026-09-20 22:08
soluntech.com,Soluntech,https://www.soluntech.com/,,United States,us,selectedfirms,web|web-design,,,,2026-09-20 22:08
empist.com,Empist,https://empist.com/,,United States,us,selectedfirms,ecommerce|web|web-design,,,,2026-09-20 22:08
teaminternational.com,TEAM International,https://www.teaminternational.com/,,United States,us,selectedfirms,web-design,,,,2026-09-20 22:08
webdaytona.com,"Web Daytona, LLC",https://www.webdaytona.com/,,United States,us,selectedfirms,ecommerce|web|web-design,,,,2026-09-20 22:08
angularminds.com,Angular Minds,https://www.angularminds.com,,United States,us,selectedfirms,web|web-design,,,,2026-09-20 22:08
digitorm.com,Digitorm Inc,http://digitorm.com,,United States,us,selectedfirms,ecommerce|web|web-design,,,,2026-09-20 22:08
cloudtrains.com,CloudTrains Technologies,https://cloudtrains.com/,,United States,us,selectedfirms,ecommerce|web|web-design|wordpress,,,,2026-09-20 22:08
perfectiongeeks.com,Perfection Geeks,https://www.perfectiongeeks.com/,,United States,us,selectedfirms,web|web-design,,,,2026-09-20 22:08
mariestreetmarketing.com,Marie Street Marketing,https://www.mariestreetmarketing.com/,,United States,us,selectedfirms,ecommerce|web|web-design,,,,2026-09-20 22:08
insideout.com,InsideOut Solutions,https://insideout.com/,,United States,us,selectedfirms,web|web-design,,,,2026-09-20 22:08
webashlar.com,Webashlar Software Solution Pvt. Ltd.,https://www.webashlar.com/,,United States,us,selectedfirms,web|web-design,,,,2026-09-20 22:08
orbitmedia.com,Orbit Media Studios,https://www.orbitmedia.com/,,United States,us,selectedfirms,web|web-design,,,,2026-09-20 22:08
kurieta.com,Kurieta LLC,https://kurieta.com/,,United States,us,selectedfirms,ecommerce|web|web-design,,,,2026-09-20 22:08
deviseagency.com,Devise Agency,https://deviseagency.com/,,United States,us,selectedfirms,web|web-design,,,,2026-09-20 22:08
multiplica.com,Multiplica,https://multiplica.com/,,United States,us,selectedfirms,web|web-design,,,,2026-09-20 22:08
devdock.tech,DevDock,https://www.devdock.tech/,,United States,us,selectedfirms,web|web-design,,,,2026-09-20 22:08
traktekpartners.com,Traktek Partners,https://www.traktekpartners.com/,,United States,us,selectedfirms,web|web-design,,,,2026-09-20 22:08
goldenowl.asia,Golden Owl Consulting Ltd,https://goldenowl.asia/,,United States,us,selectedfirms,web|web-design,,,,2026-09-20 22:08
pixelplex.io,PixelPlex Inc,https://pixelplex.io/,,United States,us,selectedfirms,web|web-design,,,,2026-09-20 22:08
hardbeatcommunications.com,Hard Beat Communications,https://hardbeatcommunications.com/,,United States,us,selectedfirms,web|web-design,,,,2026-09-20 22:08
thexcitegroup.com,The Xcite Group,https://thexcitegroup.com/,,United States,us,selectedfirms,web|web-design,,,,2026-09-20 22:08
lionssharedigital.com,Lion's Share Digital,https://lionssharedigital.com/,,United States,us,selectedfirms,ecommerce|web-design,,,,2026-09-20 22:08
propagandanewyork.com,PROP A GANDA,https://propagandanewyork.com/,,United States,us,selectedfirms,web|web-design,,,,2026-09-20 22:08
otakoyi.software,OTAKOYI,https://otakoyi.software/,,United States,us,selectedfirms,web|web-design,,,,2026-09-20 22:08
mindinventory.com,MindInventory,https://www.mindinventory.com,,United States,us,selectedfirms,web|web-design,,,,2026-09-20 22:08
icommunetech.com,ICommuneTech,https://www.icommunetech.com/,,United States,us,selectedfirms,ecommerce|web|web-design,,,,2026-09-20 22:08
venturewebdesigner.com,Venture Web Designer,https://venturewebdesigner.com/,,United States,us,selectedfirms,ecommerce|squarespace|web|web-design|wix|wordpress,,,,2026-09-20 22:08
webfinitydigitalservices.com,Webfinity Digital Services,https://webfinitydigitalservices.com/,,United States,us,selectedfirms,ecommerce|web|web-design,,,,2026-09-20 22:08
customwebsitecreator.com,Custom Website Creator,https://customwebsitecreator.com,,United States,us,selectedfirms,ecommerce|web|web-design,,,,2026-09-20 22:08
theapptitude.com,The Apptitude,https://theapptitude.com/,,United States,us,selectedfirms,ecommerce|web|web-design,,,,2026-09-20 22:08
inbouncy.com,Inbouncy,https://inbouncy.com/,,United States,us,selectedfirms,ecommerce|web|web-design|wix|wordpress,,,,2026-09-20 22:08
champsoft.com,ChampSoft Inc.,https://champsoft.com/,,United States,us,selectedfirms,ecommerce|web|web-design|wix|wordpress,,,,2026-09-20 22:08
xoance.com,Xoance Software & Services,https://www.xoance.com/,,United States,us,selectedfirms,ecommerce|web|web-design|wordpress,,,,2026-09-20 22:08
codechemy.com,Codechemy,https://codechemy.com/,,United States,us,selectedfirms,ecommerce|web|web-design|wordpress,,,,2026-09-20 22:08
beadaptify.com,Beadaptify,https://beadaptify.com/,,United States,us,selectedfirms,ecommerce|web|web-design|wix|wordpress,,,,2026-09-20 22:08
texasdesignstudio.com,Texas Design Studio,https://texasdesignstudio.com/,,United States,us,selectedfirms,ecommerce|web|web-design,,,,2026-09-20 22:08
topaustinseo.company,Top Austin SEO Company,https://www.topaustinseo.company/,,United States,us,selectedfirms,web-design,,,,2026-09-20 22:08
marqueesolution.com,Marquee Solution,https://marqueesolution.com/,,United States,us,selectedfirms,ecommerce|web|web-design,,,,2026-09-20 22:08
agitechglobal.com,AGI Tech Global,https://agitechglobal.com,,United States,us,selectedfirms,ecommerce|squarespace|web|web-design|wix|wordpress,,,,2026-09-20 22:08
unrivaledmarketingsolutions.com,Unrivaled Marketing Solutions LLC,https://unrivaledmarketingsolutions.com/,,United States,us,selectedfirms,web|web-design,,,,2026-09-20 22:08
waydigit.com,WayDigit,https://waydigit.com/,,United States,us,selectedfirms,web|web-design,,,,2026-09-20 22:08
iwebcode.design,IWEBCODE,https://iwebcode.design/,,United States,us,selectedfirms,ecommerce|web|web-design,,,,2026-09-20 22:08
customwebcoder.com,Customwebcoder,https://customwebcoder.com/,,United States,us,selectedfirms,web|web-design|wix|wordpress,,,,2026-09-20 22:08
actualseomedia.com,"Actual SEO Media, Inc.",https://actualseomedia.com/,,United States,us,selectedfirms,web|web-design,,,,2026-09-20 22:08
paintedbrickdigital.com,Painted Brick Digital,https://paintedbrickdigital.com/,,United States,us,selectedfirms,ecommerce|web|web-design,,,,2026-09-20 22:08
liqteq.com,Liquid Technologies,https://liqteq.com/,,United States,us,selectedfirms,web|web-design,,,,2026-09-20 22:08
emacmedia.co,eMac Media,https://emacmedia.co/,,United States,us,selectedfirms,ecommerce|web-design,,,,2026-09-20 22:08
donstudio.com,Donstudio,https://donstudio.com/,,United States,us,selectedfirms,ecommerce|web|web-design,,,,2026-09-20 22:08
nextvisible.com,Nextvisible Boston,https://nextvisible.com/boston/,,United States,us,selectedfirms,ecommerce|web|web-design,,,,2026-09-20 22:08
innovadesignz.com,Innova Designz,https://innovadesignz.com/,,United States,us,selectedfirms,ecommerce|web|web-design,,,,2026-09-20 22:08
finoit.com,Finoit Technologies,https://www.finoit.com/,,United States,us,selectedfirms,ecommerce|web|web-design|wordpress,,,,2026-09-20 22:08
iflexion.com,Iflexion,https://www.iflexion.com/,,United States,us,selectedfirms,ecommerce|web|web-design,,,,2026-09-20 22:08
cisin.com,Cyber Infrastructur Inc,https://www.cisin.com/,,United States,us,selectedfirms,ecommerce|magento|web|web-design|wordpress,,,,2026-09-20 22:08
solvedpuzzle.com,Solved Puzzle,https://solvedpuzzle.com,,United States,us,selectedfirms,ecommerce|web|web-design|wordpress,,,,2026-09-20 22:08
lemosys.com,Lemosys Infotech,https://www.lemosys.com/,,United States,us,selectedfirms,web|web-design,,,,2026-09-20 22:08
outliant.com,Outliant,https://www.outliant.com/,,United States,us,selectedfirms,web|web-design|wordpress,,,,2026-09-20 22:08
door3.com,DOOR3,https://www.door3.com/,,United States,us,selectedfirms,web-design,,,,2026-09-20 22:08
softwareprodigital.com,Software Pro Digital,https://softwareprodigital.com/,,United States,us,selectedfirms,squarespace|web-design|wix|wordpress,,,,2026-09-20 22:08
3.7designs.co,3.7 Designs,https://3.7designs.co/,,United States,us,selectedfirms,web|web-design|wordpress,,,,2026-09-20 22:08
itsbuzzinteractive.com,Buzz Interactive Global,https://www.itsbuzzinteractive.com/,,United States,us,selectedfirms,ecommerce|web|web-design,,,,2026-09-20 22:08
enovadors.com,Enovadors,https://enovadors.com/,,United States,us,selectedfirms,ecommerce|web|web-design,,,,2026-09-20 22:08
harlointeractive.com,Harlo Agency,https://www.harlointeractive.com/,,United States,us,selectedfirms,ecommerce|web|web-design,,,,2026-09-20 22:08
linkupst.com,Linkup Studio,https://linkupst.com/,,United States,us,selectedfirms,web|web-design,,,,2026-09-20 22:08
xumulus.com,Xumulus,https://xumulus.com/,,United States,us,selectedfirms,bigcommerce|ecommerce|web-design,,,,2026-09-20 22:08
wearecis.com,CIS Agency,https://www.wearecis.com/,,United States,us,selectedfirms,web-design|wix,,,,2026-09-20 22:08
thegaygency.com,The Gaygency,https://www.thegaygency.com/,,United States,us,selectedfirms,web-design,,,,2026-09-20 22:08
techunting.net,Techunting,https://techunting.net/,,United States,us,selectedfirms,web|web-design,,,,2026-09-20 22:08
stera.global,Stera Global,https://www.stera.global/,,United States,us,selectedfirms,web|web-design,,,,2026-09-20 22:08
composedcreative.com,Compose[d],https://composedcreative.com/,,United States,us,selectedfirms,ecommerce|web|web-design,,,,2026-09-20 22:08
x-team.com,X-Team,https://x-team.com/,,United States,us,selectedfirms,ecommerce|web|web-design|wordpress,,,,2026-09-20 22:08
97switch.com,97 Switch,https://www.97switch.com/,,United States,us,selectedfirms,web-design,,,,2026-09-20 22:08
designmaze.us,DesignMaze,https://designmaze.us/,,United States,us,selectedfirms,web|web-design|wix|wordpress,,,,2026-09-20 22:08
planleft.com,Plan Left,https://planleft.com/,,United States,us,selectedfirms,ecommerce|web|web-design,,,,2026-09-20 22:08
agencysquid.com,Agency Squid,https://www.agencysquid.com/,,United States,us,selectedfirms,ecommerce|web|web-design,,,,2026-09-20 22:08
armadalabs.com,Armada Labs,https://www.armadalabs.com/,,United States,us,selectedfirms,web-design,,,,2026-09-20 22:08
genetechsolutions.com,Genetech Solutions,http://www.genetechsolutions.com,,United States,us,selectedfirms,ecommerce|web|web-design,,,,2026-09-20 22:08
growwithsss.com,Growwith Software Solutions LLC,https://growwithsss.com,,United States,us,selectedfirms,web|web-design,,,,2026-09-20 22:08
ancient.global,Ancient Tech,https://ancient.global/en,,United States,us,selectedfirms,web-design,,,,2026-09-20 22:08
solwey.com,Solwey Consulting,https://www.solwey.com/,,United States,us,selectedfirms,ecommerce|web-design,,,,2026-09-20 22:08
stirlingbrandworks.com,Stirling Brandworks,https://www.stirlingbrandworks.com/,,United States,us,selectedfirms,web|web-design,,,,2026-09-20 22:08
olivewebdesign.com,Olive Web Design,https://olivewebdesign.com/,,United States,us,selectedfirms,web|web-design,,,,2026-09-20 22:08
tokudatechnology.com,Tokuda Technology,https://www.tokudatechnology.com/,,United States,us,selectedfirms,web|web-design,,,,2026-09-20 22:08
girvin.com,Girvin,https://www.girvin.com/,,United States,us,selectedfirms,web-design,,,,2026-09-20 22:08
anoda.mobi,ANODA,https://www.anoda.mobi/,,United States,us,selectedfirms,web|web-design,,,,2026-09-20 22:08
reliablegroup.com,Reliable Group,https://www.reliablegroup.com/,,United States,us,selectedfirms,web-design,,,,2026-09-20 22:08
lform.com,Lform Design,https://lform.com/,,United States,us,selectedfirms,web|web-design,,,,2026-09-20 22:08
telusdigital.com,TELUS Digital,https://www.telusdigital.com/,,United States,us,selectedfirms,web|web-design,,,,2026-09-20 22:08
bairesdev.com,BairesDev,https://www.bairesdev.com/,,United States,us,selectedfirms,ecommerce|web|web-design,,,,2026-09-20 22:08
mediatrenz.com,MEDIATRENZ,https://mediatrenz.com/,,United States,us,selectedfirms,ecommerce|web|web-design|wordpress,,,,2026-09-20 22:08
cyberswift.com,CyberSWIFT,https://www.cyberswift.com,,United States,us,selectedfirms,ecommerce|web|web-design,,,,2026-09-20 22:08
arcpointglobal.com,Arcpoint Global,https://arcpointglobal.com/,,United States,us,selectedfirms,ecommerce|web|web-design,,,,2026-09-20 22:08
icoderzsolutions.com,iCoderz Solutions,https://www.icoderzsolutions.com/,,United States,us,selectedfirms,ecommerce|web|web-design,,,,2026-09-20 22:08
bytecipher.net,ByteCipher Pvt. Ltd.,https://bytecipher.net/,,United States,us,selectedfirms,ecommerce|web|web-design,,,,2026-09-20 22:08
ljinnovate.com,LJ Innovate,https://www.ljinnovate.com/,,United States,us,selectedfirms,web|web-design,,,,2026-09-20 22:08
superbdeveloper.com,Superb Developer,https://www.superbdeveloper.com/,,United States,us,selectedfirms,web|web-design,,,,2026-09-20 22:08
designdeca.com,Design Deca,https://www.designdeca.com,,United States,us,selectedfirms,ecommerce|web|web-design|wordpress,,,,2026-09-20 22:08
futurealiti.com,Futurealiti,https://futurealiti.com/,,United States,us,selectedfirms,ecommerce|web|web-design,,,,2026-09-20 22:08
invedus.com,Invedus Ltd.,https://invedus.com/,,United States,us,selectedfirms,ecommerce|squarespace|web|web-design|wordpress,,,,2026-09-20 22:08
50creativesolutions.com,50 Creative Solutions,https://50creativesolutions.com/,,United States,us,selectedfirms,web|web-design,,,,2026-09-20 22:08
hybridwebagency.com,Hybrid Web Agency,https://hybridwebagency.com,,United States,us,selectedfirms,ecommerce|web|web-design|wordpress,,,,2026-09-20 22:08
designscottage.com,DesignsCottage,https://designscottage.com/social-media-marketing.php,,United States,us,selectedfirms,ecommerce|web|web-design|wix|wordpress,,,,2026-09-20 22:08
needdevelopers.com,Need Developers,https://www.needdevelopers.com/,,United States,us,selectedfirms,ecommerce|web|web-design|wordpress,,,,2026-09-20 22:08
xopple.com,Xopple Infotech Pvt. Ltd.,https://www.xopple.com/,,United States,us,selectedfirms,ecommerce|web|web-design|wordpress,,,,2026-09-20 22:08
jethitech.com,Jethi Tech Solutions,https://jethitech.com,,United States,us,selectedfirms,ecommerce|web|web-design|wordpress,,,,2026-09-20 22:08
codesamour.com,codesamour,https://codesamour.com/,,United States,us,selectedfirms,ecommerce|web|web-design|wordpress,,,,2026-09-20 22:08
smarther.co,smarther technologies,https://www.smarther.co/digital-marketing/seo-company-in-chennai/,,United States,us,selectedfirms,ecommerce|web|web-design,,,,2026-09-20 22:08
epicdesignlabs.com,Epic Design Labs,https://epicdesignlabs.com/,,United States,us,selectedfirms,bigcommerce|ecommerce|web-design,,,,2026-09-20 22:08
digitalradium.com,Digital Radium,https://digitalradium.com/,,United States,us,selectedfirms,ecommerce|web|web-design|wordpress,,,,2026-09-20 22:08
kodesinc.com,Kodesinc,https://kodesinc.com/,,United States,us,selectedfirms,ecommerce|web|web-design,,,,2026-09-20 22:08
dycoders.com,DyCoders,https://dycoders.com/,,United States,us,selectedfirms,web|web-design,,,,2026-09-20 22:08
tatvasoft.com,TatvaSoft,https://www.tatvasoft.com/software-development-company-dallas,,United States,us,selectedfirms,web|web-design,,,,2026-09-20 22:08
accuweb.cloud,AccuWeb Cloud,https://accuweb.cloud/,,United States,us,selectedfirms,ecommerce|web|web-design,,,,2026-09-20 22:08
bitcot.com,"Bitcot - Web, Apps, AI & Automation Solutions",https://www.bitcot.com/,,United States,us,selectedfirms,ecommerce|web|web-design,,,,2026-09-20 22:08
phoenixbizz.com,PhoenixBizz,https://www.phoenixbizz.com/,,United States,us,selectedfirms,ecommerce|web|web-design,,,,2026-09-20 22:08
thinksys.com,Thinksys,https://thinksys.com/,,United States,us,selectedfirms,ecommerce|web|web-design|wordpress,,,,2026-09-20 22:08
equinoxitsol.com,Equinox IT Solutions,https://www.equinoxitsol.com/index.php,,United States,us,selectedfirms,ecommerce|web|web-design,,,,2026-09-20 22:08
vritservicespro.com,VR IT Services Pro,https://www.vritservicespro.com,,United States,us,selectedfirms,ecommerce|web|web-design,,,,2026-09-20 22:08
intellibeans.com,Intellibeans Technologies,https://www.intellibeans.com/,,United States,us,selectedfirms,ecommerce|web|web-design,,,,2026-09-20 22:08
thedigitalwow.com,The Digital WOW,https://www.thedigitalwow.com/,,United States,us,selectedfirms,ecommerce|web|web-design,,,,2026-09-20 22:08
sunmait.com,Sunmait Technologies,https://sunmait.com/,,United States,us,selectedfirms,ecommerce|web|web-design|wordpress,,,,2026-09-20 22:08
devsinc.com,Devsinc,https://devsinc.com/,,United States,us,selectedfirms,web|web-design,,,,2026-09-20 22:08
orangesoft.co,Orangesoft,https://orangesoft.co/,,United States,us,selectedfirms,web|web-design,,,,2026-09-20 22:08
silverwebbuzz.com,Silver Webbuzz PVT LTD,https://www.silverwebbuzz.com/services/android-development/,,United States,us,selectedfirms,ecommerce|web|web-design|wordpress,,,,2026-09-20 22:08
velanapps.com,VelanApps,https://velanapps.com/,,United States,us,selectedfirms,ecommerce|web|web-design|wordpress,,,,2026-09-20 22:08
diginsy.com,Diginsy,https://www.diginsy.com,,United States,us,selectedfirms,ecommerce|web|web-design,,,,2026-09-20 22:08
mywebprogrammer.com,My Web Programmer,https://mywebprogrammer.com,,United States,us,selectedfirms,ecommerce|web|web-design|wordpress,,,,2026-09-20 22:08
technoprofiles.com,TechnoProfiles,https://technoprofiles.com/,,United States,us,selectedfirms,ecommerce|web|web-design|wix|wordpress,,,,2026-09-20 22:08
simublade.com,Simublade,https://www.simublade.com/,,United States,us,selectedfirms,web|web-design,,,,2026-09-20 22:08
isquarebs.com,iSQUARE Business Solution,https://www.isquarebs.com/,,United States,us,selectedfirms,web|web-design,,,,2026-09-20 22:08
webuters.com,Webuters Technologies Pvt. Ltd,https://www.webuters.com/,,United States,us,selectedfirms,ecommerce|web|web-design,,,,2026-09-20 22:08
ebizneeds.com,eBizneeds,https://www.ebizneeds.com/,,United States,us,selectedfirms,bigcommerce|ecommerce|magento|web|web-design|woocommerce|wordpress,,,,2026-09-20 22:08
infiniticube.com,infiniticube services,https://infiniticube.com/,,United States,us,selectedfirms,web|web-design,,,,2026-09-20 22:08
thinsquare.com,Thinsquare Inc,https://www.thinsquare.com/,,United States,us,selectedfirms,ecommerce|web|web-design,,,,2026-09-20 22:08
rbmsoft.com,RBM Software,https://www.rbmsoft.com/,,United States,us,selectedfirms,ecommerce|web|web-design|wordpress,,,,2026-09-20 22:08
argosinfotech.com,Argos Infotech,https://www.argosinfotech.com/,,United States,us,selectedfirms,ecommerce|web|web-design|wordpress,,,,2026-09-20 22:08
webdesignsigma.com,Web Design Sigma,https://webdesignsigma.com/,,United States,us,selectedfirms,ecommerce|web|web-design,,,,2026-09-20 22:08
twoplusa.com,Two Plus A,https://twoplusa.com/,,United States,us,selectedfirms,web|web-design,,,,2026-09-20 22:08
progneo.com,Progneo,https://progneo.com/,,United States,us,selectedfirms,web|web-design,,,,2026-09-20 22:08
codesyconsulting.com,Codesy Consulting,https://codesyconsulting.com/,,United States,us,selectedfirms,ecommerce|web|web-design|wordpress,,,,2026-09-20 22:08
ukad-group.com,UKAD LLC,https://ukad-group.com/,,United States,us,selectedfirms,ecommerce|web|web-design,,,,2026-09-20 22:08
webdesignservices.net,Sellers Bay,https://www.webdesignservices.net,,United States,us,selectedfirms,bigcommerce|ecommerce|web-design,,,,2026-09-20 22:08
9ostech.com,Oak Street Technologies,https://9ostech.com/,,United States,us,selectedfirms,ecommerce|web|web-design,,,,2026-09-20 22:08
deftsoft.com,Deftsoft,https://deftsoft.com/,,United States,us,selectedfirms,ecommerce|web|web-design,,,,2026-09-20 22:08
digitalception.com,Digital Ception,https://digitalception.com/,,United States,us,selectedfirms,ecommerce|web|web-design,,,,2026-09-20 22:08
halfnine.com,Halfnine,https://www.halfnine.com,,United States,us,selectedfirms,ecommerce|web|web-design,,,,2026-09-20 22:08
mtouchlabs.com,mTouch Labs,https://mtouchlabs.com/,,United States,us,selectedfirms,ecommerce|web|web-design,,,,2026-09-20 22:08
itxitpro.com,ITXITPRO Pvt Ltd,https://itxitpro.com,,United States,us,selectedfirms,ecommerce|web|web-design|wordpress,,,,2026-09-20 22:08
caldersolutions.com,Calder Solutions,https://www.caldersolutions.com/,,United States,us,selectedfirms,ecommerce|web|web-design,,,,2026-09-20 22:08
arbisoft.com,Arbisoft Global,https://arbisoft.com/,,United States,us,selectedfirms,web|web-design,,,,2026-09-20 22:08
ibc-mobile.com,IBC Mobile,https://ibc-mobile.com/,,United States,us,selectedfirms,ecommerce|web|web-design,,,,2026-09-20 22:08
cybernest.com,Cyber Nest,https://www.cybernest.com,,United States,us,selectedfirms,ecommerce|web|web-design,,,,2026-09-20 22:08
digitalwebkrida.com,Digitalwebkrida,https://digitalwebkrida.com/,,United States,us,selectedfirms,ecommerce|web|web-design,,,,2026-09-20 22:08
techype.co,Techype,https://techype.co/,,United States,us,selectedfirms,web|web-design,,,,2026-09-20 22:08
jellyfishtechnologies.com,Jellyfish Technologies,https://www.jellyfishtechnologies.com,,United States,us,selectedfirms,ecommerce|web|web-design,,,,2026-09-20 22:08
beesoul.co,Beesoul LLC,https://beesoul.co/,,United States,us,selectedfirms,ecommerce|web|web-design,,,,2026-09-20 22:08
saigontechnology.com,Saigon Technology,https://saigontechnology.com/,,United States,us,selectedfirms,web|web-design,,,,2026-09-20 22:08
task-robots.com,Task Robots,https://www.task-robots.com/,,United States,us,selectedfirms,ecommerce|web|web-design,,,,2026-09-20 22:08
vaival.com,Vaival Technologies,https://www.vaival.com/,,United States,us,selectedfirms,web|web-design|wix|wordpress,,,,2026-09-20 22:08
starwebllc.com,STAR WEB LLC,https://www.starwebllc.com/,,United States,us,selectedfirms,web|web-design,,,,2026-09-20 22:08
sitenative.com,SiteNative,https://sitenative.com/,,United States,us,selectedfirms,web|web-design,,,,2026-09-20 22:08
thinkwik.com,Thinkwik,https://www.thinkwik.com/,,United States,us,selectedfirms,ecommerce|web|web-design|wordpress,,,,2026-09-20 22:08
appcraft.tech,Appcraft Tech,https://www.appcraft.tech,,United States,us,selectedfirms,web|web-design,,,,2026-09-20 22:08
websitedesigncompany.us.com,website design company,https://websitedesigncompany.us.com/,,United States,us,selectedfirms,web|web-design,,,,2026-09-20 22:08
foxdigitalcreatives.com,FoxDigitalCreatives,https://foxdigitalcreatives.com/,,United States,us,selectedfirms,ecommerce|web|web-design|wix|wordpress,,,,2026-09-20 22:08
codermasktech.com,Codermask Tech,https://codermasktech.com,,United States,us,selectedfirms,ecommerce|squarespace|web-design|wix|wordpress,,,,2026-09-20 22:08
sense7ai.com,"Sense7AI, Inc",https://www.sense7ai.com/,,United States,us,selectedfirms,ecommerce|web|web-design,,,,2026-09-20 22:08
zerooptimizer.com,Zero Optimizer Agency,https://zerooptimizer.com/,,United States,us,selectedfirms,ecommerce|web|web-design,,,,2026-09-20 22:08
itidoltechnologies.com,IT IDOL Technologies,https://itidoltechnologies.com/,,United States,us,selectedfirms,ecommerce|web|web-design,,,,2026-09-20 22:08
digixvalley.com,Digixvalley,https://digixvalley.com,,United States,us,selectedfirms,web|web-design,,,,2026-09-20 22:08
upscalebooster.com,Upscale Booster,https://upscalebooster.com/,,United States,us,selectedfirms,web-design,,,,2026-09-20 22:08
railscarma.com,RailsCarma - Ruby on Rails Company,https://www.railscarma.com,,United States,us,selectedfirms,ecommerce|web|web-design,,,,2026-09-20 22:08
pencertech.com,Pencer Tech,https://pencertech.com/,,United States,us,selectedfirms,ecommerce|squarespace|web|web-design|wix|wordpress,,,,2026-09-20 22:08
allianzeinfosoft.com,Allianze Infosoft,https://www.allianzeinfosoft.com/,,United States,us,selectedfirms,web|web-design,,,,2026-09-20 22:08
codegaragetech.com,Code Garage Tech,https://codegaragetech.com/crm-development-company,,United States,us,selectedfirms,ecommerce|web|web-design,,,,2026-09-20 22:08
allianzebpo.com,Allianze BPO International,https://www.allianzebpo.com/,,United States,us,selectedfirms,web|web-design,,,,2026-09-20 22:08
techwebsters.com,TechWebsters,https://techwebsters.com/,,United States,us,selectedfirms,ecommerce|web|web-design,,,,2026-09-20 22:08
mhtechnologies.us,MH TECHNOLOGIES,https://mhtechnologies.us/,,United States,us,selectedfirms,ecommerce|web|web-design,,,,2026-09-20 22:08
uptsol.com,Uptech Solution,https://uptsol.com/,,United States,us,selectedfirms,ecommerce|web|web-design,,,,2026-09-20 22:08
appnwebtechnologies.com,Appnweb Technologies,https://www.appnwebtechnologies.com,,United States,us,selectedfirms,ecommerce|web|web-design,,,,2026-09-20 22:08
resourcifi.com,Resourcifi,https://www.resourcifi.com/,,United States,us,selectedfirms,web|web-design,,,,2026-09-20 22:08
colaninfotech.com,Colan Infotech,https://colaninfotech.com/,,United States,us,selectedfirms,ecommerce|web|web-design,,,,2026-09-20 22:08
apptechies.com,Apptechies,https://apptechies.com/,,United States,us,selectedfirms,ecommerce|web|web-design,,,,2026-09-20 22:08
onedatasoftware.com,OneData Software Solutions,https://www.onedatasoftware.com/usa,,United States,us,selectedfirms,web|web-design,,,,2026-09-20 22:08
kuchoriyatechsoft.com,Kuchoriya Techsoft,https://www.kuchoriyatechsoft.com/,,United States,us,selectedfirms,ecommerce|web-design,,,,2026-09-20 22:08
pointofactionmarketing.com,Point of Action Marketing,https://www.pointofactionmarketing.com/,,United States,us,selectedfirms,web|web-design,,,,2026-09-20 22:08
luminoguru.com,LuminoGuru Pvt Ltd.,https://luminoguru.com/?utm_source=selectedfirms&utm_medium=referral&utm_campaign=Luminoguru_selectedfirm,,United States,us,selectedfirms,ecommerce|web|web-design,,,,2026-09-20 22:08
netforthtech.com,Netforth Software solution Pvt. Ltd,https://www.netforthtech.com/,,United States,us,selectedfirms,web|web-design,,,,2026-09-20 22:08
endure.tech,Endure Technology Solutions,https://endure.tech/,,United States,us,selectedfirms,ecommerce|web|web-design,,,,2026-09-20 22:08
silverspaceinc.com,Silverspace Inc,https://silverspaceinc.com/,,United States,us,selectedfirms,ecommerce|web|web-design,,,,2026-09-20 22:08
3orbitsolutions.com,3orbitsolutions,https://3orbitsolutions.com/,,United States,us,selectedfirms,ecommerce|web|web-design,,,,2026-09-20 22:08
devoxsoftware.com,Devox Software,https://devoxsoftware.com/,,United States,us,selectedfirms,ecommerce|web|web-design,,,,2026-09-20 22:08
zmartworkz.com,ZmartWorkz LLC,https://www.zmartworkz.com/,,United States,us,selectedfirms,ecommerce|web|web-design|wordpress,,,,2026-09-20 22:08
brilliantsystems.io,Brilliant Systems,https://www.brilliantsystems.io/,,United States,us,selectedfirms,ecommerce|squarespace|web|web-design,,,,2026-09-20 22:08
global.yaamwebsolutions.com,YAAM Web Solutions,https://global.yaamwebsolutions.com/,,United States,us,selectedfirms,ecommerce|web|web-design|wix|wordpress,,,,2026-09-20 22:08
inoday.com,inoday,https://inoday.com/,,United States,us,selectedfirms,ecommerce|web|web-design|wordpress,,,,2026-09-20 22:08
akveo.com,Akveo,https://www.akveo.com/,,United States,us,selectedfirms,web|web-design,,,,2026-09-20 22:08
imobiledesigns.com,Immersive Mobile Designs,https://www.imobiledesigns.com,,United States,us,selectedfirms,web|web-design,,,,2026-09-20 22:08
bytesmaster.com,Bytesmaster,https://bytesmaster.com/,,United States,us,selectedfirms,ecommerce|web|web-design|wordpress,,,,2026-09-20 22:08
healthcareseo.agency,Healthcare SEO Agency (HCSEOA),https://healthcareseo.agency/,,United States,us,selectedfirms,web|web-design,,,,2026-09-20 22:08
akbadhak.com,Ak Badhak LLC,https://www.akbadhak.com/,,United States,us,selectedfirms,web|web-design,,,,2026-09-20 22:08
squareboat.com,Squareboat,https://www.squareboat.com,,United States,us,selectedfirms,web|web-design|wordpress,,,,2026-09-20 22:08
intuitia.tech,Intuitia Tech,https://www.intuitia.tech/,,United States,us,selectedfirms,ecommerce|web|web-design|wordpress,,,,2026-09-20 22:08
meta-core.com,Meta-Core,https://meta-core.com/,,United States,us,selectedfirms,ecommerce|web|web-design,,,,2026-09-20 22:08
kadders.com,Kadders,https://www.kadders.com,,United States,us,selectedfirms,ecommerce|web|web-design,,,,2026-09-20 22:08
imperoit.com,Impero IT Services,https://imperoit.com/,,United States,us,selectedfirms,ecommerce|web|web-design,,,,2026-09-20 22:08
earlybirdlabs.com,Early Bird Labs,https://earlybirdlabs.com/,,United States,us,selectedfirms,web|web-design,,,,2026-09-20 22:08
webtechnality.com,Web Technality,https://www.webtechnality.com/,,United States,us,selectedfirms,ecommerce|web|web-design|wix,,,,2026-09-20 22:08
circletechconsulting.com,CircleTech,https://circletechconsulting.com/,,United States,us,selectedfirms,web|web-design,,,,2026-09-20 22:08
objects.ws,Objects.ws,https://objects.ws/,,United States,us,selectedfirms,ecommerce|web|web-design|wix,,,,2026-09-20 22:08
intercore.net,InterCore Technologies,https://intercore.net,,United States,us,selectedfirms,web|web-design,,,,2026-09-20 22:08
dxtechnologiesllc.com,DX TECHNOLOGIES LLC,https://dxtechnologiesllc.com/,,United States,us,selectedfirms,web|web-design,,,,2026-09-20 22:08
razencreationsllc.com,Razen Creations LLC,https://razencreationsllc.com,,United States,us,selectedfirms,ecommerce|web|web-design,,,,2026-09-20 22:08
thepaceinfosys.com,The Pace Infosys,https://www.thepaceinfosys.com/,,United States,us,selectedfirms,ecommerce|web|web-design,,,,2026-09-20 22:08
iotaiy.com,IOTAIY LLC,https://iotaiy.com/,,United States,us,selectedfirms,ecommerce|web|web-design,,,,2026-09-20 22:08
bytepalsolutions.com,Bytepal solutions LLC,https://bytepalsolutions.com,,United States,us,selectedfirms,ecommerce|web|web-design,,,,2026-09-20 22:08
mrmsoftinc.com,MRMSoft Inc,https://mrmsoftinc.com/,,United States,us,selectedfirms,ecommerce|web|web-design,,,,2026-09-20 22:08
completeseo.com,Complete SEO,https://completeseo.com/,,United States,us,selectedfirms,web-design,,,,2026-09-20 22:08
xpezia.com,Xpezia,https://www.xpezia.com,,United States,us,selectedfirms,ecommerce|web|web-design,,,,2026-09-20 22:08
diatomenterprises.com,Diatom Enterprises,https://diatomenterprises.com/,,United States,us,selectedfirms,web|web-design,,,,2026-09-20 22:08
qatalys.com,Qatalys,https://qatalys.com/,,United States,us,selectedfirms,ecommerce|web-design,,,,2026-09-20 22:08
hashbyt.com,Hashbyt,https://www.hashbyt.com/,,United States,us,selectedfirms,web|web-design,,,,2026-09-20 22:08
derntech.com,DernTech,https://derntech.com/,,United States,us,selectedfirms,ecommerce|web|web-design,,,,2026-09-20 22:08
buizfinance.com,BuizFinance Marketing Agency,https://buizfinance.com/,,United States,us,selectedfirms,web|web-design,,,,2026-09-20 22:08
softlogicsllc.com,Softlogics LLC,https://softlogicsllc.com/,,United States,us,selectedfirms,ecommerce|squarespace|web|web-design|wix,,,,2026-09-20 22:08
servantsimpactsolutions.com,Servants Impact Solutions,https://www.servantsimpactsolutions.com,,United States,us,selectedfirms,web|web-design,,,,2026-09-20 22:08
oshyn.com,"Oshyn, Inc",https://www.oshyn.com,,United States,us,selectedfirms,ecommerce|web|web-design,,,,2026-09-20 22:08
allianzedigital.com,Allianze Digital,https://allianzedigital.com/,,United States,us,selectedfirms,ecommerce|web|web-design,,,,2026-09-20 22:08
providus.io,Providus,https://providus.io/,,United States,us,selectedfirms,web|web-design|wordpress,,,,2026-09-20 22:08
theorangebyte.com,The OrangeByte,https://theorangebyte.com/,,United States,us,selectedfirms,ecommerce|web|web-design,,,,2026-09-20 22:08
skyhighdesigns.com,Sky High Designs Inc,https://skyhighdesigns.com/,,United States,us,selectedfirms,ecommerce|web|web-design,,,,2026-09-20 22:08
apptage.com,Apptage LLC,https://www.apptage.com/,,United States,us,selectedfirms,ecommerce|web|web-design,,,,2026-09-20 22:08
steppingedge.com,Stepping edge,https://www.steppingedge.com/,,United States,us,selectedfirms,ecommerce|web|web-design,,,,2026-09-20 22:08
studiored.com,Studio Red,https://www.studiored.com/,,United States,us,selectedfirms,web-design,,,,2026-09-20 22:08
bluetext.com,Bluetext,https://bluetext.com/,,United States,us,selectedfirms,web-design,,,,2026-09-20 22:08
ajroni.com,Ajroni Enterprises,https://ajroni.com/,,United States,us,selectedfirms,ecommerce|web|web-design,,,,2026-09-20 22:08
technoexponent.com,Techno Exponent,https://www.technoexponent.com/,,United States,us,selectedfirms,ecommerce|web|web-design,,,,2026-09-20 22:08
ivioagency.com,Ivio Agency,https://ivioagency.com/,,United States,us,selectedfirms,web-design,,,,2026-09-20 22:08
datatitan.com,Data Titan,https://www.datatitan.com/,,United States,us,selectedfirms,ecommerce|web|web-design,,,,2026-09-20 22:08
webtracktechnologies.com,Webtrack Technologies,https://webtracktechnologies.com/,,United States,us,selectedfirms,ecommerce|web|web-design,,,,2026-09-20 22:08
itsbrandabl.com,Brandabl,https://itsbrandabl.com/,,United States,us,selectedfirms,ecommerce|web|web-design|wordpress,,,,2026-09-20 22:08
antops.com,Antops Technologies,http://www.antops.com/,,United States,us,selectedfirms,ecommerce|squarespace|web|web-design|wix|woocommerce|wordpress,,,,2026-09-20 22:08
aipxperts.com,Aipxperts Technolabs,https://aipxperts.com/,,United States,us,selectedfirms,ecommerce|web|web-design,,,,2026-09-20 22:08
kis.software,.K.I.S.S. Software,https://kis.software/,,United States,us,selectedfirms,ecommerce|web|web-design,,,,2026-09-20 22:08
americaneagle.com,Americaneagle.com,https://www.americaneagle.com/,,United States,us,selectedfirms,ecommerce|web|web-design,,,,2026-09-20 22:08
socialhustle.com,Social Hustle,https://socialhustle.com/,,United States,us,selectedfirms,ecommerce|web|web-design,,,,2026-09-20 22:08
prometsource.com,Promet Source,https://www.prometsource.com/,,United States,us,selectedfirms,web|web-design,,,,2026-09-20 22:08
mlsdev.com,MLSDev,https://mlsdev.com/,,United States,us,selectedfirms,web|web-design,,,,2026-09-20 22:08
aztechdigital.co,Aztech,https://www.aztechdigital.co/,,United States,us,selectedfirms,ecommerce|web|web-design,,,,2026-09-20 22:08
aspectusgroup.com,Aspectus,https://www.aspectusgroup.com/,,United States,us,selectedfirms,web|web-design,,,,2026-09-20 22:08
goldencomm.com,GoldenComm,https://www.goldencomm.com/,,United States,us,selectedfirms,web|web-design,,,,2026-09-20 22:08
profusionsystems.com,Profusion Systems,https://profusionsystems.com/,,United States,us,selectedfirms,ecommerce|web|web-design,,,,2026-09-20 22:08
venrup.com,Venrup,https://venrup.com/,,United States,us,selectedfirms,ecommerce|web|web-design,,,,2026-09-20 22:08
mutuallyhuman.com,Mutually Human,https://www.mutuallyhuman.com/,,United States,us,selectedfirms,web|web-design,,,,2026-09-20 22:08
socialsurgemarketing.com,SocialSurge Marketing,https://socialsurgemarketing.com/,,United States,us,selectedfirms,web-design,,,,2026-09-20 22:08
coderfy.com,Coderfy,https://www.coderfy.com/,,United States,us,selectedfirms,ecommerce|web|web-design,,,,2026-09-20 22:08
vtnetzwelt.com,VT Netzwelt,https://www.vtnetzwelt.com/,,United States,us,selectedfirms,ecommerce|web|web-design,,,,2026-09-20 22:08
phillymarketinglabs.com,Philly Marketing Labs,https://phillymarketinglabs.com/,,United States,us,selectedfirms,ecommerce|web|web-design,,,,2026-09-20 22:08
hkdigitalmedia.com,HK Digital,https://www.hkdigitalmedia.com/,,United States,us,selectedfirms,web-design,,,,2026-09-20 22:08
vakoms.com,Vakoms,https://vakoms.com/,,United States,us,selectedfirms,web|web-design,,,,2026-09-20 22:08
finallyfreeproductions.com,Finally Free Productions,https://finallyfreeproductions.com/,,United States,us,selectedfirms,web|web-design,,,,2026-09-20 22:08
curotec.com,Curotec,https://www.curotec.com/,,United States,us,selectedfirms,ecommerce|web|web-design,,,,2026-09-20 22:08
cloudexistechnolabs.com,Cloudexis Technolabs,https://cloudexistechnolabs.com/,,United States,us,selectedfirms,ecommerce|web|web-design,,,,2026-09-20 22:08
argusoft.com,Argusoft,https://www.argusoft.com/,,United States,us,selectedfirms,ecommerce|web|web-design,,,,2026-09-20 22:08
threefivetwo.com,Three Five Two,https://www.threefivetwo.com/,,United States,us,selectedfirms,web|web-design,,,,2026-09-20 22:08
affirma.com,Affirma Consulting,https://www.affirma.com/,,United States,us,selectedfirms,web-design,,,,2026-09-20 22:08
dplit.com,DPL,https://www.dplit.com/,,United States,us,selectedfirms,web|web-design,,,,2026-09-20 22:08
dartdigitalagency.com,Dart Digital Agency,https://www.dartdigitalagency.com/,,United States,us,selectedfirms,ecommerce|web|web-design,,,,2026-09-20 22:08
ambrdetroit.com,AMBR Detroit,https://ambrdetroit.com/,,United States,us,selectedfirms,ecommerce|web|web-design,,,,2026-09-20 22:08
itsonmedia.com,ITS ON MEDIA,https://www.itsonmedia.com/,,United States,us,selectedfirms,ecommerce|web|web-design,,,,2026-09-20 22:08
xceltec.com,XCELTEC,https://www.xceltec.com/,,United States,us,selectedfirms,ecommerce|web-design,,,,2026-09-20 22:08
verbszmarketing.com,Verbsz Marketing,https://www.verbszmarketing.com/,,United States,us,selectedfirms,web|web-design,,,,2026-09-20 22:08
premiumhelp.co,PremiumHelp,https://premiumhelp.co/,,United States,us,selectedfirms,web-design,,,,2026-09-20 22:08
electricweb.technology,ELEK+RIK,http://electricweb.technology/,,United States,us,selectedfirms,web|web-design,,,,2026-09-20 22:08
clectiq.com,Clectiq,https://www.clectiq.com/,,United States,us,selectedfirms,ecommerce|web|web-design,,,,2026-09-20 22:08
searchmarketingservice.com,Search Marketing Services,https://searchmarketingservice.com/,,United States,us,selectedfirms,ecommerce|web|web-design,,,,2026-09-20 22:08
msinteractive.com,Moonstone Interactive,https://www.msinteractive.com/,,United States,us,selectedfirms,web-design|wix|wordpress,,,,2026-09-20 22:08
utility.agency,Utility,https://utility.agency/,,United States,us,selectedfirms,ecommerce|web|web-design,,,,2026-09-20 22:08
spinutech.com,Spinutech,https://www.spinutech.com/,,United States,us,selectedfirms,ecommerce|web|web-design,,,,2026-09-20 22:08
awesomewebsiteguys.com,Awesome Website Guys,https://awesomewebsiteguys.com/,,United States,us,selectedfirms,web|web-design,,,,2026-09-20 22:08
professionalsofttech.com,Professional Soft-Tech,https://www.professionalsofttech.com/,,United States,us,selectedfirms,ecommerce|web|web-design,,,,2026-09-20 22:08
swiftcodesolution.com,Swift Code Solution,https://swiftcodesolution.com/,,United States,us,selectedfirms,web|web-design,,,,2026-09-20 22:08
ieditnetwork.com,iEdit Network,https://ieditnetwork.com/,,United States,us,selectedfirms,ecommerce|web|web-design,,,,2026-09-20 22:08
uptimewebsolution.com,Uptime Web Solution,https://uptimewebsolution.com/,,United States,us,selectedfirms,ecommerce|squarespace|web|web-design|wix,,,,2026-09-20 22:08
seodogs.com,Dallas Dogs,https://www.seodogs.com/,,United States,us,selectedfirms,ecommerce|web|web-design,,,,2026-09-20 22:08
bsscommerce.com,BSS Commerce,https://bsscommerce.com/,,United States,us,selectedfirms,ecommerce|web|web-design,,,,2026-09-20 22:08
whizzbridge.com,WhizzBridge,https://www.whizzbridge.com/,,United States,us,selectedfirms,ecommerce|web-design,,,,2026-09-20 22:08
thinkcompany.com,Think Company,https://www.thinkcompany.com/,,United States,us,selectedfirms,web-design,,,,2026-09-20 22:08
eclipsemarketing.io,Eclipse Marketing,https://eclipsemarketing.io/,,United States,us,selectedfirms,web-design,,,,2026-09-20 22:08
scbw.com,Swiss Commerce,https://www.scbw.com/,,United States,us,selectedfirms,web|web-design,,,,2026-09-20 22:08
vividsites.com,VIVIDSITES,https://www.vividsites.com/,,United States,us,selectedfirms,ecommerce|web|web-design,,,,2026-09-20 22:08
ciphersdigital.com,Ciphers Digital Marketing,https://www.ciphersdigital.com/,,United States,us,selectedfirms,ecommerce|web|web-design,,,,2026-09-20 22:08
integritive.com,Integritive,https://www.integritive.com/,,United States,us,selectedfirms,ecommerce|web|web-design,,,,2026-09-20 22:08
webmasterserviceshawaii.com,Webmaster Services Hawaii,https://www.webmasterserviceshawaii.com/,,United States,us,selectedfirms,ecommerce|squarespace|web|web-design|wix,,,,2026-09-20 22:08
ruckusmarketing.com,Ruckus,https://www.ruckusmarketing.com/,,United States,us,selectedfirms,ecommerce|web|web-design,,,,2026-09-20 22:08
three29.com,Three29 Web Design,https://three29.com/,,United States,us,selectedfirms,web|web-design,,,,2026-09-20 22:08
resultant.com,Resultant,https://resultant.com/,,United States,us,selectedfirms,web|web-design,,,,2026-09-20 22:08
jalasoft.com,Jalasoft,https://www.jalasoft.com/,,United States,us,selectedfirms,web|web-design,,,,2026-09-20 22:08
eight25media.com,EIGHT25MEDIA,https://www.eight25media.com/,,United States,us,selectedfirms,web|web-design,,,,2026-09-20 22:08
deptagency.com,DEPT,https://www.deptagency.com/,,United States,us,selectedfirms,ecommerce|web-design,,,,2026-09-20 22:08
brocoders.com,Brocoders,https://brocoders.com/,,United States,us,selectedfirms,web|web-design,,,,2026-09-20 22:08
shopdev.co,shopdev,https://shopdev.co/,,United States,us,selectedfirms,ecommerce|web-design,,,,2026-09-20 22:08
gravityjunction.com,Gravity Junction LLC,https://gravityjunction.com/,,United States,us,selectedfirms,web-design,,,,2026-09-20 22:08
key-cms.com,Key Carrier Management Service,https://key-cms.com/,,United States,us,selectedfirms,web|web-design,,,,2026-09-20 22:08
websensepro.com,WebSensePro,https://websensepro.com/,,United States,us,selectedfirms,ecommerce|web|web-design,,,,2026-09-20 22:08
addwebsolution.com,AddWebSolution,https://www.addwebsolution.com/,,United States,us,selectedfirms,ecommerce|web|web-design,,,,2026-09-20 22:08
wearecampground.com,Campground,https://www.wearecampground.com/,,United States,us,selectedfirms,web|web-design,,,,2026-09-20 22:08
djangostars.com,DjangoStars,https://djangostars.com/,,United States,us,selectedfirms,ecommerce|web-design,,,,2026-09-20 22:08
framesixty.com,"Frame Sixty, LLC",https://framesixty.com/,,United States,us,selectedfirms,web-design,,,,2026-09-20 22:08
txend.com,Txend,https://txend.com/,,United States,us,selectedfirms,web|web-design,,,,2026-09-20 22:08
bravepeople.co,Brave People,https://bravepeople.co/,,United States,us,selectedfirms,web|web-design,,,,2026-09-20 22:08
techfabric.com,TechFabric,https://www.techfabric.com/,,United States,us,selectedfirms,web|web-design,,,,2026-09-20 22:08
craftedny.com,Crafted,https://www.craftedny.com/,,United States,us,selectedfirms,ecommerce|web|web-design,,,,2026-09-20 22:08
bluecozmos.com,BlueCozmos,https://bluecozmos.com/,,United States,us,selectedfirms,web|web-design,,,,2026-09-20 22:08
americanwebdesignersinc.com,American Web Designers,https://americanwebdesignersinc.com/,,United States,us,selectedfirms,ecommerce|web|web-design,,,,2026-09-20 22:08
brandinglosangeles.com,Branding Los Angeles,https://www.brandinglosangeles.com/,,United States,us,selectedfirms,ecommerce|web|web-design|wordpress,,,,2026-09-20 22:08
nortal.com,Nortal,https://www.nortal.com/,,United States,us,selectedfirms,web|web-design,,,,2026-09-20 22:08
binatedigital.com,Binate Digital,https://binatedigital.com/,,United States,us,selectedfirms,ecommerce|web|web-design,,,,2026-09-20 22:08
tsttechnology.io,TST Technology,https://tsttechnology.io/,,United States,us,selectedfirms,ecommerce|web|web-design,,,,2026-09-20 22:08
appvertices.io,App Vertices,https://appvertices.io,,United States,us,selectedfirms,web|web-design|wordpress,,,,2026-09-20 22:08
nerdheadz.com,NerdHeadz,https://www.nerdheadz.com,,United States,us,selectedfirms,ecommerce|web|web-design,,,,2026-09-20 22:08
prolanceit.com,ProLance IT LLP,https://www.prolanceit.com,,United States,us,selectedfirms,ecommerce|web|web-design,,,,2026-09-20 22:08
webnovacrew.com,Web Nova Crew Technologies,https://webnovacrew.com/,,United States,us,selectedfirms,web|web-design,,,,2026-09-20 22:08
onepix.net,OnePix,https://onepix.net/,,United States,us,selectedfirms,ecommerce|web|web-design|wix|wordpress,,,,2026-09-20 22:08
diversido.io,Diversido,https://www.diversido.io/,,United States,us,selectedfirms,web|web-design,,,,2026-09-20 22:08
insegment.com,inSegment,https://www.insegment.com/,,United States,us,selectedfirms,ecommerce|web|web-design,,,,2026-09-20 22:08
ardentthrive.com,Ardent Thrive,https://ardentthrive.com/,,United States,us,selectedfirms,ecommerce|web|web-design,,,,2026-09-20 22:08
2btechinc.com,2BTech LLC,https://2btechinc.com/,,United States,us,selectedfirms,ecommerce|web|web-design,,,,2026-09-20 22:08
merrittgrp.com,Merritt Group,https://www.merrittgrp.com/,,United States,us,selectedfirms,web-design,,,,2026-09-20 22:08
galaxyweblinks.com,Galaxy Weblinks,https://www.galaxyweblinks.com/,,United States,us,selectedfirms,ecommerce|web-design,,,,2026-09-20 22:08
aprisity.com,Aprisity Technologies,https://aprisity.com/,,United States,us,selectedfirms,ecommerce|squarespace|web|web-design|wix,,,,2026-09-20 22:08
girikon.com,Girikon,https://www.girikon.com/,,United States,us,selectedfirms,web|web-design,,,,2026-09-20 22:08
centrelocus.com,Centre Locus,https://centrelocus.com/,,United States,us,selectedfirms,ecommerce|web|web-design|wix,,,,2026-09-20 22:08
computer-ties.com,Computer Ties,https://computer-ties.com,,United States,us,selectedfirms,web-design,,,,2026-09-20 22:08
hdwebsoft.com,HDWEBSOFT,https://www.hdwebsoft.com/,,United States,us,selectedfirms,web|web-design,,,,2026-09-20 22:08
hozio.com,"Hozio, Inc",https://www.hozio.com/,,United States,us,selectedfirms,web-design,,,,2026-09-20 22:08
jackrabbitmobile.com,Jackrabbit Mobile,https://www.jackrabbitmobile.com/,,United States,us,selectedfirms,web|web-design,,,,2026-09-20 22:08
boldist.co,Boldist,https://boldist.co/,,United States,us,selectedfirms,ecommerce|web|web-design,,,,2026-09-20 22:08
syncshow.com,SyncShow,https://www.syncshow.com/,,United States,us,selectedfirms,web-design,,,,2026-09-20 22:08
weinbachgroup.com,The Weinbach Group,https://www.weinbachgroup.com/,,United States,us,selectedfirms,web-design,,,,2026-09-20 22:08
zonicllc.com,Zonic Media,https://zonicllc.com/,,United States,us,selectedfirms,web-design,,,,2026-09-20 22:08
scal.io,Scalio,https://scal.io/,,United States,us,selectedfirms,ecommerce|web-design,,,,2026-09-20 22:08
biggorilladesign.com,Big Gorilla Design,https://biggorilladesign.com/,,United States,us,selectedfirms,web|web-design,,,,2026-09-20 22:08
gcmgagency.com,The GCMG Agency,https://www.gcmgagency.com/,,United States,us,selectedfirms,web-design,,,,2026-09-20 22:08
allegiantdigital.com,Allegiant Digital Marketing,https://allegiantdigital.com/,,United States,us,selectedfirms,web-design,,,,2026-09-20 22:08
foundry512.com,Foundry512,https://foundry512.com/,,United States,us,selectedfirms,web-design,,,,2026-09-20 22:08
asteriskcreative.com,Asterisk Creative,http://asteriskcreative.com/,,United States,us,selectedfirms,web|web-design,,,,2026-09-20 22:08
digikaimarketing.com,DigiKai,https://digikaimarketing.com/,,United States,us,selectedfirms,web|web-design,,,,2026-09-20 22:08
stagetek.com,Stagetek,https://stagetek.com/,,United States,us,selectedfirms,web|web-design,,,,2026-09-20 22:08
427digital.com,427 Digital,https://427digital.com/,,United States,us,selectedfirms,web|web-design,,,,2026-09-20 22:08
creativejw.com,JW Creative,https://www.creativejw.com/,,United States,us,selectedfirms,web|web-design,,,,2026-09-20 22:08
structurem.com,StructureM,https://www.structurem.com/,,United States,us,selectedfirms,web|web-design,,,,2026-09-20 22:08
gearboxfc.com,Gearbox Functional Creative,https://gearboxfc.com/,,United States,us,selectedfirms,web|web-design,,,,2026-09-20 22:08
verdugowebservices.com,Verdugo Web Services,https://verdugowebservices.com/,,United States,us,selectedfirms,ecommerce|web-design,,,,2026-09-20 22:08
madeintandem.com,Made in Tandem,https://madeintandem.com/,,United States,us,selectedfirms,web-design,,,,2026-09-20 22:08
semgeeks.com,Semgeeks,https://semgeeks.com/,,United States,us,selectedfirms,web-design,,,,2026-09-20 22:08
senarios.co,Senarios,https://senarios.co/,,United States,us,selectedfirms,web-design,,,,2026-09-20 22:08
iotric.com,iotric,https://www.iotric.com/,,United States,us,selectedfirms,web|web-design,,,,2026-09-20 22:08
liaisondesigngroup.com,Liaison Design Group,https://www.liaisondesigngroup.com/,,United States,us,selectedfirms,web|web-design,,,,2026-09-20 22:08
grouptdesign.com,Group T Design,https://www.grouptdesign.com/,,United States,us,selectedfirms,web|web-design,,,,2026-09-20 22:08
marinagraphicstudio.com,Marina Graphic Studio,https://marinagraphicstudio.com/,,United States,us,selectedfirms,web|web-design,,,,2026-09-20 22:08
mediaman.com,Mediaman,https://www.mediaman.com/,,United States,us,selectedfirms,web-design,,,,2026-09-20 22:08
overturepromotions.com,Overture Promotions,https://www.overturepromotions.com/,,United States,us,selectedfirms,web|web-design,,,,2026-09-20 22:08
northstreetcreative.com,North Street Creative,https://northstreetcreative.com/,,United States,us,selectedfirms,web|web-design,,,,2026-09-20 22:08
vye.agency,Vye,https://www.vye.agency/,,United States,us,selectedfirms,web-design,,,,2026-09-20 22:08
hawkemedia.com,Hawke Media,https://hawkemedia.com/,,United States,us,selectedfirms,web-design,,,,2026-09-20 22:08
eastcoastcatalyst.com,East Coast Catalyst,https://www.eastcoastcatalyst.com/,,United States,us,selectedfirms,web|web-design,,,,2026-09-20 22:08
click4corp.com,Click4Corp Digital Marketing Agency,https://www.click4corp.com/,,United States,us,selectedfirms,web|web-design,,,,2026-09-20 22:08
citrodigital.com,Citro Digital,https://citrodigital.com/,,United States,us,selectedfirms,web|web-design,,,,2026-09-20 22:08
twisthink.com,Twisthink,https://twisthink.com/,,United States,us,selectedfirms,web-design,,,,2026-09-20 22:08
mediumgiant.co,Medium Giant,https://mediumgiant.co/,,United States,us,selectedfirms,web|web-design,,,,2026-09-20 22:08
bladecommerce.com,Blade Commerce,https://www.bladecommerce.com/,,United States,us,selectedfirms,web-design,,,,2026-09-20 22:08
netqom.com,Netqom,https://www.netqom.com/,,United States,us,selectedfirms,ecommerce|web|web-design,,,,2026-09-20 22:08
uplers.com,Uplers,https://www.uplers.com/,,United States,us,selectedfirms,ecommerce|magento|web|web-design|wordpress,,,,2026-09-20 22:08
devouttechconsultants.com,Devout Tech Consultants,https://devouttechconsultants.com/,,United States,us,selectedfirms,ecommerce|web|web-design,,,,2026-09-20 22:08
wisitech.com,Wisitech InfoSolutions Pvt. Ltd.,https://www.wisitech.com/,,United States,us,selectedfirms,ecommerce|web|web-design,,,,2026-09-20 22:08
discovertec.com,DiscoverTec,https://www.discovertec.com/,,United States,us,selectedfirms,web|web-design,,,,2026-09-20 22:08
nexusbox.io,Nexus Box LLC,https://www.nexusbox.io/,,United States,us,selectedfirms,ecommerce|web|web-design,,,,2026-09-20 22:08
yourdigilab.com,YourDigiLab,https://yourdigilab.com/,,United States,us,selectedfirms,ecommerce|web|web-design,,,,2026-09-20 22:08
7linternational.com,7L International,https://7linternational.com/,,United States,us,selectedfirms,ecommerce|squarespace|web-design,,,,2026-09-20 22:08
almaxagency.com,ALMAX Design and Development Agency,https://almaxagency.com/,,United States,us,selectedfirms,ecommerce|squarespace|web|web-design|wix,,,,2026-09-20 22:08
dmddigitalseomarketingagency.com,DMD DIGITAL SEO MARKETING AGENCY,https://dmddigitalseomarketingagency.com/,,United States,us,selectedfirms,web-design,,,,2026-09-20 22:08
myskysys.com,"Sky Systems, Inc",https://myskysys.com/,,United States,us,selectedfirms,ecommerce|web|web-design,,,,2026-09-20 22:08
keryar.com,KERYAR,https://keryar.com/,,United States,us,selectedfirms,ecommerce|web|web-design,,,,2026-09-20 22:08
banedigital.com,Bane Digital,https://www.banedigital.com/,,United States,us,selectedfirms,web|web-design,,,,2026-09-20 22:08
ittropolis.com,IT Tropolis,https://www.ittropolis.com/,,United States,us,selectedfirms,web|web-design,,,,2026-09-20 22:08
omnispear.com,"OmniSpear, Inc.",https://www.omnispear.com/,,United States,us,selectedfirms,web|web-design,,,,2026-09-20 22:08
levinriegner.com,L+R,https://levinriegner.com/,,United States,us,selectedfirms,web-design,,,,2026-09-20 22:08
evincedev.com,Evince Development,https://evincedev.com/,,United States,us,selectedfirms,ecommerce|web|web-design,,,,2026-09-20 22:08
yrocconsulting.com,Yroc Consulting,https://yrocconsulting.com/,,United States,us,selectedfirms,web-design,,,,2026-09-20 22:08
bendyourmarketing.com,Bend Marketing,https://bendyourmarketing.com/,,United States,us,selectedfirms,web|web-design,,,,2026-09-20 22:08
devsx.net,DevsX,https://devsx.net/,,United States,us,selectedfirms,web-design,,,,2026-09-20 22:08
vonnda.com,Vonnda,https://www.vonnda.com/,,United States,us,selectedfirms,ecommerce|web-design,,,,2026-09-20 22:08
smallnormous.com,smallnormous,https://www.smallnormous.com/,,United States,us,selectedfirms,squarespace|web-design|wix|wordpress,,,,2026-09-20 22:08
propagandacreative.com,Propaganda Creative,https://propagandacreative.com/,,United States,us,selectedfirms,ecommerce|squarespace|web-design|wix,,,,2026-09-20 22:08
myblvd.com,BLVD,https://myblvd.com/,,United States,us,selectedfirms,web|web-design,,,,2026-09-20 22:08
igility.io,Igility,https://www.igility.io/,,United States,us,selectedfirms,ecommerce|web|web-design,,,,2026-09-20 22:08
outstafford.com,Outstafford,https://outstafford.com/,,United States,us,selectedfirms,web|web-design,,,,2026-09-20 22:08
astash.com,aStash,https://www.astash.com/,,United States,us,selectedfirms,web|web-design,,,,2026-09-20 22:08
dimensionalsys.com,Dimensional Sys,https://dimensionalsys.com/,,United States,us,selectedfirms,web|web-design,,,,2026-09-20 22:08
opensenselabs.com,OpenSense Labs,https://opensenselabs.com/,,United States,us,selectedfirms,ecommerce|web|web-design,,,,2026-09-20 22:08
gravoc.com,Centric Park,https://www.gravoc.com/,,United States,us,selectedfirms,ecommerce|web|web-design,,,,2026-09-20 22:08
cbidigital.com,CB/I Digital,https://www.cbidigital.com/,,United States,us,selectedfirms,ecommerce|web|web-design|wix,,,,2026-09-20 22:08
nomobo.co,NoMoBo,https://nomobo.co/,,United States,us,selectedfirms,web|web-design,,,,2026-09-20 22:08
interactivestrategies.com,Interactive Strategies,https://www.interactivestrategies.com/,,United States,us,selectedfirms,web|web-design,,,,2026-09-20 22:08
heyinnovations.com,HeyInnovations,https://www.heyinnovations.com/,,United States,us,selectedfirms,web|web-design,,,,2026-09-20 22:08
obviouslee.com,Obviouslee,https://obviouslee.com/,,United States,us,selectedfirms,web-design,,,,2026-09-20 22:08
distillery.com,Distillery,https://distillery.com/,,United States,us,selectedfirms,web|web-design,,,,2026-09-20 22:08
smargasy.com,Smargasy Inc,https://www.smargasy.com/,,United States,us,selectedfirms,ecommerce|web|web-design,,,,2026-09-20 22:08
yesandagency.com,Yes&,https://yesandagency.com/,,United States,us,selectedfirms,web-design,,,,2026-09-20 22:08
butterflyteck.com,Butterfly Technology,https://butterflyteck.com/,,United States,us,selectedfirms,web|web-design,,,,2026-09-20 22:08
95visual.com,95Visual,https://www.95visual.com/,,United States,us,selectedfirms,web|web-design,,,,2026-09-20 22:08
sharpguyswebdesign.com,Sharp Guys Web Design,https://sharpguyswebdesign.com/,,United States,us,selectedfirms,web|web-design,,,,2026-09-20 22:08
mauimarketing.com,Maui Marketing,https://www.mauimarketing.com/,,United States,us,selectedfirms,web|web-design,,,,2026-09-20 22:08
tailfin.com,Tailfin,https://tailfin.com/,,United States,us,selectedfirms,web|web-design,,,,2026-09-20 22:08
vtlbranding.com,Vital Branding,https://vtlbranding.com/,,United States,us,selectedfirms,web|web-design,,,,2026-09-20 22:08
sutter-group.com,Sutter Group,https://www.sutter-group.com/,,United States,us,selectedfirms,web|web-design,,,,2026-09-20 22:08
pyxl.com,Pyxl,https://pyxl.com/,,United States,us,selectedfirms,web-design,,,,2026-09-20 22:08
threesixtyeight.com,ThreeSixtyEight,https://www.threesixtyeight.com/,,United States,us,selectedfirms,web-design,,,,2026-09-20 22:08
specbee.com,Specbee,https://www.specbee.com/,,United States,us,selectedfirms,web|web-design,,,,2026-09-20 22:08
htmlpro.net,HTML Pro,https://htmlpro.net/,,United States,us,selectedfirms,ecommerce|squarespace|web|web-design,,,,2026-09-20 22:08
nelsoncash.com,Nelson Cash,https://www.nelsoncash.com/,,United States,us,selectedfirms,web-design,,,,2026-09-20 22:08
gozoek.com,Zoek,https://www.gozoek.com/,,United States,us,selectedfirms,web-design|wix,,,,2026-09-20 22:08
minorchange.studio,minor change,https://minorchange.studio/,,United States,us,selectedfirms,ecommerce|web|web-design,,,,2026-09-20 22:08
brasco.marketing,Brasco ///,https://brasco.marketing/,,United States,us,selectedfirms,web|web-design,,,,2026-09-20 22:08
vaporware.net,Vaporware,https://www.vaporware.net/,,United States,us,selectedfirms,web|web-design,,,,2026-09-20 22:08
alley.com,Alley,https://alley.com/,,United States,us,selectedfirms,web|web-design,,,,2026-09-20 22:08
funnelboostmedia.net,Funnel Boost Media,https://www.funnelboostmedia.net/,,United States,us,selectedfirms,web|web-design,,,,2026-09-20 22:08
roketco.com,Roket,https://roketco.com/,,United States,us,selectedfirms,web-design,,,,2026-09-20 22:08
activelogic.com,Active Logic,https://activelogic.com/,,United States,us,selectedfirms,web|web-design,,,,2026-09-20 22:08
assuresoft.com,AssureSoft,https://www.assuresoft.com/,,United States,us,selectedfirms,web|web-design,,,,2026-09-20 22:08
kohactive.com,Kohactive,https://www.kohactive.com/,,United States,us,selectedfirms,web|web-design,,,,2026-09-20 22:08
oomphinc.com,"Oomph, Inc.",https://www.oomphinc.com/,,United States,us,selectedfirms,web|web-design,,,,2026-09-20 22:08
nurturingtechnolab.com,Nurturing Technolabs,https://nurturingtechnolab.com/,,United States,us,selectedfirms,ecommerce|web|web-design,,,,2026-09-20 22:08
64robots.com,64Robots,https://www.64robots.com/,,United States,us,selectedfirms,web|web-design,,,,2026-09-20 22:08
highlandsolutions.com,Highland,https://www.highlandsolutions.com/,,United States,us,selectedfirms,web|web-design,,,,2026-09-20 22:08
yuvasoftech.com,Yuvasoft Solutions Private Limited,https://www.yuvasoftech.com/,,United States,us,selectedfirms,web|web-design,,,,2026-09-20 22:08
exomindset.co,Exomindset,https://exomindset.co/en/,,United States,us,selectedfirms,web|web-design,,,,2026-09-20 22:08
keyssinc.com,KEYSS Inc,https://keyssinc.com/,,United States,us,selectedfirms,ecommerce|web|web-design,,,,2026-09-20 22:08
smartapplo.com,Smart Applo,https://smartapplo.com/,,United States,us,selectedfirms,squarespace|web|web-design,,,,2026-09-20 22:08
mattered.com,Mattered,https://mattered.com/,,United States,us,selectedfirms,web|web-design,,,,2026-09-20 22:08
header.digital,Header Custom Web Solutions,https://header.digital/,,United States,us,selectedfirms,ecommerce|web|web-design,,,,2026-09-20 22:08
animink.com,Animink,https://www.animink.com/,,United States,us,selectedfirms,web|web-design,,,,2026-09-20 22:08
accelerance.com,Accelerance,https://www.accelerance.com/,,United States,us,selectedfirms,web|web-design,,,,2026-09-20 22:08
ardanlabs.com,Ardan Labs,https://www.ardanlabs.com/,,United States,us,selectedfirms,web|web-design,,,,2026-09-20 22:08
aslase.com,Aslase,https://aslase.com/,,United States,us,selectedfirms,web|web-design,,,,2026-09-20 22:08
digitalux.co,Digitalux,https://digitalux.co/,,United States,us,selectedfirms,web-design,,,,2026-09-20 22:08
sprydigital.com,Spry Digital,https://sprydigital.com/,,United States,us,selectedfirms,ecommerce|web|web-design,,,,2026-09-20 22:08
onlinects.com,Computing Technology Solutions,https://www.onlinects.com/,,United States,us,selectedfirms,web|web-design,,,,2026-09-20 22:08
ecreations.net,eCreations,https://ecreations.net/,,United States,us,selectedfirms,ecommerce|web|web-design,,,,2026-09-20 22:08
anythingpixel.com,AnythingPixel,https://anythingpixel.com/,,United States,us,selectedfirms,ecommerce|web|web-design,,,,2026-09-20 22:08
equicityseo.com,Equicity,https://www.equicityseo.com/,,United States,us,selectedfirms,ecommerce|squarespace|web|web-design,,,,2026-09-20 22:08
itpyramid.com,IT Pyramid,https://itpyramid.com/,,United States,us,selectedfirms,ecommerce|web|web-design,,,,2026-09-20 22:08
onebricktech.com,One Brick Tech,https://www.onebricktech.com/,,United States,us,selectedfirms,ecommerce|web|web-design,,,,2026-09-20 22:08
fidex.tech,Fidextech,https://www.fidex.tech/,,United States,us,selectedfirms,ecommerce|web|web-design,,,,2026-09-20 22:08
atomicrobot.com,Atomic Robot,https://atomicrobot.com/,,United States,us,selectedfirms,web|web-design,,,,2026-09-20 22:08
backbone.digital,BACKBONE,https://backbone.digital/,,United States,us,selectedfirms,ecommerce|web|web-design,,,,2026-09-20 22:08
seoinboston.com,Boston SEO Company,https://seoinboston.com/,,United States,us,selectedfirms,web-design,,,,2026-09-20 22:08
forebearpro.com,Forebear Productions,http://forebearpro.com/,,United States,us,selectedfirms,ecommerce|web|web-design,,,,2026-09-20 22:08
tessafold.com,Tessafold LLC,https://tessafold.com/,,United States,us,selectedfirms,web|web-design,,,,2026-09-20 22:08
underbelly.is,Underbelly,https://www.underbelly.is/,,United States,us,selectedfirms,web-design,,,,2026-09-20 22:08
studiohakuna.com,Hakuna,https://www.studiohakuna.com/,,United States,us,selectedfirms,web-design,,,,2026-09-20 22:08
pythonforce.com,Python Force Corp,https://www.pythonforce.com/,,United States,us,selectedfirms,web|web-design,,,,2026-09-20 22:08
matchboxdesigngroup.com,Matchbox Design Group,https://matchboxdesigngroup.com/,,United States,us,selectedfirms,web|web-design,,,,2026-09-20 22:08
pint.com,"PINT, Inc.",https://www.pint.com/,,United States,us,selectedfirms,web|web-design,,,,2026-09-20 22:08
unicoconnect.com,Unico Connect,https://unicoconnect.com/,,United States,us,selectedfirms,web|web-design,,,,2026-09-20 22:08
forcoda.com,Forcoda,https://forcoda.com/,,United States,us,selectedfirms,web|web-design,,,,2026-09-20 22:08
buildinmotion.com,Build In Motion,https://buildinmotion.com/,,United States,us,selectedfirms,web|web-design,,,,2026-09-20 22:08
mountaintopwebdesign.com,Mountaintop,https://mountaintopwebdesign.com/,,United States,us,selectedfirms,ecommerce|web|web-design,,,,2026-09-20 22:08
parsus.com,"Parsus Solutions, LLC",https://www.parsus.com/,,United States,us,selectedfirms,ecommerce|web|web-design,,,,2026-09-20 22:08
webdura.tech,Webdura Technologies,https://www.webdura.tech/,,United States,us,selectedfirms,web|web-design,,,,2026-09-20 22:08
tackmedia.com,Tack Media,https://www.tackmedia.com/,,United States,us,selectedfirms,ecommerce|web|web-design,,,,2026-09-20 22:08
trighton.com,Trighton Interactive,https://www.trighton.com/,,United States,us,selectedfirms,web-design,,,,2026-09-20 22:08
tinhorn-consulting.com,"Tinhorn Consulting, LLC",https://www.tinhorn-consulting.com/,,United States,us,selectedfirms,web|web-design,,,,2026-09-20 22:08
bigroomtechnologies.com,Big Room Studios,https://www.bigroomtechnologies.com/,,United States,us,selectedfirms,web-design,,,,2026-09-20 22:08
pushstartcreative.com,Pushstart Creative,https://pushstartcreative.com/,,United States,us,selectedfirms,web-design,,,,2026-09-20 22:08
inspiringapps.com,InspiringApps,https://www.inspiringapps.com/,,United States,us,selectedfirms,web-design,,,,2026-09-20 22:08
infotank.com,InfoTank,https://www.infotank.com/,,United States,us,selectedfirms,web|web-design,,,,2026-09-20 22:08
culyte.com,Culyte,https://culyte.com/,,United States,us,selectedfirms,web|web-design,,,,2026-09-20 22:08
errna.com,ERRNA,https://www.errna.com/,,United States,us,selectedfirms,web-design,,,,2026-09-20 22:08
ombulabs.com,OmbuLabs,https://www.ombulabs.com/,,United States,us,selectedfirms,web-design,,,,2026-09-20 22:08
easternstandard.com,Eastern Standard,https://www.easternstandard.com/,,United States,us,selectedfirms,web-design,,,,2026-09-20 22:08
brightscout.com,Brightscout,https://www.brightscout.com/,,United States,us,selectedfirms,web|web-design,,,,2026-09-20 22:08
agileengine.com,AgileEngine,https://agileengine.com/,,United States,us,selectedfirms,web|web-design,,,,2026-09-20 22:08
techsparq.com,TechSparq,https://www.techsparq.com/,,United States,us,selectedfirms,ecommerce|web|web-design,,,,2026-09-20 22:08
amplifilabs.com,Amplifi Labs,https://www.amplifilabs.com/,,United States,us,selectedfirms,web|web-design,,,,2026-09-20 22:08
spritzsf.com,SPRITZ,https://spritzsf.com/,,United States,us,selectedfirms,ecommerce|web|web-design,,,,2026-09-20 22:08
virtina.com,Virtina,https://virtina.com/,,United States,us,selectedfirms,ecommerce|web|web-design,,,,2026-09-20 22:08
pinksharkmarketing.com,Pink Shark Marketing,https://pinksharkmarketing.com/,,United States,us,selectedfirms,web-design,,,,2026-09-20 22:08
lookfar.com,LookFar Labs,https://www.lookfar.com/,,United States,us,selectedfirms,web-design,,,,2026-09-20 22:08
depalma.io,DePalma.io,https://www.depalma.io/,,United States,us,selectedfirms,web-design,,,,2026-09-20 22:08
impartcreative.com,Impart Creative,https://impartcreative.com/,,United States,us,selectedfirms,web|web-design,,,,2026-09-20 22:08
bottlerocketstudios.com,Bottle Rocket,https://www.bottlerocketstudios.com/,,United States,us,selectedfirms,web|web-design,,,,2026-09-20 22:08
regexseo.com,Regex SEO,https://www.regexseo.com/,,United States,us,selectedfirms,ecommerce|web-design,,,,2026-09-20 22:08
oddeveninfotech.com,Oddeven Infotech Pvt.Ltd,https://oddeveninfotech.com/,,United States,us,selectedfirms,ecommerce|web|web-design,,,,2026-09-20 22:08
cakewebsites.com,CAKE Websites & More,https://www.cakewebsites.com/,,United States,us,selectedfirms,ecommerce|web|web-design,,,,2026-09-20 22:08
burhanidigital.com,Burhani Digital Inc.,https://burhanidigital.com/,,United States,us,selectedfirms,ecommerce|web-design,,,,2026-09-20 22:08
andigo.com,Andigo,https://www.andigo.com/,,United States,us,selectedfirms,web|web-design,,,,2026-09-20 22:08
blueshoon.com,"Blueshoon, inc",https://www.blueshoon.com/,,United States,us,selectedfirms,ecommerce|web|web-design,,,,2026-09-20 22:08
kyrosdigital.com,Kyros Digital,https://kyrosdigital.com/,,United States,us,selectedfirms,ecommerce|web|web-design,,,,2026-09-20 22:08
redskyeng.com,RedSky Engineering,https://www.redskyeng.com/,,United States,us,selectedfirms,web|web-design,,,,2026-09-20 22:08
bayteq.com,Bayteq,https://www.bayteq.com/en,,United States,us,selectedfirms,web|web-design,,,,2026-09-20 22:08
softeq.com,Softeq,https://www.softeq.com/,,United States,us,selectedfirms,web-design,,,,2026-09-20 22:08
brangerbriz.com,Branger_Briz,https://brangerbriz.com/,,United States,us,selectedfirms,ecommerce|web|web-design,,,,2026-09-20 22:08
teamim.com,TEAM IM,https://www.teamim.com/,,United States,us,selectedfirms,web-design,,,,2026-09-20 22:08
leo9studio.com,Leo9 Design,https://www.leo9studio.com/,,United States,us,selectedfirms,ecommerce|web|web-design,,,,2026-09-20 22:08
righthereinteractive.com,Right Here Interactive,https://righthereinteractive.com/,,United States,us,selectedfirms,web|web-design,,,,2026-09-20 22:08
twentyideas.com,Twenty Ideas,https://twentyideas.com/,,United States,us,selectedfirms,web|web-design,,,,2026-09-20 22:08
kinematic.digital,Kinematic Digital,https://kinematic.digital/,,United States,us,selectedfirms,web|web-design,,,,2026-09-20 22:08
teamroboboogie.com,Roboboogie,https://teamroboboogie.com/,,United States,us,selectedfirms,web|web-design,,,,2026-09-20 22:08
ebiztrait.com,eBizTrait Technolabs Pvt Ltd,https://www.ebiztrait.com/,,United States,us,selectedfirms,ecommerce|web|web-design,,,,2026-09-20 22:08
andolasoft.com,AndolaSoft,https://www.andolasoft.com/,,United States,us,selectedfirms,web|web-design,,,,2026-09-20 22:08
bluespark.com,Bluespark,https://www.bluespark.com/,,United States,us,selectedfirms,ecommerce|web|web-design,,,,2026-09-20 22:08
roro.io,Roro,https://www.roro.io,,United States,us,selectedfirms,web|web-design,,,,2026-09-20 22:08
leanware.co,Leanware,https://www.leanware.co/,,United States,us,selectedfirms,web|web-design,,,,2026-09-20 22:08
aisuperior.com,Black Widow Tech,https://aisuperior.com/,,United States,us,selectedfirms,web-design,,,,2026-09-20 22:08
tecla.io,TECLA,https://www.tecla.io/,,United States,us,selectedfirms,web|web-design,,,,2026-09-20 22:08
hexagonitsolutions.com,Hexagon IT Solutions,https://hexagonitsolutions.com/,,United States,us,selectedfirms,web|web-design,,,,2026-09-20 22:08
designkey.studio,Design Key,https://www.designkey.studio/,,United States,us,selectedfirms,web|web-design,,,,2026-09-20 22:08
midriffinfosolution.org,Midriff Info Solution Pvt. Ltd,https://midriffinfosolution.org/,,United States,us,selectedfirms,ecommerce|web|web-design,,,,2026-09-20 22:08
icowebsolutions.com,ICO WebTech,https://icowebsolutions.com/,,United States,us,selectedfirms,ecommerce|web|web-design,,,,2026-09-20 22:08
idigitalise.net,iDigitalise,https://idigitalise.net/,,United States,us,selectedfirms,ecommerce|magento|web|web-design|woocommerce|wordpress,,,,2026-09-20 22:08
310creative.com,310 Creative,https://www.310creative.com/,,United States,us,selectedfirms,web|web-design,,,,2026-09-20 22:08
alluredigital.net,Allure Digital,https://alluredigital.net/,,United States,us,selectedfirms,web|web-design,,,,2026-09-20 22:08
gojilabs.com,Goji Labs,https://gojilabs.com/,,United States,us,selectedfirms,web|web-design,,,,2026-09-20 22:08
geekoffice.com,GeekOffice,https://geekoffice.com/,,United States,us,selectedfirms,ecommerce|web|web-design,,,,2026-09-20 22:08
mindgrub.com,Mindgrub,https://www.mindgrub.com/,,United States,us,selectedfirms,web|web-design,,,,2026-09-20 22:08
xrosswaysolutions.com,Xrossway Solutions,https://xrosswaysolutions.com/,,United States,us,selectedfirms,web|web-design,,,,2026-09-20 22:08
wizcodesolutions.io,Wizcode Solutions,https://wizcodesolutions.io/,,United States,us,selectedfirms,ecommerce|web|web-design,,,,2026-09-20 22:08
zibtek.com,Zibtek,https://www.zibtek.com/,,United States,us,selectedfirms,ecommerce|web|web-design,,,,2026-09-20 22:08
afourtech.com,AFour Technologies,https://afourtech.com/,,United States,us,selectedfirms,web|web-design,,,,2026-09-20 22:08
mpiricsoftware.com,MPIRIC WEB SERVICES,https://mpiricsoftware.com/,,United States,us,selectedfirms,ecommerce|squarespace|web|web-design,,,,2026-09-20 22:08
infohubdigital.com,Info Hub Digital,https://infohubdigital.com,,United States,us,selectedfirms,web|web-design,,,,2026-09-20 22:08
jackandbean.com,Jack & Bean,https://jackandbean.com/,,United States,us,selectedfirms,web|web-design,,,,2026-09-20 22:08
sembyotic.com,SEMbyotic,https://sembyotic.com/,,United States,us,selectedfirms,web|web-design,,,,2026-09-20 22:08
businessoptimizer.org,Business Optimizer,https://businessoptimizer.org/,,United States,us,selectedfirms,web|web-design,,,,2026-09-20 22:08
saevah.com,Saevah,https://saevah.com/,,United States,us,selectedfirms,web|web-design,,,,2026-09-20 22:08
sherocommerce.com,Shero Commerce,https://sherocommerce.com/,,United States,us,selectedfirms,ecommerce|web-design,,,,2026-09-20 22:08
tri.be,Modern Tribe,https://tri.be/,,United States,us,selectedfirms,ecommerce|web|web-design,,,,2026-09-20 22:08
ascendixtech.com,Ascendix Tech,https://ascendixtech.com/,,United States,us,selectedfirms,web-design,,,,2026-09-20 22:08
nimidev.com,Nimi,https://www.nimidev.com/,,United States,us,selectedfirms,web-design,,,,2026-09-20 22:08
startupbug.co,StartupBug,https://startupbug.co/,,United States,us,selectedfirms,ecommerce|squarespace|web|web-design,,,,2026-09-20 22:08
infinite.red,"Infinite Red, Inc.",https://infinite.red/,,United States,us,selectedfirms,web-design,,,,2026-09-20 22:08
chainworks.com,Chainworks Inc.,https://chainworks.com/,,United States,us,selectedfirms,web-design,,,,2026-09-20 22:08
momentumdesignlab.com,Momentum Design Lab,https://www.momentumdesignlab.com/,,United States,us,selectedfirms,web-design,,,,2026-09-20 22:08
intelligaia.com,Intelligaia,https://intelligaia.com/,,United States,us,selectedfirms,web-design,,,,2026-09-20 22:08
topnotchdezigns.com,Top Notch Dezigns,https://www.topnotchdezigns.com/,,United States,us,selectedfirms,ecommerce|web|web-design,,,,2026-09-20 22:08
chainganglabs.com,Chain Gang Labs,https://chainganglabs.com/,,United States,us,selectedfirms,web|web-design,,,,2026-09-20 22:08
e1sol.com,E1SOL,https://e1sol.com/,,United States,us,selectedfirms,ecommerce|web|web-design,,,,2026-09-20 22:08
mobinius.com,Mobinius,https://www.mobinius.com/,,United States,us,selectedfirms,web-design,,,,2026-09-20 22:08
aceinfoway.com,Ace Infoway,https://www.aceinfoway.com/,,United States,us,selectedfirms,web|web-design,,,,2026-09-20 22:08
abstraktmg.com,Abstrakt Marketing Group,https://www.abstraktmg.com/,,United States,us,selectedfirms,web-design,,,,2026-09-20 22:08
velvetech.com,Velvetech LLC,https://www.velvetech.com/,,United States,us,selectedfirms,web|web-design,,,,2026-09-20 22:08
visiblelogic.com,Visible Logic,https://www.visiblelogic.com/,,United States,us,selectedfirms,web-design,,,,2026-09-20 22:08
techforceglobal.com,Techforce Global,https://techforceglobal.com/,,United States,us,selectedfirms,ecommerce|web|web-design,,,,2026-09-20 22:08
focustapps.com,FocustApps,https://focustapps.com/,,United States,us,selectedfirms,ecommerce|web|web-design,,,,2026-09-20 22:08
location3.com,Location3,https://location3.com/,,United States,us,selectedfirms,web|web-design,,,,2026-09-20 22:08
acropolisinfotech.com,Acropolis Infotech,https://www.acropolisinfotech.com/,,United States,us,selectedfirms,web|web-design,,,,2026-09-20 22:08
roundedcube.com,Roundedcube,https://www.roundedcube.com/,,United States,us,selectedfirms,ecommerce|web|web-design,,,,2026-09-20 22:08
hvantagetechnologies.com,Hvantage Technologies Inc,https://www.hvantagetechnologies.com/,,United States,us,selectedfirms,web|web-design,,,,2026-09-20 22:08
staylisted.com,Staylisted,https://www.staylisted.com/,,United States,us,selectedfirms,web-design,,,,2026-09-20 22:08
eurekasoft.com,Eureka Software,https://eurekasoft.com/,,United States,us,selectedfirms,web|web-design,,,,2026-09-20 22:08
launchsmarter.com,Launch Smarter,https://launchsmarter.com/,,United States,us,selectedfirms,web|web-design,,,,2026-09-20 22:08
techievolve.com,TechiEvolve,https://techievolve.com/,,United States,us,selectedfirms,web|web-design,,,,2026-09-20 22:08
clockwork.com,Clockwork,https://www.clockwork.com/,,United States,us,selectedfirms,web|web-design,,,,2026-09-20 22:08
nansen.com,Nansen,https://www.nansen.com/,,United States,us,selectedfirms,ecommerce|web|web-design,,,,2026-09-20 22:08
mpcstudios.com,MPC Studios,https://www.mpcstudios.com/,,United States,us,selectedfirms,ecommerce|web|web-design,,,,2026-09-20 22:08
vastmesh.com,Vastmesh,https://vastmesh.com/,,United States,us,selectedfirms,web|web-design,,,,2026-09-20 22:08
staywilddigital.com,Stay Wild Digital Marketing,https://staywilddigital.com/,,United States,us,selectedfirms,ecommerce|squarespace|web-design,,,,2026-09-20 22:08
workingexcellence.com,Working Excellence,https://www.workingexcellence.com/,,United States,us,selectedfirms,web-design,,,,2026-09-20 22:08
thinkd2.com,D2 Creative,https://thinkd2.com/,,United States,us,selectedfirms,web-design,,,,2026-09-20 22:08
insiteadvice.com,INSITE ADVICE,https://www.insiteadvice.com/,,United States,us,selectedfirms,web|web-design,,,,2026-09-20 22:08
antsyantwebdesign.com,Antsy Ant,https://antsyantwebdesign.com/,,United States,us,selectedfirms,web|web-design,,,,2026-09-20 22:08
givemeservice.com,givemeservice.com,https://givemeservice.com/,,United States,us,selectedfirms,web-design,,,,2026-09-20 22:08
onespring.net,OneSpring,https://www.onespring.net/,,United States,us,selectedfirms,web|web-design,,,,2026-09-20 22:08
cedcommerce.com,CedCommerce,https://cedcommerce.com/,,United States,us,selectedfirms,ecommerce|web|web-design,,,,2026-09-20 22:08
nivara.co,Nivara,https://nivara.co/,,United States,us,selectedfirms,ecommerce|web|web-design,,,,2026-09-20 22:08
element502.com,Element 502,https://element502.com/,,United States,us,selectedfirms,web|web-design,,,,2026-09-20 22:08
inconllc.com,"InCon, LLC",https://www.inconllc.com/,,United States,us,selectedfirms,web|web-design,,,,2026-09-20 22:08
techypros.net,TechyPros,https://techypros.net/,,United States,us,selectedfirms,web|web-design,,,,2026-09-20 22:08
theget.agency,The Get Agency,https://www.theget.agency/,,United States,us,selectedfirms,web|web-design,,,,2026-09-20 22:08
webstacks.com,Webstacks,https://www.webstacks.com/,,United States,us,selectedfirms,web|web-design,,,,2026-09-20 22:08
lionandpanda.com,Lion + Panda,https://lionandpanda.com/,,United States,us,selectedfirms,web|web-design,,,,2026-09-20 22:08
neonpigcreative.com,Neon Pig Creative,https://neonpigcreative.com/,,United States,us,selectedfirms,web|web-design,,,,2026-09-20 22:08
hanekedesign.com,Haneke Design,https://www.hanekedesign.com/,,United States,us,selectedfirms,web|web-design,,,,2026-09-20 22:08
mconnectmedia.com,M-Connect Media,https://www.mconnectmedia.com/,,United States,us,selectedfirms,ecommerce|web-design,,,,2026-09-20 22:08
atendesigngroup.com,Aten Design Group,https://atendesigngroup.com/,,United States,us,selectedfirms,ecommerce|web|web-design,,,,2026-09-20 22:08
phoenixseogeek.com,Phoenix SEO Geek,https://phoenixseogeek.com/,,United States,us,selectedfirms,web|web-design,,,,2026-09-20 22:08
designtology.us,Designtology,https://designtology.us/,,United States,us,selectedfirms,web|web-design,,,,2026-09-20 22:08
ontopmkt.com,onTOP,https://ontopmkt.com/,,United States,us,selectedfirms,web|web-design,,,,2026-09-20 22:08
actifymedia.com,Actify Media,https://actifymedia.com/,,United States,us,selectedfirms,web|web-design,,,,2026-09-20 22:08
suchchaos.com,Such Chaos,https://suchchaos.com/,,United States,us,selectedfirms,web|web-design,,,,2026-09-20 22:08
sinclair-co.com,Sinclair & Co.,https://sinclair-co.com/,,United States,us,selectedfirms,web|web-design,,,,2026-09-20 22:08
pivot-forward.com,Pivot Forward,https://pivot-forward.com/,,United States,us,selectedfirms,web|web-design,,,,2026-09-20 22:08
itsevolve.com,Evolve Digital,https://itsevolve.com/,,United States,us,selectedfirms,web|web-design,,,,2026-09-20 22:08
jmurrayassoc.com,J. Murray & Associates,https://jmurrayassoc.com/,,United States,us,selectedfirms,web|web-design,,,,2026-09-20 22:08
mojaveseo.com,MojaveSEO,https://mojaveseo.com/,,United States,us,selectedfirms,web|web-design,,,,2026-09-20 22:08
fourfincreative.com,Four Fin Creative,https://fourfincreative.com/,,United States,us,selectedfirms,web|web-design,,,,2026-09-20 22:08
bizango.com,Bizango,https://bizango.com/,,United States,us,selectedfirms,web|web-design,,,,2026-09-20 22:08
humanfriend.digital,Human Friend Digital,https://humanfriend.digital/,,United States,us,selectedfirms,web|web-design,,,,2026-09-20 22:08
kollabio.com,"Kollabio, Inc.",https://www.kollabio.com/,,United States,us,selectedfirms,web-design,,,,2026-09-20 22:08
bexcodeservices.com,BexCode,https://bexcodeservices.com/,,United States,us,selectedfirms,web-design,,,,2026-09-20 22:08
carimus.com,Carimus,https://carimus.com/,,United States,us,selectedfirms,web|web-design,,,,2026-09-20 22:08
helloamigo.com,Hello Amigo,https://helloamigo.com/,,United States,us,selectedfirms,web|web-design,,,,2026-09-20 22:08
kymerastudio.com,Kymera,https://kymerastudio.com/,,United States,us,selectedfirms,web|web-design,,,,2026-09-20 22:08
controlyours.com,Control Yours,https://controlyours.com/,,United States,us,selectedfirms,web|web-design,,,,2026-09-20 22:08
punchkick.com,Punchkick Interactive,https://www.punchkick.com/,,United States,us,selectedfirms,web|web-design,,,,2026-09-20 22:08
revelry.co,Revelry Labs,https://revelry.co/,,United States,us,selectedfirms,web-design,,,,2026-09-20 22:08
skyhookinteractive.com,Skyhook Interactive,https://skyhookinteractive.com/,,United States,us,selectedfirms,web|web-design,,,,2026-09-20 22:08
clearlyinnovative.com,Clearly Innovative,https://www.clearlyinnovative.com/,,United States,us,selectedfirms,web|web-design,,,,2026-09-20 22:08
robotsandpencils.com,Robots & Pencils,https://robotsandpencils.com/,,United States,us,selectedfirms,web-design,,,,2026-09-20 22:08
altimetrik.com,Altimetrik,https://www.altimetrik.com/,,United States,us,selectedfirms,web|web-design,,,,2026-09-20 22:08
fluidesigns.com,Fluidesigns B2B SaaS Design Agency,https://fluidesigns.com/,,United States,us,selectedfirms,web-design,,,,2026-09-20 22:08
fewlixstudio.com,Fewlix Studio,https://www.fewlixstudio.com/,,United States,us,selectedfirms,web-design,,,,2026-09-20 22:08
digitizing.us.com,Digitizing.us.com,https://digitizing.us.com/,,United States,us,selectedfirms,web-design,,,,2026-09-20 22:08
impactdigitizing.com,Impact Digitizing,https://impactdigitizing.com,,United States,us,selectedfirms,web-design,,,,2026-09-20 22:08
logorr.com,Logo RR,https://www.logorr.com/,,United States,us,selectedfirms,web-design,,,,2026-09-20 22:08
stackmode.com,Stack Mode LLC,https://stackmode.com/,,United States,us,selectedfirms,web|web-design,,,,2026-09-20 22:08
medlmobile.com,MEDL Mobile,https://www.medlmobile.com/,,United States,us,selectedfirms,web|web-design,,,,2026-09-20 22:08
magikdigital.com,Magik Digital,https://www.magikdigital.com/,,United States,us,selectedfirms,web|web-design,,,,2026-09-20 22:08
globtier.com,Globtier,https://www.globtier.com/,,United States,us,selectedfirms,ecommerce|web|web-design,,,,2026-09-20 22:08
reeddynamic.com,Reed Dynamic,https://reeddynamic.com/,,United States,us,selectedfirms,ecommerce|web|web-design,,,,2026-09-20 22:08
sundewsolutions.com,Sun Dew Solutions,https://sundewsolutions.com/,,United States,us,selectedfirms,ecommerce|web|web-design,,,,2026-09-20 22:08
vermonster.com,Vermonster,https://www.vermonster.com/,,United States,us,selectedfirms,web|web-design,,,,2026-09-20 22:08
valtech.com,Valtech,https://www.valtech.com/en-in/,,United States,us,selectedfirms,web|web-design,,,,2026-09-20 22:08
zamratech.com,Zamratech,https://zamratech.com/,,United States,us,selectedfirms,web|web-design,,,,2026-09-20 22:08
virtualdive.studio,Virtual Dive Studios,https://www.virtualdive.studio/,,United States,us,selectedfirms,web-design,,,,2026-09-20 22:08
digitalpotter.io,Plitz7,https://digitalpotter.io/,,United States,us,selectedfirms,web|web-design,,,,2026-09-20 22:08
codeafinity.com,Code Afinity,https://www.codeafinity.com/,,United States,us,selectedfirms,web-design,,,,2026-09-20 22:08
shiftdsm.com,Shift Interactive,https://shiftdsm.com/,,United States,us,selectedfirms,web-design,,,,2026-09-20 22:08
numediaedge.com,NU Media Edge,https://www.numediaedge.com/,,United States,us,selectedfirms,web-design,,,,2026-09-20 22:08
striveenterprise.com,Strive Enterprise,https://striveenterprise.com/,,United States,us,selectedfirms,ecommerce|web|web-design,,,,2026-09-20 22:08
scalebloom.com,Scalebloom,https://www.scalebloom.com/,,United States,us,selectedfirms,web|web-design,,,,2026-09-20 22:08
developertown.com,DeveloperTown,https://developertown.com/,,United States,us,selectedfirms,web|web-design,,,,2026-09-20 22:08
theclickdepot.com,The Click Depot,https://theclickdepot.com/,,United States,us,selectedfirms,web|web-design,,,,2026-09-20 22:08
10comwebdevelopment.com,10COM,https://www.10comwebdevelopment.com/,,United States,us,selectedfirms,ecommerce|web|web-design,,,,2026-09-20 22:08
altia.com,Altia,https://altia.com/,,United States,us,selectedfirms,web-design,,,,2026-09-20 22:08
ashwebstudio.com,AshWebStudio,https://www.ashwebstudio.com/,,United States,us,selectedfirms,ecommerce|web|web-design,,,,2026-09-20 22:08
thebullzeye.com,Bullzeye Media Marketing,https://thebullzeye.com/,,United States,us,selectedfirms,ecommerce|squarespace|web|web-design,,,,2026-09-20 22:08
thefabcode.com,The Fabcode IT Solutions LLP,https://thefabcode.com/,,United States,us,selectedfirms,ecommerce|web|web-design,,,,2026-09-20 22:08
ditinteractive.com,Dit Interactive Pvt Ltd,https://ditinteractive.com/,,United States,us,selectedfirms,ecommerce|web|web-design,,,,2026-09-20 22:08
gbcdigitalmarketing.com,GBC Digital Marketing,https://gbcdigitalmarketing.com/,,United States,us,selectedfirms,web|web-design,,,,2026-09-20 22:08
ojas-it.com,Ojas Innovative Technologies,https://ojas-it.com/,,United States,us,selectedfirms,web|web-design,,,,2026-09-20 22:08
xtremedesignhouse.com,Xtreme Design House,https://xtremedesignhouse.com/,,United States,us,selectedfirms,ecommerce|web|web-design,,,,2026-09-20 22:08
dreamsanimation.com,Dreams Animation,https://www.dreamsanimation.com/,,United States,us,selectedfirms,ecommerce|web|web-design,,,,2026-09-20 22:08
designeminent.com,Design Eminent,https://www.designeminent.com/,,United States,us,selectedfirms,web|web-design,,,,2026-09-20 22:08
2damaxmarketing.com,2DaMax Marketing,https://2damaxmarketing.com/,,United States,us,selectedfirms,ecommerce|web|web-design,,,,2026-09-20 22:08
redfeathersolutions.com,Red Feather Solutions,https://redfeathersolutions.com/,,United States,us,selectedfirms,ecommerce|web|web-design,,,,2026-09-20 22:08
janszenmedia.com,Janszen Media,https://www.janszenmedia.com/,,United States,us,selectedfirms,ecommerce|web|web-design,,,,2026-09-20 22:08
bxpcreative.com,BXP Creative,https://bxpcreative.com/,,United States,us,selectedfirms,ecommerce|web|web-design,,,,2026-09-20 22:08
creativewebsol.com,Creative Web Solutions,https://creativewebsol.com/,,United States,us,selectedfirms,ecommerce|web|web-design,,,,2026-09-20 22:08
lifeformcreative.com,Lifeform Creative,https://lifeformcreative.com/,,United States,us,selectedfirms,ecommerce|web|web-design,,,,2026-09-20 22:08
logicsolutions.com,Logic Solutions,https://logicsolutions.com/,,United States,us,selectedfirms,web|web-design,,,,2026-09-20 22:08
appstem.com,Appstem,https://appstem.com/,,United States,us,selectedfirms,ecommerce|web|web-design,,,,2026-09-20 22:08
ikonicdev.com,IKONIC,https://ikonicdev.com/,,United States,us,selectedfirms,ecommerce|web|web-design,,,,2026-09-20 22:08
designinhouston.com,Design In Houston,https://designinhouston.com/,,United States,us,selectedfirms,ecommerce|web|web-design,,,,2026-09-20 22:08
valeneashia.com,Valene Ashia,https://valeneashia.com/,,United States,us,selectedfirms,ecommerce|web-design,,,,2026-09-20 22:08
networkhandlers.com,Network handlers,https://www.networkhandlers.com,,United States,us,selectedfirms,ecommerce|web-design,,,,2026-09-20 22:08
airtightdesign.com,AirTight Design,https://www.airtightdesign.com/,,United States,us,selectedfirms,ecommerce|web-design,,,,2026-09-20 22:08
iwebsol.net,iwebsol,https://www.iwebsol.net/,,United States,us,selectedfirms,web|web-design,,,,2026-09-20 22:08
adventuresdesign.com,Ad Ventures,https://adventuresdesign.com/,,United States,us,selectedfirms,web|web-design,,,,2026-09-20 22:08
oliveandcompany.com,Olive & Company,https://www.oliveandcompany.com/,,United States,us,selectedfirms,web-design,,,,2026-09-20 22:08
captivation.agency,Captivation Agency,https://captivation.agency/,,United States,us,selectedfirms,web|web-design,,,,2026-09-20 22:08
leveledup.co,Leveled Up,https://www.leveledup.co/,,United States,us,selectedfirms,web|web-design,,,,2026-09-20 22:08
siegemedia.com,Siege Media,https://www.siegemedia.com/,,United States,us,selectedfirms,web-design,,,,2026-09-20 22:08
megaphone.com.au,Megaphone Marketing,https://megaphone.com.au/,,United States,us,selectedfirms,web-design,,,,2026-09-20 22:08
whitakergroup.net,The Whitaker Group,https://whitakergroup.net/,,United States,us,selectedfirms,web-design,,,,2026-09-20 22:08
whitemonkeydigital.com,White Monkey Digital Lab,https://whitemonkeydigital.com/,,United States,us,selectedfirms,web-design,,,,2026-09-20 22:08
flatheadbeaconproductions.com,Flathead Beacon Productions,https://flatheadbeaconproductions.com/,,United States,us,selectedfirms,web-design,,,,2026-09-20 22:08
aginto.com,Aginto Solutions,https://aginto.com/,,United States,us,selectedfirms,web|web-design,,,,2026-09-20 22:08
the-web-guys.com,The Web Guys,https://www.the-web-guys.com/,,United States,us,selectedfirms,web|web-design,,,,2026-09-20 22:08
angle180.com,Angle180,https://www.angle180.com/,,United States,us,selectedfirms,web-design,,,,2026-09-20 22:08
sharpnetsolutions.com,"SharpNET Solutions, Inc",https://www.sharpnetsolutions.com/,,United States,us,selectedfirms,web-design,,,,2026-09-20 22:08
thebrandbuild.com,The Brand Build LLC,https://thebrandbuild.com/,,United States,us,selectedfirms,web-design,,,,2026-09-20 22:08
gravitatedesign.com,Gravitate,https://www.gravitatedesign.com/,,United States,us,selectedfirms,web|web-design,,,,2026-09-20 22:08
exults.com,Exults,https://www.exults.com/,,United States,us,selectedfirms,web-design,,,,2026-09-20 22:08
wpromote.com,Wpromote,https://www.wpromote.com/,,United States,us,selectedfirms,web|web-design,,,,2026-09-20 22:08
pongos.com,Pongos Interactive,https://pongos.com/,,United States,us,selectedfirms,web|web-design,,,,2026-09-20 22:08
leftfieldlabs.com,Left Field Labs,https://www.leftfieldlabs.com/,,United States,us,selectedfirms,web-design,,,,2026-09-20 22:08
wrayward.com,Wray Ward,https://www.wrayward.com/,,United States,us,selectedfirms,web-design,,,,2026-09-20 22:08
thesnug.io,The Snug,https://thesnug.io/,,United States,us,selectedfirms,web|web-design,,,,2026-09-20 22:08
doctormultimedia.com,Doctor Multimedia,https://doctormultimedia.com/,,United States,us,selectedfirms,web|web-design,,,,2026-09-20 22:08
chooseignite.com,Ignite Media,https://www.chooseignite.com/,,United States,us,selectedfirms,web|web-design,,,,2026-09-20 22:08
bounteous.com,Bounteous,https://www.bounteous.com/,,United States,us,selectedfirms,ecommerce|web-design,,,,2026-09-20 22:08
turn7.io,Turn7 Digital,https://turn7.io/,,United States,us,selectedfirms,web|web-design,,,,2026-09-20 22:08
simplydesigninc.com,Simply Design,https://simplydesigninc.com/,,United States,us,selectedfirms,web-design,,,,2026-09-20 22:08
sapidseocompany.com,Sapid Agency,https://www.sapidseocompany.com/,,United States,us,selectedfirms,web-design,,,,2026-09-20 22:08
cobblehilldigital.com,Cobble Hill Digital,https://cobblehilldigital.com/,,United States,us,selectedfirms,web|web-design,,,,2026-09-20 22:08
oysmarketing.com,OYS Marketing LLC,https://www.oysmarketing.com/,,United States,us,selectedfirms,web-design,,,,2026-09-20 22:08
lovelypixels.com,LovelyPixels,https://lovelypixels.com/,,United States,us,selectedfirms,web-design,,,,2026-09-20 22:08
shiftdigital.com,Shift Digital,https://www.shiftdigital.com/,,United States,us,selectedfirms,web-design,,,,2026-09-20 22:08
itsbingbang.com,Bing Bang,https://www.itsbingbang.com/,,United States,us,selectedfirms,web-design,,,,2026-09-20 22:08
simplecreature.us,Simple Creature,https://simplecreature.us/,,United States,us,selectedfirms,web|web-design,,,,2026-09-20 22:08
telegenicmarketing.com,"Telegenic Marketing, LLC",https://www.telegenicmarketing.com/,,United States,us,selectedfirms,web|web-design,,,,2026-09-20 22:08
cirjconcepts.com,Dapper Designs,https://cirjconcepts.com/,,United States,us,selectedfirms,ecommerce|web-design,,,,2026-09-20 22:08
gowatermarkdesign.com,Watermark Design,https://www.gowatermarkdesign.com/,,United States,us,selectedfirms,ecommerce|web-design,,,,2026-09-20 22:08
brandstar.com,BrandStar,https://www.brandstar.com/,,United States,us,selectedfirms,web-design,,,,2026-09-20 22:08
evansdesign.com,"Evans Design & Marketing, LLC",https://www.evansdesign.com/,,United States,us,selectedfirms,web|web-design,,,,2026-09-20 22:08
thehivemarketingcollective.com,The Hive Marketing Collective,https://www.thehivemarketingcollective.com/,,United States,us,selectedfirms,web-design,,,,2026-09-20 22:08
redcardinaldigitalmarketing.com,Red Cardinal Digital Marketing,https://redcardinaldigitalmarketing.com/,,United States,us,selectedfirms,web-design,,,,2026-09-20 22:08
creactiveinc.com,"Creactive, Inc.",https://www.creactiveinc.com/,,United States,us,selectedfirms,web-design,,,,2026-09-20 22:08
spottedfoxdigital.com,Spotted Fox Digital Marketing,https://spottedfoxdigital.com/,,United States,us,selectedfirms,web-design,,,,2026-09-20 22:08
angryape.com,Angry Ape Creative,https://angryape.com/,,United States,us,selectedfirms,web-design,,,,2026-09-20 22:08
tbwachiatdayla.com,TBWA Chiat Day,https://www.tbwachiatdayla.com/,,United States,us,selectedfirms,web-design,,,,2026-09-20 22:08
2tenmarketing.com,2ten Marketing,https://www.2tenmarketing.com/,,United States,us,selectedfirms,web-design,,,,2026-09-20 22:08
gsdm.com,GSD&M,https://www.gsdm.com/,,United States,us,selectedfirms,web-design,,,,2026-09-20 22:08
campbellandcompanyadvertising.com,Campbell and Company Advertising Agency,https://campbellandcompanyadvertising.com/,,United States,us,selectedfirms,web-design,,,,2026-09-20 22:08
mylocalis.com,Localis,https://www.mylocalis.com/,,United States,us,selectedfirms,web-design,,,,2026-09-20 22:08
windycitywebdesigns.com,Windy City Web Designs,https://www.windycitywebdesigns.com/,,United States,us,selectedfirms,web|web-design,,,,2026-09-20 22:08
blueacornici.com,Blue Acorn,https://www.blueacornici.com/,,United States,us,selectedfirms,ecommerce|web-design,,,,2026-09-20 22:08
sanctumcloud.com,SanctumCloud,https://sanctumcloud.com/,,United States,us,selectedfirms,web-design,,,,2026-09-20 22:08
wingmanmedia.com,Wingman Media,https://wingmanmedia.com/,,United States,us,selectedfirms,web-design,,,,2026-09-20 22:08
neffknows.com,Neff,https://neffknows.com/,,United States,us,selectedfirms,web-design,,,,2026-09-20 22:08
c3digitus.com,c3digitus,https://c3digitus.com/,,United States,us,selectedfirms,web-design,,,,2026-09-20 22:08
spatialdynamics.design,Spatial Dynamics,https://www.spatialdynamics.design/,,United States,us,selectedfirms,web-design,,,,2026-09-20 22:08
futuredraft.com,Futuredraft,https://www.futuredraft.com/,,United States,us,selectedfirms,web-design,,,,2026-09-20 22:08
designerandgentleman.com,Designer and Gentleman,https://designerandgentleman.com/,,United States,us,selectedfirms,web-design,,,,2026-09-20 22:08
primitivespark.com,Primitive Spark,https://primitivespark.com/,,United States,us,selectedfirms,web-design,,,,2026-09-20 22:08
hedcllc.com,Hebert Engineering & Design Co. LLC,https://hedcllc.com/,,United States,us,selectedfirms,web-design,,,,2026-09-20 22:08
cove.design,COVE Design,https://www.cove.design/,,United States,us,selectedfirms,web-design,,,,2026-09-20 22:08
area87.io,Area87,https://area87.io/,,United States,us,selectedfirms,web-design,,,,2026-09-20 22:08
cerebralstudio.design,Cerebral Studio,https://www.cerebralstudio.design/,,United States,us,selectedfirms,web-design,,,,2026-09-20 22:08
indovance.com,Indovance Inc,https://www.indovance.com/,,United States,us,selectedfirms,web-design,,,,2026-09-20 22:08
boltgroup.com,BOLTGROUP,https://boltgroup.com/,,United States,us,selectedfirms,web-design,,,,2026-09-20 22:08
streetwaresystems.com,Streetware Systems,https://streetwaresystems.com/,,United States,us,selectedfirms,web-design,,,,2026-09-20 22:08
logocustomdesign.com,Logo Custom Design,https://logocustomdesign.com/,,United States,us,selectedfirms,ecommerce|web-design,,,,2026-09-20 22:08
thedentalseoexperts.com,The Dental SEO Experts,https://thedentalseoexperts.com/,,United States,us,selectedfirms,web-design,,,,2026-09-20 22:08
netsnipersmedia.net,NET SNIPERS MEDIA,https://netsnipersmedia.net/,,United States,us,selectedfirms,web-design,,,,2026-09-20 22:08
logotale.com,LogoTale,https://www.logotale.com/,,United States,us,selectedfirms,web-design,,,,2026-09-20 22:08
missiondisrupt.com,Mission Disrupt,https://www.missiondisrupt.com/,,United States,us,selectedfirms,web-design,,,,2026-09-20 22:08
denverwebsitedesigns.com,Denver Website Designs,https://www.denverwebsitedesigns.com/,,United States,us,selectedfirms,web-design,,,,2026-09-20 22:08
wearefine.com,FINE,https://www.wearefine.com/,,United States,us,selectedfirms,web-design,,,,2026-09-20 22:08
avgisolutions.com,AVGI Solutions,https://www.avgisolutions.com/,,United States,us,selectedfirms,web-design,,,,2026-09-20 22:08
brandbela.com,BrandBela Studios,https://brandbela.com/,,United States,us,selectedfirms,web-design,,,,2026-09-20 22:08
cidewalk.com,Cidewalk,https://www.cidewalk.com/,,United States,us,selectedfirms,web-design,,,,2026-09-20 22:08
metajive.com,Metajive,https://www.metajive.com/,,United States,us,selectedfirms,ecommerce|web-design,,,,2026-09-20 22:08
solutionstream.com,SolutionStream,https://solutionstream.com/,,United States,us,selectedfirms,web-design,,,,2026-09-20 22:08
huemanstudio.com,Hueman Studio,https://www.huemanstudio.com/,,United States,us,selectedfirms,squarespace|web-design,,,,2026-09-20 22:08
dcdesigncompany.com,DC&Co,https://www.dcdesigncompany.com/,,United States,us,selectedfirms,web-design,,,,2026-09-20 22:08
blendinteractive.com,Blend Interactive,https://www.blendinteractive.com/,,United States,us,selectedfirms,web-design,,,,2026-09-20 22:08
highlyfinite.com,Highly Finite,https://www.highlyfinite.com/,,United States,us,selectedfirms,web-design,,,,2026-09-20 22:08
collectiveworld.com,Collective World,https://www.collectiveworld.com/,,United States,us,selectedfirms,web-design,,,,2026-09-20 22:08
yescartel.com,CARTEL,https://www.yescartel.com/,,United States,us,selectedfirms,web-design,,,,2026-09-20 22:08
obpagency.com,Osborn Barr,https://obpagency.com/,,United States,us,selectedfirms,web-design,,,,2026-09-20 22:08
powercreativestl.com,Power Creative STL,https://powercreativestl.com/,,United States,us,selectedfirms,web-design,,,,2026-09-20 22:08
jumpcompany.com,Jump Co.,https://www.jumpcompany.com/,,United States,us,selectedfirms,web-design,,,,2026-09-20 22:08
advertisingsavants.com,Advertising Savants,https://www.advertisingsavants.com/,,United States,us,selectedfirms,web-design,,,,2026-09-20 22:08
geileon.com,Geile/Leon Marketing Communications,https://geileon.com/,,United States,us,selectedfirms,web-design,,,,2026-09-20 22:08
conversions.us,Conversions Global Marketing,https://www.conversions.us/,,United States,us,selectedfirms,web|web-design,,,,2026-09-20 22:08
smartdigitalteam.com,Smart Digital,https://www.smartdigitalteam.com/,,United States,us,selectedfirms,web-design,,,,2026-09-20 22:08
leftfieldcreative.com,Left Field Creative,https://www.leftfieldcreative.com/,,United States,us,selectedfirms,web-design,,,,2026-09-20 22:08
stealthcreative.com,Stealth Creative,https://stealthcreative.com/,,United States,us,selectedfirms,web-design,,,,2026-09-20 22:08
elittlecommunicationsgroup.com,E Little Communications Group,https://www.elittlecommunicationsgroup.com/,,United States,us,selectedfirms,web-design,,,,2026-09-20 22:08
501creative.com,"501creative, inc.",https://501creative.com/,,United States,us,selectedfirms,web-design,,,,2026-09-20 22:08
nuvoagency.com,Nuvo Agency,https://nuvoagency.com/,,United States,us,selectedfirms,web-design,,,,2026-09-20 22:08
bfmgroupinc.com,"BFM Group, Inc.",https://www.bfmgroupinc.com/,,United States,us,selectedfirms,web-design,,,,2026-09-20 22:08
managedmarketingsolutions.com,Managed Marketing Solutions,https://managedmarketingsolutions.com/,,United States,us,selectedfirms,web-design,,,,2026-09-20 22:08
sggdesign.com,Stan Gellman Graphic Design Inc.,https://www.sggdesign.com/,,United States,us,selectedfirms,web-design,,,,2026-09-20 22:08
creatitive.com,Creatitive,https://creatitive.com/,,United States,us,selectedfirms,web-design,,,,2026-09-20 22:08
casinowebscripts.com,Casino Web Scripts,https://www.casinowebscripts.com/,,United States,us,selectedfirms,web|web-design,,,,2026-09-20 22:08
marketinglocalseo.com,Marketing Local SEO,https://marketinglocalseo.com/,,United States,us,selectedfirms,web|web-design,,,,2026-09-20 22:08
kallenmedia.com,Kallen Media,https://kallenmedia.com/,,United States,us,selectedfirms,web|web-design,,,,2026-09-20 22:08
yellmedia.com,YELLmedia,https://yellmedia.com/,,United States,us,selectedfirms,web|web-design,,,,2026-09-20 22:08
blueravenstudios.com,BlueRaven Studios,https://blueravenstudios.com/,,United States,us,selectedfirms,web|web-design,,,,2026-09-20 22:08
ltbx.co,LightBox,https://www.ltbx.co/,,United States,us,selectedfirms,web|web-design,,,,2026-09-20 22:08
punchbugmarketing.com,Punch Bug Marketing,https://www.punchbugmarketing.com/,,United States,us,selectedfirms,web|web-design,,,,2026-09-20 22:08
pixelparlor.com,Pixel Parlor,https://pixelparlor.com/,,United States,us,selectedfirms,web|web-design,,,,2026-09-20 22:08
e-arc.com,ARC Document Solutions,https://www.e-arc.com/,,United States,us,selectedfirms,web|web-design,,,,2026-09-20 22:08
nmbl.lt,Nimblelight,https://nmbl.lt/,,United States,us,selectedfirms,web|web-design,,,,2026-09-20 22:08
penn-creative.com,Penn Creative,https://www.penn-creative.com/,,United States,us,selectedfirms,web-design,,,,2026-09-20 22:08
haeckdesign.com,Haeck Design,https://haeckdesign.com/,,United States,us,selectedfirms,web-design,,,,2026-09-20 22:08
articulon.com,Articulon,https://www.articulon.com/,,United States,us,selectedfirms,web-design,,,,2026-09-20 22:08
limhaus.com,LIMHAUS Inc,https://www.limhaus.com/,,United States,us,selectedfirms,web|web-design,,,,2026-09-20 22:08
hyperspective.com,Hyperspective,https://hyperspective.com/,,United States,us,selectedfirms,web-design,,,,2026-09-20 22:08
rademade.com,Rademade,https://www.rademade.com/,,United States,us,selectedfirms,web|web-design,,,,2026-09-20 22:08
giga-green.com,"Giga-Green Technologies, Inc",https://giga-green.com/,,United States,us,selectedfirms,web-design,,,,2026-09-20 22:08
intraspire.com,Intraspire,https://intraspire.com/,,United States,us,selectedfirms,web-design,,,,2026-09-20 22:08
webinteractiveconsulting.com,Web Interactive Consulting,https://www.webinteractiveconsulting.com/,,United States,us,selectedfirms,web-design,,,,2026-09-20 22:08
geekpoweredstudios.com,Geek Powered Studios,https://www.geekpoweredstudios.com/,,United States,us,selectedfirms,web-design,,,,2026-09-20 22:08
suite104.com,Suite 104 Productions,https://suite104.com/,,United States,us,selectedfirms,web-design,,,,2026-09-20 22:08
vulcanadvertising.com,Vulcan Advertising,https://www.vulcanadvertising.com/,,United States,us,selectedfirms,web-design,,,,2026-09-20 22:08
webnday.com,WebnDay,https://webnday.com/,,United States,us,selectedfirms,web-design,,,,2026-09-20 22:08
marion.com,MARION Marketing,https://www.marion.com/,,United States,us,selectedfirms,web-design,,,,2026-09-20 22:08
oceanit.com,Oceanit,https://oceanit.com/,,United States,us,selectedfirms,web-design,,,,2026-09-20 22:08
brightlight.biz,Bright Light Digital,https://brightlight.biz/,,United States,us,selectedfirms,web-design,,,,2026-09-20 22:08
anomaly.com,Anomaly,https://www.anomaly.com/,,United States,us,selectedfirms,web-design,,,,2026-09-20 22:08
ipullrank.com,iPullRank,https://ipullrank.com/,,United States,us,selectedfirms,web-design,,,,2026-09-20 22:08
duogroup.com,Duo Marketing Group,https://duogroup.com/,,United States,us,selectedfirms,web-design,,,,2026-09-20 22:08
buttercup.in,Buttercup Advertising Studio | Branding Agency in Ahmedabad,https://buttercup.in/,,United States,us,selectedfirms,web-design,,,,2026-09-20 22:08
websoftdev.com,Websoft Developers,https://www.websoftdev.com/,,United States,us,selectedfirms,web|web-design,,,,2026-09-20 22:08
mbproservicesaz.com,M B Professional Services,https://mbproservicesaz.com/,,United States,us,selectedfirms,web|web-design,,,,2026-09-20 22:08
agencyfiveeighty.com,Five Eighty,https://www.agencyfiveeighty.com/,,United States,us,selectedfirms,web-design,,,,2026-09-20 22:08
freitagmarketing.com,Freitag Marketing,https://freitagmarketing.com/,,United States,us,selectedfirms,web-design,,,,2026-09-20 22:08
cammarketinggroup.com,CAM Marketing Group,https://www.cammarketinggroup.com/,,United States,us,selectedfirms,web|web-design,,,,2026-09-20 22:08
luna-creative.com,Luna Creative,https://www.luna-creative.com/,,United States,us,selectedfirms,web|web-design,,,,2026-09-20 22:08
l-s.com,Lawrence & Schiller,https://l-s.com/,,United States,us,selectedfirms,web|web-design,,,,2026-09-20 22:08
clickfirstmarketing.com,ClickFirst Marketing,https://clickfirstmarketing.com/,,United States,us,selectedfirms,web|web-design,,,,2026-09-20 22:08
lgdcom.com,LGD Branding + Marketing,https://lgdcom.com/,,United States,us,selectedfirms,web|web-design,,,,2026-09-20 22:08
monteverdemedia.com,Monte Verde Media,https://monteverdemedia.com/,,United States,us,selectedfirms,web|web-design,,,,2026-09-20 22:08
beunanimous.com,UNANIMOUS,https://www.beunanimous.com/,,United States,us,selectedfirms,web|web-design,,,,2026-09-20 22:08
4elementsagency.com,4 Elements Agency,https://4elementsagency.com/,,United States,us,selectedfirms,web|web-design,,,,2026-09-20 22:08
newaukee.com,NEWaukee,https://www.newaukee.com/,,United States,us,selectedfirms,web|web-design,,,,2026-09-20 22:08
zagcreates.com,Z Advertising Group,https://zagcreates.com/,,United States,us,selectedfirms,web|web-design,,,,2026-09-20 22:08
steeladvertising.com,Steel Advertising,https://steeladvertising.com/,,United States,us,selectedfirms,web|web-design,,,,2026-09-20 22:08
navablust.com,Nava & Blust,https://www.navablust.com/,,United States,us,selectedfirms,web|web-design,,,,2026-09-20 22:08
farmhousebranding.com,Farmhouse Branding,https://farmhousebranding.com/,,United States,us,selectedfirms,web|web-design,,,,2026-09-20 22:08
sysdigitals.com,Sys Digitals,https://sysdigitals.com/,,United States,us,selectedfirms,web|web-design,,,,2026-09-20 22:08
liftcentro.com,LiftCentro,https://www.liftcentro.com/,,United States,us,selectedfirms,web|web-design,,,,2026-09-20 22:08
peppercomm.com,Peppercomm,https://www.peppercomm.com/,,United States,us,selectedfirms,web|web-design,,,,2026-09-20 22:08
freshleydigital.com,Freshley Media,https://www.freshleydigital.com/,,United States,us,selectedfirms,web|web-design,,,,2026-09-20 22:08
stripedhorse.digital,Striped Horse Digital,https://www.stripedhorse.digital/,,United States,us,selectedfirms,web|web-design,,,,2026-09-20 22:08
yourwaygroup.com,Your Way Group,https://yourwaygroup.com/,,United States,us,selectedfirms,web|web-design,,,,2026-09-20 22:08
leibowitzdesign.com,Leibowitz Design,https://www.leibowitzdesign.com/,,United States,us,selectedfirms,web|web-design,,,,2026-09-20 22:08
alariedesign.com,Alarie Design,https://alariedesign.com/,,United States,us,selectedfirms,web|web-design,,,,2026-09-20 22:08
mdwebsolutions.com,MD Web Solutions,https://www.mdwebsolutions.com/,,United States,us,selectedfirms,web|web-design,,,,2026-09-20 22:08
aceconsult.co,ACE Consulting,https://aceconsult.co/,,United States,us,selectedfirms,web|web-design,,,,2026-09-20 22:08
wamedia.com,Washington Media Services,https://wamedia.com/,,United States,us,selectedfirms,web|web-design,,,,2026-09-20 22:08
buildupon.com,Build Upon,https://buildupon.com/,,United States,us,selectedfirms,web|web-design,,,,2026-09-20 22:08
wearesummer.com,Summer,https://wearesummer.com/,,United States,us,selectedfirms,web|web-design,,,,2026-09-20 22:08
tributarydesign.com,Tributary Design Studio,https://www.tributarydesign.com/,,United States,us,selectedfirms,web|web-design,,,,2026-09-20 22:08
thirtyonine.com,Thirty O' Nine,https://www.thirtyonine.com/,,United States,us,selectedfirms,web|web-design,,,,2026-09-20 22:08
passioncomm.com,Passion Communications,https://www.passioncomm.com/,,United States,us,selectedfirms,web|web-design,,,,2026-09-20 22:08
adeasel.com,AdEasel,https://adeasel.com/,,United States,us,selectedfirms,web|web-design,,,,2026-09-20 22:08
bosscreative.com,Boss Creative Agency,https://bosscreative.com/,,United States,us,selectedfirms,web|web-design,,,,2026-09-20 22:08
agroup.com,The A Group,https://www.agroup.com/,,United States,us,selectedfirms,web|web-design,,,,2026-09-20 22:08
whiteunicornagency.com,White Unicorn Agency,https://whiteunicornagency.com/,,United States,us,selectedfirms,web|web-design,,,,2026-09-20 22:08
h8s.co,Hyphen8tion Studios,https://h8s.co/,,United States,us,selectedfirms,web|web-design,,,,2026-09-20 22:08
colorwordcreative.com,"ColorWord Creative, Inc.",https://colorwordcreative.com/,,United States,us,selectedfirms,web-design,,,,2026-09-20 22:08
shaibit.net,Shaibit Solutions,https://shaibit.net/,,United States,us,selectedfirms,web|web-design,,,,2026-09-20 22:08
phoenixinternet.marketing,Phoenix Internet Marketing,https://phoenixinternet.marketing/,,United States,us,selectedfirms,web-design,,,,2026-09-20 22:08
rangemarketing.com,Range Marketing,https://rangemarketing.com/,,United States,us,selectedfirms,web|web-design,,,,2026-09-20 22:08
designatwork.com,Design At Work,https://designatwork.com/,,United States,us,selectedfirms,web|web-design,,,,2026-09-20 22:08
webtyde.com,Webtyde,https://www.webtyde.com/,,United States,us,selectedfirms,web|web-design,,,,2026-09-20 22:08
tiltbuilt.com,TILT Design & Web,https://tiltbuilt.com/,,United States,us,selectedfirms,web|web-design,,,,2026-09-20 22:08
pulsemarketingagency.com,Pulse Marketing Agency,https://pulsemarketingagency.com/,,United States,us,selectedfirms,web|web-design,,,,2026-09-20 22:08
primomotif.com,Primo Motif,https://www.primomotif.com/,,United States,us,selectedfirms,web|web-design,,,,2026-09-20 22:08
mlcworks.com,MLCworks,https://mlcworks.com/,,United States,us,selectedfirms,web|web-design,,,,2026-09-20 22:08
accelmarketingsolutions.com,"Accel Marketing Solutions, Inc.",https://www.accelmarketingsolutions.com/,,United States,us,selectedfirms,web|web-design,,,,2026-09-20 22:08
revivedesign.agency,Revive Design,https://revivedesign.agency/,,United States,us,selectedfirms,web|web-design,,,,2026-09-20 22:08
privateblanco.com,Private Blanco,https://www.privateblanco.com/,,United States,us,selectedfirms,web|web-design,,,,2026-09-20 22:08
232creative.com,232 CREATIVE,https://232creative.com/,,United States,us,selectedfirms,web|web-design,,,,2026-09-20 22:08
oakmedia.net,OAK MEDIA,https://www.oakmedia.net/,,United States,us,selectedfirms,web|web-design,,,,2026-09-20 22:08
xtremify.com,Xtremify,https://www.xtremify.com/,,United States,us,selectedfirms,web|web-design,,,,2026-09-20 22:08
omahaadvertising.com,Omaha Advertising,https://omahaadvertising.com/,,United States,us,selectedfirms,web|web-design,,,,2026-09-20 22:08
zimmercommunications.com,Zimmer Communications,https://zimmercommunications.com/,,United States,us,selectedfirms,web|web-design,,,,2026-09-20 22:08
leadmarketingagency.com,LEAD,https://leadmarketingagency.com/,,United States,us,selectedfirms,web|web-design,,,,2026-09-20 22:08
takeflyte.com,flyte new media,https://www.takeflyte.com/,,United States,us,selectedfirms,web|web-design,,,,2026-09-20 22:08
randallbranding.com,Randall Branding Agency,https://www.randallbranding.com/,,United States,us,selectedfirms,web|web-design,,,,2026-09-20 22:08
startknocking.com,Knock Marketing + Design,https://startknocking.com/,,United States,us,selectedfirms,web|web-design,,,,2026-09-20 22:08
our-work.imaginalmarketing.com,Imaginal Marketing Group,https://our-work.imaginalmarketing.com/,,United States,us,selectedfirms,web|web-design,,,,2026-09-20 22:08
2020visiondigital.com,2020 Vision Digital,https://2020visiondigital.com/,,United States,us,selectedfirms,web|web-design,,,,2026-09-20 22:08
phxgospelmedia.com,PHXGospel Media,https://www.phxgospelmedia.com/,,United States,us,selectedfirms,web|web-design,,,,2026-09-20 22:08
guerrillalocal.com,Guerrilla Local,https://www.guerrillalocal.com/,,United States,us,selectedfirms,web|web-design,,,,2026-09-20 22:08
turnonestudio.com,Turn One Studio,https://turnonestudio.com/,,United States,us,selectedfirms,web|web-design,,,,2026-09-20 22:08
literalhumans.com,Literal Humans,https://literalhumans.com/,,United States,us,selectedfirms,web|web-design,,,,2026-09-20 22:08
fluxar.com,Fluxar Studios Inc.,https://www.fluxar.com/,,United States,us,selectedfirms,web|web-design,,,,2026-09-20 22:08
openpathdigital.com,Open Path Digital,https://www.openpathdigital.com/,,United States,us,selectedfirms,web|web-design,,,,2026-09-20 22:08
raincross.com,Raincross,https://raincross.com/,,United States,us,selectedfirms,web|web-design,,,,2026-09-20 22:08
buildyourfirm.com,Build Your Firm,https://www.buildyourfirm.com/,,United States,us,selectedfirms,web|web-design,,,,2026-09-20 22:08
sgdadvertising.com,SGD Advertising,https://www.sgdadvertising.com/,,United States,us,selectedfirms,web|web-design,,,,2026-09-20 22:08
thericogroup.com,The Rico Group,https://thericogroup.com/,,United States,us,selectedfirms,web|web-design,,,,2026-09-20 22:08
otherwisz.com,OtherWisz Creative Corporation,https://otherwisz.com/,,United States,us,selectedfirms,web|web-design,,,,2026-09-20 22:08
sundaybrunchagency.com,Sunday Brunch Agency,https://www.sundaybrunchagency.com/,,United States,us,selectedfirms,web|web-design,,,,2026-09-20 22:08
redfoxvisual.com,Redfox Visual,https://www.redfoxvisual.com/,,United States,us,selectedfirms,web|web-design,,,,2026-09-20 22:08
themarcomgroup.com,The Marcom Group,https://www.themarcomgroup.com/,,United States,us,selectedfirms,web|web-design,,,,2026-09-20 22:08
moxiesozo.com,Moxie Sozo,https://moxiesozo.com/,,United States,us,selectedfirms,web|web-design,,,,2026-09-20 22:08
mm-brands.com,MM Brands,https://www.mm-brands.com/,,United States,us,selectedfirms,web|web-design,,,,2026-09-20 22:08
sieverscreative.com,Sievers Creative,https://www.sieverscreative.com/,,United States,us,selectedfirms,web-design,,,,2026-09-20 22:09
valiantmarketing.com,Valiant Marketing,https://www.valiantmarketing.com/,,United States,us,selectedfirms,web-design,,,,2026-09-20 22:09
forestcitydigital.com,Forest City Digital,https://forestcitydigital.com/,,United States,us,selectedfirms,web|web-design,,,,2026-09-20 22:09
flowout.com,Flowout,https://www.flowout.com/,,United States,us,selectedfirms,web|web-design,,,,2026-09-20 22:09
penandmug.com,Pen & Mug,https://penandmug.com/,,United States,us,selectedfirms,web|web-design,,,,2026-09-20 22:09
symmetrimarketing.com,Symmetri Marketing,https://symmetrimarketing.com/,,United States,us,selectedfirms,web|web-design,,,,2026-09-20 22:09
rdgatl.com,Ragsdale Design Group (RDG),https://rdgatl.com/,,United States,us,selectedfirms,web|web-design,,,,2026-09-20 22:09
uxteam.com,UX Team,https://www.uxteam.com/,,United States,us,selectedfirms,web|web-design,,,,2026-09-20 22:09
qontour.com,Qontour,https://www.qontour.com/,,United States,us,selectedfirms,web|web-design,,,,2026-09-20 22:09
smorebrands.com,S'more Brands,https://smorebrands.com/,,United States,us,selectedfirms,web|web-design,,,,2026-09-20 22:09
inventocube.com,Inventocube LLC,https://inventocube.com/,,United States,us,selectedfirms,ecommerce|web-design,,,,2026-09-20 22:09
bluemodus.com,BlueModus,https://bluemodus.com/,,United States,us,selectedfirms,web|web-design,,,,2026-09-20 22:09
sharedteams.com,SharedTEAMS,https://sharedteams.com/,,United States,us,selectedfirms,ecommerce|web|web-design,,,,2026-09-20 22:09
decotechs.com,Decotechs,https://decotechs.com/,,United States,us,selectedfirms,web|web-design,,,,2026-09-20 22:09
swarmingtech.com,Swarming Technology,https://www.swarmingtech.com,,United States,us,selectedfirms,ecommerce|web|web-design,,,,2026-09-20 22:09
magnitudemanagement.com,Magnitude Management,https://magnitudemanagement.com/,,United States,us,selectedfirms,ecommerce|web|web-design,,,,2026-09-20 22:09
onyxtec.co,OnyxTec,https://onyxtec.co/,,United States,us,selectedfirms,web|web-design,,,,2026-09-20 22:09
titangrowth.com,Titan Growth,https://www.titangrowth.com/,,United States,us,selectedfirms,web|web-design,,,,2026-09-20 22:09
burstdgtl.com,Burst Digital,https://burstdgtl.com/,,United States,us,selectedfirms,web|web-design,,,,2026-09-20 22:09
ideaswell.com,Idea Swell,https://www.ideaswell.com/,,United States,us,selectedfirms,web-design,,,,2026-09-20 22:09
paperstreet.com,PaperStreet,https://www.paperstreet.com/,,United States,us,selectedfirms,web-design,,,,2026-09-20 22:09
motocms.com,MotoCMS,https://www.motocms.com/,,United States,us,selectedfirms,web-design,,,,2026-09-20 22:09
vauxdigital.com,VAUX digital,https://vauxdigital.com/,,United States,us,selectedfirms,web|web-design,,,,2026-09-20 22:09
davidsonbelluso.com,Davidson Belluso,https://davidsonbelluso.com/,,United States,us,selectedfirms,web|web-design,,,,2026-09-20 22:09
experiencesformankind.com,Experiences For Mankind,https://experiencesformankind.com/,,United States,us,selectedfirms,web|web-design,,,,2026-09-20 22:09
extendgroup.com,Extend Group,https://extendgroup.com/,,United States,us,selectedfirms,web|web-design,,,,2026-09-20 22:09
relevantdealer.com,Relevant Dealer,https://relevantdealer.com/,,United States,us,selectedfirms,web|web-design,,,,2026-09-20 22:09
catchycreationsllc.com,Catchy Creations LLC,https://www.catchycreationsllc.com/,,United States,us,selectedfirms,web|web-design,,,,2026-09-20 22:09
sunheadmedia.com,Sunhead Media,https://sunheadmedia.com/,,United States,us,selectedfirms,web|web-design,,,,2026-09-20 22:09
circlesocialinc.com,Circle Social,https://www.circlesocialinc.com/,,United States,us,selectedfirms,web|web-design,,,,2026-09-20 22:09
lihconsulting.com,LIH Consulting,https://www.lihconsulting.com/,,United States,us,selectedfirms,web|web-design,,,,2026-09-20 22:09
heresmychance.com,Here's My Chance,https://www.heresmychance.com/,,United States,us,selectedfirms,web|web-design,,,,2026-09-20 22:09
goodbonesstudio.com,Good Bones Studio,https://www.goodbonesstudio.com/,,United States,us,selectedfirms,web|web-design,,,,2026-09-20 22:09
mcphersonmarketing.com,McPherson Marketing Group,https://mcphersonmarketing.com/,,United States,us,selectedfirms,web-design,,,,2026-09-20 22:09
pounceypro.com,PounceyPro,https://www.pounceypro.com/,,United States,us,selectedfirms,web-design,,,,2026-09-20 22:09
nekkodigital.com,Nekko Digital,https://nekkodigital.com/,,United States,us,selectedfirms,web-design,,,,2026-09-20 22:09
konaimpact.com,Kona Impact,https://konaimpact.com/,,United States,us,selectedfirms,web-design,,,,2026-09-20 22:09
flaircommunication.com,Flair Communication,https://www.flaircommunication.com/,,United States,us,selectedfirms,web-design,,,,2026-09-20 22:09
web123.com.au,Web123,https://web123.com.au/,,United States,us,selectedfirms,web|web-design,,,,2026-09-20 22:09
brandner.com,Brandner Communications,https://www.brandner.com/,,United States,us,selectedfirms,web-design,,,,2026-09-20 22:09
newmangrace.com,Newman Grace,https://newmangrace.com/,,United States,us,selectedfirms,web-design,,,,2026-09-20 22:09
mca-marketing.com,MCA Marketing,https://www.mca-marketing.com/,,United States,us,selectedfirms,web-design,,,,2026-09-20 22:09
granatdesign.com,Granat Design Inc.,https://granatdesign.com/,,United States,us,selectedfirms,web-design,,,,2026-09-20 22:09
madebynonfiction.com,"Nonfiction, LLC",https://madebynonfiction.com/,,United States,us,selectedfirms,web|web-design,,,,2026-09-20 22:09
bounceaustin.com,Bounce Marketing & Events,https://www.bounceaustin.com/,,United States,us,selectedfirms,web|web-design,,,,2026-09-20 22:09
vivalaad.online,Viva La AD,https://www.vivalaad.online/,,United States,us,selectedfirms,web|web-design,,,,2026-09-20 22:09
holland-mark.com,Holland Mark,https://holland-mark.com/,,United States,us,selectedfirms,web|web-design,,,,2026-09-20 22:09
criterionb.com,Criterion.B,https://criterionb.com/,,United States,us,selectedfirms,web|web-design,,,,2026-09-20 22:09
invervemarketing.com,"InVerve Marketing, Inc.",https://www.invervemarketing.com/,,United States,us,selectedfirms,web|web-design,,,,2026-09-20 22:09
organcreative.com,Organ,https://organcreative.com/,,United States,us,selectedfirms,web|web-design,,,,2026-09-20 22:09
envisionmediaco.com,Envision Media & Marketing,https://envisionmediaco.com/,,United States,us,selectedfirms,web|web-design,,,,2026-09-20 22:09
vippracticegrowth.com,ON Digital Agency,https://vippracticegrowth.com/,,United States,us,selectedfirms,web|web-design,,,,2026-09-20 22:09
hitedigital.com,Hite Digital,https://hitedigital.com/,,United States,us,selectedfirms,web|web-design,,,,2026-09-20 22:09
fatcat-studios.com,"FatCat Studios, Inc.",https://fatcat-studios.com/,,United States,us,selectedfirms,web|web-design,,,,2026-09-20 22:09
uthrivemarketing.net,U-Thrive Marketing,https://www.uthrivemarketing.net/,,United States,us,selectedfirms,web|web-design,,,,2026-09-20 22:09
crunchylemons.com,Crunchy Lemons,https://www.crunchylemons.com/,,United States,us,selectedfirms,web|web-design,,,,2026-09-20 22:09
mitdigital360.com,MIT Digital 360,https://mitdigital360.com/,,United States,us,selectedfirms,web|web-design,,,,2026-09-20 22:09
agencygwl.com,Agency GWL,https://agencygwl.com/,,United States,us,selectedfirms,web|web-design,,,,2026-09-20 22:09
24eastmedia.com,24 East Media,https://www.24eastmedia.com/,,United States,us,selectedfirms,web|web-design,,,,2026-09-20 22:09
neocami.com,Neocami,https://www.neocami.com/,,United States,us,selectedfirms,web|web-design,,,,2026-09-20 22:09
stratgrow.com,Strategic Growth Advisors,https://stratgrow.com/,,United States,us,selectedfirms,web|web-design,,,,2026-09-20 22:09
maclyngroup.com,Maclyn,https://maclyngroup.com/,,United States,us,selectedfirms,web|web-design,,,,2026-09-20 22:09
bassodesigngroup.com,Basso Design Group,https://www.bassodesigngroup.com/,,United States,us,selectedfirms,web|web-design,,,,2026-09-20 22:09
hylandgraphics.com,Hyland Graphic Design & Advertising,https://hylandgraphics.com/,,United States,us,selectedfirms,web|web-design,,,,2026-09-20 22:09
wearetraffik.com,TRAFFIK,https://wearetraffik.com/,,United States,us,selectedfirms,web|web-design,,,,2026-09-20 22:09
webpulsemedia.com,Web Pulse Media,https://webpulsemedia.com/,,United States,us,selectedfirms,web|web-design,,,,2026-09-20 22:09
princetoninternetmarketing.com,Princeton Internet Marketing,https://princetoninternetmarketing.com/,,United States,us,selectedfirms,web|web-design,,,,2026-09-20 22:09
revolution1media.com,Revolution 1 Media,https://www.revolution1media.com/,,United States,us,selectedfirms,web|web-design,,,,2026-09-20 22:09
promoteyourwebsite.com,Promote Your Website,https://promoteyourwebsite.com/,,United States,us,selectedfirms,web|web-design,,,,2026-09-20 22:09
stunagency.com,STUN,https://stunagency.com/,,United States,us,selectedfirms,web|web-design,,,,2026-09-20 22:09
contractor2020.com,Contractor20/20,https://www.contractor2020.com/,,United States,us,selectedfirms,web|web-design,,,,2026-09-20 22:09
redhawkmarketing.net,Redhawk Marketing,https://www.redhawkmarketing.net/,,United States,us,selectedfirms,web|web-design,,,,2026-09-20 22:09
froehlichcomm.com,Froehlich Communications,https://www.froehlichcomm.com/,,United States,us,selectedfirms,web|web-design,,,,2026-09-20 22:09
adjectiveandco.com,Adjective & Co.,https://adjectiveandco.com/,,United States,us,selectedfirms,web|web-design,,,,2026-09-20 22:09
decoderdigital.com,Decoder Digital,https://www.decoderdigital.com/,,United States,us,selectedfirms,web|web-design,,,,2026-09-20 22:09
semrevival.com,SEM Revival LLC,https://semrevival.com/,,United States,us,selectedfirms,web|web-design,,,,2026-09-20 22:09
jaccreative.com,JAC Creative,https://www.jaccreative.com/,,United States,us,selectedfirms,web|web-design,,,,2026-09-20 22:09
digitaldestinationllc.com,Digital Destination,https://digitaldestinationllc.com/,,United States,us,selectedfirms,web|web-design,,,,2026-09-20 22:09
corbecmedia.com,Corbec Media,https://www.corbecmedia.com/,,United States,us,selectedfirms,web|web-design,,,,2026-09-20 22:09
innovaxisinc.com,Innovaxis Marketing,https://www.innovaxisinc.com/,,United States,us,selectedfirms,web|web-design,,,,2026-09-20 22:09
graphically-speaking.com,Graphically Speaking,https://www.graphically-speaking.com/,,United States,us,selectedfirms,web|web-design,,,,2026-09-20 22:09
i4.net,i4 Solutions,https://www.i4.net/,,United States,us,selectedfirms,web|web-design,,,,2026-09-20 22:09
evolve7.com,Evolve7,https://evolve7.com/,,United States,us,selectedfirms,web|web-design,,,,2026-09-20 22:09
noirmarketingandpr.com,Noir Marketing and PR,https://noirmarketingandpr.com/,,United States,us,selectedfirms,web|web-design,,,,2026-09-20 22:09
legalinternetmarketing.com,SLS Consulting,https://www.legalinternetmarketing.com/,,United States,us,selectedfirms,web|web-design,,,,2026-09-20 22:09
jtekresources.com,JTek Resources,https://jtekresources.com/,,United States,us,selectedfirms,web|web-design,,,,2026-09-20 22:09
n4.studio,N4 Studio®,https://www.n4.studio/,,United States,us,selectedfirms,web|web-design,,,,2026-09-20 22:09
gatorworks.net,Gatorworks,https://gatorworks.net/,,United States,us,selectedfirms,web|web-design,,,,2026-09-20 22:09
fifteen4.com,Fifteen4,https://fifteen4.com/,,United States,us,selectedfirms,web|web-design,,,,2026-09-20 22:09
transfuture.com,Transfuture,https://transfuture.com/,,United States,us,selectedfirms,web|web-design,,,,2026-09-20 22:09
1111mediagroup.com,1111 Media Group,https://1111mediagroup.com/,,United States,us,selectedfirms,web|web-design,,,,2026-09-20 22:09
rawcutcreative.com,Rawcut Creative Company,https://rawcutcreative.com/,,United States,us,selectedfirms,web|web-design,,,,2026-09-20 22:09
jqdesignlabs.com,JQ Design Labs,https://jqdesignlabs.com/,,United States,us,selectedfirms,web|web-design,,,,2026-09-20 22:09
expirio.agency,Expirio,https://www.expirio.agency/,,United States,us,selectedfirms,web|web-design,,,,2026-09-20 22:09
accupointsoft.com,Accupoint Software Solutions,https://www.accupointsoft.com/,,United States,us,selectedfirms,ecommerce|web|web-design,,,,2026-09-20 22:09
dignitysoft.com,DignitySoft,https://www.dignitysoft.com/,,United States,us,selectedfirms,ecommerce|web|web-design,,,,2026-09-20 22:09
apac.epsilon.com,Epsilon,https://apac.epsilon.com/,,United States,us,selectedfirms,web|web-design,,,,2026-09-20 22:09
sphinx-solution.com,Sphinx Solutions,https://www.sphinx-solution.com/,,United States,us,selectedfirms,ecommerce|web|web-design,,,,2026-09-20 22:09
blueportal.io,"BLUEPORTAL, LLC",https://blueportal.io/,,United States,us,selectedfirms,ecommerce|web|web-design,,,,2026-09-20 22:09
lwtstudio.com,Logo Web Tech Studio,https://lwtstudio.com/,,United States,us,selectedfirms,ecommerce|squarespace|web|web-design,,,,2026-09-20 22:09
tekversify.com,Tekversify,https://tekversify.com/,,United States,us,selectedfirms,ecommerce|web|web-design,,,,2026-09-20 22:09
spacebarstudios.co,Spacebar Studios,https://www.spacebarstudios.co/,,United States,us,selectedfirms,web|web-design,,,,2026-09-20 22:09
xavor.com,Xavor Corporation,https://www.xavor.com/,,United States,us,selectedfirms,ecommerce|web|web-design,,,,2026-09-20 22:09
logixcare.com,LogixCare,https://logixcare.com/,,United States,us,selectedfirms,web|web-design,,,,2026-09-20 22:09
privatesectorseo.com,Private Sector SEO,https://privatesectorseo.com/,,United States,us,selectedfirms,web-design,,,,2026-09-20 22:09
axtongroup.com,Axton Group,https://axtongroup.com/,,United States,us,selectedfirms,ecommerce|web|web-design,,,,2026-09-20 22:09
1mde.com,1MDE,https://1mde.com/,,United States,us,selectedfirms,ecommerce|web|web-design,,,,2026-09-20 22:09
thewebfactory.us,The Web Factory,https://www.thewebfactory.us/,,United States,us,selectedfirms,ecommerce|web|web-design,,,,2026-09-20 22:09
cleverdevsoftware.com,CleverDev Software,https://www.cleverdevsoftware.com/,,United States,us,selectedfirms,ecommerce|web|web-design,,,,2026-09-20 22:09
nucleusmarketing.org,Nucleus,https://nucleusmarketing.org/,,United States,us,selectedfirms,ecommerce|web|web-design,,,,2026-09-20 22:09
tretainfotech.com,Treta Infotech,https://www.tretainfotech.com/,,United States,us,selectedfirms,web|web-design,,,,2026-09-20 22:09
thinkitive.com,Thinkitive Technology Pvt Ltd,https://www.thinkitive.com/,,United States,us,selectedfirms,web|web-design,,,,2026-09-20 22:09
amplimark.com,Amplimark,https://www.amplimark.com/,,United States,us,selectedfirms,ecommerce|web|web-design,,,,2026-09-20 22:09
geeksnomads.com,Geeks & Nomads,https://geeksnomads.com/,,United States,us,selectedfirms,ecommerce|web|web-design,,,,2026-09-20 22:09
zonex.in,Zonex Technologies,https://zonex.in/,,United States,us,selectedfirms,ecommerce|web|web-design,,,,2026-09-20 22:09
hirefullstacks.com,Hire FullStacks,https://hirefullstacks.com/,,United States,us,selectedfirms,web|web-design,,,,2026-09-20 22:09
thinktiveitsolution.com,Thinktive IT Solution,https://thinktiveitsolution.com/,,United States,us,selectedfirms,ecommerce|squarespace|web|web-design,,,,2026-09-20 22:09
softwaretechnology.com,"Software Technology Group, Inc.",https://www.softwaretechnology.com/,,United States,us,selectedfirms,web|web-design,,,,2026-09-20 22:09
skipfour.com,Skipfour,https://www.skipfour.com/,,United States,us,selectedfirms,web|web-design,,,,2026-09-20 22:09
xenabler.digital,xEnabler,https://xenabler.digital/,,United States,us,selectedfirms,ecommerce|magento|web-design|woocommerce,,,,2026-09-20 22:09
fruition.net,Fruition,https://fruition.net/,,United States,us,selectedfirms,web|web-design,,,,2026-09-20 22:09
extractable.com,Extractable,https://www.extractable.com/,,United States,us,selectedfirms,web|web-design,,,,2026-09-20 22:09
bluelabellabs.com,Blue Label Labs,https://www.bluelabellabs.com/,,United States,us,selectedfirms,web|web-design,,,,2026-09-20 22:09
isadoradigitalagency.com,Isadora Agency,https://isadoradigitalagency.com/,,United States,us,selectedfirms,ecommerce|web|web-design,,,,2026-09-20 22:09
seobrand.com,SEO Brand,https://www.seobrand.com/,,United States,us,selectedfirms,web|web-design,,,,2026-09-20 22:09
plaudit.com,Plaudit Design,https://www.plaudit.com/,,United States,us,selectedfirms,web|web-design,,,,2026-09-20 22:09
modusagency.com,Modus,https://www.modusagency.com/,,United States,us,selectedfirms,web|web-design,,,,2026-09-20 22:09
jtech.digital,JTech Communications,https://jtech.digital/,,United States,us,selectedfirms,ecommerce|web|web-design,,,,2026-09-20 22:09
attsoftware.com,AT&T Software LLC,https://attsoftware.com/,,United States,us,selectedfirms,ecommerce|web|web-design,,,,2026-09-20 22:09
intente.net,"Intente, INC.",https://www.intente.net/,,United States,us,selectedfirms,ecommerce|web|web-design,,,,2026-09-20 22:09
saltedstone.com,Salted Stone,https://www.saltedstone.com/,,United States,us,selectedfirms,web|web-design,,,,2026-09-20 22:09
redolive.com,Red Olive,https://www.redolive.com/,,United States,us,selectedfirms,web|web-design,,,,2026-09-20 22:09
onewavedesigns.com,One Wave Designs,https://www.onewavedesigns.com/,,United States,us,selectedfirms,ecommerce|web-design,,,,2026-09-20 22:09
phoenixdesignanddevelopment.com,Phoenix Design and Development,https://www.phoenixdesignanddevelopment.com/,,United States,us,selectedfirms,web|web-design,,,,2026-09-20 22:09
codeandtheory.com,Code and Theory,https://www.codeandtheory.com/,,United States,us,selectedfirms,web|web-design,,,,2026-09-20 22:09
saltworksdigital.com,Saltworks,https://saltworksdigital.com/,,United States,us,selectedfirms,web|web-design,,,,2026-09-20 22:09
bigideaadv.com,Big Idea Advertising,https://bigideaadv.com/,,United States,us,selectedfirms,web|web-design,,,,2026-09-20 22:09
krausgroupmarketing.com,Kraus Marketing,https://krausgroupmarketing.com/,,United States,us,selectedfirms,web-design,,,,2026-09-20 22:09
delve.com,Delve,https://www.delve.com/,,United States,us,selectedfirms,web-design,,,,2026-09-20 22:09
speckdesign.com,Speck Design,https://www.speckdesign.com/,,United States,us,selectedfirms,web-design,,,,2026-09-20 22:09
gaiansolutions.com,Gaian Solutions,https://www.gaiansolutions.com/,,United States,us,selectedfirms,web-design,,,,2026-09-20 22:09
becurious.co,BeCurious Studio,https://www.becurious.co/,,United States,us,selectedfirms,web-design,,,,2026-09-20 22:09
canopymanagement.com,CANOPY Management,https://canopymanagement.com/,,United States,us,selectedfirms,web-design,,,,2026-09-20 22:09
vuemobi.com,Vuemobi Media,https://vuemobi.com/,,United States,us,selectedfirms,web|web-design,,,,2026-09-20 22:09
inboxarmy.com,InboxArmy,https://www.inboxarmy.com/,,United States,us,selectedfirms,web-design,,,,2026-09-20 22:09
garrowmediallc.com,Garrow Media,https://www.garrowmediallc.com/,,United States,us,selectedfirms,ecommerce|web-design,,,,2026-09-20 22:09
vavagraphics.com,VAVA Graphics,https://www.vavagraphics.com/,,United States,us,selectedfirms,web|web-design,,,,2026-09-20 22:09
punchmark.com,Punchmark,https://www.punchmark.com/,,United States,us,selectedfirms,web|web-design,,,,2026-09-20 22:09
ashlandadvertising.com,Ashland Advertising,https://www.ashlandadvertising.com/,,United States,us,selectedfirms,web|web-design,,,,2026-09-20 22:09
lazaruscharlotte.com,Lazarus Design Team,https://lazaruscharlotte.com/,,United States,us,selectedfirms,web|web-design,,,,2026-09-20 22:09
k2analytics.com,K2 Analytics,https://www.k2analytics.com/,,United States,us,selectedfirms,web|web-design,,,,2026-09-20 22:09
zoompoint.net,Zoompoint Technology,https://zoompoint.net/,,United States,us,selectedfirms,web|web-design,,,,2026-09-20 22:09
dkmedia.pro,DK Media,https://www.dkmedia.pro/,,United States,us,selectedfirms,web|web-design,,,,2026-09-20 22:09
graysonsky.com,Grayson Sky,https://www.graysonsky.com/,,United States,us,selectedfirms,web|web-design,,,,2026-09-20 22:09
mayday.is,MayDay,https://www.mayday.is/,,United States,us,selectedfirms,web|web-design,,,,2026-09-20 22:09
coalmarch.com,Coalmarch Productions,https://www.coalmarch.com/,,United States,us,selectedfirms,web|web-design,,,,2026-09-20 22:09
signalinc.com,Signal,https://signalinc.com/,,United States,us,selectedfirms,web|web-design,,,,2026-09-20 22:09
redemptivedigital.com,Redemptive Digital,https://www.redemptivedigital.com/,,United States,us,selectedfirms,web|web-design,,,,2026-09-20 22:09
sallyjohnsdesign.com,Sally Johns Design + Strategic Marketing,https://sallyjohnsdesign.com/,,United States,us,selectedfirms,web|web-design,,,,2026-09-20 22:09
onc.design,Old North Collective,https://www.onc.design/,,United States,us,selectedfirms,ecommerce|web-design,,,,2026-09-20 22:09
sevenagesdesign.com,Seven Ages Design,https://sevenagesdesign.com/,,United States,us,selectedfirms,web|web-design,,,,2026-09-20 22:09
koacreatives.com,Koa Creatives,https://koacreatives.com/,,United States,us,selectedfirms,web-design,,,,2026-09-20 22:09
outerboxdesign.com,OuterBox,https://www.outerboxdesign.com/,,United States,us,selectedfirms,web-design,,,,2026-09-20 22:09
andfdigital.com,ANDF Digital LLC,https://andfdigital.com/,,United States,us,selectedfirms,web|web-design,,,,2026-09-20 22:09
thirdsun.com,Third Sun Productions,https://thirdsun.com/,,United States,us,selectedfirms,web|web-design,,,,2026-09-20 22:09
cobblemarketing.com,Cobblestone Marketing,https://cobblemarketing.com/,,United States,us,selectedfirms,web|web-design,,,,2026-09-20 22:09
3foldcomm.com,3fold Communications,https://3foldcomm.com/,,United States,us,selectedfirms,web|web-design,,,,2026-09-20 22:09
thekalifehmediagroup.com,The Kalifeh Media Group,https://thekalifehmediagroup.com/,,United States,us,selectedfirms,web|web-design,,,,2026-09-20 22:09
hummingbirdwebdesign.com,Hummingbird Web Design,https://hummingbirdwebdesign.com/,,United States,us,selectedfirms,web|web-design,,,,2026-09-20 22:09
engage-edits.com,Engage Edits,https://www.engage-edits.com/,,United States,us,selectedfirms,squarespace|web|web-design,,,,2026-09-20 22:09
non-linear.studio,Non-Linear Studio,https://non-linear.studio/,,United States,us,selectedfirms,web|web-design,,,,2026-09-20 22:09
onmark.io,OnMark LLC,https://onmark.io/,,United States,us,selectedfirms,web|web-design,,,,2026-09-20 22:09
pier2marketing.com,Pier2 Marketing,https://pier2marketing.com/,,United States,us,selectedfirms,web|web-design,,,,2026-09-20 22:09
salemagency.com,Salem Agency,https://salemagency.com/,,United States,us,selectedfirms,web|web-design,,,,2026-09-20 22:09
curriermarketing.com,Currier Marketing,https://www.curriermarketing.com/,,United States,us,selectedfirms,web|web-design,,,,2026-09-20 22:09
renegadedigitalmarketing.com,Renegade Digital Marketing,https://www.renegadedigitalmarketing.com/,,United States,us,selectedfirms,web|web-design,,,,2026-09-20 22:09
sharkcomm.com,Shark Communications,https://www.sharkcomm.com/,,United States,us,selectedfirms,web|web-design,,,,2026-09-20 22:09
williamsrandall.com,Williams Randall Advertising,https://williamsrandall.com/,,United States,us,selectedfirms,web|web-design,,,,2026-09-20 22:09
buzzdigitalagency.com,Buzz Digital Agency,https://buzzdigitalagency.com/,,United States,us,selectedfirms,web|web-design,,,,2026-09-20 22:09
groundwrk.com,Groundwrk,https://www.groundwrk.com/,,United States,us,selectedfirms,web|web-design,,,,2026-09-20 22:09
greyboxcreative.com,GreyBox Creative,https://www.greyboxcreative.com/,,United States,us,selectedfirms,web|web-design,,,,2026-09-20 22:09
5280.design,5280 Design Co,https://5280.design/,,United States,us,selectedfirms,ecommerce|web|web-design,,,,2026-09-20 22:09
caveni.com,Caveni Digital Solutions,https://caveni.com/,,United States,us,selectedfirms,ecommerce|web|web-design,,,,2026-09-20 22:09
thewebsitedesigns.com,The Website Designs,https://www.thewebsitedesigns.com/,,United States,us,selectedfirms,ecommerce|web|web-design,,,,2026-09-20 22:09
envative.com,Envative,https://envative.com/,,United States,us,selectedfirms,web|web-design,,,,2026-09-20 22:09
rise.co,Rise Marketing,https://rise.co/,,United States,us,selectedfirms,ecommerce|web|web-design,,,,2026-09-20 22:09
skytzsoftwarelabs.com,Skytz Software Labs,https://www.skytzsoftwarelabs.com/,,United States,us,selectedfirms,web|web-design,,,,2026-09-20 22:09
inficrafts.com,Inficrafts,https://inficrafts.com/,,United States,us,selectedfirms,web|web-design,,,,2026-09-20 22:09
nextwebi.com,Nextwebi It Solutions Pvt Ltd,https://www.nextwebi.com/,,United States,us,selectedfirms,ecommerce|web|web-design,,,,2026-09-20 22:09
gratasoftware.com,Grata Software,https://gratasoftware.com/,,United States,us,selectedfirms,web-design,,,,2026-09-20 22:09
360psg.com,360 PSG,https://www.360psg.com/,,United States,us,selectedfirms,web|web-design,,,,2026-09-20 22:09
ouiwill.com,Oui Will,https://www.ouiwill.com/,,United States,us,selectedfirms,ecommerce|web|web-design,,,,2026-09-20 22:09
attck.com,ATTCK,https://attck.com/,,United States,us,selectedfirms,ecommerce|web|web-design,,,,2026-09-20 22:09
webcluesglobal.com,WebClues Global,https://www.webcluesglobal.com/,,United States,us,selectedfirms,ecommerce|web|web-design,,,,2026-09-20 22:09
budventure.technology,Budventure Technologies Pvt. Ltd.,https://www.budventure.technology/,,United States,us,selectedfirms,ecommerce|squarespace|web|web-design,,,,2026-09-20 22:09
trueitpros.com,"trueITpros, LLC",https://trueitpros.com/,,United States,us,selectedfirms,web-design,,,,2026-09-20 22:09
caktusgroup.com,Caktus Group,https://www.caktusgroup.com/,,United States,us,selectedfirms,web|web-design,,,,2026-09-20 22:09
groundsforpromotion.com,Grounds for Promotion,https://groundsforpromotion.com/,,United States,us,selectedfirms,web-design,,,,2026-09-20 22:09
jvista.net,jVista Website Services,https://www.jvista.net/,,United States,us,selectedfirms,ecommerce|web|web-design,,,,2026-09-20 22:09
y-center.org,Ycenter,https://y-center.org/,,United States,us,selectedfirms,web|web-design,,,,2026-09-20 22:09
keepsimpledesign.com,Keep Simple,https://www.keepsimpledesign.com/,,United States,us,selectedfirms,web|web-design,,,,2026-09-20 22:09
imlcompany.com,IML Company,https://www.imlcompany.com/,,United States,us,selectedfirms,web|web-design,,,,2026-09-20 22:09
molestreet.com,Mole Street,https://www.molestreet.com/,,United States,us,selectedfirms,web|web-design,,,,2026-09-20 22:09
evenvision.com,EvenVision,https://www.evenvision.com/,,United States,us,selectedfirms,web|web-design,,,,2026-09-20 22:09
whatscookin.com,Night Kitchen Interactive,https://www.whatscookin.com/,,United States,us,selectedfirms,web|web-design,,,,2026-09-20 22:09
onlinemarketinggurus.com.au,Online Marketing Gurus,https://www.onlinemarketinggurus.com.au/,,United States,us,selectedfirms,ecommerce|web|web-design|wordpress,,,,2026-09-20 22:09
in10sity.net,In10sity Interactive,https://www.in10sity.net/,,United States,us,selectedfirms,web|web-design,,,,2026-09-20 22:09
bytetechnology.com,Byte Technology,https://bytetechnology.com/,,United States,us,selectedfirms,ecommerce|web|web-design,,,,2026-09-20 22:09
eatcaviar.co,Eatcaviar,https://eatcaviar.co/,,United States,us,selectedfirms,web-design,,,,2026-09-20 22:09
americanwebnerds.com,American web nerds,https://americanwebnerds.com/,,United States,us,selectedfirms,ecommerce|web|web-design,,,,2026-09-20 22:09
method.com,Method,https://www.method.com/,,United States,us,selectedfirms,web-design,,,,2026-09-20 22:09
ciandt.com,CI&T,https://ciandt.com/,,United States,us,selectedfirms,web-design,,,,2026-09-20 22:09
seahawkmedia.com,Seahawk Media,https://seahawkmedia.com/,,United States,us,selectedfirms,web|web-design,,,,2026-09-20 22:09
moburst.com,Moburst,https://www.moburst.com/,,United States,us,selectedfirms,web-design,,,,2026-09-20 22:09
davisad.com,Davis Advertising,https://davisad.com/,,United States,us,selectedfirms,web-design,,,,2026-09-20 22:09
fudogmedia.net,Fu Dog Media,https://fudogmedia.net/,,United States,us,selectedfirms,web|web-design,,,,2026-09-20 22:09
bloomfieldknoble.com,bloomfield knoble,https://www.bloomfieldknoble.com/,,United States,us,selectedfirms,web-design,,,,2026-09-20 22:09
buenadigital.com,Buena Digital,https://www.buenadigital.com/,,United States,us,selectedfirms,web-design,,,,2026-09-20 22:09
awakemedia.com,Awake Media,https://www.awakemedia.com/,,United States,us,selectedfirms,web|web-design,,,,2026-09-20 22:09
easyclickwebdesign.com,Easy-Click Web Design,https://www.easyclickwebdesign.com/,,United States,us,selectedfirms,web|web-design,,,,2026-09-20 22:09
michellejonescreative.com,Michelle Jones Creative,https://www.michellejonescreative.com/,,United States,us,selectedfirms,ecommerce|squarespace|web|web-design,,,,2026-09-20 22:09
digipurpose.com,Digital Purpose,https://digipurpose.com/,,United States,us,selectedfirms,web|web-design,,,,2026-09-20 22:09
valveandmeter.com,Valve+Meter,https://valveandmeter.com/,,United States,us,selectedfirms,web|web-design,,,,2026-09-20 22:09
totalwebcompany.com,Total Web Company,https://totalwebcompany.com/,,United States,us,selectedfirms,web-design,,,,2026-09-20 22:09
c0mplex1.com,C0MPLEX1,https://www.c0mplex1.com/,,United States,us,selectedfirms,ecommerce|web-design,,,,2026-09-20 22:09
snazzy.solutions,Snazzy Solutions,https://www.snazzy.solutions/,,United States,us,selectedfirms,ecommerce|web-design,,,,2026-09-20 22:09
yourmarketinggirls.com,Your Marketing Girls,https://yourmarketinggirls.com/,,United States,us,selectedfirms,web|web-design,,,,2026-09-20 22:09
sangfroidstudio.com,Sangfroid!,https://www.sangfroidstudio.com/,,United States,us,selectedfirms,web-design,,,,2026-09-20 22:09
goatsites.com,Goat Sites,https://www.goatsites.com/,,United States,us,selectedfirms,web|web-design,,,,2026-09-20 22:09
5fold.agency,5 Fold Agency,https://5fold.agency/,,United States,us,selectedfirms,web-design,,,,2026-09-20 22:09
consensuscreative.com,Consensus Creative,https://consensuscreative.com/,,United States,us,selectedfirms,web|web-design,,,,2026-09-20 22:09
wlcm.studio,WLCM App Studio,https://wlcm.studio/,,United States,us,selectedfirms,web|web-design,,,,2026-09-20 22:09
anjasdev.com,AnjasDev,https://www.anjasdev.com/,,United States,us,selectedfirms,ecommerce|web|web-design,,,,2026-09-20 22:09
whereoware.com,Whereoware,https://www.whereoware.com/,,United States,us,selectedfirms,web|web-design,,,,2026-09-20 22:09
vegau.com,Vegau Digital Marketing,https://vegau.com/,,United States,us,selectedfirms,web|web-design,,,,2026-09-20 22:09
tandem.nyc,Tandem Design NYC,https://tandem.nyc/,,United States,us,selectedfirms,web|web-design,,,,2026-09-20 22:09
marketinghouse.nyc,Marketing House,https://marketinghouse.nyc/en/,,United States,us,selectedfirms,web|web-design,,,,2026-09-20 22:09
dreamlinedesigns.com,Dreamline Designs,https://dreamlinedesigns.com/,,United States,us,selectedfirms,ecommerce|web|web-design,,,,2026-09-20 22:09
stlouisdigitalmedia.com,St. Louis Digital Media,https://www.stlouisdigitalmedia.com/,,United States,us,selectedfirms,web|web-design,,,,2026-09-20 22:09
scatterbranchmarketing.com,ScatterBranch Digital Marketing,https://www.scatterbranchmarketing.com/,,United States,us,selectedfirms,ecommerce|web|web-design,,,,2026-09-20 22:09
wearegenuine.com,Genuine Interactive,https://www.wearegenuine.com/,,United States,us,selectedfirms,web|web-design,,,,2026-09-20 22:09
designs365.co,Designs 365,https://designs365.co/,,United States,us,selectedfirms,web|web-design,,,,2026-09-20 22:09
logodesignlane.com,Logo Design Lane,https://www.logodesignlane.com/,,United States,us,selectedfirms,web|web-design,,,,2026-09-20 22:09
digitalchores.co,DigitalChores,https://digitalchores.co/,,United States,us,selectedfirms,ecommerce|web|web-design,,,,2026-09-20 22:09
digitalmountaineers.com,Digital Mountaineers,https://digitalmountaineers.com/,,United States,us,selectedfirms,web|web-design,,,,2026-09-20 22:09
sweor.com,Sweor,https://www.sweor.com/,,United States,us,selectedfirms,ecommerce|web|web-design,,,,2026-09-20 22:09
orionig.com,Orion IG,https://www.orionig.com/,,United States,us,selectedfirms,web|web-design,,,,2026-09-20 22:09
elevationb2b.com,Elevation Marketing,https://elevationb2b.com/,,United States,us,selectedfirms,web|web-design,,,,2026-09-20 22:09
quantumidentitygroup.com,Quantum Identity Group,https://www.quantumidentitygroup.com/,,United States,us,selectedfirms,web|web-design,,,,2026-09-20 22:09
alotofmarkets.com,Alotofmarkets,https://alotofmarkets.com/,,United States,us,selectedfirms,web|web-design,,,,2026-09-20 22:09
br8kthru.com,Br8kthru,https://www.br8kthru.com/,,United States,us,selectedfirms,web|web-design,,,,2026-09-20 22:09
wahhadesign.com,Wahha Design,https://wahhadesign.com/,,United States,us,selectedfirms,web|web-design,,,,2026-09-20 22:09
utterflymultimedia.com,Utterfly Multimedia,https://www.utterflymultimedia.com/,,United States,us,selectedfirms,web|web-design,,,,2026-09-20 22:09
foundation.studio,Foundation,https://foundation.studio/,,United States,us,selectedfirms,web|web-design,,,,2026-09-20 22:09
wollner.com,W Brand Studio,https://www.wollner.com/,,United States,us,selectedfirms,web|web-design,,,,2026-09-20 22:09
culturepilot.com,Culture Pilot,https://www.culturepilot.com/,,United States,us,selectedfirms,web|web-design,,,,2026-09-20 22:09
standardforge.com,Standard Forge,https://www.standardforge.com/,,United States,us,selectedfirms,web|web-design,,,,2026-09-20 22:09
apollollc.com,Apollo Marketing,https://apollollc.com/,,United States,us,selectedfirms,web|web-design,,,,2026-09-20 22:09
intouch-marketing.com,InTouch Marketing,https://www.intouch-marketing.com/,,United States,us,selectedfirms,web|web-design,,,,2026-09-20 22:09
grafik.agency,Grafik,https://grafik.agency/,,United States,us,selectedfirms,web|web-design,,,,2026-09-20 22:09
m2digitalmediagroup.com,M2 Digital Media Group,https://m2digitalmediagroup.com/,,United States,us,selectedfirms,web|web-design,,,,2026-09-20 22:09
sjrollins.com,S. J. Rollins Technologies,https://www.sjrollins.com/,,United States,us,selectedfirms,web|web-design,,,,2026-09-20 22:09
getgorgeo.us,GORGEOUS,https://getgorgeo.us/,,United States,us,selectedfirms,web|web-design,,,,2026-09-20 22:09
clickcontrolmarketing.com,Click Control Marketing,https://clickcontrolmarketing.com/,,United States,us,selectedfirms,ecommerce|web|web-design,,,,2026-09-20 22:09
everconvert.com,EverConvert,https://everconvert.com/,,United States,us,selectedfirms,web|web-design,,,,2026-09-20 22:09
missionwebmarketing.com,Mission Web Marketing,https://www.missionwebmarketing.com/,,United States,us,selectedfirms,ecommerce|web|web-design,,,,2026-09-20 22:09
drawmediallc.com,Draw Media LLC,https://drawmediallc.com/,,United States,us,selectedfirms,web|web-design,,,,2026-09-20 22:09
effiqs.com,Effiqs,https://www.effiqs.com/,,United States,us,selectedfirms,web|web-design,,,,2026-09-20 22:09
omnicoreagency.com,Omnicore,https://www.omnicoreagency.com/#,,United States,us,selectedfirms,web|web-design,,,,2026-09-20 22:09
higherimages.com,Higher Images,https://www.higherimages.com/,,United States,us,selectedfirms,web|web-design,,,,2026-09-20 22:09
dbm-media.com,db&m Media,https://www.dbm-media.com/,,United States,us,selectedfirms,web-design,,,,2026-09-20 22:09
litebox.ai,Litebox,https://litebox.ai/,,United States,us,selectedfirms,web|web-design,,,,2026-09-20 22:09
visualfizz.com,VisualFizz,https://www.visualfizz.com/,,United States,us,selectedfirms,web|web-design,,,,2026-09-20 22:09
voltage.digital,VOLTAGE,https://voltage.digital/,,United States,us,selectedfirms,web|web-design,,,,2026-09-20 22:09
cyberoptik.net,CyberOptik,https://www.cyberoptik.net/,,United States,us,selectedfirms,web|web-design,,,,2026-09-20 22:09
rootlessagency.com,Rootless Agency,https://rootlessagency.com/,,United States,us,selectedfirms,web|web-design,,,,2026-09-20 22:09
thebigpixel.net,Big Pixel,https://www.thebigpixel.net/,,United States,us,selectedfirms,web|web-design,,,,2026-09-20 22:09
straightnorth.com,Straight North,https://www.straightnorth.com/,,United States,us,selectedfirms,web|web-design,,,,2026-09-20 22:09
yourteaminindia.com,Your Team in India,https://www.yourteaminindia.com/,,United States,us,selectedfirms,web|web-design,,,,2026-09-20 22:09
polymaths.co,Polymaths Inc,https://www.polymaths.co/,,United States,us,selectedfirms,web|web-design,,,,2026-09-20 22:09
bluematrixmedia.com,BlueMatrix Media,https://www.bluematrixmedia.com/,,United States,us,selectedfirms,web|web-design,,,,2026-09-20 22:09
skypointwebdesignbillingsmontana.com,SkyPoint Studios,https://skypointwebdesignbillingsmontana.com/,,United States,us,selectedfirms,web|web-design,,,,2026-09-20 22:09
desss.com,"DESSS, Inc.",https://www.desss.com/,,United States,us,selectedfirms,web|web-design,,,,2026-09-20 22:09
tempora.com,TEMPORA,https://www.tempora.com/,,United States,us,selectedfirms,ecommerce|web|web-design,,,,2026-09-20 22:09
bubbleup.net,BubbleUp,https://www.bubbleup.net/,,United States,us,selectedfirms,web|web-design,,,,2026-09-20 22:09
globant.com,Globant,https://www.globant.com/,,United States,us,selectedfirms,web|web-design,,,,2026-09-20 22:09
simpleviewinc.com,Simpleview,https://www.simpleviewinc.com/,,United States,us,selectedfirms,web|web-design,,,,2026-09-20 22:09
bluetonemedia.com,BlueTone Media Web Design,https://www.bluetonemedia.com/,,United States,us,selectedfirms,ecommerce|web|web-design,,,,2026-09-20 22:09
ccplus-usa.com,CCPlus Inc.,https://www.ccplus-usa.com/,,United States,us,selectedfirms,web|web-design,,,,2026-09-20 22:09
handlpartners.com,H&L Partners,https://www.handlpartners.com/,,United States,us,selectedfirms,web|web-design,,,,2026-09-20 22:09
thethomasagency.com,The Thomas Agency,http://www.thethomasagency.com/,,United States,us,selectedfirms,web|web-design,,,,2026-09-20 22:09
bigfin.com,Bigfin,https://bigfin.com/,,United States,us,selectedfirms,web-design,,,,2026-09-20 22:09
donehq.com,Done HQ,https://www.donehq.com/,,United States,us,selectedfirms,web|web-design,,,,2026-09-20 22:09
tanknewmedia.com,TANK New Media,https://www.tanknewmedia.com/,,United States,us,selectedfirms,web-design,,,,2026-09-20 22:09
webtech99.com,Webtech 99,https://webtech99.com/,,United States,us,selectedfirms,web|web-design,,,,2026-09-20 22:09
primathon.in,Primathon Technology,https://primathon.in/,,United States,us,selectedfirms,web|web-design,,,,2026-09-20 22:09
firebrandagency.com,Firebrand Agency,https://www.firebrandagency.com/,,United States,us,selectedfirms,ecommerce|web-design,,,,2026-09-20 22:09
localandqualified.com,Local and Qualified,https://localandqualified.com/,,United States,us,selectedfirms,web-design,,,,2026-09-20 22:09
denverwebdesigncompany.us,Denver Web Design Company,https://denverwebdesigncompany.us/,,United States,us,selectedfirms,web-design,,,,2026-09-20 22:09
ankordmedia.com,Ankord Media,https://www.ankordmedia.com/,,United States,us,selectedfirms,web-design,,,,2026-09-20 22:09
purewebsitedesign.com,Pure Website Design,https://purewebsitedesign.com/,,United States,us,selectedfirms,web|web-design,,,,2026-09-20 22:09
neurometrics.la,Neurometrics,https://neurometrics.la/,,United States,us,selectedfirms,web-design,,,,2026-09-20 22:09
the-motiv.com,Motiv Design,https://www.the-motiv.com/,,United States,us,selectedfirms,web-design,,,,2026-09-20 22:09
grafit.agency,GRAFIT,https://www.grafit.agency/,,United States,us,selectedfirms,web-design,,,,2026-09-20 22:09
spacekayak.xyz,Spacekayak,https://www.spacekayak.xyz/,,United States,us,selectedfirms,web-design,,,,2026-09-20 22:09
rutedesign.com,Rute Design Inc,https://rutedesign.com/,,United States,us,selectedfirms,web-design,,,,2026-09-20 22:09
nexisoft.us,Nexisoft,https://nexisoft.us/,,United States,us,selectedfirms,web-design,,,,2026-09-20 22:09
neommediallc.com,Neom Media LLC,https://neommediallc.com/,,United States,us,selectedfirms,web|web-design,,,,2026-09-20 22:09
ronisneat.com,Rail Digital - Out of Business,https://www.ronisneat.com/,,United States,us,selectedfirms,web-design,,,,2026-09-20 22:09
anchorpoints.io,Anchor Points,https://www.anchorpoints.io/,,United States,us,selectedfirms,web-design,,,,2026-09-20 22:09
ave25.com,Avenue 25,https://ave25.com/,,United States,us,selectedfirms,web-design,,,,2026-09-20 22:09
techmarkllc.com,TechMark,https://techmarkllc.com/,,United States,us,selectedfirms,web-design,,,,2026-09-20 22:09
speakingsocially.com,Speaking Socially Media,https://www.speakingsocially.com/,,United States,us,selectedfirms,web-design,,,,2026-09-20 22:09
codesmithdev.com,Codesmith Development,https://codesmithdev.com/,,United States,us,selectedfirms,web|web-design,,,,2026-09-20 22:09
infinitywebcoders.com,Infinity Web Coders,https://www.infinitywebcoders.com/,,United States,us,selectedfirms,web-design,,,,2026-09-20 22:09
vitalitysouth.com,Vitality South,https://vitalitysouth.com/,,United States,us,selectedfirms,web-design,,,,2026-09-20 22:09
ouxp.com,Outstanding Experience Corp,https://ouxp.com/,,United States,us,selectedfirms,ecommerce|web-design,,,,2026-09-20 22:09
codenapps.com,Code N Apps,https://codenapps.com/,,United States,us,selectedfirms,web-design,,,,2026-09-20 22:09
kryptonitecreative.com,Kryptonite Creative,https://kryptonitecreative.com/,,United States,us,selectedfirms,web-design,,,,2026-09-20 22:09
dev-swat.com,DevSwat,https://dev-swat.com/,,United States,us,selectedfirms,web-design,,,,2026-09-20 22:09
studioumbrella.com,Studio Umbrella Inc,https://www.studioumbrella.com/,,United States,us,selectedfirms,ecommerce|web-design,,,,2026-09-20 22:09
beckdigital.com,BECK,https://beckdigital.com/,,United States,us,selectedfirms,ecommerce|web|web-design,,,,2026-09-20 22:09
brilliancenw.com,Brilliance,https://www.brilliancenw.com/,,United States,us,selectedfirms,ecommerce|web-design,,,,2026-09-20 22:09
abovethefray.io,Above The Fray,https://abovethefray.io/,,United States,us,selectedfirms,ecommerce|web-design,,,,2026-09-20 22:09
ninedesign.co,Nine Design + Web,https://ninedesign.co/,,United States,us,selectedfirms,web|web-design,,,,2026-09-20 22:09
uintadigital.com,Uinta Digital,https://www.uintadigital.com/,,United States,us,selectedfirms,web-design,,,,2026-09-20 22:09
approachablegeek.com,Appraochable Geek,https://www.approachablegeek.com/,,United States,us,selectedfirms,web-design,,,,2026-09-20 22:09
startstudio.com,Start Studio,https://startstudio.com/,,United States,us,selectedfirms,web|web-design,,,,2026-09-20 22:09
outcodesoftware.com,Outcode Software,https://www.outcodesoftware.com/,,United States,us,selectedfirms,web-design,,,,2026-09-20 22:09
mindfiretechnology.com,Mindfire Technologies,https://www.mindfiretechnology.com/,,United States,us,selectedfirms,web|web-design,,,,2026-09-20 22:09
devpipeline.com,DevPipeline,https://www.devpipeline.com/,,United States,us,selectedfirms,web-design,,,,2026-09-20 22:09
educowebdesign.com,EDUCO,https://www.educowebdesign.com/,,United States,us,selectedfirms,squarespace|web-design,,,,2026-09-20 22:09
alevdigital.com,Alev Digital,https://alevdigital.com/,,United States,us,selectedfirms,ecommerce|squarespace|web-design,,,,2026-09-20 22:09
coozmoo.com,Coozmoo Digital. Solutions.,https://coozmoo.com/,,United States,us,selectedfirms,ecommerce|squarespace|web-design,,,,2026-09-20 22:09
internetsearchinc.com,Pros Inc,https://www.internetsearchinc.com/s,,United States,us,selectedfirms,ecommerce|squarespace|web-design,,,,2026-09-20 22:09
clicktime.company,ClickTime Company,https://clicktime.company/,,United States,us,selectedfirms,web-design,,,,2026-09-20 22:09
searchschematic.com,Search Schematic,https://searchschematic.com/,,United States,us,selectedfirms,ecommerce|web-design,,,,2026-09-20 22:09
nextwaveservices.com,Next Wave Services,https://www.nextwaveservices.com/,,United States,us,selectedfirms,web-design,,,,2026-09-20 22:09
westerlund.co,"Westerlund, Co",https://www.westerlund.co/,,United States,us,selectedfirms,squarespace|web-design,,,,2026-09-20 22:09
namebrandmarketer.com,NameBrand Marketer,https://www.namebrandmarketer.com/,,United States,us,selectedfirms,web-design,,,,2026-09-20 22:09
needmomentum.com,Momentum Digital,https://www.needmomentum.com/,,United States,us,selectedfirms,ecommerce|squarespace|web-design,,,,2026-09-20 22:09
briebug.com,Briebug Software,https://briebug.com/,,United States,us,selectedfirms,web|web-design,,,,2026-09-20 22:09
vvdntech.com,VVDN Technologies,https://www.vvdntech.com/,,United States,us,selectedfirms,web-design,,,,2026-09-20 22:09
websolutionswi.com,Web Solutions LLC,https://www.websolutionswi.com/,,United States,us,selectedfirms,web|web-design,,,,2026-09-20 22:09
byhandbook.com,HANDBOOK,https://www.byhandbook.com/,,United States,us,selectedfirms,web|web-design,,,,2026-09-20 22:09
visionarywebstudios.com,Visionary Web Studios,https://www.visionarywebstudios.com/,,United States,us,selectedfirms,ecommerce|web-design,,,,2026-09-20 22:09
kolbeco.net,Kolbeco,https://www.kolbeco.net/,,United States,us,selectedfirms,web|web-design,,,,2026-09-20 22:09
spokemarketing.com,Spoke Marketing,https://www.spokemarketing.com/,,United States,us,selectedfirms,web-design,,,,2026-09-20 22:09
allegramarketingprint.com,Allegra Marketing,https://www.allegramarketingprint.com/,,United States,us,selectedfirms,web-design,,,,2026-09-20 22:09
upbrand.com,UPBrand,https://upbrand.com/,,United States,us,selectedfirms,web-design,,,,2026-09-20 22:09
yummymarketing.com,Yummy Image Media Inc.,https://www.yummymarketing.com/,,United States,us,selectedfirms,web-design,,,,2026-09-20 22:09
seoamerica.us,SEOAmerica,https://www.seoamerica.us/,,United States,us,selectedfirms,web-design,,,,2026-09-20 22:09
conceptatech.com,Concepta Technologies,https://www.conceptatech.com/,,United States,us,selectedfirms,web-design,,,,2026-09-20 22:09
envylabs.com,Envy Labs,http://envylabs.com/,,United States,us,selectedfirms,web|web-design,,,,2026-09-20 22:09
liftedwebsites.com,LiftedWebsites.com,https://liftedwebsites.com/,,United States,us,selectedfirms,ecommerce|web-design,,,,2026-09-20 22:09
epicwebaz.com,Epic Web Solutions,https://www.epicwebaz.com/,,United States,us,selectedfirms,web-design,,,,2026-09-20 22:09
hammersmithsupport.com,Hammersmith Support,https://hammersmithsupport.com/,,United States,us,selectedfirms,web|web-design,,,,2026-09-20 22:09
virtualgeorge.com,VirtualGeorge,https://virtualgeorge.com/,,United States,us,selectedfirms,ecommerce|web|web-design,,,,2026-09-20 22:09
bigblueroad.com,bigblueroad.com,https://bigblueroad.com/,,United States,us,selectedfirms,web|web-design,,,,2026-09-20 22:09
seohermit.com,SEO Hermit,https://www.seohermit.com/,,United States,us,selectedfirms,ecommerce|web|web-design,,,,2026-09-20 22:09
vmsdata.com,VMS Data,https://vmsdata.com/,,United States,us,selectedfirms,web|web-design,,,,2026-09-20 22:09
ephibian.com,Ephibian,https://www.ephibian.com/,,United States,us,selectedfirms,web|web-design,,,,2026-09-20 22:09
cybermark.com,CyberMark,https://www.cybermark.com/,,United States,us,selectedfirms,web|web-design,,,,2026-09-20 22:09
epicnotion.com,Epic Notion,https://www.epicnotion.com/,,United States,us,selectedfirms,ecommerce|web|web-design,,,,2026-09-20 22:09
flagshipdm.com,Flagship City Web Consulting,https://flagshipdm.com/,,United States,us,selectedfirms,web|web-design,,,,2026-09-20 22:09
designer1media.com,Designer 1 Media,https://www.designer1media.com/,,United States,us,selectedfirms,web|web-design,,,,2026-09-20 22:09
yourpracticeonline.net,Your Practice Online,https://www.yourpracticeonline.net/,,United States,us,selectedfirms,web|web-design,,,,2026-09-20 22:09
snellingwebdev.com,Snelling Web Development,https://www.snellingwebdev.com/,,United States,us,selectedfirms,ecommerce|web|web-design,,,,2026-09-20 22:09
websearchpros.com,Web Search Pros Inc.,https://www.websearchpros.com/,,United States,us,selectedfirms,web|web-design,,,,2026-09-20 22:09
partyvendorwebsites.com,PV Websites,https://partyvendorwebsites.com/,,United States,us,selectedfirms,web|web-design,,,,2026-09-20 22:09
twingenuitygraphics.com,Twingenuity Graphics,https://twingenuitygraphics.com/,,United States,us,selectedfirms,web|web-design,,,,2026-09-20 22:09
tinyspark.io,Tiny Spark,https://tinyspark.io/,,United States,us,selectedfirms,web|web-design,,,,2026-09-20 22:09
ontargetmediainc.com,On Target Media,https://ontargetmediainc.com/,,United States,us,selectedfirms,web|web-design,,,,2026-09-20 22:09
justbusiness.is,Just Business,https://www.justbusiness.is/,,United States,us,selectedfirms,web|web-design,,,,2026-09-20 22:09
marketpath.com,Marketpath,https://www.marketpath.com/,,United States,us,selectedfirms,web|web-design,,,,2026-09-20 22:09
webdesignindy.com,Indy Web Design,https://www.webdesignindy.com/,,United States,us,selectedfirms,web|web-design,,,,2026-09-20 22:09
ltnow.com,Lieberman Technologies,https://ltnow.com/,,United States,us,selectedfirms,web|web-design,,,,2026-09-20 22:09
yikesinc.com,"YIKES, Inc.",https://www.yikesinc.com/,,United States,us,selectedfirms,web|web-design,,,,2026-09-20 22:09
intuitsolutions.net,IntuitSolutions,https://www.intuitsolutions.net/,,United States,us,selectedfirms,ecommerce|web|web-design,,,,2026-09-20 22:09
electrickite.com,Electric Kite,https://electrickite.com/,,United States,us,selectedfirms,web|web-design,,,,2026-09-20 22:09
messageagency.org,Message Agency,https://www.messageagency.org/,,United States,us,selectedfirms,web|web-design,,,,2026-09-20 22:09
digitalgeniuspros.com,Digital Genius Pros,https://digitalgeniuspros.com/,,United States,us,selectedfirms,web|web-design,,,,2026-09-20 22:09
philadelphia-web-design.com,The Philadelphia Web Design Company,https://philadelphia-web-design.com/,,United States,us,selectedfirms,web|web-design,,,,2026-09-20 22:09
theagencyguide.com,The Agency Guide,https://www.theagencyguide.com/,,United States,us,selectedfirms,web|web-design,,,,2026-09-20 22:09
group3online.com,Group3 Communications,https://group3online.com/,,United States,us,selectedfirms,web|web-design,,,,2026-09-20 22:09
impdesigns.com,"Imp Designs, LLC",https://www.impdesigns.com/,,United States,us,selectedfirms,web|web-design,,,,2026-09-20 22:09
rocksolidsoftware.com,Rock Solid Software,https://www.rocksolidsoftware.com/,,United States,us,selectedfirms,web|web-design,,,,2026-09-20 22:09
hi-websolutions.com,Hawaii Web Solutions,https://hi-websolutions.com/,,United States,us,selectedfirms,web|web-design,,,,2026-09-20 22:09
mkdesignmarketing.com,MK Design,https://mkdesignmarketing.com/,,United States,us,selectedfirms,web|web-design,,,,2026-09-20 22:09
librarycreative.co,Library Creative,https://librarycreative.co/,,United States,us,selectedfirms,web|web-design,,,,2026-09-20 22:09
imaginexdigital.com,ImagineX Consulting,https://www.imaginexdigital.com/,,United States,us,selectedfirms,web-design,,,,2026-09-20 22:09
3alphallc.com,3Alpha LLC,https://3alphallc.com/,,United States,us,selectedfirms,web-design,,,,2026-09-20 22:09
reach-technologies.com,Reach Technologies,https://www.reach-technologies.com/,,United States,us,selectedfirms,web-design,,,,2026-09-20 22:09
wordpressherpa.com,Wordpress Sherpa,https://wordpressherpa.com/,,United States,us,selectedfirms,squarespace|web|web-design,,,,2026-09-20 22:09
mueller-solutions.dev,MUELLER Solutions,https://mueller-solutions.dev/,,United States,us,selectedfirms,web-design,,,,2026-09-20 22:09
cooth.com,Cooth,https://cooth.com/,,United States,us,selectedfirms,web-design,,,,2026-09-20 22:09
fadingsquare.com,Fading Square Marketing,https://www.fadingsquare.com/,,United States,us,selectedfirms,web|web-design,,,,2026-09-20 22:09
webdesignplusseo.com,Web Design Plus SEO,https://www.webdesignplusseo.com/,,United States,us,selectedfirms,ecommerce|web|web-design,,,,2026-09-20 22:09
izonefy.com,iZonefy,https://izonefy.com/,,United States,us,selectedfirms,ecommerce|web|web-design,,,,2026-09-20 22:09
human-element.com,Human Element,https://www.human-element.com/,,United States,us,selectedfirms,ecommerce|web-design,,,,2026-09-20 22:09
trustworkz.com,TrustWorkz,https://trustworkz.com/,,United States,us,selectedfirms,web|web-design,,,,2026-09-20 22:09
mastodonmedia.com,Mastodon Media,https://mastodonmedia.com/,,United States,us,selectedfirms,web|web-design,,,,2026-09-20 22:09
matrix.tools,"Matrix Tools, LLC.",https://www.matrix.tools/,,United States,us,selectedfirms,ecommerce|web|web-design,,,,2026-09-20 22:09
rhythmagency.com,Rhythm,https://rhythmagency.com/,,United States,us,selectedfirms,web|web-design,,,,2026-09-20 22:09
lmgmarketingsolutions.com,LMG Marketing Solutions,https://lmgmarketingsolutions.com/,,United States,us,selectedfirms,web|web-design,,,,2026-09-20 22:09
grappetite.com,Grappetite,https://grappetite.com/,,United States,us,selectedfirms,web|web-design,,,,2026-09-20 22:09
netmark.com,Netmark,https://www.netmark.com/,,United States,us,selectedfirms,web|web-design,,,,2026-09-20 22:09
affirmagency.com,AFFIRM Agency,https://affirmagency.com/,,United States,us,selectedfirms,web|web-design,,,,2026-09-20 22:09
iv.com,InVision Communications,https://www.iv.com/,,United States,us,selectedfirms,web|web-design,,,,2026-09-20 22:09
marketing-partners.com,"Marketing Partners, Inc.",https://www.marketing-partners.com/,,United States,us,selectedfirms,web|web-design,,,,2026-09-20 22:09
trekk.com,Trekk,https://trekk.com/,,United States,us,selectedfirms,web|web-design,,,,2026-09-20 22:09
warpweftbranding.com,Warp + Weft,https://warpweftbranding.com/,,United States,us,selectedfirms,web|web-design,,,,2026-09-20 22:09
branchlabs.com,BranchLabs,https://www.branchlabs.com/,,United States,us,selectedfirms,web|web-design,,,,2026-09-20 22:09
aimg.com,Amplify Industrial Marketing & Guidance,https://www.aimg.com/,,United States,us,selectedfirms,web|web-design,,,,2026-09-20 22:09
skywmarketing.com,Sky Walker Marketing,https://skywmarketing.com/,,United States,us,selectedfirms,web|web-design,,,,2026-09-20 22:09
bushwickdesign.com,Bushwick Design,https://bushwickdesign.com/,,United States,us,selectedfirms,ecommerce|web|web-design,,,,2026-09-20 22:09
ideatavern.com,Idea Tavern,https://ideatavern.com/,,United States,us,selectedfirms,ecommerce|web|web-design,,,,2026-09-20 22:09
bluefishds.com,Blue Fish,https://bluefishds.com/,,United States,us,selectedfirms,web|web-design,,,,2026-09-20 22:09
round4creative.com,Round4,https://www.round4creative.com/,,United States,us,selectedfirms,web|web-design,,,,2026-09-20 22:09
wearepop.com,POP,https://www.wearepop.com/,,United States,us,selectedfirms,web|web-design,,,,2026-09-20 22:09
pomagency.com,Pomerantz Marketing,https://pomagency.com/,,United States,us,selectedfirms,web|web-design,,,,2026-09-20 22:09
gillsolutions.com,GILL Solutions Management,https://www.gillsolutions.com/,,United States,us,selectedfirms,web|web-design,,,,2026-09-20 22:09
hingemarketing.com,Hinge,https://hingemarketing.com/,,United States,us,selectedfirms,web|web-design,,,,2026-09-20 22:09
webtechfusion.com,Web Tech Fusion,https://www.webtechfusion.com/,,United States,us,selectedfirms,web|web-design,,,,2026-09-20 22:09
blacklightgrp.com,Blacklight Group,https://www.blacklightgrp.com/,,United States,us,selectedfirms,web|web-design,,,,2026-09-20 22:09
scriptablesolutions.com,Scriptable Solutions,https://www.scriptablesolutions.com/,,United States,us,selectedfirms,web|web-design,,,,2026-09-20 22:09
wrightimc.com,WrightIMC,https://wrightimc.com/,,United States,us,selectedfirms,ecommerce|web|web-design,,,,2026-09-20 22:09
padillaco.com,Padilla,https://padillaco.com/,,United States,us,selectedfirms,web|web-design,,,,2026-09-20 22:09
totalassault.com,Total Assault,https://www.totalassault.com/,,United States,us,selectedfirms,web|web-design,,,,2026-09-20 22:09
avlc.llc,Absolute Velocity Labs,https://avlc.llc/,,United States,us,selectedfirms,web|web-design,,,,2026-09-20 22:09
ignitingbusiness.com,Igniting Business,https://www.ignitingbusiness.com/,,United States,us,selectedfirms,ecommerce|web|web-design,,,,2026-09-20 22:09
valitics.com,Valitics,https://www.valitics.com/,,United States,us,selectedfirms,web|web-design,,,,2026-09-20 22:09
influencive.media,Influencive Media,https://influencive.media/,,United States,us,selectedfirms,web-design,,,,2026-09-20 22:09
rethinkmediagroup.net,Rethink Media Group,https://rethinkmediagroup.net/,,United States,us,selectedfirms,web|web-design,,,,2026-09-20 22:09
pgnagency.com,PGN Agency,https://pgnagency.com/,,United States,us,selectedfirms,ecommerce|web|web-design,,,,2026-09-20 22:09
pacificnexus.com,Pacific Nexus,https://pacificnexus.com/,,United States,us,selectedfirms,ecommerce|web|web-design,,,,2026-09-20 22:09
semrankers.com,SEM Rankers,https://semrankers.com/,,United States,us,selectedfirms,ecommerce|web|web-design,,,,2026-09-20 22:09
postlinkrank.com,Post Link Rank,https://www.postlinkrank.com/,,United States,us,selectedfirms,web|web-design,,,,2026-09-20 22:09
antlr-interactive.com,ANTLR Interactive,https://www.antlr-interactive.com/,,United States,us,selectedfirms,web|web-design,,,,2026-09-20 22:09
fcpcommunications.com,Full Court Press Communications,https://www.fcpcommunications.com/,,United States,us,selectedfirms,squarespace|web|web-design,,,,2026-09-20 22:09
meaningfulgigs.com,Meaningful Gigs,https://www.meaningfulgigs.com/,,United States,us,selectedfirms,web|web-design,,,,2026-09-20 22:09
50fish.com,50FISH,https://www.50fish.com/,,United States,us,selectedfirms,ecommerce|web|web-design,,,,2026-09-20 22:09
levitatefoundry.com,Levitate Foundry,https://levitatefoundry.com/,,United States,us,selectedfirms,ecommerce|web|web-design,,,,2026-09-20 22:09
gokrush.com,Krush,https://gokrush.com/,,United States,us,selectedfirms,web|web-design,,,,2026-09-20 22:09
multimarketingusa.com,Multi Marketing USA,https://multimarketingusa.com/,,United States,us,selectedfirms,web|web-design,,,,2026-09-20 22:09
seohoustonpros.com,SEO Pros,https://seohoustonpros.com/,,United States,us,selectedfirms,web|web-design,,,,2026-09-20 22:09
visualsoldiers.com,Visual Soldiers,https://visualsoldiers.com/,,United States,us,selectedfirms,web|web-design,,,,2026-09-20 22:09
innocode.com,Innocode,https://innocode.com/,,United States,us,selectedfirms,web|web-design,,,,2026-09-20 22:09
metapixelboise.com,Metapixel,https://metapixelboise.com/,,United States,us,selectedfirms,web|web-design,,,,2026-09-20 22:09
creationwebs.com,CreationWebs,https://creationwebs.com/,,United States,us,selectedfirms,web|web-design,,,,2026-09-20 22:09
hl.agency,H/L Agency,https://hl.agency/,,United States,us,selectedfirms,web|web-design,,,,2026-09-20 22:09
werkbot.com,Werkbot Studios,https://www.werkbot.com/,,United States,us,selectedfirms,ecommerce|web|web-design,,,,2026-09-20 22:09
cvaworld.com,CVA World,https://cvaworld.com/,,United States,us,selectedfirms,web|web-design,,,,2026-09-20 22:09
cardinalgroupmarketing.com,Cardinal Group Marketing,https://www.cardinalgroupmarketing.com/,,United States,us,selectedfirms,web|web-design,,,,2026-09-20 22:09
verndale.com,Verndale,https://www.verndale.com/,,United States,us,selectedfirms,ecommerce|web-design,,,,2026-09-20 22:09
wiredcraft.com,Wiredcraft,https://wiredcraft.com/,,United States,us,selectedfirms,web|web-design,,,,2026-09-20 22:09
ajwn.co,Ajwn Consulting,https://ajwn.co/,,United States,us,selectedfirms,web|web-design,,,,2026-09-20 22:09
bluestate.co,Blue State Digital,https://www.bluestate.co/,,United States,us,selectedfirms,web|web-design,,,,2026-09-20 22:09
1rankseo.com,1Rank SEO,https://1rankseo.com/,,United States,us,selectedfirms,web|web-design,,,,2026-09-20 22:09
scalater.com,Scalater Dev LLC,https://www.scalater.com/,,United States,us,selectedfirms,ecommerce|web|web-design,,,,2026-09-20 22:09
websolutionsnyc.com,Web Solutions NYC,https://www.websolutionsnyc.com/,,United States,us,selectedfirms,ecommerce|web|web-design,,,,2026-09-20 22:09
strikingalchemy.com,Striking Alchemy,https://strikingalchemy.com/,,United States,us,selectedfirms,ecommerce|web|web-design,,,,2026-09-20 22:09
i-hiddentalent.com,i-HiddenTalent,https://i-hiddentalent.com/,,United States,us,selectedfirms,ecommerce|web|web-design,,,,2026-09-20 22:09
mintsparks.com,"Mint Sparks, LLC",https://mintsparks.com/,,United States,us,selectedfirms,ecommerce|web|web-design,,,,2026-09-20 22:09
thisisvisceral.com,Visceral,https://www.thisisvisceral.com/,,United States,us,selectedfirms,web|web-design,,,,2026-09-20 22:09
windmillstrategy.com,Windmill Strategy,https://www.windmillstrategy.com/,,United States,us,selectedfirms,web|web-design,,,,2026-09-20 22:09
embarkwork.com,Embark,https://embarkwork.com/,,United States,us,selectedfirms,web|web-design,,,,2026-09-20 22:09
blackairplane.com,Black Airplane,https://blackairplane.com/,,United States,us,selectedfirms,web|web-design,,,,2026-09-20 22:09
cleartailmarketing.com,Cleartail Marketing,https://cleartailmarketing.com/,,United States,us,selectedfirms,web|web-design,,,,2026-09-20 22:09
merge.studio,Merge Studio,https://merge.studio/,,United States,us,selectedfirms,web|web-design,,,,2026-09-20 22:09
uwindi.com,Uwindi,https://uwindi.com/,,United States,us,selectedfirms,web|web-design,,,,2026-09-20 22:09
hyperspaceventures.com,Hyperspace Ventures,https://www.hyperspaceventures.com/,,United States,us,selectedfirms,web|web-design,,,,2026-09-20 22:09
vogliomarketing.com,VOGLIO Digital Marketing,https://www.vogliomarketing.com/,,United States,us,selectedfirms,web|web-design,,,,2026-09-20 22:09
wolfwarelabs.com,WolfWareLabs LLC,https://wolfwarelabs.com/,,United States,us,selectedfirms,web|web-design,,,,2026-09-20 22:09
alt-creative.com,Alt Creative,https://alt-creative.com/,,United States,us,selectedfirms,web|web-design,,,,2026-09-20 22:09
ubiquifydigital.com,Ubiquify Digital,https://www.ubiquifydigital.com/,,United States,us,selectedfirms,web|web-design,,,,2026-09-20 22:09
modernsignal.com,Modern Signal,https://www.modernsignal.com/,,United States,us,selectedfirms,web|web-design,,,,2026-09-20 22:09
thinksmobility.com,Tmob tech Inc.,https://thinksmobility.com/,,United States,us,selectedfirms,ecommerce|web-design,,,,2026-09-20 22:09
appsmaventech.com,Apps Maven,https://appsmaventech.com,,United States,us,selectedfirms,web|web-design,,,,2026-09-20 22:09
appetizermobile.com,Appetizer Mobile,https://appetizermobile.com/,,United States,us,selectedfirms,web-design,,,,2026-09-20 22:09
coalitiontechnologies.com,Coalition Technologies,https://coalitiontechnologies.com/,,United States,us,selectedfirms,ecommerce|web|web-design,,,,2026-09-20 22:09
snow.dog,Snowdog,https://snow.dog/,,United States,us,selectedfirms,ecommerce|web-design,,,,2026-09-20 22:09
squarewaves.io,Square Waves,https://www.squarewaves.io/,,United States,us,selectedfirms,web|web-design,,,,2026-09-20 22:09
oyova.com,Oyova,https://www.oyova.com/,,United States,us,selectedfirms,ecommerce|web|web-design,,,,2026-09-20 22:09
allianceinteractive.com,Alliance Interactive,https://www.allianceinteractive.com/,,United States,us,selectedfirms,web|web-design,,,,2026-09-20 22:09
majortom.com,Major Tom,https://www.majortom.com/,,United States,us,selectedfirms,web|web-design,,,,2026-09-20 22:09
simplistic.com,Simplistic,https://simplistic.com/,,United States,us,selectedfirms,ecommerce|web|web-design,,,,2026-09-20 22:09
singlestoneconsulting.com,SingleStone,https://www.singlestoneconsulting.com/,,United States,us,selectedfirms,web-design,,,,2026-09-20 22:09
emanprague.com,eMan,https://www.emanprague.com/,,United States,us,selectedfirms,web|web-design,,,,2026-09-20 22:09
mercury.one,Mercury.one,https://mercury.one/,,United States,us,selectedfirms,web|web-design,,,,2026-09-20 22:09
abcwebservice.com,ABC Web Service,https://www.abcwebservice.com/,,United States,us,selectedfirms,ecommerce|web-design,,,,2026-09-20 22:09
brainworkindia.net,Brainwork,https://www.brainworkindia.net/c,,United States,us,selectedfirms,web|web-design,,,,2026-09-20 22:09
htcinc.com,HTC Global Services,https://www.htcinc.com/,,United States,us,selectedfirms,web|web-design,,,,2026-09-20 22:09
giantdonutmarketing.com,Giant Donut Marketing,https://giantdonutmarketing.com/,,United States,us,selectedfirms,ecommerce|web|web-design,,,,2026-09-20 22:09
freshconsulting.com,Fresh Consulting,https://www.freshconsulting.com/,,United States,us,selectedfirms,web-design,,,,2026-09-20 22:09
fivespot.co,Fivespot Digital Marketing,https://www.fivespot.co/,,United States,us,selectedfirms,ecommerce|web|web-design,,,,2026-09-20 22:09
siriuscom.com,Sirius Computer Solutions,https://www.siriuscom.com/,,United States,us,selectedfirms,web-design,,,,2026-09-20 22:09
e2msolutions.com,E2M Solutions Inc,https://www.e2msolutions.com/,,United States,us,selectedfirms,ecommerce|web|web-design,,,,2026-09-20 22:09
yourmentum.com,Mentum,https://www.yourmentum.com/,,United States,us,selectedfirms,web-design,,,,2026-09-20 22:09
infojiniconsulting.com,Infojini Consulting,https://www.infojiniconsulting.com/,,United States,us,selectedfirms,web|web-design,,,,2026-09-20 22:09
onyourmark.com,On YOUR Mark LLC,https://www.onyourmark.com/,,United States,us,selectedfirms,ecommerce|web|web-design,,,,2026-09-20 22:09
ust.com,UST,https://www.ust.com/,,United States,us,selectedfirms,web-design,,,,2026-09-20 22:09
escapeweb3.io,Escape,https://www.escapeweb3.io/,,United States,us,selectedfirms,web|web-design,,,,2026-09-20 22:09
infinum.com,Infinum,https://infinum.com/,,United States,us,selectedfirms,web|web-design,,,,2026-09-20 22:09
dualbootpartners.com,Dualboot,https://dualbootpartners.com/,,United States,us,selectedfirms,web|web-design,,,,2026-09-20 22:09
wolfpack-digital.com,WOLFPACK DIGITAL SRL,https://www.wolfpack-digital.com/,,United States,us,selectedfirms,web|web-design,,,,2026-09-20 22:09
oakslab.com,OAKS LAB,https://www.oakslab.com/,,United States,us,selectedfirms,web|web-design,,,,2026-09-20 22:09
analytixit.com,Analytix IT Solutions,https://www.analytixit.com/,,United States,us,selectedfirms,ecommerce|web|web-design,,,,2026-09-20 22:09
vismountain.com,VIS Mountain,https://vismountain.com/,,United States,us,selectedfirms,squarespace|web|web-design,,,,2026-09-20 22:09
nao.design,nao.design,https://nao.design/,,United States,us,selectedfirms,web-design,,,,2026-09-20 22:09
digitmediadesigns.com,Digit Media Designs,https://digitmediadesigns.com/,,United States,us,selectedfirms,ecommerce|web-design,,,,2026-09-20 22:09
itsradiant.com,Radiant Creative,https://www.itsradiant.com/,,United States,us,selectedfirms,web|web-design,,,,2026-09-20 22:09
thedesque.com,Desque,https://thedesque.com/,,United States,us,selectedfirms,web|web-design,,,,2026-09-20 22:09
webticksolutions.com,Webtick Solutions,https://webticksolutions.com/,,United States,us,selectedfirms,ecommerce|web|web-design,,,,2026-09-20 22:09
americandigitalstudios.com,American Digital Studios,https://americandigitalstudios.com/,,United States,us,selectedfirms,web|web-design,,,,2026-09-20 22:09
mysticmediasoft.com,Mystic Media,https://www.mysticmediasoft.com/,,United States,us,selectedfirms,web|web-design,,,,2026-09-20 22:09
koderhive.com,Koderhive,https://koderhive.com/,,United States,us,selectedfirms,web|web-design,,,,2026-09-20 22:09
remotedevforce.com,Remote Dev Force,https://www.remotedevforce.com/,,United States,us,selectedfirms,ecommerce|web|web-design,,,,2026-09-20 22:09
verticalsols.com,Verticalsols LLC,https://www.verticalsols.com/,,United States,us,selectedfirms,web|web-design,,,,2026-09-20 22:09
nortekconsulting.com,Nortek Conslting Inc.,https://www.nortekconsulting.com/,,United States,us,selectedfirms,web-design,,,,2026-09-20 22:09
thevirtualforge.com,The Virtual Forge,https://www.thevirtualforge.com/,,United States,us,selectedfirms,web-design,,,,2026-09-20 22:09
headchannel.co.uk,HeadChannel Consulting,https://headchannel.co.uk/,,United States,us,selectedfirms,web|web-design,,,,2026-09-20 22:09
carteblanche.tech,Carte Blanche Innovation Integrated,https://www.carteblanche.tech/,,United States,us,selectedfirms,web-design,,,,2026-09-20 22:09
godfreysystems.com,Godfrey Systems,https://www.godfreysystems.com/,,United States,us,selectedfirms,web|web-design,,,,2026-09-20 22:09
valor-software.com,Valor Software,https://valor-software.com/,,United States,us,selectedfirms,web|web-design,,,,2026-09-20 22:09
vexedsolutions.com,Vexed Solutions,https://vexedsolutions.com/,,United States,us,selectedfirms,web|web-design,,,,2026-09-20 22:09
mobile1st.com,Mobile1st.com,https://mobile1st.com/,,United States,us,selectedfirms,ecommerce|web|web-design,,,,2026-09-20 22:09
bigdaytheagency.com,Big Day the Agency,https://bigdaytheagency.com/,,United States,us,selectedfirms,ecommerce|web|web-design,,,,2026-09-20 22:09
techtose.com,TechTose,https://techtose.com/,,United States,us,selectedfirms,web|web-design,,,,2026-09-20 22:09
purei.com,PUREi,https://www.purei.com/,,United States,us,selectedfirms,ecommerce|web-design,,,,2026-09-20 22:09
diginatives.io,Diginatives,https://diginatives.io/,,United States,us,selectedfirms,web|web-design,,,,2026-09-20 22:09
grandstudio.com,Grand Studio,https://www.grandstudio.com/,,United States,us,selectedfirms,web-design,,,,2026-09-20 22:09
bighuman.com,Big Human,https://www.bighuman.com/,,United States,us,selectedfirms,web-design,,,,2026-09-20 22:09
andesignlab.com,ANDESIGN,https://andesignlab.com/,,United States,us,selectedfirms,web-design,,,,2026-09-20 22:09
fullsend.io,Fullsend Solutions Inc.,https://www.fullsend.io/,,United States,us,selectedfirms,web-design,,,,2026-09-20 22:09
standardbeagle.com,Standard Beagle Studio,https://standardbeagle.com/,,United States,us,selectedfirms,web-design,,,,2026-09-20 22:09
viget.com,Viget,https://www.viget.com/,,United States,us,selectedfirms,web-design,,,,2026-09-20 22:09
intellicel.com,IntelliCEL,https://www.intellicel.com/,,United States,us,selectedfirms,web-design,,,,2026-09-20 22:09
smallplanet.com,Small Planet,https://smallplanet.com/,,United States,us,selectedfirms,web|web-design,,,,2026-09-20 22:09
purelogics.com,PureLogics LLC,https://purelogics.com/,,United States,us,selectedfirms,web|web-design,,,,2026-09-20 22:09
o2infotech.com,O2 Infotech,https://o2infotech.com/,,United States,us,selectedfirms,squarespace|web|web-design,,,,2026-09-20 22:09
symphonypartners.ca,Symphony Partners,https://www.symphonypartners.ca/,,United States,us,selectedfirms,ecommerce|web-design,,,,2026-09-20 22:09
zooz.lk,ZOOZ.LK (PVT) LTD,https://zooz.lk/,,United States,us,selectedfirms,web-design,,,,2026-09-20 22:09
neutrinotechsystems.com,Neutrino Tech Systems,https://neutrinotechsystems.com/,,United States,us,selectedfirms,web|web-design,,,,2026-09-20 22:09
techaffinity.com,"TechAffinity, Inc",https://techaffinity.com/,,United States,us,selectedfirms,web-design,,,,2026-09-20 22:09
codeatechnologies.com,Codea technologies,https://www.codeatechnologies.com/,,United States,us,selectedfirms,web-design,,,,2026-09-20 22:09
xlyncs.com,xLyncs,https://www.xlyncs.com/,,United States,us,selectedfirms,web|web-design,,,,2026-09-20 22:09
iconictek.com,IconicTek,https://iconictek.com/,,United States,us,selectedfirms,web|web-design,,,,2026-09-20 22:09
devdefy.com,DevDefy Software Solutions,https://devdefy.com/,,United States,us,selectedfirms,web-design,,,,2026-09-20 22:09
pioneersystemstech.com,Pioneer Systems Tech,https://pioneersystemstech.com/,,United States,us,selectedfirms,web|web-design,,,,2026-09-20 22:09
ktek.co,KTEK LLC,https://www.ktek.co/,,United States,us,selectedfirms,web-design,,,,2026-09-20 22:09
tronsitsolutions.com,Tronsit Solutions,https://tronsitsolutions.com/,,United States,us,selectedfirms,web-design,,,,2026-09-20 22:09
spectertech.io,Specter,https://spectertech.io/,,United States,us,selectedfirms,web|web-design,,,,2026-09-20 22:09
metawebpro.com,Meta Web Pro,https://metawebpro.com/,,United States,us,selectedfirms,web|web-design,,,,2026-09-20 22:09
messagemuse.com,MessageMuse,https://www.messagemuse.com/,,United States,us,selectedfirms,ecommerce|web|web-design,,,,2026-09-20 22:09
omgmarketingco.com,OMG Marketing,https://www.omgmarketingco.com/,,United States,us,selectedfirms,web|web-design,,,,2026-09-20 22:09
objective.dev,Objective Inc,https://www.objective.dev/,,United States,us,selectedfirms,web-design,,,,2026-09-20 22:09
marketingpointresolutions.com,Marketing Point Resolutions,https://marketingpointresolutions.com/,,United States,us,selectedfirms,web|web-design,,,,2026-09-20 22:09
hiredgunapps.com,Hired Gun Apps,https://hiredgunapps.com/,,United States,us,selectedfirms,ecommerce|web-design,,,,2026-09-20 22:09
hypergrowthceo.com,HyperGrowthCEO,https://hypergrowthceo.com/,,United States,us,selectedfirms,web-design,,,,2026-09-20 22:09
caresortsolutions.com,Caresort Solutions Pvt. Ltd,https://www.caresortsolutions.com/,,United States,us,selectedfirms,web|web-design,,,,2026-09-20 22:09
utwebsolutions.com,UT Web Solutions,https://utwebsolutions.com/,,United States,us,selectedfirms,ecommerce|web|web-design,,,,2026-09-20 22:09
saufik.com,Saufik Technologies,https://www.saufik.com/,,United States,us,selectedfirms,web|web-design,,,,2026-09-20 22:09
codecalibre.com,Code Calibre,https://codecalibre.com/,,United States,us,selectedfirms,squarespace|web|web-design,,,,2026-09-20 22:09
ogrelogic.com,OgreLogic,https://ogrelogic.com/,,United States,us,selectedfirms,squarespace|web|web-design,,,,2026-09-20 22:09
tekzen.co,Tekzen,https://tekzen.co/,,United States,us,selectedfirms,ecommerce|squarespace|web-design,,,,2026-09-20 22:09
websitedesignxperts.com,Website Design Xperts,https://www.websitedesignxperts.com/,,United States,us,selectedfirms,ecommerce|squarespace|web-design,,,,2026-09-20 22:09
aabizsol.com,Aabiz Solutions,https://aabizsol.com/,,United States,us,selectedfirms,squarespace|web|web-design,,,,2026-09-20 22:09
technohus.net,Technohus,http://technohus.net/,,United States,us,selectedfirms,squarespace|web|web-design,,,,2026-09-20 22:09
yellow.systems,Yellow,https://yellow.systems/,,United States,us,selectedfirms,squarespace|web|web-design,,,,2026-09-20 22:09
codecross.co,CodeCross,https://codecross.co/,,United States,us,selectedfirms,ecommerce|squarespace|web-design,,,,2026-09-20 22:09
webcitz.com,WebCitz,https://www.webcitz.com/,,United States,us,selectedfirms,squarespace|web|web-design,,,,2026-09-20 22:09
cybage.com,Cybage Software Pvt. Ltd.,https://www.cybage.com/,,United States,us,selectedfirms,web|web-design,,,,2026-09-20 22:09
neoskript.com,NeoSkript,https://www.neoskript.com/,,United States,us,selectedfirms,ecommerce|squarespace|web|web-design,,,,2026-09-20 22:09
koality.com,Koality Web Solutions LLC,https://koality.com/,,United States,us,selectedfirms,ecommerce|web-design,,,,2026-09-20 22:09
turnwith.us,Turn Agency,https://turnwith.us/,,United States,us,selectedfirms,web-design,,,,2026-09-20 22:09
lelander.com,Lelander,https://lelander.com/,,United States,us,selectedfirms,ecommerce|web|web-design,,,,2026-09-20 22:09
steadyrain.com,SteadyRain,https://www.steadyrain.com/,,United States,us,selectedfirms,ecommerce|web-design,,,,2026-09-20 22:09
invenit.io,Invenit Solutions,https://invenit.io/,,United States,us,selectedfirms,web|web-design,,,,2026-09-20 22:09
eatechnologies.net,EA Technologies,https://www.eatechnologies.net/,,United States,us,selectedfirms,ecommerce|web-design,,,,2026-09-20 22:09
pnmg.com,Paradigm,https://pnmg.com/,,United States,us,selectedfirms,ecommerce|squarespace|web|web-design,,,,2026-09-20 22:09
hotlavamedia.com,Hot Lava Media,https://www.hotlavamedia.com/,,United States,us,selectedfirms,ecommerce|web-design,,,,2026-09-20 22:09
webcore.digital,Webcore Interactive,https://webcore.digital/en/,,United States,us,selectedfirms,web-design,,,,2026-09-20 22:09
asesoftware.com,Asesoftware,https://asesoftware.com/,,United States,us,selectedfirms,web-design,,,,2026-09-20 22:09
witrey.com,Witrey,https://witrey.com/,,United States,us,selectedfirms,web|web-design,,,,2026-09-20 22:09
acceleration.net,Acceleration,https://www.acceleration.net/,,United States,us,selectedfirms,web|web-design,,,,2026-09-20 22:09
reachmarketingpro.com,Reach Marketing Pro,https://reachmarketingpro.com/,,United States,us,selectedfirms,ecommerce|web|web-design,,,,2026-09-20 22:09
vdigitalservices.com,V Digital Services,https://www.vdigitalservices.com/,,United States,us,selectedfirms,web|web-design,,,,2026-09-20 22:09
lt.agency,LaneTerralever,https://www.lt.agency/,,United States,us,selectedfirms,web|web-design,,,,2026-09-20 22:09
nicegrizzly.com,Nice Grizzly,https://nicegrizzly.com/,,United States,us,selectedfirms,ecommerce|web|web-design,,,,2026-09-20 22:09
mirexmarketing.com,Mirex Marketing,https://mirexmarketing.com/,,United States,us,selectedfirms,ecommerce|web|web-design,,,,2026-09-20 22:09
4directionsmedia.com,4 Directions Media,https://www.4directionsmedia.com/,,United States,us,selectedfirms,web|web-design,,,,2026-09-20 22:09
synchronicitydesigns.com,Synchronicity,https://synchronicitydesigns.com/,,United States,us,selectedfirms,ecommerce|web|web-design,,,,2026-09-20 22:09
modern-pixel.com,Modern Pixel Marketing & Website Design,https://modern-pixel.com/,,United States,us,selectedfirms,ecommerce|squarespace|web|web-design,,,,2026-09-20 22:09
tannergrey.com,Tanner Grey,https://tannergrey.com/,,United States,us,selectedfirms,web|web-design,,,,2026-09-20 22:09
webdesigncharlottenc.com,Web Design Charlotte NC,https://webdesigncharlottenc.com/,,United States,us,selectedfirms,ecommerce|web|web-design,,,,2026-09-20 22:09
technodreamwebdesign.com,Technodream LLC,https://technodreamwebdesign.com/,,United States,us,selectedfirms,ecommerce|web|web-design,,,,2026-09-20 22:09
avesent.com,Avesent,https://avesent.com/,,United States,us,selectedfirms,web|web-design,,,,2026-09-20 22:09
corepulsetechnologies.com,Corepulse Inc,https://corepulsetechnologies.com/,,United States,us,selectedfirms,web|web-design,,,,2026-09-20 22:09
estrocommunications.com,Estro Digital Communications,https://estrocommunications.com/,,United States,us,selectedfirms,web|web-design,,,,2026-09-20 22:09
thebrandingroomfloor.com,The Branding Room Floor,https://www.thebrandingroomfloor.com/,,United States,us,selectedfirms,ecommerce|squarespace|web|web-design,,,,2026-09-20 22:09
cymbol.io,Cymbol Design,https://www.cymbol.io/,,United States,us,selectedfirms,ecommerce|web|web-design,,,,2026-09-20 22:09
mrsearchengine.com,Mr Search Engine,https://mrsearchengine.com/,,United States,us,selectedfirms,ecommerce|web|web-design,,,,2026-09-20 22:09
digitalparameters.com,Digital Parameters,https://digitalparameters.com/,,United States,us,selectedfirms,web|web-design,,,,2026-09-20 22:09
theflexus.com,"Flexus Solutions, LLC",https://www.theflexus.com/,,United States,us,selectedfirms,web|web-design,,,,2026-09-20 22:09
j2marketing.com,J2 Marketing,https://www.j2marketing.com/,,United States,us,selectedfirms,ecommerce|web|web-design,,,,2026-09-20 22:09
jhspecialty.com,JH Specialty,https://www.jhspecialty.com/,,United States,us,selectedfirms,web|web-design,,,,2026-09-20 22:09
withprecision.io,Precision,https://withprecision.io/,,United States,us,selectedfirms,web|web-design,,,,2026-09-20 22:09
makdigitaldesign.com,MAK Digital Design,https://makdigitaldesign.com/,,United States,us,selectedfirms,ecommerce|web|web-design,,,,2026-09-20 22:09
kryptdigital.co,Krypt Digital,https://kryptdigital.co/,,United States,us,selectedfirms,ecommerce|web|web-design,,,,2026-09-20 22:09
intelligentarts.co,Intelligent Arts,https://intelligentarts.co/,,United States,us,selectedfirms,ecommerce|web|web-design,,,,2026-09-20 22:09
feltmedia.com,Felt Media,https://feltmedia.com/,,United States,us,selectedfirms,web|web-design,,,,2026-09-20 22:09
skylarstudios.com,SkylarStudios,https://www.skylarstudios.com/,,United States,us,selectedfirms,ecommerce|web|web-design,,,,2026-09-20 22:09
cityofoaksmarketing.com,City of Oaks Marketing,https://cityofoaksmarketing.com/,,United States,us,selectedfirms,web|web-design,,,,2026-09-20 22:09
everest-agency.com,Everest Agency,https://everest-agency.com/,,United States,us,selectedfirms,web-design,,,,2026-09-20 22:09
theorypixel.com,Theory Pixel,https://theorypixel.com/,,United States,us,selectedfirms,ecommerce|web|web-design,,,,2026-09-20 22:09
bigbeach.co,Big Beach Digital,https://bigbeach.co/,,United States,us,selectedfirms,ecommerce|squarespace|web|web-design,,,,2026-09-20 22:09
hawaiiseowebdesign.com,Hawaii SEO & Web Design,https://www.hawaiiseowebdesign.com/,,United States,us,selectedfirms,web|web-design,,,,2026-09-20 22:09
customwebnlogodesigns.com,Custom Web N Logo Designs,https://customwebnlogodesigns.com/,,United States,us,selectedfirms,web-design,,,,2026-09-20 22:09
domandtom.com,Dom & Tom,https://domandtom.com/,,United States,us,selectedfirms,web|web-design,,,,2026-09-20 22:09
payoda.com,Payoda Technology Inc,https://www.payoda.com/,,United States,us,selectedfirms,web|web-design,,,,2026-09-20 22:09
atxwebdesigns.com,ATX Web Designs,https://www.atxwebdesigns.com/,,United States,us,selectedfirms,web|web-design,,,,2026-09-20 22:09
programming.com,Programming.com,https://programming.com/,,United States,us,selectedfirms,web-design,,,,2026-09-20 22:09
sourcefuse.com,SourceFuse Technologies,https://www.sourcefuse.com/,,United States,us,selectedfirms,web|web-design,,,,2026-09-20 22:09
apexon.com,Apexon,https://www.apexon.com/,,United States,us,selectedfirms,web-design,,,,2026-09-20 22:09
rteetech.com,Rteetech LLC,https://rteetech.com/,,United States,us,selectedfirms,ecommerce|web|web-design,,,,2026-09-20 22:09
thewebcoders.org,The Web Coders,https://thewebcoders.org/,,United States,us,selectedfirms,ecommerce|web|web-design,,,,2026-09-20 22:09
cubicyte.com,Cubicyte,https://www.cubicyte.com/,,United States,us,selectedfirms,web|web-design,,,,2026-09-20 22:09
aimitservices.com,AIM IT Services,https://www.aimitservices.com/,,United States,us,selectedfirms,web-design,,,,2026-09-20 22:09
bound.by,Bound By,https://www.bound.by/,,United States,us,selectedfirms,ecommerce|web|web-design,,,,2026-09-20 22:09
creativewebsitestudios.com,Creative Website Studios,https://www.creativewebsitestudios.com/,,United States,us,selectedfirms,web|web-design,,,,2026-09-20 22:09
ecomlancerz.com,Ecom Lancerz,https://ecomlancerz.com/,,United States,us,selectedfirms,web-design,,,,2026-09-20 22:09
web2market.com,Web 2 Market,https://web2market.com/,,United States,us,selectedfirms,ecommerce|web-design,,,,2026-09-20 22:09
slademarketing.com,Slade Marketing,https://slademarketing.com/,,United States,us,selectedfirms,web|web-design,,,,2026-09-20 22:09
mme.net,MME (Manhattan Marketing Ensemble),https://www.mme.net/,,United States,us,selectedfirms,web-design,,,,2026-09-20 22:09
consultusdigital.com,Consultus Digital Inc,https://consultusdigital.com/,,United States,us,selectedfirms,web|web-design,,,,2026-09-20 22:09
p1nnacledesigns.com,The Pinnacle Web Design,https://p1nnacledesigns.com/,,United States,us,selectedfirms,web|web-design,,,,2026-09-20 22:09
nimbleworldwide.com,Nimble Worldwide,https://nimbleworldwide.com/,,United States,us,selectedfirms,ecommerce|web|web-design,,,,2026-09-20 22:09
roswell.nyc,Roswell NYC,https://roswell.nyc/,,United States,us,selectedfirms,ecommerce|web|web-design,,,,2026-09-20 22:09
upnupglobal.com,Up N Up,https://upnupglobal.com/,,United States,us,selectedfirms,ecommerce|web|web-design,,,,2026-09-20 22:09
thebranddevgroup.com,"The Brand Development Group, LLC",https://thebranddevgroup.com/,,United States,us,selectedfirms,ecommerce|squarespace|web|web-design,,,,2026-09-20 22:09
invuedigital.com,InVue Digital,https://invuedigital.com/,,United States,us,selectedfirms,ecommerce|web|web-design,,,,2026-09-20 22:09
sierraexclusive.com,Sierra Exclusive Industries,https://sierraexclusive.com/,,United States,us,selectedfirms,web|web-design,,,,2026-09-20 22:09
websitedesignvalley.com,Website Design Valley,https://websitedesignvalley.com/,,United States,us,selectedfirms,squarespace|web|web-design,,,,2026-09-20 22:09
descom.digital,Descom Softwares Pvt. Ltd.,https://descom.digital/,,United States,us,selectedfirms,web|web-design,,,,2026-09-20 22:09
brainstorm.rs,Brainstorm Solutions,https://www.brainstorm.rs/,,United States,us,selectedfirms,web|web-design,,,,2026-09-20 22:09
bimeodigital.com,Bimeo Digital Solutions,https://bimeodigital.com/,,United States,us,selectedfirms,web|web-design,,,,2026-09-20 22:09
richinnovationsplc.com,Richinnovations Technologies Pvt. Ltd.,https://richinnovationsplc.com/,,United States,us,selectedfirms,ecommerce|web|web-design,,,,2026-09-20 22:09
frugalnova.com,Frugalnova Innovation,https://www.frugalnova.com/,,United States,us,selectedfirms,web|web-design,,,,2026-09-20 22:09
sygul.com,Sygul Technologies,https://sygul.com/,,United States,us,selectedfirms,ecommerce|web|web-design,,,,2026-09-20 22:09
ishanmishra.in,IshanTech,https://ishanmishra.in/,,United States,us,selectedfirms,web|web-design,,,,2026-09-20 22:09
plaxotechnologies.com,Plaxo Technologies,https://plaxotechnologies.com/,,United States,us,selectedfirms,web|web-design,,,,2026-09-20 22:09
opalinfotech.com,Opal Infotech,https://www.opalinfotech.com/,,United States,us,selectedfirms,ecommerce|web|web-design,,,,2026-09-20 22:09
briteliteimmersive.com,Britelite Immersive,https://www.briteliteimmersive.com/,,United States,us,selectedfirms,web|web-design,,,,2026-09-20 22:09
digitalsolutions.com.pk,DS Technologies (Pvt.) Limited,https://digitalsolutions.com.pk/,,United States,us,selectedfirms,web|web-design,,,,2026-09-20 22:09
geniqsoft.com,GeniqSoft,https://geniqsoft.com/,,United States,us,selectedfirms,ecommerce|web|web-design,,,,2026-09-20 22:09
pixelpulselabsinc.com,Pixelpulse Labs Inc,https://pixelpulselabsinc.com/,,United States,us,selectedfirms,ecommerce|web|web-design,,,,2026-09-20 22:09
aladinntech.com,Aladinn Tech,https://www.aladinntech.com/,,United States,us,selectedfirms,web|web-design,,,,2026-09-20 22:09
atls.team,Atlantis,https://atls.team/,,United States,us,selectedfirms,web|web-design,,,,2026-09-20 22:09
blindtech.in,Blindtech Agency,https://blindtech.in/,,United States,us,selectedfirms,ecommerce|web|web-design,,,,2026-09-20 22:09
ens.enterprises,ENS Enterprises,https://www.ens.enterprises/,,United States,us,selectedfirms,ecommerce|web|web-design,,,,2026-09-20 22:09
chariotcreative.com,Chariot,https://chariotcreative.com/,,United States,us,selectedfirms,ecommerce|web|web-design,,,,2026-09-20 22:09
livewebmedia.com,LiveWebMedia,https://www.livewebmedia.com/,,United States,us,selectedfirms,web|web-design,,,,2026-09-20 22:09
websitemarketing.co,Website Marketing Company,https://www.websitemarketing.co/,,United States,us,selectedfirms,ecommerce|web|web-design,,,,2026-09-20 22:09
code7labs.com,Code7 Labs,https://code7labs.com/,,United States,us,selectedfirms,ecommerce|web|web-design,,,,2026-09-20 22:09
marriner.com,Marriner Marketing,https://www.marriner.com/,,United States,us,selectedfirms,web|web-design,,,,2026-09-20 22:09
virtualconsonance.com,Virtual Consonance,https://virtualconsonance.com/,,United States,us,selectedfirms,ecommerce|web|web-design,,,,2026-09-20 22:09
galaxymarketingservices.com,Galaxy Marketing Services,https://galaxymarketingservices.com/,,United States,us,selectedfirms,ecommerce|web|web-design,,,,2026-09-20 22:09
shopexagency.com,Shopex Aagency,https://www.shopexagency.com/,,United States,us,selectedfirms,web|web-design,,,,2026-09-20 22:09
pnwwebdevs.com,PNW Web Development,https://pnwwebdevs.com/,,United States,us,selectedfirms,ecommerce|web|web-design,,,,2026-09-20 22:09
plantpoweredmarketing.com,Plant Powered Marketing,https://www.plantpoweredmarketing.com/,,United States,us,selectedfirms,web|web-design,,,,2026-09-20 22:09
ebrandz.in,eBrandz,https://www.ebrandz.in/,,United States,us,selectedfirms,ecommerce|web|web-design,,,,2026-09-20 22:09
oneclicktechnologies.us,OneCLick Technologies,https://oneclicktechnologies.us/,,United States,us,selectedfirms,web|web-design,,,,2026-09-20 22:09
foremostmedia.com,Foremost Media,https://www.foremostmedia.com/,,United States,us,selectedfirms,web|web-design,,,,2026-09-20 22:09
techstudio75.com,Tech Studio75,https://techstudio75.com/,,United States,us,selectedfirms,ecommerce|web|web-design,,,,2026-09-20 22:09
envisionwebmedia.com,Envision Web,https://envisionwebmedia.com/,,United States,us,selectedfirms,ecommerce|web|web-design,,,,2026-09-20 22:09
webryact.com,Webryact,https://www.webryact.com/,,United States,us,selectedfirms,ecommerce|web|web-design,,,,2026-09-20 22:09
encsnetworks.com,ENCS Networks,https://encsnetworks.com/,,United States,us,selectedfirms,web|web-design,,,,2026-09-20 22:09
arihantwebtech.com,Arihant Webtech,https://www.arihantwebtech.com/,,United States,us,selectedfirms,web|web-design,,,,2026-09-20 22:09
websource.co,Websource,https://websource.co/,,United States,us,selectedfirms,ecommerce|web|web-design,,,,2026-09-20 22:09
fervorfish.com,Fervorfish Digital Media,https://www.fervorfish.com/,,United States,us,selectedfirms,ecommerce|squarespace|web|web-design,,,,2026-09-20 22:09
edotdigital.com,edot Digital LLC,https://edotdigital.com/,,United States,us,selectedfirms,ecommerce|web|web-design,,,,2026-09-20 22:09
najeradesign.com,Najera Design + Marketing,https://www.najeradesign.com/,,United States,us,selectedfirms,ecommerce|web|web-design,,,,2026-09-20 22:09
reeaglobal.com,REEA Global,https://reeaglobal.com/,,United States,us,selectedfirms,web|web-design,,,,2026-09-20 22:09
thecharlesnyc.com,The Charles NYC,https://thecharlesnyc.com/,,United States,us,selectedfirms,ecommerce|web|web-design,,,,2026-09-20 22:09
fluid22.com,Fluid22,https://fluid22.com/,,United States,us,selectedfirms,ecommerce|web|web-design,,,,2026-09-20 22:09
nyblecraft.com,NybleCraft,https://nyblecraft.com/,,United States,us,selectedfirms,web|web-design,,,,2026-09-20 22:09
trone.com,Trone Brand Energy,https://trone.com/,,United States,us,selectedfirms,ecommerce|web|web-design,,,,2026-09-20 22:09
pinnacleicons.com,Pinnacle Icons,https://pinnacleicons.com/,,United States,us,selectedfirms,ecommerce|web|web-design,,,,2026-09-20 22:09
netscribes.com,Netscribes,https://www.netscribes.com/,,United States,us,selectedfirms,web|web-design,,,,2026-09-20 22:09
aorton.com,Aorton,https://www.aorton.com/,,United States,us,selectedfirms,web|web-design,,,,2026-09-20 22:09
spmarketingexperts.com,SP Marketing,https://spmarketingexperts.com/,,United States,us,selectedfirms,ecommerce|web|web-design,,,,2026-09-20 22:09
advertisingsolutions.agency,AdvertisingSolutions,https://www.advertisingsolutions.agency/,,United States,us,selectedfirms,web|web-design,,,,2026-09-20 22:09
redtreewebdesign.com,RedTree Web Design,https://redtreewebdesign.com/,,United States,us,selectedfirms,ecommerce|web|web-design,,,,2026-09-20 22:09
digitalneighbor.com,Digital Neighbor,https://digitalneighbor.com/,,United States,us,selectedfirms,ecommerce|web|web-design,,,,2026-09-20 22:09
gtsolutions.agency,GT Solutions,https://gtsolutions.agency/,,United States,us,selectedfirms,ecommerce|squarespace|web|web-design,,,,2026-09-20 22:09
honeymarketing.com,Honey Marketing,https://www.honeymarketing.com/,,United States,us,selectedfirms,web|web-design,,,,2026-09-20 22:09
perfexion.com,Perfexion,https://perfexion.com/,,United States,us,selectedfirms,ecommerce|web|web-design,,,,2026-09-20 22:09
seesawlabs.com,SeeSaw Labs,https://www.seesawlabs.com/,,United States,us,selectedfirms,web|web-design,,,,2026-09-20 22:09
digitalfireflymarketing.com,Digital Firefly Marketing,https://digitalfireflymarketing.com/,,United States,us,selectedfirms,web|web-design,,,,2026-09-20 22:09
traditionmarketing.com,Tradition Marketing,https://traditionmarketing.com/,,United States,us,selectedfirms,web|web-design,,,,2026-09-20 22:09
wearescribe.com,Scribe,https://www.wearescribe.com/,,United States,us,selectedfirms,squarespace|web|web-design,,,,2026-09-20 22:09
webcaptive.com,WebCaptive,https://www.webcaptive.com/,,United States,us,selectedfirms,web|web-design,,,,2026-09-20 22:09
interactivedesignsolutions.com,Interactive Design Solutions,https://interactivedesignsolutions.com/,,United States,us,selectedfirms,web|web-design,,,,2026-09-20 22:09
prismpulse.io,Prism Pulse,https://prismpulse.io/,,United States,us,selectedfirms,web|web-design,,,,2026-09-20 22:09
thelogowallstreet.com,The Logo Wall Street LLC.,https://thelogowallstreet.com/,,United States,us,selectedfirms,web|web-design,,,,2026-09-20 22:09
camelback.digital,Camelback Digital,https://www.camelback.digital/,,United States,us,selectedfirms,web|web-design,,,,2026-09-20 22:09
amgdigitalsolutions.com,AMG Digital Solutions LLC,https://amgdigitalsolutions.com/,,United States,us,selectedfirms,squarespace|web|web-design,,,,2026-09-20 22:09
wewebworks.com,WeWebWorks,https://wewebworks.com/,,United States,us,selectedfirms,web|web-design,,,,2026-09-20 22:09
heydigi.marketing,Hey! Digi,https://heydigi.marketing/,,United States,us,selectedfirms,squarespace|web|web-design,,,,2026-09-20 22:09
phvntom.com,Phvntom Inc.,https://phvntom.com/,,United States,us,selectedfirms,squarespace|web|web-design,,,,2026-09-20 22:09
prosourcemedia.net,ProSource Media,https://prosourcemedia.net/,,United States,us,selectedfirms,web|web-design,,,,2026-09-20 22:09
krischislett.com,Kris Chislett,https://www.krischislett.com/,,United States,us,selectedfirms,web|web-design,,,,2026-09-20 22:09
atriumdigital.com,Atrium Digital,https://atriumdigital.com/,,United States,us,selectedfirms,web|web-design,,,,2026-09-20 22:09
premiumwebexperts.com,Premium Web Experts,https://premiumwebexperts.com/,,United States,us,selectedfirms,web|web-design,,,,2026-09-20 22:09
pageonewebsolutions.com,Page One Web Solutions,https://www.pageonewebsolutions.com/,,United States,us,selectedfirms,web|web-design,,,,2026-09-20 22:09
medforward.com,"MedForward, Inc.",https://www.medforward.com/,,United States,us,selectedfirms,web|web-design,,,,2026-09-20 22:09
ringomedia.com,Ringo Media,https://ringomedia.com/,,United States,us,selectedfirms,web|web-design,,,,2026-09-20 22:09
itvibes.com,ITVibes,https://www.itvibes.com/,,United States,us,selectedfirms,web|web-design,,,,2026-09-20 22:09
pspinc.com,Pacific Software Publishing,https://www.pspinc.com/,,United States,us,selectedfirms,web|web-design,,,,2026-09-20 22:09
ltrdigitalgroup.com,LTR Digital Group,https://ltrdigitalgroup.com/,,United States,us,selectedfirms,web|web-design,,,,2026-09-20 22:09
taptwicedigital.com,TapTwice Digital,https://taptwicedigital.com/,,United States,us,selectedfirms,web|web-design,,,,2026-09-20 22:09
redheadlabs.com,Redhead Labs,https://redheadlabs.com/,,United States,us,selectedfirms,ecommerce|web|web-design,,,,2026-09-20 22:09
krishnaninc.com,Krishnan & Associates,https://krishnaninc.com/,,United States,us,selectedfirms,web|web-design,,,,2026-09-20 22:09
icenineonline.com,Ice Nine Online,https://icenineonline.com/,,United States,us,selectedfirms,web|web-design,,,,2026-09-20 22:09
wsismartmarketing.com,WSI Smart Marketing,https://wsismartmarketing.com/,,United States,us,selectedfirms,web|web-design,,,,2026-09-20 22:09
futurebuffalowebdesign.com,Future Buffalo,https://futurebuffalowebdesign.com/,,United States,us,selectedfirms,web|web-design,,,,2026-09-20 22:09
thezestlab.com,The Zest Lab,https://thezestlab.com/,,United States,us,selectedfirms,web|web-design,,,,2026-09-20 22:09
spindustry.com,Spindustry,https://www.spindustry.com/,,United States,us,selectedfirms,web|web-design,,,,2026-09-20 22:09
lastcallmedia.com,Last Call Media,https://lastcallmedia.com/,,United States,us,selectedfirms,web|web-design,,,,2026-09-20 22:09
parkandbattery.com,Park & Battery,https://parkandbattery.com/,,United States,us,selectedfirms,web|web-design,,,,2026-09-20 22:09
digiperksmarketing.com,Digiperks Marketing,https://digiperksmarketing.com/,,United States,us,selectedfirms,squarespace|web|web-design,,,,2026-09-20 22:09
maxiru.com,Maxiru,https://www.maxiru.com/,,United States,us,selectedfirms,web|web-design,,,,2026-09-20 22:09
therankinggeeks.ai,The Ranking Geeks,https://therankinggeeks.ai/,,United States,us,selectedfirms,web|web-design,,,,2026-09-20 22:09
afixia.com,Afixia,https://afixia.com/,,United States,us,selectedfirms,web|web-design,,,,2026-09-20 22:09
reliablepsd.com,ReliablePSD,https://www.reliablepsd.com/,,United States,us,selectedfirms,web|web-design,,,,2026-09-20 22:09
thinkitfirst.com,Think It First,https://thinkitfirst.com/,,United States,us,selectedfirms,web|web-design,,,,2026-09-20 22:09
camberlion.com,Camberlion,https://camberlion.com/,,United States,us,selectedfirms,web|web-design,,,,2026-09-20 22:09
spacedinosaurs.com,Space Dinosaurs,https://www.spacedinosaurs.com/,,United States,us,selectedfirms,ecommerce|web|web-design,,,,2026-09-20 22:09
theboringseo.co,The Boring SEO,https://theboringseo.co/,,United States,us,selectedfirms,web|web-design,,,,2026-09-20 22:09
inbound.studio,Inbound Studio LLC,https://inbound.studio/,,United States,us,selectedfirms,web|web-design,,,,2026-09-20 22:09
beyondmediamarketing.com,Beyond Media Marketing,https://beyondmediamarketing.com/,,United States,us,selectedfirms,web|web-design,,,,2026-09-20 22:09
seedtechnologies.com,Seed Technologies,https://www.seedtechnologies.com/,,United States,us,selectedfirms,web|web-design,,,,2026-09-20 22:09
swovo.com,Swovo,https://swovo.com/services/ui-ux-design/,,United States,us,selectedfirms,web|web-design,,,,2026-09-20 22:09
twinsunsolutions.com,Twin Sun,https://twinsunsolutions.com/,,United States,us,selectedfirms,web|web-design,,,,2026-09-20 22:09
rapidevelopers.com,RapidDev,https://www.rapidevelopers.com/,,United States,us,selectedfirms,web|web-design,,,,2026-09-20 22:09
collective42.com,Collective42,https://collective42.com/,,United States,us,selectedfirms,ecommerce|web|web-design,,,,2026-09-20 22:09
temperandforge.com,Temper And Forge,https://temperandforge.com/,,United States,us,selectedfirms,web|web-design,,,,2026-09-20 22:09
redfoundry.com,Red Foundry,https://www.redfoundry.com/,,United States,us,selectedfirms,web|web-design,,,,2026-09-20 22:09
thebrickfactory.com,The Brick Factory,https://www.thebrickfactory.com/,,United States,us,selectedfirms,web|web-design,,,,2026-09-20 22:09
thechakor.com,Chakor,https://www.thechakor.com/,,United States,us,selectedfirms,web|web-design,,,,2026-09-20 22:09
taoti.com,Taoti Creative,https://taoti.com/,,United States,us,selectedfirms,web|web-design,,,,2026-09-20 22:09
activecolor.com,ActiveColor,https://activecolor.com/,,United States,us,selectedfirms,web|web-design,,,,2026-09-20 22:09
prolificdigital.com,Prolific Digital,https://prolificdigital.com/,,United States,us,selectedfirms,web|web-design,,,,2026-09-20 22:09
lgnd.com,LGND // Creative Studio,https://lgnd.com/,,United States,us,selectedfirms,web|web-design,,,,2026-09-20 22:09
bnma.us,BNMA,https://www.bnma.us/,,United States,us,selectedfirms,web|web-design,,,,2026-09-20 22:09
crsoftware.tech,CR Software Solutions,https://crsoftware.tech/,,United States,us,selectedfirms,web|web-design,,,,2026-09-20 22:09
buildableworks.com,Buildable Custom Software,https://www.buildableworks.com/,,United States,us,selectedfirms,web|web-design,,,,2026-09-20 22:09
octaria.com,Octaria Software Development,https://www.octaria.com/,,United States,us,selectedfirms,web|web-design,,,,2026-09-20 22:09
buenavistacreative.com,Buena Vista Creative,https://buenavistacreative.com/,,United States,us,selectedfirms,web|web-design,,,,2026-09-20 22:09
crazyimagine.com,Crazy Imagine Software LLC,https://crazyimagine.com/,,United States,us,selectedfirms,web|web-design,,,,2026-09-20 22:09
arounda.agency,Arounda,https://arounda.agency/,,United States,us,selectedfirms,web|web-design,,,,2026-09-20 22:09
designhammer.com,DesignHammer,https://designhammer.com/,,United States,us,selectedfirms,web|web-design,,,,2026-09-20 22:09
darly.solutions,Darly Solutions,https://www.darly.solutions/,,United States,us,selectedfirms,web|web-design,,,,2026-09-20 22:09
fulcrum.rocks,Fulcrum,https://fulcrum.rocks/,,United States,us,selectedfirms,web|web-design,,,,2026-09-20 22:09
thecreativemomentum.com,The Creative Momentum,https://www.thecreativemomentum.com/,,United States,us,selectedfirms,web|web-design,,,,2026-09-20 22:09
jmg.mn,The Jed Mahonis Group,https://jmg.mn/,,United States,us,selectedfirms,web|web-design,,,,2026-09-20 22:09
magnet.co,Magnet Co,https://magnet.co/,,United States,us,selectedfirms,web|web-design,,,,2026-09-20 22:09
infront.com,Infront Webworks,https://www.infront.com/,,United States,us,selectedfirms,web|web-design,,,,2026-09-20 22:09
venveo.com,Venveo,https://www.venveo.com/,,United States,us,selectedfirms,web|web-design,,,,2026-09-20 22:09
fexle.com,Fexle Inc,https://www.fexle.com/,,United States,us,selectedfirms,web|web-design,,,,2026-09-20 22:09
light-it.net,Light IT,https://light-it.net/,,United States,us,selectedfirms,web|web-design,,,,2026-09-20 22:09
eno8.com,ENO8,https://www.eno8.com/,,United States,us,selectedfirms,web|web-design,,,,2026-09-20 22:09
equalexperts.com,Equal Experts,https://www.equalexperts.com/,,United States,us,selectedfirms,web|web-design,,,,2026-09-20 22:09
icebergwebdesign.com,Iceberg Web Design,https://www.icebergwebdesign.com/,,United States,us,selectedfirms,web|web-design,,,,2026-09-20 22:09
x-centric.com,X-Centric IT Solutions,https://www.x-centric.com/,,United States,us,selectedfirms,web-design,,,,2026-09-20 22:09
brandmasterz.com,Brandmasterz,https://www.brandmasterz.com/,,United States,us,selectedfirms,web-design,,,,2026-09-20 22:09
thekingsenglish.com,Kings English,https://www.thekingsenglish.com/,,United States,us,selectedfirms,web|web-design,,,,2026-09-20 22:09
heartbeepmarketingnh.com,HeartBeep Marketing NH,https://heartbeepmarketingnh.com/,,United States,us,selectedfirms,web|web-design,,,,2026-09-20 22:09
digitalbarristers.com,Digital Barristers,https://digitalbarristers.com/,,United States,us,selectedfirms,web-design,,,,2026-09-20 22:09
10alogo.com,10A Logo,https://www.10alogo.com,,United States,us,selectedfirms,web|web-design,,,,2026-09-20 22:09
viprabusiness.com,Vipra Business Consulting Service,http://www.viprabusiness.com/,,United States,us,selectedfirms,ecommerce|web|web-design,,,,2026-09-20 22:09
boston-technology.com,Boston Technology Corporation,https://www.boston-technology.com/,,United States,us,selectedfirms,ecommerce|web|web-design,,,,2026-09-20 22:09
synoptek.com,Synoptek,https://synoptek.com/,,United States,us,selectedfirms,web-design,,,,2026-09-20 22:09
mobiwebtech.com,Mobiweb Technologies,https://mobiwebtech.com/,,United States,us,selectedfirms,web|web-design,,,,2026-09-20 22:09
1digitalagency.com,1Digital Agency,https://www.1digitalagency.com/,,United States,us,selectedfirms,web|web-design,,,,2026-09-20 22:09
dashtechinc.com,Dash Technologies Inc.,https://dashtechinc.com/,,United States,us,selectedfirms,web|web-design,,,,2026-09-20 22:09
truefit.io,Truefit,https://truefit.io/,,United States,us,selectedfirms,web|web-design,,,,2026-09-20 22:09
pnnsoft.com,PNN Soft,https://pnnsoft.com/,,United States,us,selectedfirms,web|web-design,,,,2026-09-20 22:09
jway.com,Jway Group,https://www.jway.com/,,United States,us,selectedfirms,web|web-design,,,,2026-09-20 22:09
qci.com,QCI,https://www.qci.com/,,United States,us,selectedfirms,web|web-design,,,,2026-09-20 22:09
starshotsoftware.com,Starshot Software,https://www.starshotsoftware.com/,,United States,us,selectedfirms,web|web-design,,,,2026-09-20 22:09
10xmanagement.com,10x Management,https://10xmanagement.com/,,United States,us,selectedfirms,web|web-design,,,,2026-09-20 22:09
staylime.com,Staylime,https://staylime.com/,,United States,us,selectedfirms,ecommerce|web-design,,,,2026-09-20 22:09
softsages.com,SoftSages Technology,https://www.softsages.com/,,United States,us,selectedfirms,web|web-design,,,,2026-09-20 22:09
leapinglogic.com,Leaping Logic,https://leapinglogic.com/,,United States,us,selectedfirms,ecommerce|web|web-design,,,,2026-09-20 22:09
sparkbusinessworks.com,SPARK Business Works,https://sparkbusinessworks.com/,,United States,us,selectedfirms,web|web-design,,,,2026-09-20 22:09
newpeaksolutions.com,New Peak Solutions,http://www.newpeaksolutions.com/,,United States,us,selectedfirms,web|web-design,,,,2026-09-20 22:09
airdev.co,Airdev,https://www.airdev.co/,,United States,us,selectedfirms,web|web-design,,,,2026-09-20 22:09
accelone.com,AccelOne,https://www.accelone.com/,,United States,us,selectedfirms,web|web-design,,,,2026-09-20 22:09
metova.com,Metova,https://metova.com/,,United States,us,selectedfirms,web|web-design,,,,2026-09-20 22:09
marlabs.com,Marlabs Inc,https://www.marlabs.com/,,United States,us,selectedfirms,web-design,,,,2026-09-20 22:09
codedistrict.com,Code District,https://codedistrict.com/,,United States,us,selectedfirms,web|web-design,,,,2026-09-20 22:09
yourdigitalstop.com,imaga,https://yourdigitalstop.com/,,United States,us,selectedfirms,web|web-design,,,,2026-09-20 22:09
uniwebb.com,Uniwebb Software,https://www.uniwebb.com/,,United States,us,selectedfirms,web|web-design,,,,2026-09-20 22:09
ziffity.com,Ziffity Solutions,https://www.ziffity.com/,,United States,us,selectedfirms,ecommerce|web-design,,,,2026-09-20 22:09
mediaura.com,Mediaura,https://mediaura.com/,,United States,us,selectedfirms,ecommerce|web|web-design,,,,2026-09-20 22:09
slickdigital.io,SlickDigital,https://slickdigital.io/,,United States,us,selectedfirms,web-design,,,,2026-09-20 22:09
link2city.com,Link2CITY,https://link2city.com/,,United States,us,selectedfirms,ecommerce|web|web-design,,,,2026-09-20 22:09
webnys.com,WEBNYS Technology,https://www.webnys.com/,,United States,us,selectedfirms,web|web-design,,,,2026-09-20 22:09
unicorndv.com,Unicorn DV,https://unicorndv.com/,,United States,us,selectedfirms,web|web-design,,,,2026-09-20 22:09
unravelers.com,Unravel Technologies,https://unravelers.com/,,United States,us,selectedfirms,web|web-design,,,,2026-09-20 22:09
edeltaes.com,eDelta Enterprise,https://www.edeltaes.com/,,United States,us,selectedfirms,web|web-design,,,,2026-09-20 22:09
beaconhousetechnology.com,Beaconhouse Technology,https://www.beaconhousetechnology.com/,,United States,us,selectedfirms,web|web-design,,,,2026-09-20 22:09
nanobytetechnologies.com,NanoByte Technologies,https://www.nanobytetechnologies.com/,,United States,us,selectedfirms,web|web-design,,,,2026-09-20 22:09
thenavsoft.com,Navsoft,https://www.thenavsoft.com/,,United States,us,selectedfirms,web-design,,,,2026-09-20 22:09
techreforms.com,Tech Reforms,https://techreforms.com/,,United States,us,selectedfirms,squarespace|web|web-design,,,,2026-09-20 22:09
codingit.dev,CodingIT,https://codingit.dev/,,United States,us,selectedfirms,web|web-design,,,,2026-09-20 22:09
potentialdigitalagency.com,Potential Digital Agency,https://potentialdigitalagency.com/,,United States,us,selectedfirms,web|web-design,,,,2026-09-20 22:09
d2railabs.com,D2R AI Labs Private ltd,https://d2railabs.com/,,United States,us,selectedfirms,web|web-design,,,,2026-09-20 22:09
tresastronautas.com,Tres Astronautas,https://www.tresastronautas.com/en,,United States,us,selectedfirms,web|web-design,,,,2026-09-20 22:09
kyptronix.us,Kyptronix,https://www.kyptronix.us/,,United States,us,selectedfirms,ecommerce|web|web-design,,,,2026-09-20 22:09
sailet.pro,Sailet LLC,https://sailet.pro/,,United States,us,selectedfirms,web|web-design,,,,2026-09-20 22:09
lockdata.com,LockData Technologies,https://lockdata.com/,,United States,us,selectedfirms,ecommerce|web|web-design,,,,2026-09-20 22:09
cloakanddagger.agency,Cloak&Dagger,https://cloakanddagger.agency/,,United States,us,selectedfirms,web|web-design,,,,2026-09-20 22:09
qapsoftwaresolutions.com,QAP Software Solutions,https://qapsoftwaresolutions.com/,,United States,us,selectedfirms,web|web-design,,,,2026-09-20 22:09
wte.net,WTE SOLUTIONS,https://www.wte.net/,,United States,us,selectedfirms,ecommerce|web-design,,,,2026-09-20 22:09
fyin.com,Fyin.com,https://www.fyin.com/,,United States,us,selectedfirms,ecommerce|web|web-design,,,,2026-09-20 22:09
conceptinfoway.net,Concept Infoway,https://www.conceptinfoway.net/,,United States,us,selectedfirms,ecommerce|web|web-design,,,,2026-09-20 22:09
findmetechie.com,FindMeTechie,https://www.findmetechie.com/,,United States,us,selectedfirms,ecommerce|web|web-design,,,,2026-09-20 22:09
paradowski.com,Paradowski Creative,https://paradowski.com/,,United States,us,selectedfirms,web|web-design,,,,2026-09-20 22:09
sundaramdesign.com,Sundaram,https://sundaramdesign.com/,,United States,us,selectedfirms,web-design,,,,2026-09-20 22:09
magnetizeagency.com,Magnetize,https://www.magnetizeagency.com/,,United States,us,selectedfirms,web-design,,,,2026-09-20 22:09
experiencefresh.com,Experience Fresh,https://experiencefresh.com/,,United States,us,selectedfirms,web-design,,,,2026-09-20 22:09
thoughtprocessinteractive.com,Thoughtprocess Interactive,https://www.thoughtprocessinteractive.com/,,United States,us,selectedfirms,web|web-design,,,,2026-09-20 22:09
cole-dalton.com,Cole-Dalton Marketing Services,https://www.cole-dalton.com/,,United States,us,selectedfirms,web-design,,,,2026-09-20 22:09
amzur.com,Amzur Technologies,https://amzur.com/,,United States,us,selectedfirms,web|web-design,,,,2026-09-20 22:09
vervelogic.com,Verve Logic,https://www.vervelogic.com/,,United States,us,selectedfirms,ecommerce|web|web-design,,,,2026-09-20 22:09
ndimensionlabs.com,Ndimension Labs,https://ndimensionlabs.com/,,United States,us,selectedfirms,ecommerce|web-design,,,,2026-09-20 22:09
sphereinc.com,Sphere Partners,https://www.sphereinc.com/,,United States,us,selectedfirms,web-design,,,,2026-09-20 22:09
reddensoft.com,Reddensoft,https://reddensoft.com/,,United States,us,selectedfirms,web|web-design,,,,2026-09-20 22:09
codingbrains.com,Coding Brains,https://codingbrains.com/,,United States,us,selectedfirms,web|web-design,,,,2026-09-20 22:09
youngdecade.com,Young Decade IT Software Solution,https://www.youngdecade.com/,,United States,us,selectedfirms,web|web-design,,,,2026-09-20 22:09
spsoftglobal.com,SP Software (P) Limited,https://www.spsoftglobal.com/,,United States,us,selectedfirms,web|web-design,,,,2026-09-20 22:09
sodermanseo.com,Soderman SEO,https://www.sodermanseo.com/,,United States,us,selectedfirms,web-design,,,,2026-09-20 22:09
stringcaninteractive.com,StringCan Interactive,https://stringcaninteractive.com/,,United States,us,selectedfirms,web|web-design,,,,2026-09-20 22:09
scottsdalewebsitedesign.com,Scottsdale Website Design,https://scottsdalewebsitedesign.com/,,United States,us,selectedfirms,web|web-design,,,,2026-09-20 22:09
sataware.com,Sataware Technologies,https://www.sataware.com/,,United States,us,selectedfirms,ecommerce|magento|web|web-design|wordpress,,,,2026-09-20 22:09
tkg.com,The Karcher Group,https://www.tkg.com/,,United States,us,selectedfirms,web|web-design,,,,2026-09-20 22:09
charlottecontentmarketing.com,Charlotte Content Marketing,https://www.charlottecontentmarketing.com/,,United States,us,selectedfirms,web|web-design,,,,2026-09-20 22:09
renotechs.com,Reno Techs,https://renotechs.com/,,United States,us,selectedfirms,web|web-design,,,,2026-09-20 22:09
invertedsoftware.com,Inverted Software,https://www.invertedsoftware.com/,,United States,us,selectedfirms,web|web-design,,,,2026-09-20 22:09
prospergroupcorp.com,The Prosper Group,https://www.prospergroupcorp.com/,,United States,us,selectedfirms,web|web-design,,,,2026-09-20 22:09
3axtech.com,3axTech,https://3axtech.com/,,United States,us,selectedfirms,web|web-design,,,,2026-09-20 22:09
mediafuel.net,MediaFuel,https://www.mediafuel.net/,,United States,us,selectedfirms,web|web-design,,,,2026-09-20 22:09
njproductions.us,NJ Productions,https://njproductions.us/,,United States,us,selectedfirms,web|web-design,,,,2026-09-20 22:09
a-g.com,Allen & Gerritsen,https://www.a-g.com/,,United States,us,selectedfirms,web|web-design,,,,2026-09-20 22:09
customhouseinc.com,Custom House Technology Consultants,https://www.customhouseinc.com/,,United States,us,selectedfirms,web|web-design,,,,2026-09-20 22:09
smalltalkmedia.com,Small Talk Media,https://smalltalkmedia.com/,,United States,us,selectedfirms,ecommerce|web-design,,,,2026-09-20 22:09
ceebig.com,Ceebig Group Inc.,https://ceebig.com/,,United States,us,selectedfirms,web-design,,,,2026-09-20 22:09
spark451.com,Spark451,https://www.spark451.com/,,United States,us,selectedfirms,web-design,,,,2026-09-20 22:09
ncitsolutions.com,NCIT Solutions,https://ncitsolutions.com/,,United States,us,selectedfirms,ecommerce|web|web-design,,,,2026-09-20 22:09
ideatorsdigital.com,Ideators Digital,https://ideatorsdigital.com/,,United States,us,selectedfirms,web-design,,,,2026-09-20 22:09
lessburn.com,lessburn,https://www.lessburn.com/,,United States,us,selectedfirms,web|web-design,,,,2026-09-20 22:09
ideas2it.com,Ideas2IT Technologies,https://www.ideas2it.com/,,United States,us,selectedfirms,web-design,,,,2026-09-20 22:09
icreativesol.com,iCreativeSOL,https://icreativesol.com/,,United States,us,selectedfirms,ecommerce|web-design,,,,2026-09-20 22:09
webtek.co,Webtek Interactive,https://webtek.co/,,United States,us,selectedfirms,web-design,,,,2026-09-20 22:09
insightgoat.com,Insight Goat,https://www.insightgoat.com/,,United States,us,selectedfirms,web-design,,,,2026-09-20 22:09
shopskey.com,Shopskey,https://www.shopskey.com/,,United States,us,selectedfirms,ecommerce|magento|web|web-design|woocommerce|wordpress,,,,2026-09-20 22:09
nanatomedia.com,Nanato Media,https://nanatomedia.com/,,United States,us,selectedfirms,web-design,,,,2026-09-20 22:09
gthcloud365.com,GTH Cloud 365 LLC,https://www.gthcloud365.com/,,United States,us,selectedfirms,ecommerce|web|web-design,,,,2026-09-20 22:09
vynyl.com,VYNYL,https://vynyl.com/,,United States,us,selectedfirms,web|web-design,,,,2026-09-20 22:09
tlkfusion.com,TLK Fusion,https://tlkfusion.com/,,United States,us,selectedfirms,web-design,,,,2026-09-20 22:09
scorpion.co,Scorpion,https://www.scorpion.co/,,United States,us,selectedfirms,web-design,,,,2026-09-20 22:09
btwebgroup.com,BT Web Group,https://btwebgroup.com/,,United States,us,selectedfirms,ecommerce|web|web-design,,,,2026-09-20 22:09
technosofteng.com,Technosoft Engineering Projects Ltd,https://technosofteng.com/,,United States,us,selectedfirms,web|web-design,,,,2026-09-20 22:09
infotyke.com,iNFOTYKE,https://infotyke.com/,,United States,us,selectedfirms,ecommerce|web|web-design,,,,2026-09-20 22:09
blinkjarmedia.com,BlinkJar Media,https://www.blinkjarmedia.com/,,United States,us,selectedfirms,web|web-design,,,,2026-09-20 22:09
brainminetech.com,Brainmine Web Solutions,https://www.brainminetech.com/,,United States,us,selectedfirms,web|web-design,,,,2026-09-20 22:09
horizoncore.com,HorizonCore InfoSoft Pvt. Ltd.,https://www.horizoncore.com/,,United States,us,selectedfirms,ecommerce|web|web-design,,,,2026-09-20 22:09
softmaxai.com,SoftmaxAI,https://www.softmaxai.com/,,United States,us,selectedfirms,web|web-design,,,,2026-09-20 22:09
createwebstudios.com,Create Web Studios,https://createwebstudios.com/,,United States,us,selectedfirms,web|web-design,,,,2026-09-20 22:09
pods365.com,PODS365 INC,https://pods365.com/,,United States,us,selectedfirms,web|web-design,,,,2026-09-20 22:09
advetfly.com,Advetfly Solutions,https://www.advetfly.com/,,United States,us,selectedfirms,web|web-design,,,,2026-09-20 22:09
spacecreatureco.com,Space Creature Creative,https://spacecreatureco.com/,,United States,us,selectedfirms,web|web-design,,,,2026-09-20 22:09
siliconinfo.com,Silicon Valley Infomedia Pvt. Ltd.,https://www.siliconinfo.com/,,United States,us,selectedfirms,ecommerce|web|web-design,,,,2026-09-20 22:09
code-makers.com,Code Makers,https://code-makers.com/,,United States,us,selectedfirms,web|web-design,,,,2026-09-20 22:09
ruteappz.com,Ruteappz,https://www.ruteappz.com/,,United States,us,selectedfirms,ecommerce|web|web-design,,,,2026-09-20 22:09
rojrztech.com,RojrzTech,https://rojrztech.com/,,United States,us,selectedfirms,ecommerce|web|web-design,,,,2026-09-20 22:09
codeblendlabs.com,CodeBlend Labs,https://codeblendlabs.com/,,United States,us,selectedfirms,web|web-design,,,,2026-09-20 22:09
brsolutions.in,BR Solutions,https://brsolutions.in/,,United States,us,selectedfirms,ecommerce|web|web-design,,,,2026-09-20 22:09
ideation-digital.com,Ideation Digital Marketing,https://www.ideation-digital.com/,,United States,us,selectedfirms,web|web-design,,,,2026-09-20 22:09
designpremiers.com,Design Premiers,https://designpremiers.com/,,United States,us,selectedfirms,ecommerce|web|web-design,,,,2026-09-20 22:09
mediag.com,Media Genesis,https://mediag.com/,,United States,us,selectedfirms,ecommerce|squarespace|web|web-design,,,,2026-09-20 22:09
freeco.dev,Free Co.,https://freeco.dev/,,United States,us,selectedfirms,ecommerce|web|web-design,,,,2026-09-20 22:09
alphalytics.tech,Alphalytics,https://alphalytics.tech/,,United States,us,selectedfirms,web|web-design,,,,2026-09-20 22:09
webcarehouse.com,Web Care House LLC,https://webcarehouse.com/,,United States,us,selectedfirms,web|web-design,,,,2026-09-20 22:09
wildnetedge.com,Wildnet Edge,https://www.wildnetedge.com/,,United States,us,selectedfirms,web|web-design,,,,2026-09-20 22:09
wgaglobal.com,WGA,https://wgaglobal.com/,,United States,us,selectedfirms,web|web-design,,,,2026-09-20 22:09
pinnacleco.com,Pinnacle Communications Resource Company,https://pinnacleco.com/,,United States,us,selectedfirms,web|web-design,,,,2026-09-20 22:09
hurekatek.com,Hureka Technologies,https://www.hurekatek.com/,,United States,us,selectedfirms,ecommerce|web|web-design,,,,2026-09-20 22:09
helppli.com,Helppli,https://helppli.com/,,United States,us,selectedfirms,ecommerce|web|web-design|woocommerce|wordpress,,,,2026-09-20 22:09
advertisinghub.com,KOB Advertising,https://advertisinghub.com/albuquerque-digital-marketing-agency/,,United States,us,selectedfirms,web|web-design,,,,2026-09-20 22:09
adsmartinc.com,Adsmart,https://adsmartinc.com/,,United States,us,selectedfirms,web-design,,,,2026-09-20 22:09
softdel.com,Softdel,https://www.softdel.com/,,United States,us,selectedfirms,web|web-design,,,,2026-09-20 22:09
graybox.co,GRAYBOX,https://graybox.co/,,United States,us,selectedfirms,ecommerce|squarespace|web|web-design,,,,2026-09-20 22:09
evolvedash.com,EvolveDash Inc,https://evolvedash.com/,,United States,us,selectedfirms,web|web-design,,,,2026-09-20 22:09
idealmsp.com,"Ideal Technologies, Inc.",https://www.idealmsp.com/,,United States,us,selectedfirms,ecommerce|web|web-design,,,,2026-09-20 22:09
escologics.com,"Esco Logics, LLC",https://escologics.com/,,United States,us,selectedfirms,web|web-design,,,,2026-09-20 22:09
straxum.com,Straxum Technologies,https://straxum.com/,,United States,us,selectedfirms,web|web-design,,,,2026-09-20 22:09
theloremipsumco.com,The Lorem Ipsum Company,https://www.theloremipsumco.com/,,United States,us,selectedfirms,web|web-design,,,,2026-09-20 22:09
vizergy.com,Vizergy Digital Marketing,https://www.vizergy.com/,,United States,us,selectedfirms,web|web-design,,,,2026-09-20 22:09
summitdesignsgroup.com,Summit Designs Group,https://www.summitdesignsgroup.com/,,United States,us,selectedfirms,web|web-design,,,,2026-09-20 22:09
web-desires.com,Web-Desires,https://web-desires.com/,,United States,us,selectedfirms,web|web-design,,,,2026-09-20 22:09
brightter.com,Brightter Inc.,https://www.brightter.com/,,United States,us,selectedfirms,web|web-design,,,,2026-09-20 22:09
meticul.com,Meticul Solutions,https://meticul.com/,,United States,us,selectedfirms,web|web-design,,,,2026-09-20 22:09
virtelligence.com,Virtelligence,https://virtelligence.com/,,United States,us,selectedfirms,web|web-design,,,,2026-09-20 22:09
odatomarketing.com,Odato Marketing Group,https://odatomarketing.com/,,United States,us,selectedfirms,web|web-design,,,,2026-09-20 22:09
tagteamdesign.com,Tag Team Design,https://www.tagteamdesign.com/,,United States,us,selectedfirms,web|web-design,,,,2026-09-20 22:09
getventive.com,Ventive,https://www.getventive.com/,,United States,us,selectedfirms,web|web-design,,,,2026-09-20 22:09
goldpromotion.com,Gold Promotion,https://goldpromotion.com/,,United States,us,selectedfirms,web|web-design,,,,2026-09-20 22:09
grapeinc.com,Grapevine Communications,https://grapeinc.com/,,United States,us,selectedfirms,web|web-design,,,,2026-09-20 22:09
fortunesoftit.com,Fortunesoft IT Innovations,https://www.fortunesoftit.com/,,United States,us,selectedfirms,web|web-design|wordpress,,,,2026-09-20 22:09
ozvid.com,OZVID Technologies,https://ozvid.com/,,United States,us,selectedfirms,web|web-design|wordpress,,,,2026-09-20 22:09
truefitmarketing.com,True Fit Marketing,https://truefitmarketing.com/,,United States,us,selectedfirms,web-design,,,,2026-09-20 22:09
vilece.com,Vilece Technology Services,https://www.vilece.com/,,United States,us,selectedfirms,web-design,,,,2026-09-20 22:09
digett.com,Digett,https://www.digett.com/,,United States,us,selectedfirms,web|web-design,,,,2026-09-20 22:09
blackdiamondmarketingsolutions.com,Cap Puckhaber: Black Diamond Marketing Solutions,https://blackdiamondmarketingsolutions.com/,,United States,us,selectedfirms,web-design,,,,2026-09-20 22:09
mobifly.tech,Mobifly.tech,https://mobifly.tech/,,United States,us,selectedfirms,web|web-design,,,,2026-09-20 22:09
jetbase.io,JetBase.IO,https://jetbase.io/,,United States,us,selectedfirms,web|web-design,,,,2026-09-20 22:09
emcee.it,Emcee IT Solutions LLC,https://emcee.it/,,United States,us,selectedfirms,web|web-design,,,,2026-09-20 22:09
keshavinfotech.com,Keshav infotech,https://www.keshavinfotech.com/,,United States,us,selectedfirms,web|web-design,,,,2026-09-20 22:09
qolos.com,QOLOS,https://qolos.com/,,United States,us,selectedfirms,web|web-design,,,,2026-09-20 22:09
solomediagroup.com,SOLO MEDIA GROUP,https://solomediagroup.com/,,United States,us,selectedfirms,ecommerce|web-design,,,,2026-09-20 22:09
sunriseintegration.com,Sunrise Integration,https://www.sunriseintegration.com/,,United States,us,selectedfirms,ecommerce|web|web-design,,,,2026-09-20 22:09
fuelmade.com,Fuel Made,https://fuelmade.com/,,United States,us,selectedfirms,ecommerce|web-design,,,,2026-09-20 22:09
danavero.com,Danavero Inc.,https://danavero.com/,,United States,us,selectedfirms,web|web-design,,,,2026-09-20 22:09
newtarget.com,"New Target, Inc. - The Digital Agency",https://www.newtarget.com/,,United States,us,selectedfirms,web|web-design,,,,2026-09-20 22:09
it-dimension.com,IT-Dimension Inc.,https://it-dimension.com/,,United States,us,selectedfirms,web|web-design,,,,2026-09-20 22:09
jaxmediateam.com,Jax Media Team,https://jaxmediateam.com/,,United States,us,selectedfirms,web|web-design,,,,2026-09-20 22:09
ascentcore.com,AscentCore,https://ascentcore.com/,,United States,us,selectedfirms,web|web-design,,,,2026-09-20 22:09
kubikware.com,Kubikware,https://www.kubikware.com/,,United States,us,selectedfirms,web|web-design,,,,2026-09-20 22:09
bythepixel.com,By the Pixel,https://bythepixel.com/,,United States,us,selectedfirms,web|web-design,,,,2026-09-20 22:09
orbilontech.com,Orbilon Technologies,https://orbilontech.com/,,United States,us,selectedfirms,web|web-design,,,,2026-09-20 22:09
devkit.agency,DevKit,https://www.devkit.agency/,,United States,us,selectedfirms,web|web-design,,,,2026-09-20 22:09
quintegro.com,Quintegro,https://www.quintegro.com/,,United States,us,selectedfirms,web|web-design,,,,2026-09-20 22:09
lavapi.com,LavaPi,https://www.lavapi.com/,,United States,us,selectedfirms,web|web-design,,,,2026-09-20 22:09
uplancer.agency,Uplancer Agency,https://uplancer.agency/,,United States,us,selectedfirms,web|web-design,,,,2026-09-20 22:09
spenzmedia.com,Spenz Media,https://www.spenzmedia.com/,,United States,us,selectedfirms,web|web-design,,,,2026-09-20 22:09
modernlabyrinth.com,Modern Labyrinth,https://modernlabyrinth.com/,,United States,us,selectedfirms,web|web-design,,,,2026-09-20 22:09
rankfuse.com,Rank Fuse Digital Marketing,https://rankfuse.com/,,United States,us,selectedfirms,ecommerce|web|web-design,,,,2026-09-20 22:09
singula.team,Singula.team,https://singula.team/,,United States,us,selectedfirms,ecommerce|web|web-design,,,,2026-09-20 22:09
scadea.com,"Sacdea Solutions, Inc",https://scadea.com/,,United States,us,selectedfirms,ecommerce|web-design,,,,2026-09-20 22:09
softserveinc.com,SoftServe,https://www.softserveinc.com/en-us,,United States,us,selectedfirms,web|web-design,,,,2026-09-20 22:09
annodyne.com,"Annodyne, Inc.",https://www.annodyne.com/,,United States,us,selectedfirms,web-design,,,,2026-09-20 22:09
tripledart.com,TripleDart,https://www.tripledart.com/,,United States,us,selectedfirms,web|web-design,,,,2026-09-20 22:09
mysticdigi.com,THAT AGENCY,https://mysticdigi.com/,,United States,us,selectedfirms,web|web-design,,,,2026-09-20 22:09
sndigitech.com,SN Digitech,https://www.sndigitech.com/,,United States,us,selectedfirms,web|web-design,,,,2026-09-20 22:09
victoryalliance.us,Victory Alliance Marketing,https://victoryalliance.us/,,United States,us,selectedfirms,web-design,,,,2026-09-20 22:09
redrattlercreative.com,Red Rattler,https://redrattlercreative.com,,United States,us,selectedfirms,web-design,,,,2026-09-20 22:09
copiesamerica.com,Copies America,https://copiesamerica.com/,,United States,us,selectedfirms,web-design,,,,2026-09-20 22:09
mybrandingagency.com,The Branding Agency,https://mybrandingagency.com,,United States,us,selectedfirms,web|web-design,,,,2026-09-20 22:09
chazakdigital.com,Chazak Digital,https://chazakdigital.com,,United States,us,selectedfirms,web-design,,,,2026-09-20 22:09
orbix.studio,Orbix Studio,https://www.orbix.studio/,,United States,us,selectedfirms,web|web-design,,,,2026-09-20 22:09
jnistudio.com,JNI Studio,https://www.jnistudio.com,,United States,us,selectedfirms,web-design,,,,2026-09-20 22:09
heritageprintingcharlotte.com,"Heritage Signs & Displays of Charlotte, NC",https://heritageprintingcharlotte.com/,,United States,us,selectedfirms,web-design,,,,2026-09-20 22:09
starmakermarketing.com,Starmaker Marketing,https://starmakermarketing.com/,,United States,us,selectedfirms,web|web-design,,,,2026-09-20 22:09
restorationmarketers.com,The Restoration Marketers,https://restorationmarketers.com/,,United States,us,selectedfirms,web-design,,,,2026-09-20 22:09
trebletree.co,Trebletree,https://trebletree.co/,,United States,us,selectedfirms,web-design,,,,2026-09-20 22:09
movementmaker.ai,Movement Maker,https://movementmaker.ai/,,United States,us,selectedfirms,web-design,,,,2026-09-20 22:09
roastmyapp.co,Roast My App LLC,https://www.roastmyapp.co/,,United States,us,selectedfirms,web-design,,,,2026-09-20 22:09
203mg.com,203 Media Group,https://203mg.com/,,United States,us,selectedfirms,web-design,,,,2026-09-20 22:09
blessedarcmedia.com,Blessed Arc Media,http://blessedarcmedia.com/,,United States,us,selectedfirms,web-design,,,,2026-09-20 22:09
liquidlemon.co,Liquid Lemon,https://www.liquidlemon.co/,,United States,us,selectedfirms,web-design,,,,2026-09-20 22:09
lasso-up.com,Lasso Up,http://lasso-up.com/,,United States,us,selectedfirms,web-design,,,,2026-09-20 22:09
ziwimarketing.com,Ziwi Marketing,https://ziwimarketing.com/,,United States,us,selectedfirms,web-design,,,,2026-09-20 22:09
zeronegative.net,ZERO NEGATIVE,https://zeronegative.net/,,United States,us,selectedfirms,web-design,,,,2026-09-20 22:09
grazitti.com,Grazitti Interactive,http://grazitti.com/,,United States,us,selectedfirms,web|web-design,,,,2026-09-20 22:09
monroemediacompany.com,Monroe Media Company,https://www.monroemediacompany.com,,United States,us,selectedfirms,web|web-design,,,,2026-09-20 22:09
thesearchsherpa.com,The Search Sherpa,https://thesearchsherpa.com,,United States,us,selectedfirms,web-design,,,,2026-09-20 22:09
windycitywebsolutions.com,Windy City Web Solutions,https://windycitywebsolutions.com,,United States,us,selectedfirms,web|web-design,,,,2026-09-20 22:09
sitesnapps.com,Sites N Apps,https://sitesnapps.com/,,United States,us,selectedfirms,web|web-design,,,,2026-09-20 22:09
madmindstudios.com,Mad Mind Studios,https://madmindstudios.com/,,United States,us,selectedfirms,web|web-design,,,,2026-09-20 22:09
bizpartner360.com,BizPartner 360 LLC,https://bizpartner360.com/,,United States,us,selectedfirms,web|web-design,,,,2026-09-20 22:09
foundationrepairmarketing.net,FOUNDATION REPAIR MARKETING,https://foundationrepairmarketing.net/,,United States,us,selectedfirms,web-design,,,,2026-09-20 22:09
infiniteville.com,Infinite Ville,https://infiniteville.com/,,United States,us,selectedfirms,web-design,,,,2026-09-20 22:09
onechicagoseocompany.com,One Chicago SEO Company,https://onechicagoseocompany.com/,,United States,us,selectedfirms,web|web-design,,,,2026-09-20 22:09
proceedinnovative.com,Proceed Innovative,https://www.proceedinnovative.com/,,United States,us,selectedfirms,web-design,,,,2026-09-20 22:09
growcomtwo.com,GrowComTwo,https://growcomtwo.com/,,United States,us,selectedfirms,web|web-design,,,,2026-09-20 22:09
rizeupmedia.com,RizeUp Media,https://www.rizeupmedia.com/,,United States,us,selectedfirms,web-design,,,,2026-09-20 22:09
beliv8motion.com,Beliv8 Motion,http://beliv8motion.com,,United States,us,selectedfirms,web-design,,,,2026-09-20 22:09
educyber.com,Educyber,https://www.educyber.com/,,United States,us,selectedfirms,web-design,,,,2026-09-20 22:09
253media.com,253Media,https://www.253media.com/,,United States,us,selectedfirms,web-design,,,,2026-09-20 22:09
meetbonfire.com,Bonfire Studio,https://meetbonfire.com,,United States,us,selectedfirms,web-design,,,,2026-09-20 22:09
codeorbitals.com,Code Orbitals,https://codeorbitals.com/,,United States,us,selectedfirms,web-design,,,,2026-09-20 22:09
vectradigital.com,Vectra Digital,https://vectradigital.com,,United States,us,selectedfirms,web|web-design,,,,2026-09-20 22:09
cindaro.com,Cindaro,https://www.cindaro.com,,United States,us,selectedfirms,web|web-design,,,,2026-09-20 22:09
wocx.agency,WOCX,https://wocx.agency/?,,United States,us,selectedfirms,ecommerce|web-design,,,,2026-09-20 22:09
tamer.marketing,tamer Marketing,https://tamer.marketing/,,United States,us,selectedfirms,web|web-design,,,,2026-09-20 22:09
havenmediasolutions.com,Haven Media Solutions,https://havenmediasolutions.com,,United States,us,selectedfirms,web|web-design,,,,2026-09-20 22:09
dillonmediagroup.com,Dillon Media Group,https://dillonmediagroup.com/,,United States,us,selectedfirms,web-design,,,,2026-09-20 22:09
minneapolismade.com,Minneapolis Made Web Design Company & SEO Agency,https://www.minneapolismade.com/,,United States,us,selectedfirms,web|web-design,,,,2026-09-20 22:09
nexstair.com,Nexstair Technologies,https://nexstair.com/,,United States,us,selectedfirms,web|web-design,,,,2026-09-20 22:09
monolithdesign.agency,Monolith Design Agency,https://monolithdesign.agency,,United States,us,selectedfirms,web|web-design,,,,2026-09-20 22:09
preferic.com,Preferic Solutions,https://preferic.com/,,United States,us,selectedfirms,web-design,,,,2026-09-20 22:09
aberto.ai,Aberto,https://aberto.ai/,,United States,us,selectedfirms,web|web-design,,,,2026-09-20 22:09
heydaymarketing.com,Heyday Marketing & Public Relations,https://heydaymarketing.com/,,United States,us,selectedfirms,web-design,,,,2026-09-20 22:09
whitecoatgrowth.com,White Coat Growth,https://whitecoatgrowth.com,,United States,us,selectedfirms,web|web-design,,,,2026-09-20 22:09
arsum.com,Arsum LLC,https://arsum.com/,,United States,us,selectedfirms,web|web-design,,,,2026-09-20 22:09
americanwebgeeks.com,American Web Geeks,https://americanwebgeeks.com,,United States,us,selectedfirms,web|web-design,,,,2026-09-20 22:09
uswebanddesign.com,US Web And Design,https://uswebanddesign.com/,,United States,us,selectedfirms,web|web-design,,,,2026-09-20 22:09
thenirvanalab.com,Nirvana Lab,https://www.thenirvanalab.com/,,United States,us,selectedfirms,web-design,,,,2026-09-20 22:09
expertwebsitesolutions.com,Expert Website Solutions,https://www.expertwebsitesolutions.com/,,United States,us,selectedfirms,web|web-design,,,,2026-09-20 22:09
brillmark.com,BRILLMARK TECHNOLOGIES P.V.T,https://www.brillmark.com,,United States,us,selectedfirms,web|web-design,,,,2026-09-20 22:09
legalleadslab.com,Legal Leads Lab,https://legalleadslab.com/,,United States,us,selectedfirms,web|web-design,,,,2026-09-20 22:09
thriveseonyc.com,Thrive SEO NYC,https://thriveseonyc.com/,,United States,us,selectedfirms,web|web-design,,,,2026-09-20 22:09
websitelegends.com,Website Legends,https://websitelegends.com/,,United States,us,selectedfirms,web|web-design,,,,2026-09-20 22:09
knowit.team,KnowIT Inc.,https://knowit.team/,,United States,us,selectedfirms,web-design,,,,2026-09-20 22:09
rankmetry.com,RANKMETRY,https://rankmetry.com/,,United States,us,selectedfirms,web|web-design,,,,2026-09-20 22:09
c2cmedia.io,C2CMedia LLC,https://c2cmedia.io/,,United States,us,selectedfirms,web|web-design,,,,2026-09-20 22:09
letusproceed.com,Proceed,https://letusproceed.com/,,United States,us,selectedfirms,web|web-design,,,,2026-09-20 22:09
theembroider.com,The Embroider - Custom Embroidery Patches,https://theembroider.com/,,United States,us,selectedfirms,web|web-design,,,,2026-09-20 22:09
figadvertising.com,Real FiG Advertising + Marketing,https://www.figadvertising.com/,,United States,us,selectedfirms,web|web-design,,,,2026-09-20 22:09
tower25sandiego.com,Tower 25 Digital Marketing Agency - San Diego,https://tower25sandiego.com/,,United States,us,selectedfirms,web|web-design,,,,2026-09-20 22:09
dublowdigital.com,DubLow Digital,https://dublowdigital.com/,,United States,us,selectedfirms,web-design,,,,2026-09-20 22:09
7cgi.com,7CGI Limited,https://7cgi.com/,,United States,us,selectedfirms,web-design,,,,2026-09-20 22:09
bayshorecommunication.com,Bayshore Communication,https://www.bayshorecommunication.com/,,United States,us,selectedfirms,web-design,,,,2026-09-20 22:09
pixelstudiosinc.com,Pixel Studios INC,https://www.pixelstudiosinc.com,,United States,us,selectedfirms,web|web-design,,,,2026-09-20 22:09
cipoletti.com,CTO,https://www.cipoletti.com/,,United States,us,selectedfirms,web|web-design,,,,2026-09-20 22:09
integritistudio.com,Integriti Studio,https://www.integritistudio.com/,,United States,us,selectedfirms,web|web-design,,,,2026-09-20 22:09
ghlexpert.co,GhlExpert,https://ghlexpert.co/,,United States,us,selectedfirms,web-design,,,,2026-09-20 22:09
gomedianc.com,GO Media,https://gomedianc.com/,,United States,us,selectedfirms,web|web-design,,,,2026-09-20 22:09
ridiculousengineering.com,Ridiculous Engineering LLC,https://ridiculousengineering.com/,,United States,us,selectedfirms,web|web-design,,,,2026-09-20 22:09
dcmmoguls.com,Dot Com Media,https://dcmmoguls.com/,,United States,us,selectedfirms,web|web-design,,,,2026-09-20 22:09
programmers.ai,Programmers.ai,https://programmers.ai,,United States,us,selectedfirms,web|web-design,,,,2026-09-20 22:09
dreamertechnoland.com,Dreamer Technoland,https://dreamertechnoland.com/,,United States,us,selectedfirms,web|web-design,,,,2026-09-20 22:09
q-tech.org,Q-Tech Inc.,https://www.q-tech.org/,,United States,us,selectedfirms,web|web-design,,,,2026-09-20 22:09
ranqeo.com,Ranqeo,https://ranqeo.com,,United States,us,selectedfirms,web|web-design,,,,2026-09-20 22:09
dunritetech.com,DunRite Technologies,https://www.dunritetech.com/,,United States,us,selectedfirms,web|web-design,,,,2026-09-20 22:09
websitepandas.com,Website Pandas,https://websitepandas.com/,,United States,us,selectedfirms,web|web-design,,,,2026-09-20 22:09
ashnetic.com,Ashnetic Digital Agency,https://ashnetic.com,,United States,us,selectedfirms,web|web-design,,,,2026-09-20 22:09
sevenkoncepts.com,Seven Koncepts,https://sevenkoncepts.com/,,United States,us,selectedfirms,web|web-design,,,,2026-09-20 22:09
progressivebyte.com,Progressive Byte Ltd.,https://progressivebyte.com/,,United States,us,selectedfirms,web|web-design,,,,2026-09-20 22:09
prowebbuilderllc.com,Pro Web Builder LLC,https://www.prowebbuilderllc.com,,United States,us,selectedfirms,web|web-design,,,,2026-09-20 22:09
homecaregrowth.digital,Home Care Growth,https://homecaregrowth.digital,,United States,us,selectedfirms,web-design,,,,2026-09-20 22:09
benzify.us,Benzify,https://benzify.us/,,United States,us,selectedfirms,web|web-design,,,,2026-09-20 22:09
feelize.com,Feelize,https://feelize.com/,,United States,us,selectedfirms,web|web-design,,,,2026-09-20 22:09
bebolddigital.com,beBOLD Digital,https://www.bebolddigital.com/,,United States,us,selectedfirms,web-design,,,,2026-09-20 22:09
makeitviralmedia.com,Make It Viral Media & Tech,https://makeitviralmedia.com/,,United States,us,selectedfirms,web|web-design,,,,2026-09-20 22:09
evolz.co,Evolz,https://evolz.co/,,United States,us,selectedfirms,squarespace|web|web-design,,,,2026-09-20 22:09
nwsolution.co.uk,NW Solutions - SEO AND Web Design Agency,https://nwsolution.co.uk,,United States,us,selectedfirms,web-design,,,,2026-09-20 22:09
websiteprecision.com,Website Precision,https://websiteprecision.com/,,United States,us,selectedfirms,web|web-design,,,,2026-09-20 22:09
webnhubs.com,webnhubs,https://webnhubs.com/,,United States,us,selectedfirms,web|web-design,,,,2026-09-20 22:09
authorspublishinghouse.com,Author publishing house,https://authorspublishinghouse.com/,,United States,us,selectedfirms,web-design,,,,2026-09-20 22:09
optivaxglobal.com,Optivax Global,https://optivaxglobal.com/,,United States,us,selectedfirms,web-design,,,,2026-09-20 22:09
digitalreach.co,Digital Reach,https://digitalreach.co/,,United States,us,selectedfirms,web-design,,,,2026-09-20 22:09
peakxelstudio.com,Peakxel Studio,https://peakxelstudio.com/,,United States,us,selectedfirms,web|web-design,,,,2026-09-20 22:09
thetechnologyguru.com,The Technology Guru,https://thetechnologyguru.com/,,United States,us,selectedfirms,web|web-design,,,,2026-09-20 22:09
realtimemarketing.com,Real Time Marketing,https://realtimemarketing.com/,,United States,us,selectedfirms,web-design,,,,2026-09-20 22:09
mtechub.com,M TECHUB LLc,https://mtechub.com/,,United States,us,selectedfirms,web|web-design,,,,2026-09-20 22:09
growthscaleagency.com,Growth Scale Agency,https://growthscaleagency.com/,,United States,us,selectedfirms,web|web-design,,,,2026-09-20 22:09
performx.me,PerformX,https://performx.me/,,United States,us,selectedfirms,web|web-design,,,,2026-09-20 22:09
mobileappdevelopmentcompanynewyork.com,Mobile App Development Company New York,https://mobileappdevelopmentcompanynewyork.com/,,United States,us,selectedfirms,web|web-design,,,,2026-09-20 22:09
qlogic.io,QLogic LLC,https://qlogic.io/,,United States,us,selectedfirms,web|web-design,,,,2026-09-20 22:09
cosmosrevisits.com,Cosmos Revisits,https://cosmosrevisits.com/,,United States,us,selectedfirms,web-design,,,,2026-09-20 22:09
trifidelabs.com,Trifide Labs,https://trifidelabs.com/,,United States,us,selectedfirms,web|web-design,,,,2026-09-20 22:09
teckgeekz.com,Teckgeekz,https://teckgeekz.com,,United States,us,selectedfirms,web|web-design,,,,2026-09-20 22:09
saadwebdesigner.com,Saad Web Designer,https://www.saadwebdesigner.com/,,United States,us,selectedfirms,web|web-design,,,,2026-09-20 22:09
revealmktg.com,Reveal Marketing Group,https://revealmktg.com,,United States,us,selectedfirms,web-design,,,,2026-09-20 22:09
nexthireinc.com,Next Hire Inc,https://nexthireinc.com/,,United States,us,selectedfirms,web|web-design,,,,2026-09-20 22:09
aimarketingagency.ai,AI Marketing Agency,https://aimarketingagency.ai/,,United States,us,selectedfirms,web|web-design,,,,2026-09-20 22:09
dewebsolutions.com,DeWeb Solutions,https://dewebsolutions.com/,,United States,us,selectedfirms,web|web-design,,,,2026-09-20 22:09
thegudagency.com,The Gud Agency,https://www.thegudagency.com/,,United States,us,selectedfirms,web|web-design,,,,2026-09-20 22:09
wagwanstudios.com,Wagwan Studios,https://wagwanstudios.com/,,United States,us,selectedfirms,squarespace|web|web-design,,,,2026-09-20 22:09
keygrow.co,KeyGrow,https://keygrow.co/,,United States,us,selectedfirms,web|web-design,,,,2026-09-20 22:09
dexoradigital.com,Dexora Digital,https://dexoradigital.com/,,United States,us,selectedfirms,web|web-design,,,,2026-09-20 22:09
deswave.com,DesWave,https://deswave.com/,,United States,us,selectedfirms,web|web-design,,,,2026-09-20 22:09
rerotech.com,Rero Technologies,https://rerotech.com/,,United States,us,selectedfirms,web|web-design,,,,2026-09-20 22:09
7virtualassistantservices.com,7 Virtual Assistant Services,https://7virtualassistantservices.com/,,United States,us,selectedfirms,web-design,,,,2026-09-20 22:09
softwaredevelopmentcompany.io,SDC | Software development company,https://softwaredevelopmentcompany.io/,,United States,us,selectedfirms,web-design,,,,2026-09-20 22:09
ksmmediahut.com,KSM Media Hut LLC,https://ksmmediahut.com/,,United States,us,selectedfirms,web-design,,,,2026-09-20 22:09
iseoagency.us,iSEO Agency,https://www.iseoagency.us,,United States,us,selectedfirms,web|web-design,,,,2026-09-20 22:09
massive-designs.com,Massive Designs,https://massive-designs.com/,,United States,us,selectedfirms,web|web-design,,,,2026-09-20 22:09
aezion.com,Aezion Inc.,https://www.aezion.com,,United States,us,selectedfirms,web|web-design,,,,2026-09-20 22:09
marketania.com,Marketania,https://marketania.com/,,United States,us,selectedfirms,web|web-design,,,,2026-09-20 22:09
codimenta.com,Codimenta,http://codimenta.com/,,United States,us,selectedfirms,web|web-design,,,,2026-09-20 22:09
cotocollective.com,COTO Collective,https://cotocollective.com,,United States,us,selectedfirms,web|web-design,,,,2026-09-20 22:09
tailorandmade.com,tailorandmade,https://tailorandmade.com/,,United States,us,selectedfirms,web|web-design,,,,2026-09-20 22:09
engprosoft.com,EngProSoft,https://engprosoft.com/,,United States,us,selectedfirms,web|web-design,,,,2026-09-20 22:09
digifinity.us,Digifinity,https://digifinity.us/,,United States,us,selectedfirms,web|web-design,,,,2026-09-20 22:09
softlinkplus.com,Softlink Plus,https://softlinkplus.com/,,United States,us,selectedfirms,squarespace|web|web-design,,,,2026-09-20 22:09
mavenpeaksolutions.com,Mavenpeaksolutions,https://www.mavenpeaksolutions.com/,,United States,us,selectedfirms,web|web-design,,,,2026-09-20 22:09
genaiprotos.com,GenAI Protos,https://www.genaiprotos.com/,,United States,us,selectedfirms,web|web-design,,,,2026-09-20 22:09
patrickcarterdesign.com,63 Visual,https://patrickcarterdesign.com/,,United States,us,selectedfirms,web|web-design,,,,2026-09-20 22:09
bookplanets.com,Book Planets,https://bookplanets.com/,,United States,us,selectedfirms,web-design,,,,2026-09-20 22:09
hyqoo.com,Hyqoo,https://hyqoo.com/,,United States,us,selectedfirms,web|web-design,,,,2026-09-20 22:09
r2c.io,R2 Consulting,https://www.r2c.io/,,United States,us,selectedfirms,web|web-design,,,,2026-09-20 22:09
programea.com,Programea,https://programea.com/,,United States,us,selectedfirms,web|web-design,,,,2026-09-20 22:09
softaidtech.com,Soft Aid Tech,https://softaidtech.com/,,United States,us,selectedfirms,web|web-design,,,,2026-09-20 22:09
engagecoders.com,Engage Coders,https://www.engagecoders.com,,United States,us,selectedfirms,web|web-design,,,,2026-09-20 22:09
eprofiletech.com,EProfileTech,https://www.eprofiletech.com/,,United States,us,selectedfirms,web|web-design,,,,2026-09-20 22:09
zactra.com,Zactra Technologies Inc,https://zactra.com/,,United States,us,selectedfirms,web|web-design,,,,2026-09-20 22:09
xponential.digital,Xponential Digital,https://www.xponential.digital/,,United States,us,selectedfirms,web|web-design,,,,2026-09-20 22:09
webdesignvibe.com,Web Design Vibe,https://webdesignvibe.com/,,United States,us,selectedfirms,squarespace|web|web-design,,,,2026-09-20 22:09
apidots.com,API Dots,https://apidots.com/,,United States,us,selectedfirms,web|web-design,,,,2026-09-20 22:09
interactivepalette.com,Interactive Palette,https://www.interactivepalette.com/,,United States,us,selectedfirms,web|web-design,,,,2026-09-20 22:09
bitrupt.co,Bitrupt,https://bitrupt.co/,,United States,us,selectedfirms,web|web-design,,,,2026-09-20 22:09
codersify.com,codersify,https://codersify.com/,,United States,us,selectedfirms,web|web-design,,,,2026-09-20 22:09
codestreaks.com,Codestreaks,https://www.codestreaks.com/,,United States,us,selectedfirms,web|web-design,,,,2026-09-20 22:09
taskcover.com,Taskcover,https://taskcover.com/,,United States,us,selectedfirms,web-design,,,,2026-09-20 22:09
nimapinfotech.com,Nimap Infotech,https://nimapinfotech.com/,,United States,us,selectedfirms,web|web-design,,,,2026-09-20 22:09
pickles.team,Pickles team,https://pickles.team/en,,United States,us,selectedfirms,web|web-design,,,,2026-09-20 22:09
webdesignsun.com,WebDesignSun,https://webdesignsun.com/,,United States,us,selectedfirms,web|web-design,,,,2026-09-20 22:09
freemannyc.com,Freeman NYC,https://freemannyc.com/,,United States,us,selectedfirms,web-design,,,,2026-09-20 22:09
webmarlins.com,Web Marlins,https://webmarlins.com/us/,,United States,us,selectedfirms,web|web-design,,,,2026-09-20 22:09
econestech.com,econestech,https://econestech.com/,,United States,us,selectedfirms,web|web-design,,,,2026-09-20 22:09
gearupcode.com,GearUp Code,https://gearupcode.com/,,United States,us,selectedfirms,web|web-design,,,,2026-09-20 22:09
strateger.ai,Strateger AI,https://strateger.ai/,,United States,us,selectedfirms,web|web-design,,,,2026-09-20 22:09
auxiliumtechnology.com,Auxilium Technology,https://auxiliumtechnology.com/,,United States,us,selectedfirms,squarespace|web|web-design,,,,2026-09-20 22:09
jjcsystems.com,JJC Systems,https://jjcsystems.com/,,United States,us,selectedfirms,web|web-design,,,,2026-09-20 22:09
metafiedlab.com,Metafied Lab,https://metafiedlab.com/,,United States,us,selectedfirms,web|web-design,,,,2026-09-20 22:09
nexalitservices.com,Nexal IT Services,https://nexalitservices.com/,,United States,us,selectedfirms,web|web-design,,,,2026-09-20 22:09
raystechserv.com,Rays TechServ Pvt Ltd,https://www.raystechserv.com/,,United States,us,selectedfirms,web|web-design,,,,2026-09-20 22:09
brightpeeps.com,BrightPeeps,https://brightpeeps.com/,,United States,us,selectedfirms,ecommerce|web|web-design|woocommerce|wordpress,,,,2026-09-20 22:09
axiswebart.us,Axis Web Art,https://www.axiswebart.us/,,United States,us,selectedfirms,web|web-design,,,,2026-09-20 22:09
brandstoryglobal.com,Brandstory Global,https://brandstoryglobal.com/,,United States,us,selectedfirms,web|web-design,,,,2026-09-20 22:09
trepoly.com,Trepoly LLC,https://trepoly.com/,,United States,us,selectedfirms,web|web-design,,,,2026-09-20 22:09
ortemtech.com,Ortem Technologies LLC,https://ortemtech.com/,,United States,us,selectedfirms,web|web-design,,,,2026-09-20 22:09
suvysoft.com,Suvysoft,https://suvysoft.com,,United States,us,selectedfirms,web|web-design,,,,2026-09-20 22:09
atlasiko.com,Atlasiko Inc.,https://atlasiko.com/,,United States,us,selectedfirms,web|web-design,,,,2026-09-20 22:09
parallelloop.io,Parallel Loop,https://www.parallelloop.io/,,United States,us,selectedfirms,web|web-design,,,,2026-09-20 22:09
agencyangle.com,The Agency Angle - Marketing Group,https://www.agencyangle.com/,,United States,us,selectedfirms,web|web-design,,,,2026-09-20 22:09
innerluxes.dev,INNERLUXES,https://innerluxes.dev,,United States,us,selectedfirms,web|web-design,,,,2026-09-20 22:09
xerago.ai,Xerago,https://www.xerago.ai/,,United States,us,selectedfirms,web-design,,,,2026-09-20 22:09
dobetterinc.com,Do Better Marketing,https://dobetterinc.com/,,United States,us,selectedfirms,web|web-design,,,,2026-09-20 22:09
eightct.com,8cloud Technologies,https://eightct.com/,,United States,us,selectedfirms,web|web-design,,,,2026-09-20 22:09
delightitsolutions.com,Delight IT Solutions,https://www.delightitsolutions.com/,,United States,us,selectedfirms,web|web-design,,,,2026-09-20 22:09
techauditpros.com,TechAuditPros,https://www.techauditpros.com/,,United States,us,selectedfirms,web|web-design,,,,2026-09-20 22:09
softcircles.com,softcircles,https://softcircles.com/,,United States,us,selectedfirms,web|web-design,,,,2026-09-20 22:09
techcirkle.com,TechCirkle,https://www.techcirkle.com,,United States,us,selectedfirms,web|web-design,,,,2026-09-20 22:09
weblineglobal.com,WeblineGlobal,https://www.weblineglobal.com/,,United States,us,selectedfirms,web|web-design,,,,2026-09-20 22:09
zenithmarketingpros.com,Zenith Marketing Pros,https://www.zenithmarketingpros.com/,,United States,us,selectedfirms,web-design,,,,2026-09-20 22:09
joinrocketppc.com,Rocket PPC,https://joinrocketppc.com,,United States,us,selectedfirms,web|web-design,,,,2026-09-20 22:09
remotestate.com,RemoteState,https://www.remotestate.com/,,United States,us,selectedfirms,web-design,,,,2026-09-20 22:09
orbilectlabs.com,Orbilect Labs,https://www.orbilectlabs.com,,United States,us,selectedfirms,squarespace|web|web-design,,,,2026-09-20 22:09
proxsoftglobal.com,Proxsoft Global,https://proxsoftglobal.com/,,United States,us,selectedfirms,web|web-design,,,,2026-09-20 22:09
ctseoexperts.com,CT SEO Experts,https://ctseoexperts.com/,,United States,us,selectedfirms,web-design,,,,2026-09-20 22:09
flyitsolution.com,Fly It Solution,https://flyitsolution.com/,,United States,us,selectedfirms,web|web-design,,,,2026-09-20 22:09
seoserviceforlawyers.com,LegalPro SEO Service For Lawyers,https://seoserviceforlawyers.com/,,United States,us,selectedfirms,web-design,,,,2026-09-20 22:09
gspikes.com,Gspikes,https://gspikes.com/,,United States,us,selectedfirms,web|web-design,,,,2026-09-20 22:09
cyberzeals.com,CyberZEALS,https://cyberzeals.com/,,United States,us,selectedfirms,web-design,,,,2026-09-20 22:09
binate.ai,Binate ai,https://binate.ai,,United States,us,selectedfirms,web|web-design,,,,2026-09-20 22:09
realgrowthmatters.com,Real Growth Matters,https://realgrowthmatters.com/,,United States,us,selectedfirms,web|web-design,,,,2026-09-20 22:09
teamtweaks.com,Team Tweaks Technology,https://www.teamtweaks.com/,,United States,us,selectedfirms,web|web-design,,,,2026-09-20 22:09
theappsdevelopers.com,The Apps Developers,https://theappsdevelopers.com/,,United States,us,selectedfirms,web|web-design,,,,2026-09-20 22:09
robotostudio.com,Roboto Studio,https://robotostudio.com,,United States,us,selectedfirms,web|web-design,,,,2026-09-20 22:09
metatech-official.com,Metatech Official,https://metatech-official.com,,United States,us,selectedfirms,web|web-design,,,,2026-09-20 22:09
creativesgoal.com,Creatives Goal,https://creativesgoal.com,,United States,us,selectedfirms,web|web-design,,,,2026-09-20 22:09
codvikscribe.com,CodvikScribe,https://codvikscribe.com/,,United States,us,selectedfirms,web|web-design,,,,2026-09-20 22:09
wandercode.co,Wandercode,https://wandercode.co/,,United States,us,selectedfirms,web|web-design,,,,2026-09-20 22:09
dynamisch.co,Dynamisch Inc,https://dynamisch.co,,United States,us,selectedfirms,web-design,,,,2026-09-20 22:09
cachevalleysystems.com,Cache Valley Systems,https://cachevalleysystems.com/,,United States,us,selectedfirms,web|web-design,,,,2026-09-20 22:09
arktechify.com,ArkTechify,https://www.arktechify.com,,United States,us,selectedfirms,web|web-design,,,,2026-09-20 22:09
smldesign.com.au,SML,https://smldesign.com.au/,,United States,us,selectedfirms,web|web-design,,,,2026-09-20 22:09
redandcompany.com,Red and Company,https://www.redandcompany.com/,,United States,us,selectedfirms,web|web-design,,,,2026-09-20 22:09
taproot.agency,The Taproot Agency,https://taproot.agency/,,United States,us,selectedfirms,web|web-design,,,,2026-09-20 22:09
yellingmule.com,Yelling Mule,https://www.yellingmule.com/,,United States,us,selectedfirms,web-design,,,,2026-09-20 22:09
new-vue.com,New Vue Solutions,https://new-vue.com/,,United States,us,selectedfirms,web|web-design,,,,2026-09-20 22:09
builtbyworkhorse.com,Workhorse,https://www.builtbyworkhorse.com/,,United States,us,selectedfirms,web|web-design,,,,2026-09-20 22:09
universium.co,Universium,https://www.universium.co/,,United States,us,selectedfirms,web|web-design,,,,2026-09-20 22:09
frogdesign.com,Frog Design,https://www.frogdesign.com,,United States,us,selectedfirms,web-design,,,,2026-09-20 22:09
newdealdesign.com,NewDealDesign,https://newdealdesign.com,,United States,us,selectedfirms,web-design,,,,2026-09-20 22:09
teague.com,Teague,https://teague.com,,United States,us,selectedfirms,web-design,,,,2026-09-20 22:09
fuseproject.com,Fuseproject,https://fuseproject.com,,United States,us,selectedfirms,web-design,,,,2026-09-20 22:09
lextant.com,Lextant,https://lextant.com,,United States,us,selectedfirms,web-design,,,,2026-09-20 22:09
uxreactor.com,UXReactor,https://www.uxreactor.com,,United States,us,selectedfirms,web-design,,,,2026-09-20 22:09
factionstudio.com,Faction Studio,https://www.factionstudio.com/,,United States,us,selectedfirms,web-design,,,,2026-09-20 22:09
studiosimpati.co,Studio Simpatico,https://studiosimpati.co/,,United States,us,selectedfirms,web|web-design,,,,2026-09-20 22:09
cliquestudios.com,Clique Studios,https://cliquestudios.com/,,United States,us,selectedfirms,web|web-design,,,,2026-09-20 22:09
bespokedesign.co,Bespoke Design,https://bespokedesign.co/,,United States,us,selectedfirms,web|web-design,,,,2026-09-20 22:09
aventivestudio.com,Aventive Studio,https://aventivestudio.com,,United States,us,selectedfirms,web-design,,,,2026-09-20 22:09
anchoralpine.com,Emerson Stone,https://anchoralpine.com/,,United States,us,selectedfirms,web|web-design,,,,2026-09-20 22:09
milkshake.studio,Milkshake Studio,https://milkshake.studio/,,United States,us,selectedfirms,web|web-design,,,,2026-09-20 22:09
beyonddesign.com,Beyond Design,https://beyonddesign.com,,United States,us,selectedfirms,web-design,,,,2026-09-20 22:09
ystudios.com,Y Studios,https://www.ystudios.com,,United States,us,selectedfirms,web-design,,,,2026-09-20 22:09
freshtilledsoil.com,Fresh Tilled Soil,https://www.freshtilledsoil.com,,United States,us,selectedfirms,web-design,,,,2026-09-20 22:09
prototypehouse.com,Prototype House,https://prototypehouse.com,,United States,us,selectedfirms,web-design,,,,2026-09-20 22:09
syracusedesign.com,"Syracuse Design Group, LLC",https://www.syracusedesign.com/,,United States,us,selectedfirms,web|web-design,,,,2026-09-20 22:09
zocalodesign.com,Zocalo Design,https://www.zocalodesign.com/,,United States,us,selectedfirms,web|web-design,,,,2026-09-20 22:09
rdytogo.com,RdyToGo,https://rdytogo.com/,,United States,us,selectedfirms,web|web-design,,,,2026-09-20 22:09
unidatec.com,Unidatec,https://unidatec.com/,,United States,us,selectedfirms,web|web-design,,,,2026-09-20 22:09
dxweb.net,"DX WEB, LLC",https://www.dxweb.net/,,United States,us,selectedfirms,web|web-design,,,,2026-09-20 22:09
bludovedesigns.com,Blu Dove Designs,https://www.bludovedesigns.com/,,United States,us,selectedfirms,web|web-design,,,,2026-09-20 22:09
fuzzyredpanda.com,Fuzzy Red Panda,https://fuzzyredpanda.com/,,United States,us,selectedfirms,web|web-design,,,,2026-09-20 22:09
morcreative.co,MOR Creative,https://www.morcreative.co/,,United States,us,selectedfirms,web|web-design,,,,2026-09-20 22:09
flowfye.com,Flowfye,https://www.flowfye.com/,,United States,us,selectedfirms,web|web-design,,,,2026-09-20 22:09
dualhash.com,Dualhash Inc,https://dualhash.com/,,United States,us,selectedfirms,web|web-design,,,,2026-09-20 22:09
magneticcreative.com,MAGNETIC Creative,https://magneticcreative.com/,,United States,us,selectedfirms,web|web-design,,,,2026-09-20 22:09
getonlinenola.com,Get Online NOLA,https://getonlinenola.com/,,United States,us,selectedfirms,web|web-design,,,,2026-09-20 22:09
enlightworks.com,EnlightWorks,https://www.enlightworks.com/,,United States,us,selectedfirms,web|web-design,,,,2026-09-20 22:09
loona.agency,Loona Agency,https://loona.agency/,,United States,us,selectedfirms,web|web-design,,,,2026-09-20 22:09
criticalmass.com,Critical Mass,https://www.criticalmass.com,,United States,us,selectedfirms,web|web-design,,,,2026-09-20 22:09
techsaasdesigns.com,TechSaas Designs,https://www.techsaasdesigns.com/,,United States,us,selectedfirms,web|web-design,,,,2026-09-20 22:09
10up.com,10up,https://10up.com/,,United States,us,selectedfirms,web|web-design,,,,2026-09-20 22:09
atomicglue.co,Atomic Glue,https://atomicglue.co/,,United States,us,selectedfirms,web|web-design,,,,2026-09-20 22:09
nika.agency,Nika Agency,https://nika.agency/,,United States,us,selectedfirms,web|web-design,,,,2026-09-20 22:09
refokus.com,Refokus,https://www.refokus.com/,,United States,us,selectedfirms,web|web-design,,,,2026-09-20 22:09
whipsaw.com,Whipsaw,https://whipsaw.com,,United States,us,selectedfirms,web-design,,,,2026-09-20 22:09
zajno.com,Zajno Web Design & Development Studio,https://zajno.com/,,United States,us,selectedfirms,web|web-design,,,,2026-09-20 22:09
statecreative.com,State Creative,https://www.statecreative.com/,,United States,us,selectedfirms,web|web-design,,,,2026-09-20 22:09
ghostagency.com,Ghost Agency,https://www.ghostagency.com/,,United States,us,selectedfirms,web|web-design,,,,2026-09-20 22:09
bowenmedia.com,BOWEN,https://www.bowenmedia.com/,,United States,us,selectedfirms,web|web-design,,,,2026-09-20 22:09
eatsleepwork.com,Eat Sleep Work,https://eatsleepwork.com/,,United States,us,selectedfirms,web|web-design,,,,2026-09-20 22:09
walkersands.com,Walker Sands,https://www.walkersands.com/,,United States,us,selectedfirms,web-design,,,,2026-09-20 22:09
hellotonic.com,Tonic,https://hellotonic.com/,,United States,us,selectedfirms,web|web-design,,,,2026-09-20 22:09
liftedlogic.com,Lifted Logic,https://liftedlogic.com/,,United States,us,selectedfirms,web|web-design,,,,2026-09-20 22:09
stationfour.com,Station Four,https://www.stationfour.com/,,United States,us,selectedfirms,web|web-design,,,,2026-09-20 22:09
understorystudio.com,"UnderStory, LLC",https://www.understorystudio.com/,,United States,us,selectedfirms,web|web-design,,,,2026-09-20 22:09
elitexmedia.com,Elite X Media,https://elitexmedia.com/,,United States,us,selectedfirms,web|web-design,,,,2026-09-20 22:09
oldcitywebservices.com,Old City Web Services Inc,https://oldcitywebservices.com/,,United States,us,selectedfirms,web|web-design,,,,2026-09-20 22:09
blackboldgraphics.com,Black bold Graphics,https://blackboldgraphics.com/,,United States,us,selectedfirms,web|web-design,,,,2026-09-20 22:09
bsidestudios.com,bSideStudios,https://bsidestudios.com/,,United States,us,selectedfirms,web|web-design,,,,2026-09-20 22:09
delectolab.com,Delecto,https://delectolab.com/,,United States,us,selectedfirms,web|web-design,,,,2026-09-20 22:09
airfleet.co,Airfleet,https://www.airfleet.co/,,United States,us,selectedfirms,web|web-design,,,,2026-09-20 22:09
ghostlightcreative.com,Ghostlight Creative,https://ghostlightcreative.com/,,United States,us,selectedfirms,web|web-design,,,,2026-09-20 22:09
goldflexmarketing.com,Gold Flex Marketing,https://goldflexmarketing.com/,,United States,us,selectedfirms,web|web-design,,,,2026-09-20 22:09
portsidemarketing.com,Portside Marketing,https://www.portsidemarketing.com/,,United States,us,selectedfirms,web|web-design,,,,2026-09-20 22:09
prufcreative.com,PRÜF creative,https://prufcreative.com/,,United States,us,selectedfirms,web|web-design,,,,2026-09-20 22:09
wednesdaystudio.co,Wednesday Studio,https://wednesdaystudio.co/,,United States,us,selectedfirms,web|web-design,,,,2026-09-20 22:09
oak.is,"Oak Studios, LLC",https://oak.is/,,United States,us,selectedfirms,web|web-design,,,,2026-09-20 22:09
createcr.com,"Create and Associates, Inc",https://createcr.com/,,United States,us,selectedfirms,web|web-design,,,,2026-09-20 22:09
twentysixandco.com,Twenty-Six & Co.,https://www.twentysixandco.com/,,United States,us,selectedfirms,web|web-design,,,,2026-09-20 22:09
sayitloud.us,SAY IT LOUD!,https://sayitloud.us/,,United States,us,selectedfirms,web|web-design,,,,2026-09-20 22:09
foxwebpages.com,Fox Webpages,https://www.foxwebpages.com/,,United States,us,selectedfirms,web|web-design,,,,2026-09-20 22:09
wildcoffeemarketing.com,Wild Coffee Marketing,https://wildcoffeemarketing.com/,,United States,us,selectedfirms,web|web-design,,,,2026-09-20 22:09
adbiz.com,Adbiz,https://adbiz.com/,,United States,us,selectedfirms,web|web-design,,,,2026-09-20 22:09
c-arts.com,Conceptual Arts Inc,https://c-arts.com/,,United States,us,selectedfirms,web|web-design,,,,2026-09-20 22:09
sdhinteractive.com,SDH Interactive,https://sdhinteractive.com/,,United States,us,selectedfirms,web|web-design,,,,2026-09-20 22:09
gddesignstudio.com,GD Design Studio,https://www.gddesignstudio.com/,,United States,us,selectedfirms,web|web-design,,,,2026-09-20 22:09
rps.agency,Rock Paper Simple,https://rps.agency/,,United States,us,selectedfirms,web|web-design,,,,2026-09-20 22:09
wcgpros.com,"Wilson Creative Group, Inc.",https://wcgpros.com/,,United States,us,selectedfirms,web|web-design,,,,2026-09-20 22:09
csites2go.com,Custom Websites to Go,https://csites2go.com/,,United States,us,selectedfirms,web|web-design,,,,2026-09-20 22:09
lenaardigital.com,Lenaar Digital,https://www.lenaardigital.com/,,United States,us,selectedfirms,web|web-design,,,,2026-09-20 22:09
binaery.com,binaery,https://www.binaery.com/,,United States,us,selectedfirms,web|web-design,,,,2026-09-20 22:09
thoughtlab.com,ThoughtLab,https://www.thoughtlab.com/,,United States,us,selectedfirms,web|web-design,,,,2026-09-20 22:09
aquavitacreative.com,Aqua Vita Creative,https://aquavitacreative.com/,,United States,us,selectedfirms,web|web-design,,,,2026-09-20 22:09
simplicreative.com,SimpliCreative,https://simplicreative.com/,,United States,us,selectedfirms,web|web-design,,,,2026-09-20 22:09
newurbanmedia.io,New Urban Media,https://newurbanmedia.io/,,United States,us,selectedfirms,web|web-design,,,,2026-09-20 22:09
maticdigital.com,Matic Digital,https://www.maticdigital.com/,,United States,us,selectedfirms,web|web-design,,,,2026-09-20 22:09
unstucklabs.com,Unstuck Labs,https://www.unstucklabs.com/,,United States,us,selectedfirms,web|web-design,,,,2026-09-20 22:09
elmntl.co,ELMNTL,https://elmntl.co/,,United States,us,selectedfirms,web-design,,,,2026-09-20 22:09
norml.studio,Norml Studio,https://norml.studio/,,United States,us,selectedfirms,web|web-design,,,,2026-09-20 22:09
eystudios.com,EYStudios,https://eystudios.com/,,United States,us,selectedfirms,web|web-design,,,,2026-09-20 22:09
c2-digital.com,C2 Digital,https://c2-digital.com/,,United States,us,selectedfirms,web-design,,,,2026-09-20 22:09
arcticleaf.com,Arctic Leaf Inc.,https://www.arcticleaf.com/,,United States,us,selectedfirms,web-design,,,,2026-09-20 22:09
xenomedia.com,Xeno Media,https://www.xenomedia.com/,,United States,us,selectedfirms,web|web-design,,,,2026-09-20 22:09
mightybytes.com,Mightybytes,https://www.mightybytes.com/,,United States,us,selectedfirms,web|web-design,,,,2026-09-20 22:09
kochanet.com,"Kochanet, LLC",https://www.kochanet.com/,,United States,us,selectedfirms,web|web-design,,,,2026-09-20 22:09
crrraw.com,Crrraw Holdings LLC,https://crrraw.com/,,United States,us,selectedfirms,web|web-design,,,,2026-09-20 22:09
cappen.com,Cappen,https://cappen.com/,,United States,us,selectedfirms,web|web-design,,,,2026-09-20 22:09
thinkaor.com,AOR Inc.,https://www.thinkaor.com/,,United States,us,selectedfirms,web|web-design,,,,2026-09-20 22:09
aspirity.com,Aspirity,https://aspirity.com/,,United States,us,selectedfirms,web|web-design,,,,2026-09-20 22:09
slammedialab.com,Slam Media Lab,https://www.slammedialab.com/,,United States,us,selectedfirms,web|web-design,,,,2026-09-20 22:09
elevatedthird.com,Elevated Third,https://www.elevatedthird.com/,,United States,us,selectedfirms,web|web-design,,,,2026-09-20 22:09
centogram.com,Centogram,https://centogram.com/,,United States,us,selectedfirms,web|web-design,,,,2026-09-20 22:09
clixup.co,Clixup,https://clixup.co/,,United States,us,selectedfirms,web-design,,,,2026-09-20 22:09
cyberset.com,Cyberset,https://cyberset.com/,,United States,us,selectedfirms,web-design,,,,2026-09-20 22:09
rankrisesolutions.com,Rankrise Solutions,https://rankrisesolutions.com/,,United States,us,selectedfirms,web-design,,,,2026-09-20 22:09
publicissapient.com,Publicis Sapient,https://www.publicissapient.com,,United States,us,selectedfirms,web-design,,,,2026-09-20 22:09
digitas.com,Digitas,https://www.digitas.com,,United States,us,selectedfirms,web-design,,,,2026-09-20 22:09
magnetik.com,Magnetik,https://magnetik.com,,United States,us,selectedfirms,web|web-design,,,,2026-09-20 22:09
view-source.com,View Source,https://view-source.com/,,United States,us,selectedfirms,web|web-design,,,,2026-09-20 22:09
manzellamarketing.com,Manzella Marketing,https://www.manzellamarketing.com/,,United States,us,selectedfirms,web|web-design,,,,2026-09-20 22:09
sparkcreative.design,Spark Creative Marketing,https://www.sparkcreative.design/,,United States,us,selectedfirms,web|web-design,,,,2026-09-20 22:09
cynergydigital.com,Cynergy Digital Design,https://www.cynergydigital.com/,,United States,us,selectedfirms,web|web-design,,,,2026-09-20 22:09
creati.com,Creati,https://www.creati.com/,,United States,us,selectedfirms,web|web-design,,,,2026-09-20 22:09
clockworkpublicrelations.com,Clockwork Marketing Services,https://www.clockworkpublicrelations.com/,,United States,us,selectedfirms,web|web-design,,,,2026-09-20 22:09
tampabaywebdesignfirm.com,Tampa Bay Web Design Firm,https://tampabaywebdesignfirm.com/,,United States,us,selectedfirms,web|web-design,,,,2026-09-20 22:09
maddevelopment.com,Mad Development,https://www.maddevelopment.com/,,United States,us,selectedfirms,web|web-design,,,,2026-09-20 22:09
builtt.io,Builtt,https://builtt.io/,,United States,us,selectedfirms,web|web-design,,,,2026-09-20 22:09
axencia.co,Axencia,https://axencia.co/,,United States,us,selectedfirms,web|web-design,,,,2026-09-20 22:09
alaskanstar.com,Alaskan Star,https://www.alaskanstar.com/,,United States,us,selectedfirms,web|web-design,,,,2026-09-20 22:09
commonplaces.com,CommonPlaces Interactive,https://www.commonplaces.com/,,United States,us,selectedfirms,web|web-design,,,,2026-09-20 22:09
linkerlogic.com,Linker Logic Technologies,https://www.linkerlogic.com/,,United States,us,selectedfirms,web-design,,,,2026-09-20 22:09
sneakersapps.com,Sneakers Apps,https://sneakersapps.com/,,United States,us,selectedfirms,web|web-design,,,,2026-09-20 22:09
heliumservices.com,Helium Services,https://heliumservices.com/,,United States,us,selectedfirms,web|web-design,,,,2026-09-20 22:09
konamade.com,Kona Made,https://www.konamade.com/,,United States,us,selectedfirms,web-design,,,,2026-09-20 22:09
miliamarketing.com,Milia Marketing,https://miliamarketing.com/,,United States,us,selectedfirms,web|web-design,,,,2026-09-20 22:09
newthink.com,Newthink,https://www.newthink.com/,,United States,us,selectedfirms,web|web-design,,,,2026-09-20 22:09
thedigitalspice.com,Digital Spice,https://thedigitalspice.com/,,United States,us,selectedfirms,web|web-design,,,,2026-09-20 22:09
marketelevator.com,Market Elevator,https://marketelevator.com,,United States,us,selectedfirms,web|web-design,,,,2026-09-20 22:09
firstpagesage.com,First Page Sage,https://firstpagesage.com/,,United States,us,selectedfirms,web-design,,,,2026-09-20 22:09
hulkapps.com,HulkApps,https://www.hulkapps.com,,United States,us,selectedfirms,web|web-design,,,,2026-09-20 22:09
pulse-global.com,Pulse Product Development,https://www.pulse-global.com,,United States,us,selectedfirms,web-design,,,,2026-09-20 22:09
youseememiami.com,UCME,https://youseememiami.com/,,United States,us,selectedfirms,web|web-design,,,,2026-09-20 22:09
farininnovations.com,Farin Innovations,https://www.farininnovations.com/,,United States,us,selectedfirms,web|web-design,,,,2026-09-20 22:09
simplethread.com,Simple Thread,https://www.simplethread.com/,,United States,us,selectedfirms,web|web-design,,,,2026-09-20 22:09
bvgsoftwaregroup.com,BVG Software Group,https://bvgsoftwaregroup.com/,,United States,us,selectedfirms,web|web-design,,,,2026-09-20 22:09
flutter.wtf,What the Flutter,https://flutter.wtf/,,United States,us,selectedfirms,web-design,,,,2026-09-20 22:09
intuitiolabs.com,Intuitio Labs,https://www.intuitiolabs.com/,,United States,us,selectedfirms,web|web-design,,,,2026-09-20 22:09
gorillalogic.com,Gorilla Logic,https://gorillalogic.com/,,United States,us,selectedfirms,web|web-design,,,,2026-09-20 22:09
subcodevs.com,SubcoDevs Inc,https://subcodevs.com/,,United States,us,selectedfirms,web|web-design,,,,2026-09-20 22:09
milwaukee-webdesigner.com,Milwaukee Web Design®,https://milwaukee-webdesigner.com/,,United States,us,selectedfirms,web|web-design,,,,2026-09-20 22:09
sobefy.com,Sobefy E-Commerce Agency,https://www.sobefy.com/,,United States,us,selectedfirms,web-design,,,,2026-09-20 22:09
growthscribe.com,GrowthScribe,https://growthscribe.com/,,United States,us,selectedfirms,web|web-design,,,,2026-09-20 22:09
fokusagency.com,Fokus LLC,https://fokusagency.com/,,United States,us,selectedfirms,web|web-design,,,,2026-09-20 22:09
snowberrymedia.com,Snowberry Media,https://snowberrymedia.com/,,United States,us,selectedfirms,web|web-design,,,,2026-09-20 22:09
adencys.com,Adencys,https://adencys.com/,,United States,us,selectedfirms,web|web-design,,,,2026-09-20 22:09
charlyagency.com,Charly Agency,https://www.charlyagency.com/,,United States,us,selectedfirms,web|web-design,,,,2026-09-20 22:09
perfectwebsolutions.info,Perfect Web Solutions Inc.,https://www.perfectwebsolutions.info/,,United States,us,selectedfirms,squarespace|web|web-design,,,,2026-09-20 22:09
stellaractive.com,Stellaractive,https://www.stellaractive.com/,,United States,us,selectedfirms,web|web-design,,,,2026-09-20 22:09
gigacreatives.com,Giga Creatives Inc,https://gigacreatives.com/,,United States,us,selectedfirms,web|web-design,,,,2026-09-20 22:09
pointerflow.com,PointerFlow LLC,https://www.pointerflow.com/,,United States,us,selectedfirms,web-design,,,,2026-09-20 22:09
britecode.io,britecode,https://britecode.io/,,United States,us,selectedfirms,web|web-design,,,,2026-09-20 22:09
coldsmoke.co,Coldsmoke,https://coldsmoke.co/,,United States,us,selectedfirms,web-design,,,,2026-09-20 22:09
rekmarketing.com,REK Marketing and Design,https://www.rekmarketing.com/,,United States,us,selectedfirms,web|web-design,,,,2026-09-20 22:09
cleardigital.com,Clear Digital Inc,https://www.cleardigital.com/,,United States,us,selectedfirms,web|web-design,,,,2026-09-20 22:09
m5designstudio.com,M5 Design Studio,https://m5designstudio.com/,,United States,us,selectedfirms,web|web-design,,,,2026-09-20 22:09
thoughtcodes.com,Thoughtcodes LLC,https://www.thoughtcodes.com/,,United States,us,selectedfirms,web|web-design,,,,2026-09-20 22:09
velir.com,Velir,https://www.velir.com/,,United States,us,selectedfirms,web|web-design,,,,2026-09-20 22:09
durkangroup.com,The Durkan Group,https://durkangroup.com/,,United States,us,selectedfirms,web|web-design,,,,2026-09-20 22:09
uport.agency,Uport Agency,https://uport.agency/,,United States,us,selectedfirms,web|web-design,,,,2026-09-20 22:09
bmgmediaco.com,BMG Media Co.,https://bmgmediaco.com/,,United States,us,selectedfirms,web|web-design,,,,2026-09-20 22:09
plat4m.com,PLATFORM,https://www.plat4m.com/,,United States,us,selectedfirms,web|web-design,,,,2026-09-20 22:09
jloop.com,JLOOP,https://www.jloop.com/,,United States,us,selectedfirms,web|web-design,,,,2026-09-20 22:09
ximxim.com,XIM,https://ximxim.com/,,United States,us,selectedfirms,web|web-design,,,,2026-09-20 22:09
makoitlab.com,"Mako IT Lab, Inc.",https://www.makoitlab.com/,,United States,us,selectedfirms,web|web-design,,,,2026-09-20 22:09
simplesolutionsfs.com,Simple Solutions,https://simplesolutionsfs.com/,,United States,us,selectedfirms,web|web-design,,,,2026-09-20 22:09
vaultinnovation.com,Vault Innovation,https://www.vaultinnovation.com/,,United States,us,selectedfirms,web|web-design,,,,2026-09-20 22:09
xngage.com,Xngage LLC,https://www.xngage.com/,,United States,us,selectedfirms,web-design,,,,2026-09-20 22:09
gournayconsulting.com,Gournay Consulting,https://www.gournayconsulting.com/,,United States,us,selectedfirms,web-design,,,,2026-09-20 22:09
conxept.co,Conxept Innovations,https://conxept.co/,,United States,us,selectedfirms,web|web-design,,,,2026-09-20 22:09
blaksheepcreative.com,BlakSheep Creative,https://blaksheepcreative.com/,,United States,us,selectedfirms,web-design,,,,2026-09-20 22:09
digitalmarketingaspen.com,Digital Marketing Aspen,https://digitalmarketingaspen.com/,,United States,us,selectedfirms,web-design,,,,2026-09-20 22:09
blueswitch.com,BlueSwitch,https://blueswitch.com,,United States,us,selectedfirms,web|web-design,,,,2026-09-20 22:09
calashock.com,Calashock,https://calashock.com,,United States,us,selectedfirms,web-design,,,,2026-09-20 22:09
groovecommerce.com,Groove Commerce,https://groovecommerce.com,,United States,us,selectedfirms,web|web-design,,,,2026-09-20 22:09
irishtitan.com,Irish Titan,https://irishtitan.com,,United States,us,selectedfirms,web|web-design,,,,2026-09-20 22:09
digitaloperative.com,Digital Operative,https://digitaloperative.com,,United States,us,selectedfirms,web-design,,,,2026-09-20 22:09
ironplane.com,Ironplane,https://www.ironplane.com,,United States,us,selectedfirms,web-design,,,,2026-09-20 22:09
studioscience.com,Studio Science,https://www.studioscience.com,,United States,us,selectedfirms,web-design,,,,2026-09-20 22:09
bluestout.com,Blue Stout,https://www.bluestout.com,,United States,us,selectedfirms,web-design,,,,2026-09-20 22:09
echidna.co,Echidna,https://echidna.co,,United States,us,selectedfirms,web|web-design,,,,2026-09-20 22:09
sleeplessmedia.com,Sleepless Media,https://sleeplessmedia.com,,United States,us,selectedfirms,web-design,,,,2026-09-20 22:09
neonrain.com,Neon Rain Interactive,https://www.neonrain.com/,,United States,us,selectedfirms,web|web-design,,,,2026-09-20 22:09
acumium.com,Acumium,https://www.acumium.com/,,United States,us,selectedfirms,web|web-design,,,,2026-09-20 22:09
imagescape.com,Imaginary Landscape,https://www.imagescape.com/,,United States,us,selectedfirms,web|web-design,,,,2026-09-20 22:09
boomtownig.com,Boomtown Internet Group,https://www.boomtownig.com/,,United States,us,selectedfirms,web|web-design,,,,2026-09-20 22:09
cpointcc.com,Connecting Point Computer Center,https://cpointcc.com/,,United States,us,selectedfirms,web|web-design,,,,2026-09-20 22:09
advp.com,Adventure Web,https://www.advp.com/,,United States,us,selectedfirms,web|web-design,,,,2026-09-20 22:09
unleadedsoftware.com,Unleaded Group,https://www.unleadedsoftware.com/,,United States,us,selectedfirms,web|web-design,,,,2026-09-20 22:09
sankyinc.com,Sanky Communications,https://sankyinc.com/,,United States,us,selectedfirms,web|web-design,,,,2026-09-20 22:09
iboramedia.com,IBORA MEDIA,https://iboramedia.com/,,United States,us,selectedfirms,web|web-design,,,,2026-09-20 22:09
vpcpartners.com,VP+C,https://vpcpartners.com/,,United States,us,selectedfirms,web|web-design,,,,2026-09-20 22:09
mustbeonline.net,MustBeOnline.net,https://www.mustbeonline.net/,,United States,us,selectedfirms,web|web-design,,,,2026-09-20 22:09
axxiem.com,Axxiem Corporation,https://axxiem.com/,,United States,us,selectedfirms,web|web-design,,,,2026-09-20 22:09
crocodiledigital.com,Crocodile Digital Corporation,https://www.crocodiledigital.com/,,United States,us,selectedfirms,web|web-design,,,,2026-09-20 22:09
raconteur.com,Raconteur Media,https://raconteur.com/,,United States,us,selectedfirms,web|web-design,,,,2026-09-20 22:09
highimpactmediasolutions.com,High Impact Media Solutions,https://highimpactmediasolutions.com/,,United States,us,selectedfirms,web|web-design,,,,2026-09-20 22:09
ghostsavvy.com,Ghost Savvy Studios,https://www.ghostsavvy.com/,,United States,us,selectedfirms,web|web-design,,,,2026-09-20 22:09
priorityweb365.com,Priority Web 365,https://priorityweb365.com/,,United States,us,selectedfirms,web|web-design,,,,2026-09-20 22:09
figmentdesign.com,Figment Design,https://figmentdesign.com/,,United States,us,selectedfirms,web|web-design,,,,2026-09-20 22:09
jbmf.com,JBMF,https://www.jbmf.com/,,United States,us,selectedfirms,web|web-design,,,,2026-09-20 22:09
enfoglobe.com,"Enfoglobe, LLC.",https://enfoglobe.com/en,,United States,us,selectedfirms,web|web-design,,,,2026-09-20 22:09
socialmediasharks.com,Social Media Sharks,https://www.socialmediasharks.com/,,United States,us,selectedfirms,web|web-design,,,,2026-09-20 22:09
ultimecom.com,UltimeCom,https://ultimecom.com/,,United States,us,selectedfirms,web|web-design,,,,2026-09-20 22:09
myislanddesigns.com,My Island Designs,https://www.myislanddesigns.com/,,United States,us,selectedfirms,web|web-design,,,,2026-09-20 22:09
livewiregeeks.com,Livewire Web Design,https://livewiregeeks.com/,,United States,us,selectedfirms,web|web-design,,,,2026-09-20 22:09
aglobal.biz,Accelerated Global,https://aglobal.biz/,,United States,us,selectedfirms,web|web-design,,,,2026-09-20 22:09
fmrwebdesign.com,FMR Web Design,https://www.fmrwebdesign.com/,,United States,us,selectedfirms,web|web-design,,,,2026-09-20 22:09
dilandesign.com,Dilan Design,https://dilandesign.com/,,United States,us,selectedfirms,web|web-design,,,,2026-09-20 22:09
wedeliverthehits.com,Online Services IDM,https://www.wedeliverthehits.com/,,United States,us,selectedfirms,web|web-design,,,,2026-09-20 22:09
design215.com,Design215 Inc.,https://design215.com/,,United States,us,selectedfirms,web|web-design,,,,2026-09-20 22:09
primemediadesigns.com,Prime Media Designs,https://primemediadesigns.com/,,United States,us,selectedfirms,web|web-design,,,,2026-09-20 22:09
class3creative.com,Class 3 Creative,https://class3creative.com/,,United States,us,selectedfirms,web|web-design,,,,2026-09-20 22:09
startupstarz.com,Startup Starz LLC,https://startupstarz.com/,,United States,us,selectedfirms,web|web-design,,,,2026-09-20 22:09
mcdpartners.com,MCD Partners,https://www.mcdpartners.com/,,United States,us,selectedfirms,web-design,,,,2026-09-20 22:09
mobilewebnerd.com,Mobile Web Nerd,https://mobilewebnerd.com/,,United States,us,selectedfirms,web|web-design,,,,2026-09-20 22:09
builtbyhq.com,HQ,https://builtbyhq.com/,,United States,us,selectedfirms,web|web-design,,,,2026-09-20 22:09
mvrk.co,MVRK,https://www.mvrk.co/,,United States,us,selectedfirms,web|web-design,,,,2026-09-20 22:09
canocreative.com,CanoCreative,https://canocreative.com/,,United States,us,selectedfirms,web|web-design,,,,2026-09-20 22:09
nycseoauthority.com,SEO Authority,https://www.nycseoauthority.com/,,United States,us,selectedfirms,web|web-design,,,,2026-09-20 22:09
lav1.com,LaV1,https://lav1.com/,,United States,us,selectedfirms,web-design,,,,2026-09-20 22:09
iterate.co,Iterate,https://iterate.co/,,United States,us,selectedfirms,web|web-design,,,,2026-09-20 22:09
laurengroup.ai,Lauren Group Inc.,https://www.laurengroup.ai/,,United States,us,selectedfirms,web-design,,,,2026-09-20 22:09
nxtlabs.com,NXT LABS,https://nxtlabs.com/,,United States,us,selectedfirms,web|web-design,,,,2026-09-20 22:09
ingagepartners.com,Ingage Partners,https://ingagepartners.com/,,United States,us,selectedfirms,web|web-design,,,,2026-09-20 22:09
thedaylightstudio.com,Daylight Studio,https://thedaylightstudio.com/,,United States,us,selectedfirms,web|web-design,,,,2026-09-20 22:09
yopeso.com,YOPESO,https://www.yopeso.com/,,United States,us,selectedfirms,web|web-design,,,,2026-09-20 22:09
solvative.com,Solvative,https://solvative.com/,,United States,us,selectedfirms,web|web-design,,,,2026-09-20 22:09
boundaryla.com,Boundary,https://www.boundaryla.com/,,United States,us,selectedfirms,web|web-design,,,,2026-09-20 22:09
kingtide.com,King Tide,https://kingtide.com/,,United States,us,selectedfirms,web-design,,,,2026-09-20 22:09
weberco.io,Weber & Co.,https://weberco.io/,,United States,us,selectedfirms,web|web-design,,,,2026-09-20 22:09
icommstudios.com,iComm Studios,https://icommstudios.com/,,United States,us,selectedfirms,web|web-design,,,,2026-09-20 22:09
punchteam.com,Punch,https://punchteam.com/,,United States,us,selectedfirms,web|web-design,,,,2026-09-20 22:09
bionicegg.com,Bionic Egg®,https://www.bionicegg.com/,,United States,us,selectedfirms,squarespace|web|web-design,,,,2026-09-20 22:09
farshore.com,FarShore,https://www.farshore.com/,,United States,us,selectedfirms,web|web-design,,,,2026-09-20 22:09
st-dev.com,STDev,https://st-dev.com/,,United States,us,selectedfirms,web|web-design,,,,2026-09-20 22:09
creatingdigital.com,Creating Digital,https://www.creatingdigital.com/,,United States,us,selectedfirms,web|web-design,,,,2026-09-20 22:09
vanimarketing.com,VANI Marketing,https://vanimarketing.com/,,United States,us,selectedfirms,web-design,,,,2026-09-20 22:09
97thfloor.com,97th Floor,https://97thfloor.com/,,United States,us,selectedfirms,web-design,,,,2026-09-20 22:09
straycatdigital.com,Stray Cat Digital,https://straycatdigital.com/,,United States,us,selectedfirms,web|web-design,,,,2026-09-20 22:09
slog.design,Slog Design LLC,https://www.slog.design/,,United States,us,selectedfirms,squarespace|web|web-design,,,,2026-09-20 22:09
webdesignmiamicompany.com,Web Design Miami Company,https://www.webdesignmiamicompany.com/,,United States,us,selectedfirms,web|web-design,,,,2026-09-20 22:09
smashingboxes.com,Smashing Boxes,https://www.smashingboxes.com,,United States,us,selectedfirms,web|web-design,,,,2026-09-20 22:09
objectedge.com,Object Edge,https://www.objectedge.com,,United States,us,selectedfirms,web-design,,,,2026-09-20 22:09
cartknitter.com,CartKnitter,https://www.cartknitter.com,,United States,us,selectedfirms,squarespace|web|web-design,,,,2026-09-20 22:09
phase2technology.com,Phase2 Technology,https://www.phase2technology.com,,United States,us,selectedfirms,web-design,,,,2026-09-20 22:09
hugeinc.com,Huge,https://www.hugeinc.com/,,United States,us,selectedfirms,web|web-design,,,,2026-09-20 22:09
horizontaldigital.com,Horizontal Digital,https://www.horizontaldigital.com/,,United States,us,selectedfirms,web|web-design,,,,2026-09-20 22:09
northamerica.zallpy.com,Zallpy Digital,https://northamerica.zallpy.com/,,United States,us,selectedfirms,web-design,,,,2026-09-20 22:09
testdouble.com,Test Double,https://testdouble.com/,,United States,us,selectedfirms,web|web-design,,,,2026-09-20 22:09
spacedev.io,SpaceDev,https://spacedev.io/,,United States,us,selectedfirms,web|web-design,,,,2026-09-20 22:09
perpetualny.com,Perpetual,https://www.perpetualny.com/,,United States,us,selectedfirms,web|web-design,,,,2026-09-20 22:09
nybblegroup.com,Nybble Group,https://www.nybblegroup.com/,,United States,us,selectedfirms,web|web-design,,,,2026-09-20 22:09
swordsweeper.com,Swordsweeper,https://www.swordsweeper.com/,,United States,us,selectedfirms,web|web-design,,,,2026-09-20 22:09
dreamfoundrygames.com,Dream Foundry Games,https://www.dreamfoundrygames.com/,,United States,us,selectedfirms,web|web-design,,,,2026-09-20 22:09
tekxai.com,Tekxai,https://tekxai.com/,,United States,us,selectedfirms,web|web-design,,,,2026-09-20 22:09
newnormal.agency,New Normal,https://newnormal.agency/,,United States,us,selectedfirms,web-design,,,,2026-09-20 22:09
techloomglobal.com,TechLoom Global,https://techloomglobal.com/,,United States,us,selectedfirms,web|web-design,,,,2026-09-20 22:09
riseapps.co,Riseapps,https://riseapps.co/,,United States,us,selectedfirms,web|web-design,,,,2026-09-20 22:09
oktana.com,Oktana,https://oktana.com/,,United States,us,selectedfirms,web|web-design,,,,2026-09-20 22:09
parthenonsoftware.com,Parthenon Software Group,https://www.parthenonsoftware.com/,,United States,us,selectedfirms,web|web-design,,,,2026-09-20 22:09
thinktreestudios.com,Think Tree Studios,https://www.thinktreestudios.com/,,United States,us,selectedfirms,web|web-design,,,,2026-09-20 22:09
trailheadtechnology.com,Trailhead Technology Partners,https://trailheadtechnology.com/,,United States,us,selectedfirms,web|web-design,,,,2026-09-20 22:09
integrated-itsolutions.com,Integrated IT Solutions,https://integrated-itsolutions.com/,,United States,us,selectedfirms,web|web-design,,,,2026-09-20 22:09
sevenhillstechnology.com,Seven Hills Technology,https://sevenhillstechnology.com/,,United States,us,selectedfirms,web|web-design,,,,2026-09-20 22:09
inicreatechnologies.com,Inicrea Technologies LLC,https://inicreatechnologies.com/,,United States,us,selectedfirms,web|web-design,,,,2026-09-20 22:09
zette.dev,Zette,https://zette.dev/,,United States,us,selectedfirms,web|web-design,,,,2026-09-20 22:09
inapp.com,InApp,https://inapp.com/,,United States,us,selectedfirms,web|web-design,,,,2026-09-20 22:09
sparkosol.com,Sparko Sol,https://sparkosol.com/,,United States,us,selectedfirms,web|web-design,,,,2026-09-20 22:09
thetechub.us,"The Tech Hub, LLC.",https://www.thetechub.us/,,United States,us,selectedfirms,web-design,,,,2026-09-20 22:09
tsoftek.com,Tsoftek,https://www.tsoftek.com/,,United States,us,selectedfirms,web|web-design,,,,2026-09-20 22:09
sciodev.com,Scio,https://sciodev.com/,,United States,us,selectedfirms,web|web-design,,,,2026-09-20 22:09
limegreenapps.com,LimeGreen Apps,https://limegreenapps.com/,,United States,us,selectedfirms,web|web-design,,,,2026-09-20 22:09
sileria.com,Sileria,https://sileria.com/,,United States,us,selectedfirms,web|web-design,,,,2026-09-20 22:09
orioninc.com,Orion Innovation,https://www.orioninc.com/,,United States,us,selectedfirms,web-design,,,,2026-09-20 22:09
codysolutions.com,Cody Solutions,https://codysolutions.com/,,United States,us,selectedfirms,web|web-design,,,,2026-09-20 22:09
auxility.ca,Auxility,https://www.auxility.ca/,,United States,us,selectedfirms,web|web-design,,,,2026-09-20 22:09
arasdigital.co,Aras Digital Products,https://arasdigital.co/,,United States,us,selectedfirms,web|web-design,,,,2026-09-20 22:09
aspiredigitalsolutions.com,Aspire Digital Solutions,https://aspiredigitalsolutions.com/,,United States,us,selectedfirms,web|web-design,,,,2026-09-20 22:09
rapptrlabs.com,Rapptr Labs,https://rapptrlabs.com/,,United States,us,selectedfirms,web|web-design,,,,2026-09-20 22:09
orbixcode.com,OrbixCode,https://orbixcode.com/,,United States,us,selectedfirms,web|web-design,,,,2026-09-20 22:09
olibro.com,Olibro Design,https://olibro.com/,,United States,us,selectedfirms,web|web-design,,,,2026-09-20 22:09
zen.agency,Zen Agency,https://zen.agency/,,United States,us,selectedfirms,web|web-design,,,,2026-09-20 22:09
monkeykodeagency.com,Monkey Kode,https://www.monkeykodeagency.com/,,United States,us,selectedfirms,web|web-design,,,,2026-09-20 22:09
badpixel.com,"badpixel, Inc.",https://www.badpixel.com/,,United States,us,selectedfirms,web|web-design,,,,2026-09-20 22:09
fostercommerce.com,Foster Commerce,https://www.fostercommerce.com/,,United States,us,selectedfirms,web|web-design,,,,2026-09-20 22:09
draywebservices.com,Dray Web Services,https://draywebservices.com/,,United States,us,selectedfirms,web|web-design,,,,2026-09-20 22:09
greenhatwebs.com,Green Hat Web Solutions,https://www.greenhatwebs.com/,,United States,us,selectedfirms,squarespace|web|web-design,,,,2026-09-20 22:09
lmptechsolutions.com,LMP Tech Solutions,https://lmptechsolutions.com/,,United States,us,selectedfirms,web|web-design,,,,2026-09-20 22:09
sparkdsg.com,Spark DSG LLC,https://sparkdsg.com/,,United States,us,selectedfirms,web|web-design,,,,2026-09-20 22:09
mineweb.io,Mineweb Studio,https://mineweb.io/,,United States,us,selectedfirms,web|web-design,,,,2026-09-20 22:09
uptic.io,Uptic IO LLC,https://uptic.io/,,United States,us,selectedfirms,web|web-design,,,,2026-09-20 22:09
wavepoint.co,Wavepoint Inc.,https://wavepoint.co/,,United States,us,selectedfirms,web|web-design,,,,2026-09-20 22:09
specialsaucebranding.com,Special Sauce,https://specialsaucebranding.com/,,United States,us,selectedfirms,web|web-design,,,,2026-09-20 22:09
glenntechllc.us,Glenntech LLC,https://glenntechllc.us/,,United States,us,selectedfirms,web|web-design,,,,2026-09-20 22:09
greenbananaseo.com,GreenBanana SEO and Digital Marketing Agency,https://greenbananaseo.com/,,United States,us,selectedfirms,squarespace|web|web-design,,,,2026-09-20 22:09
amst.com,Alt Media Studios,https://www.amst.com/,,United States,us,selectedfirms,web|web-design,,,,2026-09-20 22:09
zerototenadvisory.com,Zero To Ten,https://zerototenadvisory.com/,,United States,us,selectedfirms,web|web-design,,,,2026-09-20 22:09
socialfiremedia.com,Social Fire Media,https://socialfiremedia.com/,,United States,us,selectedfirms,web|web-design,,,,2026-09-20 22:09
rareview.com,Rareview® Creative Agency,https://rareview.com/,,United States,us,selectedfirms,web|web-design,,,,2026-09-20 22:09
websitedepot.com,Website Depot Inc. Digital Marketing & SEO,https://websitedepot.com/,,United States,us,selectedfirms,web|web-design,,,,2026-09-20 22:09
jubilantdigital.com,Jubilant Digital,https://jubilantdigital.com/,,United States,us,selectedfirms,web|web-design,,,,2026-09-20 22:09
programodo.com,Programodo,https://programodo.com/,,United States,us,selectedfirms,web|web-design,,,,2026-09-20 22:09
sandstormdesign.com,Sandstorm Design,https://www.sandstormdesign.com/,,United States,us,selectedfirms,web|web-design,,,,2026-09-20 22:09
thirdandgrove.com,Third and Grove,https://www.thirdandgrove.com/,,United States,us,selectedfirms,web|web-design,,,,2026-09-20 22:09
mayvenstudios.com,Mayven Studios,https://mayvenstudios.com/,,United States,us,selectedfirms,web|web-design,,,,2026-09-20 22:09
thegenielab.com,TheGenieLab,https://www.thegenielab.com/,,United States,us,selectedfirms,web|web-design,,,,2026-09-20 22:09
promodex.agency,Promodex,https://promodex.agency/,,United States,us,selectedfirms,web|web-design,,,,2026-09-20 22:09
techswivel.com,TechSwivel Private Limited,https://techswivel.com/,,United States,us,selectedfirms,web|web-design,,,,2026-09-20 22:09
clearsummit.com,ClearSummit,https://www.clearsummit.com/,,United States,us,selectedfirms,web|web-design,,,,2026-09-20 22:09
houseofapps.io,House of Apps,https://houseofapps.io/,,United States,us,selectedfirms,web|web-design,,,,2026-09-20 22:09
digi-corp.co,Digicorp Information Systems Pvt. Ltd.,https://www.digi-corp.co/,,United States,us,selectedfirms,web|web-design,,,,2026-09-20 22:09
attractor-software.com,Attractor Software LLC,https://attractor-software.com/,,United States,us,selectedfirms,web|web-design,,,,2026-09-20 22:09
swarmnyc.com,SWARM,https://www.swarmnyc.com/,,United States,us,selectedfirms,web|web-design,,,,2026-09-20 22:09
jettdevelops.com,Jett,https://jettdevelops.com/,,United States,us,selectedfirms,web|web-design,,,,2026-09-20 22:09
solutionbuilt.com,SolutionBuilt,https://www.solutionbuilt.com/,,United States,us,selectedfirms,web|web-design,,,,2026-09-20 22:09
triaxo.com,Triaxo Solutions,https://triaxo.com/,,United States,us,selectedfirms,web|web-design,,,,2026-09-20 22:09
uosolutions.com,UO Solutions,https://uosolutions.com/,,United States,us,selectedfirms,web|web-design,,,,2026-09-20 22:09
lanexcorp.com,LANEX Corporation,https://lanexcorp.com/,,United States,us,selectedfirms,web|web-design,,,,2026-09-20 22:09
androbin.co,Robin,https://www.androbin.co/,,United States,us,selectedfirms,web|web-design,,,,2026-09-20 22:09
4waytechnologies.com,4 Way Technologies,https://www.4waytechnologies.com/,,United States,us,selectedfirms,web|web-design,,,,2026-09-20 22:09
ntara.com,Ntara,https://www.ntara.com/,,United States,us,selectedfirms,web|web-design,,,,2026-09-20 22:09
thedesignsfirm.com,The Designs Firm (TDF),https://thedesignsfirm.com/,,United States,us,selectedfirms,web|web-design,,,,2026-09-20 22:09
thinkpodagency.com,ThinkPod Agency,https://thinkpodagency.com/,,United States,us,selectedfirms,web-design,,,,2026-09-20 22:09
wondersauce.com,Wondersauce,https://wondersauce.com,,United States,us,selectedfirms,web|web-design,,,,2026-09-20 22:09
ethercycle.com,Ethercycle,https://www.ethercycle.com,,United States,us,selectedfirms,web|web-design,,,,2026-09-20 22:09
electriceye.io,Electric Eye,https://electriceye.io,,United States,us,selectedfirms,web|web-design,,,,2026-09-20 22:09
manufactur.co,Manufactur,https://manufactur.co,,United States,us,selectedfirms,web|web-design,,,,2026-09-20 22:09
atakinteractive.com,"ATAK Interactive, Inc.",https://www.atakinteractive.com/,,United States,us,selectedfirms,web|web-design,,,,2026-09-20 22:09
newleaders.com,New Leaders,https://newleaders.com/,,United States,us,selectedfirms,web-design,,,,2026-09-20 22:09
equalizedigital.com,Equalize Digital,https://equalizedigital.com/,,United States,us,selectedfirms,web|web-design,,,,2026-09-20 22:09
baymediasoft.com,Baymediasoft Technologies,https://www.baymediasoft.com/,,United States,us,selectedfirms,web|web-design,,,,2026-09-20 22:09
prioritydesigns.com,Priority Designs,https://prioritydesigns.com,,United States,us,selectedfirms,web-design,,,,2026-09-20 22:09
nectarpd.com,Nectar Product Development,https://nectarpd.com,,United States,us,selectedfirms,web-design,,,,2026-09-20 22:09
konrad.com,Konrad Group,https://www.konrad.com,,United States,us,selectedfirms,web|web-design,,,,2026-09-20 22:09
pensa.co,Pensa,https://pensa.co,,United States,us,selectedfirms,web-design,,,,2026-09-20 22:09
lunarlincoln.com,Lunar Lincoln,https://www.lunarlincoln.com,,United States,us,selectedfirms,web-design,,,,2026-09-20 22:09
credentech.com,Credentech Solutions,https://www.credentech.com/,,United States,us,selectedfirms,web|web-design,,,,2026-09-20 22:09
nicedigitals.com,Nice Digitals,https://www.nicedigitals.com/,,United States,us,selectedfirms,web|web-design,,,,2026-09-20 22:09
linton-tech.com,Linton Technologies LLC,https://www.linton-tech.com/,,United States,us,selectedfirms,web|web-design,,,,2026-09-20 22:09
thewebbuildersllc.com,The Web Builders llc,https://thewebbuildersllc.com/,,United States,us,selectedfirms,web|web-design,,,,2026-09-20 22:09
globalqualitymarketing.com,Global Quality Marketing Digital Marketing Agency,https://globalqualitymarketing.com/,,United States,us,selectedfirms,web|web-design,,,,2026-09-20 22:09
sitesymphonydesignstudio.com,Site Symphony Design Studio,https://sitesymphonydesignstudio.com/,,United States,us,selectedfirms,web|web-design,,,,2026-09-20 22:09
evolvion.io,Evolvion,https://www.evolvion.io/,,United States,us,selectedfirms,web|web-design,,,,2026-09-20 22:09
mdgsolutions.com,MDG Advertising,https://www.mdgsolutions.com/,,United States,us,selectedfirms,web|web-design,,,,2026-09-20 22:09
infloway.com,InfloWay Technologies,https://www.infloway.com/,,United States,us,selectedfirms,web|web-design,,,,2026-09-20 22:09
realitymg.com,Reality Marketing Group,https://realitymg.com/,,United States,us,selectedfirms,web|web-design,,,,2026-09-20 22:09
geex.online,geex.Online,https://geex.online/,,United States,us,selectedfirms,web|web-design,,,,2026-09-20 22:09
rnrinc.com,RNR Consulting Inc,https://www.rnrinc.com/,,United States,us,selectedfirms,web|web-design,,,,2026-09-20 22:09
globalofficeworks.com,Global OfficeWorks,https://globalofficeworks.com/,,United States,us,selectedfirms,web|web-design,,,,2026-09-20 22:09
nextgencode.io,NextGen Code,https://nextgencode.io/,,United States,us,selectedfirms,web|web-design,,,,2026-09-20 22:09
nextadagency.com,NEXT! Ad Agency,https://nextadagency.com/,,United States,us,selectedfirms,web|web-design,,,,2026-09-20 22:09
wqcdesigns.com,WQC Design Studio,https://wqcdesigns.com/,,United States,us,selectedfirms,web|web-design,,,,2026-09-20 22:09
numenleap.com,Numen Leap,https://numenleap.com/,,United States,us,selectedfirms,web|web-design,,,,2026-09-20 22:09
jacksonvillewebsitedesign.com,Jacksonville Website Design,https://jacksonvillewebsitedesign.com/,,United States,us,selectedfirms,web|web-design,,,,2026-09-20 22:09
itsjustecommerce.com,Its Just eCommerce,https://www.itsjustecommerce.com/,,United States,us,selectedfirms,web|web-design,,,,2026-09-20 22:09
latinmade.co,Latin Made,https://latinmade.co/,,United States,us,selectedfirms,web|web-design,,,,2026-09-20 22:09
reflexions.co,Reflexions,https://www.reflexions.co/,,United States,us,selectedfirms,web|web-design,,,,2026-09-20 22:09
westwaydigital.com,Westway Digital,https://westwaydigital.com/,,United States,us,selectedfirms,web|web-design,,,,2026-09-20 22:09
cowbellagency.com,Cowbell Agency,https://cowbellagency.com/,,United States,us,selectedfirms,web|web-design,,,,2026-09-20 22:09
isimplifyme.com,iSimplifyMe,https://isimplifyme.com,,United States,us,selectedfirms,web-design,,,,2026-09-20 22:09
wethinkintegrated.com,Think Integrated LLC,https://wethinkintegrated.com/,,United States,us,selectedfirms,web|web-design,,,,2026-09-20 22:09
martingawlakcompany.com,Martin Gawlak Company,https://martingawlakcompany.com/,,United States,us,selectedfirms,web|web-design,,,,2026-09-20 22:09
bozaagency.com,Boza Agency,https://bozaagency.com/,,United States,us,selectedfirms,web|web-design,,,,2026-09-20 22:09
automatescale.com,Automate Scale,https://automatescale.com/,,United States,us,selectedfirms,web|web-design,,,,2026-09-20 22:09
nxteramarketingteam.com,Nxt Era Marketing,https://nxteramarketingteam.com/,,United States,us,selectedfirms,web|web-design,,,,2026-09-20 22:09
rockitinteractive.com,RockIT Interactive,https://www.rockitinteractive.com/,,United States,us,selectedfirms,web|web-design,,,,2026-09-20 22:09
altitudemarketing.com,Altitude Marketing,https://altitudemarketing.com/,,United States,us,selectedfirms,web|web-design,,,,2026-09-20 22:09
websightdesign.com,WebSight Design,https://websightdesign.com/,,United States,us,selectedfirms,web|web-design,,,,2026-09-20 22:09
vmg-creative.com,VMG Creative,https://www.vmg-creative.com/,,United States,us,selectedfirms,web|web-design,,,,2026-09-20 22:09
drhinc.com,"Digital Resource House, Inc.",https://drhinc.com/,,United States,us,selectedfirms,web|web-design,,,,2026-09-20 22:09
webdelo.com,Webdelo,https://webdelo.com/,,United States,us,selectedfirms,web|web-design,,,,2026-09-20 22:09
evokedesign.com,Evoke Design Inc,https://www.evokedesign.com/,,United States,us,selectedfirms,web|web-design,,,,2026-09-20 22:09
azienbiz.com,Azienbiz,https://azienbiz.com/,,United States,us,selectedfirms,web|web-design,,,,2026-09-20 22:09
nextgensoftware.us,NextGen Software LLC,https://www.nextgensoftware.us/,,United States,us,selectedfirms,web|web-design,,,,2026-09-20 22:09
bluehandwebdesign.com,Blue Hand Web Design,https://bluehandwebdesign.com/,,United States,us,selectedfirms,web|web-design,,,,2026-09-20 22:09
webdesignerexpress.com,Web Designer Express,https://webdesignerexpress.com/,,United States,us,selectedfirms,web|web-design,,,,2026-09-20 22:09
ziplineb2b.com,Zipline B2B Marketing,https://ziplineb2b.com/,,United States,us,selectedfirms,web|web-design,,,,2026-09-20 22:09
rainfactory.com,Rainfactory,https://www.rainfactory.com/,,United States,us,selectedfirms,web-design,,,,2026-09-20 22:09
nycseopro.com,NYC SEO Pro,https://nycseopro.com/,,United States,us,selectedfirms,web|web-design,,,,2026-09-20 22:09
bdgrow.com,BD Grow,https://bdgrow.com/,,United States,us,selectedfirms,web|web-design,,,,2026-09-20 22:09
luciuskingmarketing.com,Lucius King | Digital Marketing & Business Consulting,https://www.luciuskingmarketing.com/,,United States,us,selectedfirms,web|web-design,,,,2026-09-20 22:09
tagdigitalmarketing.com,TAG Digital Marketing,https://tagdigitalmarketing.com/,,United States,us,selectedfirms,web|web-design,,,,2026-09-20 22:09
artisanagency.com,Artisan Agency,https://www.artisanagency.com/,,United States,us,selectedfirms,web|web-design,,,,2026-09-20 22:09
digitalmarketingconcepts.us,Digital Marketing Concepts,https://www.digitalmarketingconcepts.us/our-services/,,United States,us,selectedfirms,web|web-design,,,,2026-09-20 22:09
webpromotionpartners.com,Web Promotion Partners,https://webpromotionpartners.com/,,United States,us,selectedfirms,web|web-design,,,,2026-09-20 22:09
gorilladigital.marketing,Gorilla Digital,https://gorilladigital.marketing/,,United States,us,selectedfirms,web|web-design,,,,2026-09-20 22:09
bbexmarketing.com,BBEX Marketing,https://bbexmarketing.com/,,United States,us,selectedfirms,web|web-design,,,,2026-09-20 22:09
cascadeinteractive.com,Cascade Interactive,https://www.cascadeinteractive.com/,,United States,us,selectedfirms,web|web-design,,,,2026-09-20 22:09
setrank.com,Grey Media Group,https://setrank.com/,,United States,us,selectedfirms,web|web-design,,,,2026-09-20 22:09
massivedynamicsusa.com,Massive Dynamics USA,https://www.massivedynamicsusa.com/,,United States,us,selectedfirms,web|web-design,,,,2026-09-20 22:09
cybernetny.com,"Cybernet, LLC",https://www.cybernetny.com/,,United States,us,selectedfirms,web|web-design,,,,2026-09-20 22:09
sociusmarketing.com,Socius Marketing,https://www.sociusmarketing.com/,,United States,us,selectedfirms,web|web-design,,,,2026-09-20 22:09
maowebsolutions.com,MAO Web Solutions,https://maowebsolutions.com/,,United States,us,selectedfirms,web|web-design,,,,2026-09-20 22:09
cognisun.com,Cognisun Infotech Pvt. Ltd.,https://www.cognisun.com/,,United States,us,selectedfirms,web|web-design,,,,2026-09-20 22:09
tappnetwork.com,Tapp Network,https://www.tappnetwork.com/,,United States,us,selectedfirms,web|web-design,,,,2026-09-20 22:09
seospecialistfl.com,SEO Specialist Florida,https://seospecialistfl.com/,,United States,us,selectedfirms,web|web-design,,,,2026-09-20 22:09
pentaplus.co,PentaPlus,https://pentaplus.co/,,United States,us,selectedfirms,web|web-design,,,,2026-09-20 22:09
unitedholdingsgroup.com,United Holdings Group,https://www.unitedholdingsgroup.com/,,United States,us,selectedfirms,web|web-design,,,,2026-09-20 22:09
causeofakind.com,Cause of a Kind,https://www.causeofakind.com/,,United States,us,selectedfirms,web|web-design,,,,2026-09-20 22:09
firstrankdigital.com,First Rank Digital,https://firstrankdigital.com/,,United States,us,selectedfirms,web|web-design,,,,2026-09-20 22:09
seoorbits.com,SEO Orbits,https://seoorbits.com/,,United States,us,selectedfirms,web|web-design,,,,2026-09-20 22:09
eclipticideas.com,Ecliptic Ideas,https://eclipticideas.com/,,United States,us,selectedfirms,web|web-design,,,,2026-09-20 22:09
appdesigncompany.com,App Design Company,https://appdesigncompany.com/,,United States,us,selectedfirms,web|web-design,,,,2026-09-20 22:09
onebytellc.com,OneByte,https://onebytellc.com/,,United States,us,selectedfirms,web|web-design,,,,2026-09-20 22:09
wepropagate.co,WePropagate,https://wepropagate.co/,,United States,us,selectedfirms,web|web-design,,,,2026-09-20 22:09
ironcreative.com,Iron Creative,https://ironcreative.com/,,United States,us,selectedfirms,web-design,,,,2026-09-20 22:09
blueprintdigital.com,Blueprint Digital,https://blueprintdigital.com/,,United States,us,selectedfirms,web|web-design,,,,2026-09-20 22:09
reaktiv.co,Reaktiv,https://reaktiv.co/,,United States,us,selectedfirms,web|web-design,,,,2026-09-20 22:09
linkpd.com,Link Product Development,https://linkpd.com,,United States,us,selectedfirms,web-design,,,,2026-09-20 22:09
aruliden.com,Aruliden,https://aruliden.com,,United States,us,selectedfirms,web-design,,,,2026-09-20 22:09
businesslocallistings.com,Business Local Listings,https://businesslocallistings.com/,,United States,us,selectedfirms,web|web-design,,,,2026-09-20 22:09
kscadvpr.com,KSC Inc.,https://kscadvpr.com/,,United States,us,selectedfirms,web|web-design,,,,2026-09-20 22:09
novateus.com,Novateus,https://novateus.com/,,United States,us,selectedfirms,web|web-design,,,,2026-09-20 22:09
techquarter.io,TechQuarter LLC,https://techquarter.io/,,United States,us,selectedfirms,web|web-design,,,,2026-09-20 22:09
grsptech.com,GRSP Tech,https://www.grsptech.com/,,United States,us,selectedfirms,web|web-design,,,,2026-09-20 22:09
66loop.com,66Loop Technologies,https://66loop.com/,,United States,us,selectedfirms,web|web-design,,,,2026-09-20 22:09
solvejet.net,SolveJet,https://solvejet.net/,,United States,us,selectedfirms,web|web-design,,,,2026-09-20 22:09
unosquare.com,"unosquare, LLC",https://www.unosquare.com/,,United States,us,selectedfirms,web|web-design,,,,2026-09-20 22:09
goapgtech.com,APG Technology,https://www.goapgtech.com/,,United States,us,selectedfirms,web|web-design,,,,2026-09-20 22:09
intglobal.com,Indus Net Technologies Ltd.,https://intglobal.com/,,United States,us,selectedfirms,web|web-design,,,,2026-09-20 22:09
sevencollab.com,SEVEN,https://sevencollab.com/,,United States,us,selectedfirms,web|web-design,,,,2026-09-20 22:09
crosscomm.com,CrossComm,https://www.crosscomm.com/,,United States,us,selectedfirms,web|web-design,,,,2026-09-20 22:09
softwaredevelopersindia.com,SDI - Software Developers Inc,https://softwaredevelopersindia.com/,,United States,us,selectedfirms,web|web-design,,,,2026-09-20 22:09
innovimobile.com,InnoviMobile,https://www.innovimobile.com/,,United States,us,selectedfirms,web|web-design,,,,2026-09-20 22:09
frenchydigital.com,Frenchy Digital LLC,https://frenchydigital.com/,,United States,us,selectedfirms,web|web-design,,,,2026-09-20 22:09
denovostudios.com,Denovo Studios,https://www.denovostudios.com/,,United States,us,selectedfirms,web|web-design,,,,2026-09-20 22:09
spurtreetech.com,"SpurTree USA, Inc.",https://www.spurtreetech.com/,,United States,us,selectedfirms,web|web-design,,,,2026-09-20 22:09
mindk.com,MindK,https://www.mindk.com/,,United States,us,selectedfirms,web|web-design,,,,2026-09-20 22:09
coastalwebsolutions.agency,Coastal Web Solutions,https://coastalwebsolutions.agency/,,United States,us,selectedfirms,web|web-design,,,,2026-09-20 22:09
techtegy.com,Techtegy,https://techtegy.com/,,United States,us,selectedfirms,web|web-design,,,,2026-09-20 22:09
desolint.com,Desol Int,https://desolint.com/,,United States,us,selectedfirms,web|web-design,,,,2026-09-20 22:09
planetargon.com,Planet Argon,https://www.planetargon.com/,,United States,us,selectedfirms,web|web-design,,,,2026-09-20 22:09
informaticscommerce.com,Informatics Commerce Inc,https://www.informaticscommerce.com/,,United States,us,selectedfirms,web|web-design,,,,2026-09-20 22:09
wecandevelopit.com,We Can Develop It,https://wecandevelopit.com/,,United States,us,selectedfirms,web|web-design,,,,2026-09-20 22:09
wppals.com,WP Pals,https://wppals.com/,,United States,us,selectedfirms,web|web-design,,,,2026-09-20 22:09
knectar.com,Knectar,https://www.knectar.com/,,United States,us,selectedfirms,web|web-design,,,,2026-09-20 22:09
brightvessel.com,Bright Vessel,https://www.brightvessel.com/,,United States,us,selectedfirms,web|web-design,,,,2026-09-20 22:09
integrityresourcesolution.com,INTEGRITY RESOURCE SOLUTION LLC,https://www.integrityresourcesolution.com/,,United States,us,selectedfirms,web|web-design,,,,2026-09-20 22:09
logoscorp.com,LogosCorp,https://logoscorp.com/en-us,,United States,us,selectedfirms,squarespace|web|web-design,,,,2026-09-20 22:09
kwanso.com,Kwanso LLC,https://kwanso.com/,,United States,us,selectedfirms,web|web-design,,,,2026-09-20 22:09
jaxel.com,Jaxel,https://jaxel.com/,,United States,us,selectedfirms,web|web-design,,,,2026-09-20 22:09
imrepublic.com,"IM Republic, Inc",https://imrepublic.com/,,United States,us,selectedfirms,web|web-design,,,,2026-09-20 22:09
c2experience.com,The C2 Group,https://www.c2experience.com/,,United States,us,selectedfirms,web|web-design,,,,2026-09-20 22:09
plus8soft.com,Plus8soft,https://plus8soft.com/,,United States,us,selectedfirms,web|web-design,,,,2026-09-20 22:09
appsontechnologies.com,Appson Technologies,https://appsontechnologies.com/,,United States,us,selectedfirms,web|web-design,,,,2026-09-20 22:09
base2.io,Base Two,https://www.base2.io/,,United States,us,selectedfirms,web|web-design,,,,2026-09-20 22:09
scratchmm.com,Scratch Marketing + Media,https://scratchmm.com/,,United States,us,selectedfirms,web|web-design,,,,2026-09-20 22:09
softescu.com,Softescu,https://softescu.com/en/,,United States,us,selectedfirms,web|web-design,,,,2026-09-20 22:09
avaib.com,Avaib,https://www.avaib.com/,,United States,us,selectedfirms,web|web-design,,,,2026-09-20 22:09
ontoborn.com,Ontoborn Technologies,https://www.ontoborn.com/,,United States,us,selectedfirms,web|web-design,,,,2026-09-20 22:09
whenwemesh.com,MESH,https://whenwemesh.com/,,United States,us,selectedfirms,web|web-design,,,,2026-09-20 22:09
siro.agency,SIRO Digital Agency,https://siro.agency/,,United States,us,selectedfirms,squarespace|web|web-design,,,,2026-09-20 22:09
thegrowthshark.com,The Growth Shark,https://thegrowthshark.com/,,United States,us,selectedfirms,web|web-design,,,,2026-09-20 22:09
freshysites.com,Freshy,https://freshysites.com/,,United States,us,selectedfirms,web|web-design,,,,2026-09-20 22:09
intercode.com,InterCode,https://intercode.com/,,United States,us,selectedfirms,web|web-design,,,,2026-09-20 22:09
honeycombsoft.com,Honeycomb Software,https://honeycombsoft.com/,,United States,us,selectedfirms,web|web-design,,,,2026-09-20 22:09
nativedevops.com,Native DevOps,https://nativedevops.com/,,United States,us,selectedfirms,web|web-design,,,,2026-09-20 22:09
ftxinfotech.com,FTx InfoTech,https://www.ftxinfotech.com/,,United States,us,selectedfirms,web|web-design,,,,2026-09-20 22:09
varyence.com,Varyence,https://varyence.com/,,United States,us,selectedfirms,web|web-design,,,,2026-09-20 22:09
tapston.com,Tapston,https://tapston.com/,,United States,us,selectedfirms,web|web-design,,,,2026-09-20 22:09
tabsgi.com,TGI,https://www.tabsgi.com/,,United States,us,selectedfirms,web|web-design,,,,2026-09-20 22:09
asappstudio.com,Asapp Studio,https://asappstudio.com/,,United States,us,selectedfirms,web|web-design,,,,2026-09-20 22:09
nexius.ai,Nexius,https://nexius.ai/,,United States,us,selectedfirms,web|web-design,,,,2026-09-20 22:09
bigmarketing.com,BIG Marketing,https://bigmarketing.com/,,United States,us,selectedfirms,web-design,,,,2026-09-20 22:09
seolocale.com,SEO Locale,https://seolocale.com/,,United States,us,selectedfirms,web|web-design,,,,2026-09-20 22:09
pixelvinecreative.com,Pixelvine Creative,https://pixelvinecreative.com/,,United States,us,selectedfirms,web|web-design,,,,2026-09-20 22:09
kobedigital.com,Kobe Digital,https://www.kobedigital.com,,United States,us,selectedfirms,web|web-design,,,,2026-09-20 22:09
codingkart.com,Codingkart,https://codingkart.com,,United States,us,selectedfirms,web|web-design,,,,2026-09-20 22:09
falconmarketing.com,Falcon Marketing,https://falconmarketing.com/,,United States,us,selectedfirms,web|web-design,,,,2026-09-20 22:09
freelock.com,Freelock LLC,https://www.freelock.com/,,United States,us,selectedfirms,web|web-design,,,,2026-09-20 22:09
cidersoft.com,Cidersoft - Web Design & Staff Augmentation,https://cidersoft.com/,,United States,us,selectedfirms,web|web-design,,,,2026-09-20 22:09
dkssystems.com,DKS Systems,https://www.dkssystems.com/,,United States,us,selectedfirms,web|web-design,,,,2026-09-20 22:09
marsdevs.com,MarsDevs,https://www.marsdevs.com/,,United States,us,selectedfirms,web|web-design,,,,2026-09-20 22:09
rksdesign.com,RKS Design,https://rksdesign.com,,United States,us,selectedfirms,web-design,,,,2026-09-20 22:09
overit.com,Overit,https://www.overit.com,,United States,us,selectedfirms,web|web-design,,,,2026-09-20 22:09
geekpie.co,GeekPie,https://www.geekpie.co/,,United States,us,selectedfirms,web|web-design,,,,2026-09-20 22:09
fusecup.co,fusecup.co,https://fusecup.co/,,United States,us,selectedfirms,web|web-design,,,,2026-09-20 22:09
brossgroup.com,Bross Group,https://brossgroup.com/,,United States,us,selectedfirms,web|web-design,,,,2026-09-20 22:09
the-reference.com,The Reference,https://www.the-reference.com/,,United States,us,selectedfirms,web|web-design,,,,2026-09-20 22:09
ittrident.com,itTrident,https://ittrident.com/,,United States,us,selectedfirms,web|web-design,,,,2026-09-20 22:09
deepend.com.au,Deepend,https://www.deepend.com.au/,,United States,us,selectedfirms,bigcommerce|ecommerce|web|web-design|wordpress,,,,2026-09-20 22:09
ecommerceinside.co,Ecommerce Inside,https://www.ecommerceinside.co/,,United States,us,selectedfirms,web|web-design,,,,2026-09-20 22:09
0to5.com,Zer0 to 5ive,https://0to5.com/,,United States,us,selectedfirms,web|web-design,,,,2026-09-20 22:09
signitives.net,Signitives technologies llc,https://signitives.net/,,United States,us,selectedfirms,web|web-design,,,,2026-09-20 22:09
southwellmedia.com,Southwell Media,https://www.southwellmedia.com/,,United States,us,selectedfirms,web|web-design,,,,2026-09-20 22:09
offsureit.com,OffSure Software Solutions,https://offsureit.com/,,United States,us,selectedfirms,web|web-design,,,,2026-09-20 22:09
pandacodelab.com,Panda Codelab,https://www.pandacodelab.com/,,United States,us,selectedfirms,web|web-design,,,,2026-09-20 22:09
chemistryagency.com,Chemistry Agency,https://www.chemistryagency.com/,,United States,us,selectedfirms,web|web-design,,,,2026-09-20 22:09
linkites.com,Linkites,https://linkites.com/,,United States,us,selectedfirms,web|web-design,,,,2026-09-20 22:09
zcorppr.com,ZCorp PR & Digital,https://www.zcorppr.com/,,United States,us,selectedfirms,web|web-design,,,,2026-09-20 22:09
cflms.com,Central Florida Media Solutions,https://cflms.com/,,United States,us,selectedfirms,web|web-design,,,,2026-09-20 22:09
kreios.lu,Kreios SARL,https://www.kreios.lu/,,United States,us,selectedfirms,web|web-design,,,,2026-09-20 22:09
lionheartadvertising.com,Lion Heart Advertising,https://lionheartadvertising.com/,,United States,us,selectedfirms,web|web-design,,,,2026-09-20 22:09
wearesixthgear.com,Sixth Gear,https://www.wearesixthgear.com/,,United States,us,selectedfirms,web|web-design,,,,2026-09-20 22:09
subliminalpixels.com,Subliminal Pixels Lab,https://subliminalpixels.com/,,United States,us,selectedfirms,web|web-design,,,,2026-09-20 22:09
daiglecreative.com,Daigle Creative,https://daiglecreative.com/,,United States,us,selectedfirms,web|web-design,,,,2026-09-20 22:09
1stopmarketingsolutions.com,1 Stop Marketing Solutions,https://1stopmarketingsolutions.com/,,United States,us,selectedfirms,web|web-design,,,,2026-09-20 22:09
coastalclicks.com,Coastal Clicks,https://coastalclicks.com/,,United States,us,selectedfirms,web|web-design,,,,2026-09-20 22:09
prrevolution.com,PR Revolution,https://prrevolution.com/,,United States,us,selectedfirms,web|web-design,,,,2026-09-20 22:09
damngood.agency,DAMN GOOD AGENCY,https://damngood.agency/,,United States,us,selectedfirms,web|web-design,,,,2026-09-20 22:09
abovoinc.com,"Ab Ovo, Inc.",https://www.abovoinc.com/,,United States,us,selectedfirms,web|web-design,,,,2026-09-20 22:09
themindstudios.com,Mind Studios,https://themindstudios.com/,,United States,us,selectedfirms,web|web-design,,,,2026-09-20 22:09
bostonseoservices.org,Boston SEO Services,https://bostonseoservices.org/,,United States,us,selectedfirms,web|web-design,,,,2026-09-20 22:09
jamersan.com,Jamersan,https://jamersan.com,,United States,us,selectedfirms,web|web-design,,,,2026-09-20 22:09
lanpdt.com,LA NPDT,https://lanpdt.com/,,United States,us,selectedfirms,web-design,,,,2026-09-20 22:09
brandastic.com,Brandastic,https://www.brandastic.com,,United States,us,selectedfirms,web|web-design,,,,2026-09-20 22:09
appmakersla.com,AppMakers USA,https://appmakersla.com/selectedfirms/ecommerce-app-developers-usa/?utm_source=selectedfirms.co&utm_medium=referral&utm_campaign=selectedfirms-ecommerce-usa&utm_content=rank2,,United States,us,selectedfirms,ecommerce|web,,,,2026-09-20 22:09
instinctools.com,Instinctools,https://www.instinctools.com/software-development/,,United States,us,selectedfirms,web,,,,2026-09-20 22:09
echoglobal.tech,EchoGlobal,https://echoglobal.tech/,,United States,us,selectedfirms,web,,,,2026-09-20 22:09
webdesksolution.com,WebDesk Solution,https://webdesksolution.com/?utm_source=selectedfirms.co&utm_medium=referral&utm_campaign=Homepage-profile,,United States,us,selectedfirms,bigcommerce|ecommerce|magento|web|woocommerce,,,,2026-09-20 22:09
wednesday.is,Wednesday Solutions,https://wednesday.is,,United States,us,selectedfirms,web,,,,2026-09-20 22:09
emerline.com,Emerline,https://emerline.com/contact-us?utm_source=selectedfirms.co&utm_medium=referral&utm_campaign=contact-us&utm_content=listing,,United States,us,selectedfirms,bigcommerce|ecommerce|magento|web|woocommerce,,,,2026-09-20 22:09
debutinfotech.com,Debut Infotech Global Services LLC,https://www.debutinfotech.com/web-development,,United States,us,selectedfirms,web,,,,2026-09-20 22:09
dotcominfoway.com,Dot Com Infoway,https://www.dotcominfoway.com/mobile-application-development/,,United States,us,selectedfirms,web,,,,2026-09-20 22:09
csschopper.com,CSSChopper,https://www.csschopper.com/,,United States,us,selectedfirms,ecommerce|magento|web,,,,2026-09-20 22:09
sdlccorp.com,SDLC Corp,https://sdlccorp.com/,,United States,us,selectedfirms,bigcommerce|ecommerce|magento|web|woocommerce,,,,2026-09-20 22:09
htmlpanda.com,HTMLPanda,https://www.htmlpanda.com/,,United States,us,selectedfirms,ecommerce|magento|web|woocommerce|wordpress,,,,2026-09-20 22:09
binary-studio.com,Binary Studio,https://binary-studio.com/web-development/?utm_source=selectedfirms&utm_medium=referral&utm_campaign=web-development-usa,,United States,us,selectedfirms,web,,,,2026-09-20 22:09
sumatosoft.com,SumatoSoft,https://sumatosoft.com/,,United States,us,selectedfirms,web,,,,2026-09-20 22:09
closeloop.com,Closeloop Technologies,https://closeloop.com/,,United States,us,selectedfirms,web,,,,2026-09-20 22:09
cdnsol.com,CDN Solutions Group,https://www.cdnsol.com/,,United States,us,selectedfirms,ecommerce|magento|web,,,,2026-09-20 22:09
agileinfoways.com,Agile Infoways LLC,https://www.agileinfoways.com/?utm_source=selectedfirms.co&utm_medium=referral&utm_campaign=directory,,United States,us,selectedfirms,web,,,,2026-09-20 22:09
scnsoft.com,ScienceSoft,https://www.scnsoft.com/services/web-development,,United States,us,selectedfirms,ecommerce|magento|web,,,,2026-09-20 22:09
timspark.com,Timspark,https://timspark.com,,United States,us,selectedfirms,web,,,,2026-09-20 22:09
gloriumtech.com,Glorium Technologies,https://gloriumtech.com/,,United States,us,selectedfirms,ecommerce|web,,,,2026-09-20 22:09
plavno.io,Plavno,https://plavno.io/solutions,,United States,us,selectedfirms,ecommerce|magento|web|woocommerce|wordpress,,,,2026-09-20 22:09
masterofcode.com,Master of Code Global,https://masterofcode.com/,,United States,us,selectedfirms,web,,,,2026-09-20 22:09
osomstudio.com,Osom Studio,https://www.osomstudio.com/,,United States,us,selectedfirms,web,,,,2026-09-20 22:09
edvantis.com,Edvantis,https://www.edvantis.com/,,United States,us,selectedfirms,bigcommerce|ecommerce|web,,,,2026-09-20 22:09
hyscaler.com,HyScaler,https://hyscaler.com,,United States,us,selectedfirms,web,,,,2026-09-20 22:09
hedgehoglab.com,hedgehog lab,https://hedgehoglab.com/,,United States,us,selectedfirms,web,,,,2026-09-20 22:09
galaxy-it.net,Galaxy IT Inc.,https://galaxy-it.net,,United States,us,selectedfirms,ecommerce|web,,,,2026-09-20 22:09
magora-systems.com,Magora,https://magora-systems.com/,,United States,us,selectedfirms,web,,,,2026-09-20 22:09
spiralmantra.com,Spiral Mantra Private Limited,https://spiralmantra.com/,,United States,us,selectedfirms,web,,,,2026-09-20 22:09
elsner.com,Elsner Technologies Pvt. Ltd.,https://www.elsner.com,,United States,us,selectedfirms,bigcommerce|ecommerce|magento|web|woocommerce,,,,2026-09-20 22:09
ripenapps.com,RipenApps,https://ripenapps.com/mobile-app-development-company-usa,,United States,us,selectedfirms,web,,,,2026-09-20 22:09
eleks.com,ELEKS,https://eleks.com/,,United States,us,selectedfirms,web,,,,2026-09-20 22:09
inventive.io,Inventive Works,https://inventive.io/landing-pages/solving-business-problems-with-tech/?utm_source=selectedfirms.co&utm_medium=referral&utm_campaign=profile,,United States,us,selectedfirms,web,,,,2026-09-20 22:09
wagento.com,Wagento Creative LLC,https://www.wagento.com/,,United States,us,selectedfirms,bigcommerce|ecommerce|magento|web|woocommerce,,,,2026-09-20 22:09
syberry.com,Syberry Corporation,https://www.syberry.com/,,United States,us,selectedfirms,web,,,,2026-09-20 22:09
aglowiditsolutions.com,Aglowid IT Solutions,https://aglowiditsolutions.com/,,United States,us,selectedfirms,ecommerce|web|woocommerce,,,,2026-09-20 22:09
botreetechnologies.com,BoTree Technologies,https://www.botreetechnologies.com/,,United States,us,selectedfirms,ecommerce|web,,,,2026-09-20 22:09
xbsoftware.com,XB Software,https://xbsoftware.com/,,United States,us,selectedfirms,web,,,,2026-09-20 22:09
indusnet.co.in,Indus Net Technologies,https://www.indusnet.co.in/,,United States,us,selectedfirms,web,,,,2026-09-20 22:09
wandr.studio,WANDR,https://wandr.studio/,,United States,us,selectedfirms,web,,,,2026-09-20 22:09
publicmediasolution.com,Public Media Solution,https://publicmediasolution.com/,,United States,us,selectedfirms,ecommerce|magento|web|wordpress,,,,2026-09-20 22:09
appikr.com,Appikr Labs,https://www.appikr.com/,,United States,us,selectedfirms,bigcommerce|ecommerce|magento|web|woocommerce,,,,2026-09-20 22:09
steelkiwi.com,SteelKiwi,https://steelkiwi.com/,,United States,us,selectedfirms,web,,,,2026-09-20 22:09
ayatas.com,Ayatas Technologies,https://www.ayatas.com/,,United States,us,selectedfirms,ecommerce|magento|web|woocommerce,,,,2026-09-20 22:09
eitbiz.com,Extrovert Information Techology (EitBiz),https://www.eitbiz.com/,,United States,us,selectedfirms,web,,,,2026-09-20 22:09
equalitysoftware.com,Equality Software,https://equalitysoftware.com/,,United States,us,selectedfirms,bigcommerce|ecommerce|web,,,,2026-09-20 22:09
worldwebtechnology.com,World Web Technology,https://www.worldwebtechnology.com/,,United States,us,selectedfirms,web,,,,2026-09-20 22:09
kryptoninc.co,Kryptoninc Infolab,https://kryptoninc.co/,,United States,us,selectedfirms,web,,,,2026-09-20 22:09
biztechcs.com,Biztech Consulting & Solutions,https://www.biztechcs.com/services/odoo-development/,,United States,us,selectedfirms,web,,,,2026-09-20 22:09
exatosoftware.com,Exato Software,https://www.exatosoftware.com/,,United States,us,selectedfirms,web,,,,2026-09-20 22:09
diffco.us,Diffco,https://diffco.us/,,United States,us,selectedfirms,web,,,,2026-09-20 22:09
successive.tech,Successive Digital,https://successive.tech/,,United States,us,selectedfirms,ecommerce|web,,,,2026-09-20 22:09
devico.io,Devico,https://devico.io,,United States,us,selectedfirms,web,,,,2026-09-20 22:09
antino.com,Antino,https://www.antino.com/,,United States,us,selectedfirms,web,,,,2026-09-20 22:09
gehtsoftusa.com,Gehtsoft USA,https://www.gehtsoftusa.com/,,United States,us,selectedfirms,web,,,,2026-09-20 22:09
devcom.com,DevCom,https://devcom.com/,,United States,us,selectedfirms,web,,,,2026-09-20 22:09
cyfrania.com,Cyfrania,https://cyfrania.com/,,United States,us,selectedfirms,web,,,,2026-09-20 22:09
digiprima.com,DigiPrima Technologies Pvt. Ltd.,https://www.digiprima.com/,,United States,us,selectedfirms,bigcommerce|ecommerce|web|woocommerce,,,,2026-09-20 22:09
ramamtech.com,Ramam Tech,https://ramamtech.com/,,United States,us,selectedfirms,bigcommerce|ecommerce|magento|web|woocommerce,,,,2026-09-20 22:09
logicon.tech,LOGICON,https://logicon.tech,,United States,us,selectedfirms,web,,,,2026-09-20 22:09
sufalamtech.com,Sufalam Technologies Pvt Ltd,https://www.sufalamtech.com/,,United States,us,selectedfirms,bigcommerce|ecommerce|magento|web|woocommerce,,,,2026-09-20 22:09
roonyx.tech,Roonyx,http://roonyx.tech,,United States,us,selectedfirms,web,,,,2026-09-20 22:09
bestremoteteam.com,Best Remote Team,https://www.bestremoteteam.com/,,United States,us,selectedfirms,web,,,,2026-09-20 22:09
cleveroad.com,Cleveroad,https://www.cleveroad.com/,,United States,us,selectedfirms,ecommerce|magento|web|wordpress,,,,2026-09-20 22:09
webkul.com,Webkul,https://webkul.com/,,United States,us,selectedfirms,bigcommerce|ecommerce|magento|web|wix,,,,2026-09-20 22:09
sourceved.com,Sourceved Technologies,https://sourceved.com/,,United States,us,selectedfirms,web|wordpress,,,,2026-09-20 22:09
biz4group.com,Biz4Group LLC,https://www.biz4group.com/,,United States,us,selectedfirms,web,,,,2026-09-20 22:09
technource.com,Technource,https://www.technource.com/,,United States,us,selectedfirms,ecommerce|web,,,,2026-09-20 22:09
appzoro.com,Appzoro Technologies Inc.,https://appzoro.com/,,United States,us,selectedfirms,web,,,,2026-09-20 22:09
medianv.com,MediaNV,https://www.medianv.com/,,United States,us,selectedfirms,web,,,,2026-09-20 22:09
fivewalls.io,Fivewalls,https://www.fivewalls.io/,,United States,us,selectedfirms,web,,,,2026-09-20 22:09
thecompetenza.com,Competenza Innovare,https://thecompetenza.com/,,United States,us,selectedfirms,web,,,,2026-09-20 22:09
silverantmarketing.com,Silver Ant Marketing,https://silverantmarketing.com/,,United States,us,selectedfirms,web,,,,2026-09-20 22:09
parangat.com,Parangat Technologies,https://www.parangat.com/,,United States,us,selectedfirms,web,,,,2026-09-20 22:09
devicebee.com,DeviceBee Technologies,https://www.devicebee.com/,,United States,us,selectedfirms,ecommerce|web,,,,2026-09-20 22:09
emergentsoftware.net,Emergent Software,https://www.emergentsoftware.net/,,United States,us,selectedfirms,ecommerce|web|wordpress,,,,2026-09-20 22:09
appschopper.com,AppsChopper,https://www.appschopper.com/,,United States,us,selectedfirms,ecommerce|magento|web,,,,2026-09-20 22:09
cloudanalogy.com,Cloud Analogy,https://www.cloudanalogy.com/,,United States,us,selectedfirms,web|wordpress,,,,2026-09-20 22:09
codingcops.com,CodingCops,https://codingcops.com/,,United States,us,selectedfirms,web,,,,2026-09-20 22:09
protonshub.com,Protonshub Technologies,https://www.protonshub.com/,,United States,us,selectedfirms,ecommerce|web,,,,2026-09-20 22:09
smarttek.solutions,SmartTek Solutions,https://smarttek.solutions,,United States,us,selectedfirms,ecommerce|magento|web|woocommerce|wordpress,,,,2026-09-20 22:09
aegissofttech.com,Aegis Softtech,https://www.aegissofttech.com/,,United States,us,selectedfirms,ecommerce|magento|web,,,,2026-09-20 22:09
codeaegis.com,CodeAegis Pvt Ltd,https://www.codeaegis.com/,,United States,us,selectedfirms,web,,,,2026-09-20 22:09
topremotely.com,Top Remotely,https://www.topremotely.com,,United States,us,selectedfirms,web,,,,2026-09-20 22:09
valuestreamai.com,ValueStreamAI,https://valuestreamai.com/,,United States,us,selectedfirms,web,,,,2026-09-20 22:09
hudsonintegrated.com,Hudson Integrated,https://www.hudsonintegrated.com/,,United States,us,selectedfirms,ecommerce|web,,,,2026-09-20 22:09
intersog.com,Intersog,https://intersog.com/,,United States,us,selectedfirms,web,,,,2026-09-20 22:09
theninehertz.com,The NineHertz,https://theninehertz.com/,,United States,us,selectedfirms,web,,,,2026-09-20 22:09
simplytechnologies.net,Simply Technologies,https://www.simplytechnologies.net/,,United States,us,selectedfirms,web,,,,2026-09-20 22:09
vrinsofts.com,Vrinsoft Technology,https://www.vrinsofts.com/,,United States,us,selectedfirms,web,,,,2026-09-20 22:09
serokell.io,Serokell,https://serokell.io,,United States,us,selectedfirms,web,,,,2026-09-20 22:09
mtitech.co,Mtitech LLC,https://mtitech.co/digital-business-solutions/website-web-app-development/,,United States,us,selectedfirms,ecommerce|web|woocommerce|wordpress,,,,2026-09-20 22:09
origamistudios.us,Origami Studios,https://origamistudios.us/,,United States,us,selectedfirms,web,,,,2026-09-20 22:09
hashstudioz.com,HashStudioz Technologies Inc,https://www.hashstudioz.com/,,United States,us,selectedfirms,web,,,,2026-09-20 22:09
endivesoftware.com,Endive Software,https://www.endivesoftware.com/,,United States,us,selectedfirms,web,,,,2026-09-20 22:09
rocketech.it,ROCKETECH,https://rocketech.it/,,United States,us,selectedfirms,web,,,,2026-09-20 22:09
crunch-is.com,Crunch-IS,https://crunch-is.com/,,United States,us,selectedfirms,web,,,,2026-09-20 22:09
dianapps.com,DianApps,https://dianapps.com/,,United States,us,selectedfirms,ecommerce|magento|web|woocommerce,,,,2026-09-20 22:09
digitalsoftwarelabs.com,Digital Software Labs,https://digitalsoftwarelabs.com/,,United States,us,selectedfirms,web,,,,2026-09-20 22:09
10decoders.com,10decoders,https://10decoders.com/,,United States,us,selectedfirms,web,,,,2026-09-20 22:09
emote3d.com,Emote 3D,https://emote3d.com/,,United States,us,selectedfirms,web,,,,2026-09-20 22:09
abmediausa.com,AB Media USA,https://abmediausa.com,,United States,us,selectedfirms,web,,,,2026-09-20 22:09
kgntechnologies.com,KGN Technologies,https://www.kgntechnologies.com/,,United States,us,selectedfirms,web,,,,2026-09-20 22:09
dotstark.com,DotStark Technologies,https://dotstark.com/,,United States,us,selectedfirms,web,,,,2026-09-20 22:09
vcanaglobal.com,Vcana Global,https://www.vcanaglobal.com,,United States,us,selectedfirms,web,,,,2026-09-20 22:09
datarector.com,Data Rector,https://datarector.com/,,United States,us,selectedfirms,web,,,,2026-09-20 22:09
codup.co,Codup,https://codup.co/,,United States,us,selectedfirms,bigcommerce|ecommerce|web|woocommerce|wordpress,,,,2026-09-20 22:09
interexy.com,Interexy,https://interexy.com/,,United States,us,selectedfirms,web,,,,2026-09-20 22:09
mindstormsoft.com,MindstormSoft,https://mindstormsoft.com/,,United States,us,selectedfirms,web,,,,2026-09-20 22:09
upplabs.com,UppLabs,https://upplabs.com/,,United States,us,selectedfirms,web,,,,2026-09-20 22:09
commercepundit.com,CommercePundit,https://www.commercepundit.com/,,United States,us,selectedfirms,ecommerce|web,,,,2026-09-20 22:09
suntecindia.com,SunTec India,https://www.suntecindia.com/,,United States,us,selectedfirms,ecommerce|magento|web|wordpress,,,,2026-09-20 22:09
oaktreecloud.com,Oak Tree Software,https://www.oaktreecloud.com,,United States,us,selectedfirms,web,,,,2026-09-20 22:09
patternica.com,Patternica,https://patternica.com/,,United States,us,selectedfirms,ecommerce|web,,,,2026-09-20 22:09
excellentwebworld.com,Excellent WebWorld,https://www.excellentwebworld.com/,,United States,us,selectedfirms,web,,,,2026-09-20 22:10
jploft.com,JPLoft Solutions,https://www.jploft.com/,,United States,us,selectedfirms,ecommerce|magento|web|wordpress,,,,2026-09-20 22:10
binariks.com,Binariks,https://binariks.com/,,United States,us,selectedfirms,web,,,,2026-09-20 22:10
itechnolabs.ca,itechnolabs,https://itechnolabs.ca/,,United States,us,selectedfirms,bigcommerce|ecommerce|magento|squarespace|web|wix|woocommerce|wordpress,,,,2026-09-20 22:10
magicminds.io,Magicmind Technologies Limited,https://magicminds.io,,United States,us,selectedfirms,ecommerce|web,,,,2026-09-20 22:10
apextechinc.com,ApexTech,https://apextechinc.com/,,United States,us,selectedfirms,web,,,,2026-09-20 22:10
revampco.com,Revamp Consulting,https://www.revampco.com/development/,,United States,us,selectedfirms,ecommerce|web,,,,2026-09-20 22:10
tuvoc.com,Tuvoc Technologies,https://www.tuvoc.com,,United States,us,selectedfirms,web,,,,2026-09-20 22:10
websoptimization.com,Webs Optimization Software Solutions,https://www.websoptimization.com/,,United States,us,selectedfirms,web,,,,2026-09-20 22:10
wegotcode.com,wegotcode,https://wegotcode.com/,,United States,us,selectedfirms,web,,,,2026-09-20 22:10
wallisinfo.com,Wallis Info,https://wallisinfo.com/,,United States,us,selectedfirms,bigcommerce|ecommerce|web|wordpress,,,,2026-09-20 22:10
the7eagles.com,7 Eagles,https://the7eagles.com/india/digital-marketing-agency/,,United States,us,selectedfirms,ecommerce|magento|web|wix|woocommerce|wordpress,,,,2026-09-20 22:10
ashapurasoftech.com,Ashapura Softech Inc,https://ashapurasoftech.com/,,United States,us,selectedfirms,ecommerce|magento|web|woocommerce,,,,2026-09-20 22:10
codemotion.us,Codemotion,https://codemotion.us/,,United States,us,selectedfirms,web,,,,2026-09-20 22:10
scalacode.com,ScalaCode,https://www.scalacode.com/,,United States,us,selectedfirms,bigcommerce|ecommerce|web|woocommerce|wordpress,,,,2026-09-20 22:10
radiansys.com,Radiansys Inc,https://www.radiansys.com/,,United States,us,selectedfirms,web,,,,2026-09-20 22:10
externlabs.com,Extern Labs Inc.,https://externlabs.com/,,United States,us,selectedfirms,ecommerce|web,,,,2026-09-20 22:10
getwidget.dev,GetWidget,https://www.getwidget.dev/,,United States,us,selectedfirms,web,,,,2026-09-20 22:10
octalsoftware.com,Octal IT Solution,https://www.octalsoftware.com/,,United States,us,selectedfirms,web,,,,2026-09-20 22:10
ebryxtech.com,Ebryx Tech,https://ebryxtech.com/,,United States,us,selectedfirms,ecommerce|web,,,,2026-09-20 22:10
eleviant.com,Eleviant Tech (CTG Group),https://www.eleviant.com,,United States,us,selectedfirms,ecommerce|web|wordpress,,,,2026-09-20 22:10
surekhatech.com,Surekha Technologies,https://www.surekhatech.com,,United States,us,selectedfirms,ecommerce|web,,,,2026-09-20 22:10
peerbits.com,Peerbits,https://www.peerbits.com,,United States,us,selectedfirms,web,,,,2026-09-20 22:10
qservicesit.com,QServices Inc,https://www.qservicesit.com/,,United States,us,selectedfirms,web,,,,2026-09-20 22:10
silentinfotech.com,Silent Infotech Inc.,https://www.silentinfotech.com,,United States,us,selectedfirms,bigcommerce|ecommerce|web,,,,2026-09-20 22:10
indianic.com,IndiaNIC,https://www.indianic.com/,,United States,us,selectedfirms,web,,,,2026-09-20 22:10
activebridge.org,Active Bridge,https://activebridge.org,,United States,us,selectedfirms,ecommerce|web,,,,2026-09-20 22:10
devsdata.com,DevsData LLC,https://devsdata.com/,,United States,us,selectedfirms,ecommerce|web,,,,2026-09-20 22:10
sannacode.com,Sannacode,https://sannacode.com/,,United States,us,selectedfirms,ecommerce|web,,,,2026-09-20 22:10
simform.com,Simform,https://www.simform.com/,,United States,us,selectedfirms,ecommerce|web,,,,2026-09-20 22:10
hebronsoft.com,HebronSoft,https://hebronsoft.com/,,United States,us,selectedfirms,web,,,,2026-09-20 22:10
cloudester.com,Cloudester,https://cloudester.com/,,United States,us,selectedfirms,web,,,,2026-09-20 22:10
techliance.com,Techliance,https://techliance.com/,,United States,us,selectedfirms,ecommerce|web,,,,2026-09-20 22:10
blackthorn-vision.com,Blackthorn Vision,https://blackthorn-vision.com/,,United States,us,selectedfirms,web,,,,2026-09-20 22:10
ncodetechnologies.com,NCode Technologies,https://www.ncodetechnologies.com/,,United States,us,selectedfirms,ecommerce|web,,,,2026-09-20 22:10
rlogical.com,Rlogical Techsoft Pvt. Ltd,https://www.rlogical.com/,,United States,us,selectedfirms,web,,,,2026-09-20 22:10
handsintechnology.com,Hands In Technology,https://handsintechnology.com,,United States,us,selectedfirms,ecommerce|web|wordpress,,,,2026-09-20 22:10
thirdrocktechkno.com,Third Rock Techkno,https://www.thirdrocktechkno.com/,,United States,us,selectedfirms,web,,,,2026-09-20 22:10
metaappdesigns.com,Meta App Designs,https://www.metaappdesigns.com/,,United States,us,selectedfirms,web,,,,2026-09-20 22:10
viaante.com,Viaante Business Solutions,https://www.viaante.com/,,United States,us,selectedfirms,web,,,,2026-09-20 22:10
wpservice.pro,Ermada/WPservice,https://wpservice.pro/,,United States,us,selectedfirms,web|wordpress,,,,2026-09-20 22:10
seedcart.io,SeedCart,https://seedcart.io/,,United States,us,selectedfirms,ecommerce|web|woocommerce|wordpress,,,,2026-09-20 22:10
spgamerica.com,SPG America,https://www.spgamerica.com/,,United States,us,selectedfirms,web,,,,2026-09-20 22:10
krify.co,Krify,https://krify.co,,United States,us,selectedfirms,web,,,,2026-09-20 22:10
businessupscalers.com,Business Upscaler,https://businessupscalers.com/,,United States,us,selectedfirms,web,,,,2026-09-20 22:10
merixstudio.com,Merixstudio,https://www.merixstudio.com/,,United States,us,selectedfirms,web,,,,2026-09-20 22:10
techtic.com,Techtic Solutions,https://www.techtic.com,,United States,us,selectedfirms,web,,,,2026-09-20 22:10
mobidev.biz,MobiDev Corporation,https://mobidev.biz/,,United States,us,selectedfirms,web,,,,2026-09-20 22:10
volaresoftware.com,Volare Systems,https://volaresoftware.com/en,,United States,us,selectedfirms,web,,,,2026-09-20 22:10
brainvire.com,Brainvire Infotech Inc,https://www.brainvire.com/,,United States,us,selectedfirms,ecommerce|magento|web,,,,2026-09-20 22:10
arkenea.com,Arkenea Inc,https://arkenea.com/,,United States,us,selectedfirms,web,,,,2026-09-20 22:10
abtosoftware.com,Abto Software,https://www.abtosoftware.com/,,United States,us,selectedfirms,web,,,,2026-09-20 22:10
salesden.ai,Salesden,https://www.salesden.ai/,,United States,us,selectedfirms,web,,,,2026-09-20 22:10
inwizards.com,Inwizards Software Technology,https://www.inwizards.com/,,United States,us,selectedfirms,web,,,,2026-09-20 22:10
softprodigy.com,SoftProdigy System Solutions,https://softprodigy.com,,United States,us,selectedfirms,bigcommerce|ecommerce|web|woocommerce|wordpress,,,,2026-09-20 22:10
softude.com,Softude Infotech Pvt. Ltd.,https://www.softude.com/,,United States,us,selectedfirms,web,,,,2026-09-20 22:10
ganeshawebtech.com,Ganesha WebTech Solutionz,https://www.ganeshawebtech.com/,,United States,us,selectedfirms,ecommerce|web|woocommerce,,,,2026-09-20 22:10
webllisto.com,Webllisto Technologies Pvt. Ltd,https://webllisto.com,,United States,us,selectedfirms,web,,,,2026-09-20 22:10
tvisha.com,Tvisha Technologies Pvt. Ltd,https://www.tvisha.com/,,United States,us,selectedfirms,web,,,,2026-09-20 22:10
cubix.co,Cubix,https://www.cubix.co/?utm_source=selectedfirms&utm_medium=Profile&utm_campaign=Referral,,United States,us,selectedfirms,web,,,,2026-09-20 22:10
mobikasa.com,Mobikasa,https://www.mobikasa.com/,,United States,us,selectedfirms,ecommerce|web,,,,2026-09-20 22:10
riksof.com,RIKSOF,https://www.riksof.com/,,United States,us,selectedfirms,web,,,,2026-09-20 22:10
msoft.team,MSOFT,https://msoft.team/,,United States,us,selectedfirms,ecommerce|web,,,,2026-09-20 22:10
appsnation.co,AppsNation,https://appsnation.co/,,United States,us,selectedfirms,bigcommerce|ecommerce|web|woocommerce|wordpress,,,,2026-09-20 22:10
ideausher.com,Idea Usher,https://ideausher.com/,,United States,us,selectedfirms,web|wordpress,,,,2026-09-20 22:10
inficaretech.com,InfiCare,https://www.inficaretech.com/,,United States,us,selectedfirms,web,,,,2026-09-20 22:10
zaczee.com,Zaczee,https://zaczee.com/,,United States,us,selectedfirms,ecommerce|web,,,,2026-09-20 22:10
nomadicsoft.io,Nomadic Soft,https://nomadicsoft.io,,United States,us,selectedfirms,web|wordpress,,,,2026-09-20 22:10
diceus.com,DICEUS,https://diceus.com/?utm_source=selectedfirms.co&utm_medium=referral&utm_campaign=directory,,United States,us,selectedfirms,web,,,,2026-09-20 22:10
intellectsoft.net,Intellectsoft,https://www.intellectsoft.net/,,United States,us,selectedfirms,web,,,,2026-09-20 22:10
citrusleaf.in,CitrusLeaf Software,https://citrusleaf.in/,,United States,us,selectedfirms,ecommerce|web,,,,2026-09-20 22:10
higglo.io,Higglo Digital,https://www.higglo.io/,,United States,us,selectedfirms,web,,,,2026-09-20 22:10
2basetechnologies.com,2Base Technologies,https://www.2basetechnologies.com/,,United States,us,selectedfirms,web,,,,2026-09-20 22:10
tudip.com,Tudip Technologies Pvt. Ltd.,https://tudip.com/,,United States,us,selectedfirms,web,,,,2026-09-20 22:10
dockyard.com,DockYard,https://dockyard.com/,,United States,us,selectedfirms,web,,,,2026-09-20 22:10
xillentech.com,Xillentech,https://xillentech.com/,,United States,us,selectedfirms,web,,,,2026-09-20 22:10
softjourn.com,Softjourn,https://softjourn.com/,,United States,us,selectedfirms,web,,,,2026-09-20 22:10
binaryfolks.com,Binaryfolks,https://www.binaryfolks.com/,,United States,us,selectedfirms,ecommerce|web,,,,2026-09-20 22:10
ezops.cloud,EZOps Cloud,https://ezops.cloud/,,United States,us,selectedfirms,web,,,,2026-09-20 22:10
steadyrabbit.in,Steady Rabbit Technology,https://steadyrabbit.in/,,United States,us,selectedfirms,web,,,,2026-09-20 22:10
i-verve.com,i-Verve Inc,https://www.i-verve.com,,United States,us,selectedfirms,web,,,,2026-09-20 22:10
tekrevol.com,TekRevol,https://www.tekrevol.com/,,United States,us,selectedfirms,web,,,,2026-09-20 22:10
gm-sunshine.com,GM Sunshine,https://gm-sunshine.com/,,United States,us,selectedfirms,web,,,,2026-09-20 22:10
blackburnlabs.com,Blackburn Labs,https://blackburnlabs.com/,,United States,us,selectedfirms,ecommerce|web|wordpress,,,,2026-09-20 22:10
convergesolution.com,ConvergeSol,https://convergesolution.com/,,United States,us,selectedfirms,web,,,,2026-09-20 22:10
star-knowledge.com,Star Knowledge,https://star-knowledge.com/,,United States,us,selectedfirms,ecommerce|web|wordpress,,,,2026-09-20 22:10
alsyke.com,Alsyke Technologies,https://alsyke.com/,,United States,us,selectedfirms,ecommerce|web,,,,2026-09-20 22:10
zazz.io,Zazz,https://www.zazz.io/,,United States,us,selectedfirms,web,,,,2026-09-20 22:10
uniteditconsultants.com,United IT Consultants,https://uniteditconsultants.com/,,United States,us,selectedfirms,web,,,,2026-09-20 22:10
agiletech.vn,AgileTech Vietnam,https://agiletech.vn/,,United States,us,selectedfirms,web,,,,2026-09-20 22:10
techmatter.co,TechMatter,https://techmatter.co/,,United States,us,selectedfirms,web,,,,2026-09-20 22:10
launchpadlab.com,LaunchPad Lab,https://launchpadlab.com/,,United States,us,selectedfirms,web,,,,2026-09-20 22:10
codal.com,Codal,https://www.codal.com/,,United States,us,selectedfirms,bigcommerce|ecommerce|web,,,,2026-09-20 22:10
moontek.io,MoonTek,https://www.moontek.io/,,United States,us,selectedfirms,web,,,,2026-09-20 22:10
360degreecloud.com,360 Degree Cloud Technologies,https://360degreecloud.com/,,United States,us,selectedfirms,web,,,,2026-09-20 22:10
atomicobject.com,Atomic Object,https://atomicobject.com/,,United States,us,selectedfirms,web,,,,2026-09-20 22:10
experionglobal.com,Experion Technologies,https://www.experionglobal.com/,,United States,us,selectedfirms,web,,,,2026-09-20 22:10
iihglobal.com,IIH global,https://www.iihglobal.com/,,United States,us,selectedfirms,web,,,,2026-09-20 22:10
asahitechnologies.com,Asahi Technologies,https://www.asahitechnologies.com/,,United States,us,selectedfirms,web,,,,2026-09-20 22:10
fingent.com,Fingent,https://www.fingent.com/,,United States,us,selectedfirms,ecommerce|web,,,,2026-09-20 22:10
cygnet-infotech.com,Cygnet Infotech,https://cygnet-infotech.com/,,United States,us,selectedfirms,web,,,,2026-09-20 22:10
codeit.us,CodeIT,https://codeit.us/,,United States,us,selectedfirms,web,,,,2026-09-20 22:10
agentestudio.com,Agente,https://agentestudio.com/,,United States,us,selectedfirms,web,,,,2026-09-20 22:10
beejern.com,Beejern,https://beejern.com/,,United States,us,selectedfirms,ecommerce|web,,,,2026-09-20 22:10
techeniac.com,TechEniac,https://www.techeniac.com/,,United States,us,selectedfirms,web,,,,2026-09-20 22:10
launchtheory.com,Launch Theory,https://launchtheory.com/,,United States,us,selectedfirms,web|wordpress,,,,2026-09-20 22:10
jetthoughts.com,JetThoughts,https://jetthoughts.com/,,United States,us,selectedfirms,web,,,,2026-09-20 22:10
wave-access.com,WaveAccess,https://www.wave-access.com,,United States,us,selectedfirms,web,,,,2026-09-20 22:10
mobilecoderz.com,MobileCoderz Technologies,https://mobilecoderz.com/,,United States,us,selectedfirms,web,,,,2026-09-20 22:10
itransition.com,Itransition,https://www.itransition.com/,,United States,us,selectedfirms,ecommerce|web,,,,2026-09-20 22:10
lithiosapps.com,Lithios,https://www.lithiosapps.com/,,United States,us,selectedfirms,web,,,,2026-09-20 22:10
kashinfosolutions.com,kash info solutions pvt Ltd.,https://kashinfosolutions.com/,,United States,us,selectedfirms,ecommerce|web,,,,2026-09-20 22:10
apurple.co,aPurple,https://www.apurple.co/,,United States,us,selectedfirms,web,,,,2026-09-20 22:10
aspired.io,Aspired,https://www.aspired.io/,,United States,us,selectedfirms,web,,,,2026-09-20 22:10
webtonic.io,Web Tonic,https://www.webtonic.io/,,United States,us,selectedfirms,ecommerce|web|wordpress,,,,2026-09-20 22:10
codelattice.com,Codelattice,https://www.codelattice.com/,,United States,us,selectedfirms,ecommerce|web,,,,2026-09-20 22:10
citrusbug.com,Citrusbug Technolabs,https://citrusbug.com/,,United States,us,selectedfirms,ecommerce|web,,,,2026-09-20 22:10
chudovo.com,Chudovo OÜ,https://chudovo.com/,,United States,us,selectedfirms,ecommerce|web,,,,2026-09-20 22:10
piboutique.com,Piboutique Software,https://piboutique.com/,,United States,us,selectedfirms,web|wordpress,,,,2026-09-20 22:10
deltasystems.com,Delta Systems,https://deltasystems.com/,,United States,us,selectedfirms,ecommerce|web|wordpress,,,,2026-09-20 22:10
zaengle.com,Zaengle,https://zaengle.com/,,United States,us,selectedfirms,web,,,,2026-09-20 22:10
confianzit.com,Confianz Global,https://www.confianzit.com/,,United States,us,selectedfirms,web,,,,2026-09-20 22:10
oss-usa.com,Off-Site Services,https://www.oss-usa.com/,,United States,us,selectedfirms,ecommerce|web|wordpress,,,,2026-09-20 22:10
venturedive.com,VentureDive Technology Services,https://www.venturedive.com/,,United States,us,selectedfirms,web,,,,2026-09-20 22:10
designersx.us,DesignersX,https://www.designersx.us/,,United States,us,selectedfirms,ecommerce|web,,,,2026-09-20 22:10
acmesoftware.com,Acme Software,https://acmesoftware.com/,,United States,us,selectedfirms,web,,,,2026-09-20 22:10
qbatch.com,Qbatch LLC,https://qbatch.com/,,United States,us,selectedfirms,web,,,,2026-09-20 22:10
aelumconsulting.com,Aelum Consulting,https://aelumconsulting.com,,United States,us,selectedfirms,web,,,,2026-09-20 22:10
sterlingtechnolabs.com,Sterling Technolabs,https://sterlingtechnolabs.com/,,United States,us,selectedfirms,web,,,,2026-09-20 22:10
m2designyield.com,m2designyield,https://m2designyield.com/,,United States,us,selectedfirms,ecommerce|web,,,,2026-09-20 22:10
zignuts.com,Zignuts Technolab,https://www.zignuts.com/,,United States,us,selectedfirms,web,,,,2026-09-20 22:10
artoonsolutions.com,Artoon Solutions Pvt. Ltd.,https://artoonsolutions.com/,,United States,us,selectedfirms,web,,,,2026-09-20 22:10
universalstreamsolution.com,Universal Stream Solution LLC,https://www.universalstreamsolution.com/,,United States,us,selectedfirms,web,,,,2026-09-20 22:10
theonetechnologies.com,The One Technologies,https://theonetechnologies.com/,,United States,us,selectedfirms,web,,,,2026-09-20 22:10
flexmade.com,FlexMade,https://www.flexmade.com/,,United States,us,selectedfirms,web,,,,2026-09-20 22:10
creaditech.com,Creaditech,https://creaditech.com,,United States,us,selectedfirms,web,,,,2026-09-20 22:10
highenfintech.com,Highen Fintech,https://www.highenfintech.com/,,United States,us,selectedfirms,web,,,,2026-09-20 22:10
coinlancer.net,Coinlancer.net,https://coinlancer.net/,,United States,us,selectedfirms,ecommerce|web,,,,2026-09-20 22:10
glorywebs.com,Glorywebs Creatives Pvt. Ltd.,https://www.glorywebs.com/,,United States,us,selectedfirms,web,,,,2026-09-20 22:10
sharpquest.com,"SharpQuest, Inc.",https://www.sharpquest.com/,,United States,us,selectedfirms,web,,,,2026-09-20 22:10
wpeople.net,WPeople,https://wpeople.net/,,United States,us,selectedfirms,ecommerce|web,,,,2026-09-20 22:10
techx4u.com,"Techx4u, Inc",https://techx4u.com,,United States,us,selectedfirms,web,,,,2026-09-20 22:10
aetherius-solutions.com,Aetherius Solutions,https://www.aetherius-solutions.com/,,United States,us,selectedfirms,web,,,,2026-09-20 22:10
litslink.com,Litslink,https://litslink.com/,,United States,us,selectedfirms,web,,,,2026-09-20 22:10
digitalretina.us,Digital Retina,https://digitalretina.us/,,United States,us,selectedfirms,web,,,,2026-09-20 22:10
solzit.com,Soluzione IT Services,https://www.solzit.com/,,United States,us,selectedfirms,web,,,,2026-09-20 22:10
webdesigncharter.com,Web Design Charter,https://webdesigncharter.com/,,United States,us,selectedfirms,ecommerce|web|wordpress,,,,2026-09-20 22:10
gearheart.io,Gearheart,https://gearheart.io/,,United States,us,selectedfirms,web,,,,2026-09-20 22:10
toptech.team,TopTech,https://toptech.team/,,United States,us,selectedfirms,web,,,,2026-09-20 22:10
roilift.com,ROILift Technologies,https://roilift.com/,,United States,us,selectedfirms,web,,,,2026-09-20 22:10
itcreativelabs.com,IT Creative Labs,https://itcreativelabs.com/,,United States,us,selectedfirms,web,,,,2026-09-20 22:10
xpressranking.com,Xpress Ranking,https://www.xpressranking.com/,,United States,us,selectedfirms,web,,,,2026-09-20 22:10
abacusdatasys.com,Abacus Data Systems,https://abacusdatasys.com/,,United States,us,selectedfirms,web,,,,2026-09-20 22:10
webspero.com,WebSpero Solutions,https://www.webspero.com/,,United States,us,selectedfirms,web,,,,2026-09-20 22:10
cyberhospitalities.com,Cyber Hospitality LLC,https://cyberhospitalities.com,,United States,us,selectedfirms,web,,,,2026-09-20 22:10
tableflow.tech,Table Flow,https://www.tableflow.tech,,United States,us,selectedfirms,web,,,,2026-09-20 22:10
bigorangeplanet.com,big orange planet,https://www.bigorangeplanet.com/denver-web-design/,,United States,us,selectedfirms,ecommerce|web|wordpress,,,,2026-09-20 22:10
getxposure.com,Getxposure,https://getxposure.com/,,United States,us,selectedfirms,web,,,,2026-09-20 22:10
justoconsulting.com,Justo Consulting LLC,https://www.justoconsulting.com/,,United States,us,selectedfirms,web,,,,2026-09-20 22:10
dubonconsulting.com,Dubon Consulting,https://dubonconsulting.com/,,United States,us,selectedfirms,web,,,,2026-09-20 22:10
omahamediagroup.com,Omaha Media Group LLC,https://www.omahamediagroup.com/,,United States,us,selectedfirms,web,,,,2026-09-20 22:10
kangaroo.net,Kangaroo,https://kangaroo.net/,,United States,us,selectedfirms,web,,,,2026-09-20 22:10
peafowlit.com,Peafowl IT Solution,https://peafowlit.com/,,United States,us,selectedfirms,web,,,,2026-09-20 22:10
nywebcoders.com,NY Web Coders,https://nywebcoders.com/,,United States,us,selectedfirms,web,,,,2026-09-20 22:10
innotical.com,Innotical Solutions,https://innotical.com/,,United States,us,selectedfirms,web,,,,2026-09-20 22:10
knoativ.com,Knoativ,https://knoativ.com/,,United States,us,selectedfirms,ecommerce|web,,,,2026-09-20 22:10
langate.com,Langate Software,https://langate.com/,,United States,us,selectedfirms,web,,,,2026-09-20 22:10
zircon.tech,ZirconTech,https://zircon.tech/,,United States,us,selectedfirms,ecommerce|web,,,,2026-09-20 22:10
hstk.com,Haystack,https://hstk.com/,,United States,us,selectedfirms,web,,,,2026-09-20 22:10
fusiontc.com,Fusion Technologies,https://fusiontc.com/,,United States,us,selectedfirms,web|wordpress,,,,2026-09-20 22:10
goodworklabs.com,GoodWorkLabs,https://www.goodworklabs.com/,,United States,us,selectedfirms,ecommerce|web,,,,2026-09-20 22:10
powercode.co.uk,Powercode,https://powercode.co.uk/,,United States,us,selectedfirms,web,,,,2026-09-20 22:10
attractgroup.com,Attract Group,https://attractgroup.com/,,United States,us,selectedfirms,web,,,,2026-09-20 22:10
verygood.ventures,Very Good Ventures,https://www.verygood.ventures/,,United States,us,selectedfirms,web,,,,2026-09-20 22:10
pixelwebdesigners.com,Pixel Web Designer,https://pixelwebdesigners.com/,,United States,us,selectedfirms,web,,,,2026-09-20 22:10
ambaum.com,Ambaum,https://ambaum.com/,,United States,us,selectedfirms,ecommerce|web|woocommerce,,,,2026-09-20 22:10
doublecoconut.com,Double Coconut,http://www.doublecoconut.com,,United States,us,selectedfirms,web,,,,2026-09-20 22:10
uplanet.biz,UPlanet Inc,https://uplanet.biz/,,United States,us,selectedfirms,ecommerce|web,,,,2026-09-20 22:10
digitalposition.com,"Digital Position, LLC",https://www.digitalposition.com/,,United States,us,selectedfirms,web,,,,2026-09-20 22:10
iqlance.com,iQlance,https://www.iqlance.com/,,United States,us,selectedfirms,web,,,,2026-09-20 22:10
towerhousestudio.com,TowerHouse Studio,https://www.towerhousestudio.com/,,United States,us,selectedfirms,web|wordpress,,,,2026-09-20 22:10
pravaahconsulting.com,Pravaah Consulting,https://www.pravaahconsulting.com/,,United States,us,selectedfirms,bigcommerce|ecommerce|web|wix|wordpress,,,,2026-09-20 22:10
geomotiv.com,Geomotiv,https://geomotiv.com/,,United States,us,selectedfirms,web,,,,2026-09-20 22:10
netsmartz.com,Netsmartz LLC,https://netsmartz.com/,,United States,us,selectedfirms,ecommerce|web|wordpress,,,,2026-09-20 22:10
hqsoftwarelab.com,HQSoftware,https://hqsoftwarelab.com/,,United States,us,selectedfirms,web,,,,2026-09-20 22:10
softgridcomputers.com,SoftGrid Computers Pvt. Ltd.,https://www.softgridcomputers.com/,,United States,us,selectedfirms,ecommerce|web|wordpress,,,,2026-09-20 22:10
servalit.com,Servalit,https://servalit.com/,,United States,us,selectedfirms,web,,,,2026-09-20 22:10
suscosolutions.com,Susco Solutions,https://suscosolutions.com/,,United States,us,selectedfirms,web,,,,2026-09-20 22:10
intelvue.com,Intelvue,https://www.intelvue.com/,,United States,us,selectedfirms,ecommerce|web|woocommerce,,,,2026-09-20 22:10
corewaysolution.com,CorewaySolution,https://www.corewaysolution.com/,,United States,us,selectedfirms,ecommerce|web,,,,2026-09-20 22:10
digitalauxilius.com,Digital Auxilius,https://digitalauxilius.com/,,United States,us,selectedfirms,web,,,,2026-09-20 22:10
newyorkmobiletech.com,New York Mobile Tech,https://www.newyorkmobiletech.com/,,United States,us,selectedfirms,ecommerce|web,,,,2026-09-20 22:10
mundrisoft.com,Mundrisoft Solutions,https://mundrisoft.com/,,United States,us,selectedfirms,web,,,,2026-09-20 22:10
akadenia.com,Akadenia,https://akadenia.com,,United States,us,selectedfirms,ecommerce|web,,,,2026-09-20 22:10
hiredevelopers.dev,Hiredevelopers.dev,https://www.hiredevelopers.dev/,,United States,us,selectedfirms,web,,,,2026-09-20 22:10
intelegain.com,Intelegain Technologies,https://www.intelegain.com/,,United States,us,selectedfirms,web,,,,2026-09-20 22:10
rushkar.com,Rushkar Technology Pvt. Ltd.,https://rushkar.com/software-development-company-toronto.aspx,,United States,us,selectedfirms,web,,,,2026-09-20 22:10
fmeaddons.com,FMEAddons,https://www.fmeaddons.com/,,United States,us,selectedfirms,ecommerce|web,,,,2026-09-20 22:10
unlimitedwp.com,UnlimitedWP,https://unlimitedwp.com,,United States,us,selectedfirms,ecommerce|web,,,,2026-09-20 22:10
geeksofkolachi.com,Geeks Of Kolachi,https://geeksofkolachi.com,,United States,us,selectedfirms,ecommerce|web,,,,2026-09-20 22:10
codefulcrum.com,CodeFulcrum,https://codefulcrum.com/,,United States,us,selectedfirms,web,,,,2026-09-20 22:10
itskycrew.com,ItSkyCrew,https://ItSkyCrew.com,,United States,us,selectedfirms,web,,,,2026-09-20 22:10
borderlessmind.com,BorderlessMind,https://www.borderlessmind.com/,,United States,us,selectedfirms,web,,,,2026-09-20 22:10
webbuilderllc.com,Web Builder LLC,https://www.webbuilderllc.com/,,United States,us,selectedfirms,ecommerce|web,,,,2026-09-20 22:10
digiteon.com,Digiteon,https://digiteon.com/,,United States,us,selectedfirms,ecommerce|web,,,,2026-09-20 22:10
digitalvibesusa.com,Digital Vibes,https://digitalvibesusa.com/,,United States,us,selectedfirms,ecommerce|web,,,,2026-09-20 22:10
blockchainappsdeveloper.com,BlockchainAppsDeveloper,https://www.blockchainappsdeveloper.com/,,United States,us,selectedfirms,web,,,,2026-09-20 22:10
zymr.com,Zymr Inc.,https://www.zymr.com,,United States,us,selectedfirms,web,,,,2026-09-20 22:10
mobileappdevelopmentcompanydallas.com,Mobile App Development Company Dallas,https://mobileappdevelopmentcompanydallas.com/,,United States,us,selectedfirms,web,,,,2026-09-20 22:10
amoriotech.com,Amorio Technologies,https://amoriotech.com/,,United States,us,selectedfirms,ecommerce|web,,,,2026-09-20 22:10
starlinknexus.com,Starlink Nexus LLC,https://www.starlinknexus.com/,,United States,us,selectedfirms,ecommerce|web,,,,2026-09-20 22:10
thepinqclouds.com,The Pinq Clouds,https://thepinqclouds.com/,,United States,us,selectedfirms,web,,,,2026-09-20 22:10
technoscore.com,TechnoScore,https://www.technoscore.com/,,United States,us,selectedfirms,web,,,,2026-09-20 22:10
arccusinc.com,Arccus Inc,https://arccusinc.com/,,United States,us,selectedfirms,web,,,,2026-09-20 22:10
morelliair.com,"Morelli Heating & Air Conditioning, Inc.",https://morelliair.com/,,United States,us,selectedfirms,web,,,,2026-09-20 22:10
naveck.com,Naveck Technologies,https://www.naveck.com/,,United States,us,selectedfirms,ecommerce|web,,,,2026-09-20 22:10
codefinity.net,codefinity,https://codefinity.net/,,United States,us,selectedfirms,web,,,,2026-09-20 22:10
lasoft.org,Lasoft,https://lasoft.org/,,United States,us,selectedfirms,web,,,,2026-09-20 22:10
zingzoneagency.com,ZingZone,https://zingzoneagency.com/,,United States,us,selectedfirms,web|wordpress,,,,2026-09-20 22:10
headtonet.com,HeadToNet,https://www.headtonet.com/,,United States,us,selectedfirms,web,,,,2026-09-20 22:10
plecco.net,PLECCO Technologies,https://plecco.net/,,United States,us,selectedfirms,ecommerce|web,,,,2026-09-20 22:10
grinteq.com,Grinteq,https://grinteq.com/,,United States,us,selectedfirms,ecommerce|web,,,,2026-09-20 22:10
brandburp.com,BrandBurp,https://www.brandburp.com/,,United States,us,selectedfirms,web,,,,2026-09-20 22:10
kenility.com,Kenility,https://www.kenility.com/,,United States,us,selectedfirms,web,,,,2026-09-20 22:10
travancoreanalytics.com,Travancore Analytics,https://www.travancoreanalytics.com/,,United States,us,selectedfirms,web,,,,2026-09-20 22:10
olioapps.com,Olio Apps,https://www.olioapps.com/,,United States,us,selectedfirms,web,,,,2026-09-20 22:10
semidotinfotech.com,SemiDot Infotech,https://semidotinfotech.com/,,United States,us,selectedfirms,web,,,,2026-09-20 22:10
iotasol.com,Iotasol,https://www.iotasol.com/,,United States,us,selectedfirms,web,,,,2026-09-20 22:10
borneagency.com,Borne Digital,https://borneagency.com/,,United States,us,selectedfirms,web,,,,2026-09-20 22:10
innovationm.com,InnovationM,https://www.innovationm.com/,,United States,us,selectedfirms,web,,,,2026-09-20 22:10
infoxen.com,Infoxen,https://www.infoxen.com/,,United States,us,selectedfirms,web,,,,2026-09-20 22:10
geniteam.com,GenITeam Solutions,https://www.geniteam.com/,,United States,us,selectedfirms,web,,,,2026-09-20 22:10
solspace.com,Solspace,https://solspace.com/,,United States,us,selectedfirms,bigcommerce|ecommerce|web,,,,2026-09-20 22:10
vellgus.com,Vellgus,https://vellgus.com/,,United States,us,selectedfirms,web|wordpress,,,,2026-09-20 22:10
auxanoglobalservices.com,Auxano Global Services,https://www.auxanoglobalservices.com/,,United States,us,selectedfirms,ecommerce|web,,,,2026-09-20 22:10
urbaninsight.com,Urban Insight,https://www.urbaninsight.com/,,United States,us,selectedfirms,web,,,,2026-09-20 22:10
viqsa.com,Viqsa solutions,https://viqsa.com/,,United States,us,selectedfirms,web,,,,2026-09-20 22:10
epsumlabs.com,Epsum Labs Private Limited,https://www.epsumlabs.com/,,United States,us,selectedfirms,ecommerce|web|wordpress,,,,2026-09-20 22:10
thecodevision.com,Codevision Technologies,https://thecodevision.com/,,United States,us,selectedfirms,web,,,,2026-09-20 22:10
brainstation-23.com,Brain Station 23 Limited,https://brainstation-23.com/,,United States,us,selectedfirms,ecommerce|web,,,,2026-09-20 22:10
incrediblevisibility.com,Incredible Visibility Inc.,https://www.incrediblevisibility.com/,,United States,us,selectedfirms,ecommerce|web,,,,2026-09-20 22:10
victorious.com,Victorious,https://victorious.com/,,United States,us,selectedfirms,web,,,,2026-09-20 22:10
liventus.com,Liventus,https://www.liventus.com/,,United States,us,selectedfirms,ecommerce|web,,,,2026-09-20 22:10
axelerant.com,Axelerant,https://www.axelerant.com/,,United States,us,selectedfirms,web,,,,2026-09-20 22:10
andersenlab.com,Andersen Inc.,https://andersenlab.com/,,United States,us,selectedfirms,web,,,,2026-09-20 22:10
pcapps.com,Practical Computer Applications,https://www.pcapps.com/,,United States,us,selectedfirms,web|wordpress,,,,2026-09-20 22:10
insart.com,INSART,https://www.insart.com/,,United States,us,selectedfirms,web,,,,2026-09-20 22:10
farreachinc.com,Far Reach,https://www.farreachinc.com/,,United States,us,selectedfirms,web,,,,2026-09-20 22:10
txlabz.com,TxLabz,https://www.txlabz.com/,,United States,us,selectedfirms,web,,,,2026-09-20 22:10
square63.com,Square63,https://www.square63.com/,,United States,us,selectedfirms,web,,,,2026-09-20 22:10
informulate.com,Informulate,https://informulate.com/,,United States,us,selectedfirms,ecommerce|web,,,,2026-09-20 22:10
marceldigital.com,Marcel Digital,https://www.marceldigital.com/,,United States,us,selectedfirms,web,,,,2026-09-20 22:10
superscriptsystems.com,Superscript Systems Ltd,https://superscriptsystems.com/,,United States,us,selectedfirms,web,,,,2026-09-20 22:10
culturefoundry.com,Culture Foundry,https://www.culturefoundry.com/,,United States,us,selectedfirms,ecommerce|web|wordpress,,,,2026-09-20 22:10
txidigital.com,Table XI,https://txidigital.com/,,United States,us,selectedfirms,web,,,,2026-09-20 22:10
kiwitech.com,KiwiTech,https://www.kiwitech.com/,,United States,us,selectedfirms,web,,,,2026-09-20 22:10
evestar.com,Evestar,https://evestar.com/,,United States,us,selectedfirms,ecommerce|web,,,,2026-09-20 22:10
bpktech.com,BPK Technologies,https://www.bpktech.com,,United States,us,selectedfirms,web,,,,2026-09-20 22:10
adwaretech.com,Adware Technologies,https://www.adwaretech.com/,,United States,us,selectedfirms,ecommerce|web|wordpress,,,,2026-09-20 22:10
reytechinfoways.com,Reytech Infoways,https://www.reytechinfoways.com/,,United States,us,selectedfirms,ecommerce|web|wordpress,,,,2026-09-20 22:10
deliverable.agency,Deliverables Agency,https://deliverable.agency/,,United States,us,selectedfirms,web,,,,2026-09-20 22:10
tamesatech.com,Tamesa Tech,https://tamesatech.com/,,United States,us,selectedfirms,ecommerce|web,,,,2026-09-20 22:10
hellobizmia.com,Bizmia LLC,https://www.hellobizmia.com,,United States,us,selectedfirms,ecommerce|web,,,,2026-09-20 22:10
coinsqueens.com,CoinsQueens,https://www.coinsqueens.com,,United States,us,selectedfirms,web,,,,2026-09-20 22:10
sarvadhi.com,Sarvadhi Solutions Private Limited,https://www.sarvadhi.com/,,United States,us,selectedfirms,web,,,,2026-09-20 22:10
forward-velocity.com,Forward Velocity,https://www.forward-velocity.com/,,United States,us,selectedfirms,web,,,,2026-09-20 22:10
uapp.group,UAPP,https://uapp.group/,,United States,us,selectedfirms,ecommerce|web,,,,2026-09-20 22:10
pryvus.com,Pruvs Inc,https://pryvus.com,,United States,us,selectedfirms,ecommerce|web,,,,2026-09-20 22:10
outrightcrm.com,OutRight Systems Pvt Ltd,https://www.outrightcrm.com/,,United States,us,selectedfirms,web,,,,2026-09-20 22:10
konstantinfo.com,Konstant Infosolutions,https://www.konstantinfo.com,,United States,us,selectedfirms,web,,,,2026-09-20 22:10
urblink.co,URBlink LLC,https://urblink.co/,,United States,us,selectedfirms,web,,,,2026-09-20 22:10
devnexussolutions.com,DevNexus Solutions,https://devnexussolutions.com/,,United States,us,selectedfirms,ecommerce|web,,,,2026-09-20 22:10
rwit.io,RW Infotech,https://www.rwit.io/,,United States,us,selectedfirms,ecommerce|web|wordpress,,,,2026-09-20 22:10
infigosolutions.com,Infigo Solutions,https://infigosolutions.com,,United States,us,selectedfirms,web,,,,2026-09-20 22:10
roxosoft.com,Roxosoft LLC,https://roxosoft.com/,,United States,us,selectedfirms,web,,,,2026-09-20 22:10
revopsglobal.com,RevOps Global,https://www.revopsglobal.com/,,United States,us,selectedfirms,web,,,,2026-09-20 22:10
corpsoft.io,Corpsoft Solutions LLC,https://corpsoft.io/,,United States,us,selectedfirms,web,,,,2026-09-20 22:10
webnexs.com,Webnexs,https://www.webnexs.com/,,United States,us,selectedfirms,ecommerce|web,,,,2026-09-20 22:10
peoplr.io,Peoplr,https://peoplr.io/,,United States,us,selectedfirms,web,,,,2026-09-20 22:10
alfatekcorp.com,Alfatek,https://www.alfatekcorp.com/,,United States,us,selectedfirms,web,,,,2026-09-20 22:10
webcluesinfotech.com,WebClues Infotech,https://www.webcluesinfotech.com/,,United States,us,selectedfirms,web,,,,2026-09-20 22:10
mbicycle.com,Mbicycle,https://mbicycle.com/,,United States,us,selectedfirms,web,,,,2026-09-20 22:10
signamarketing.com,Signa Marketing,https://www.signamarketing.com/,,United States,us,selectedfirms,web,,,,2026-09-20 22:10
fironmarketing.com,Firon Marketing,https://fironmarketing.com/,,United States,us,selectedfirms,web,,,,2026-09-20 22:10
wezom.com,WEZOM,https://wezom.com/,,United States,us,selectedfirms,web,,,,2026-09-20 22:10
digitalsuits.co,DigitalSuits,https://digitalsuits.co/,,United States,us,selectedfirms,bigcommerce|ecommerce|web,,,,2026-09-20 22:10
42dm.net,42DM,https://42dm.net/,,United States,us,selectedfirms,web,,,,2026-09-20 22:10
uplinesoft.com,UplineSoft,https://www.uplinesoft.com/,,United States,us,selectedfirms,web,,,,2026-09-20 22:10
speakagency.com,Speak!,https://www.speakagency.com/,,United States,us,selectedfirms,web,,,,2026-09-20 22:10
xeosol.com,XEOSOL,https://xeosol.com/,,United States,us,selectedfirms,web,,,,2026-09-20 22:10
piesoft.us,PieSoft,https://piesoft.us/,,United States,us,selectedfirms,web,,,,2026-09-20 22:10
nextbraintech.com,Nextbrain Technologies,https://www.nextbraintech.com,,United States,us,selectedfirms,ecommerce|web,,,,2026-09-20 22:10
codzgarage.com,Codzgarage Infotech,https://www.codzgarage.com/,,United States,us,selectedfirms,web,,,,2026-09-20 22:10
zvndev.com,ZVN DEV,https://zvndev.com/,,United States,us,selectedfirms,ecommerce|web,,,,2026-09-20 22:10
metaproject.pro,"MetaProject R&D, LLC",https://metaproject.pro/,,United States,us,selectedfirms,web,,,,2026-09-20 22:10
nextupgrad.com,Nextupgrad web solutions,https://nextupgrad.com/,,United States,us,selectedfirms,ecommerce|web,,,,2026-09-20 22:10
umangsoftware.com,Umang Software Technologies,https://umangsoftware.com/,,United States,us,selectedfirms,web,,,,2026-09-20 22:10
dfarber.com,"Farber Consulting Group, Inc",https://www.dfarber.com/,,United States,us,selectedfirms,ecommerce|web,,,,2026-09-20 22:10
carinasoftlabs.com,Carina Softlabs Inc.,https://carinasoftlabs.com,,United States,us,selectedfirms,ecommerce|web,,,,2026-09-20 22:10
devbrother.com,DevBrother,https://devbrother.com/,,United States,us,selectedfirms,web,,,,2026-09-20 22:10
weblineindia.com,WeblineIndia,https://www.weblineindia.com/,,United States,us,selectedfirms,ecommerce|web,,,,2026-09-20 22:10
atliq.com,AtliQ Technologies,https://www.atliq.com/,,United States,us,selectedfirms,web,,,,2026-09-20 22:10
ibrinfotech.com,IBR infotech,https://www.ibrinfotech.com/,,United States,us,selectedfirms,ecommerce|web,,,,2026-09-20 22:10
divinedigitalagency.com,Divine Digital Agency,https://www.divinedigitalagency.com/,,United States,us,selectedfirms,web,,,,2026-09-20 22:10
code-b.dev,Code B Solutions,https://code-b.dev/,,United States,us,selectedfirms,ecommerce|web,,,,2026-09-20 22:10
spotneats.com,SpotnEats,https://www.spotneats.com/,,United States,us,selectedfirms,web,,,,2026-09-20 22:10
techifysolutions.com,Techify Solutions INC,https://techifysolutions.com/?utm_source=seo&utm_medium=businesslisting,,United States,us,selectedfirms,web,,,,2026-09-20 22:10
hsxtech.net,HSxTech,https://hsxtech.net/,,United States,us,selectedfirms,web,,,,2026-09-20 22:10
arkasoftwares.com,ARKA Softwares,https://www.arkasoftwares.com,,United States,us,selectedfirms,ecommerce|web,,,,2026-09-20 22:10
7starsolution.com,7StarSolution,https://7starsolution.com/,,United States,us,selectedfirms,ecommerce|web,,,,2026-09-20 22:10
datafortune.com,DataFortune Inc,https://datafortune.com,,United States,us,selectedfirms,web,,,,2026-09-20 22:10
coherentsolutions.com,Coherent Solutions,https://www.coherentsolutions.com/,,United States,us,selectedfirms,web,,,,2026-09-20 22:10
chipsy.io,Chipsy.io,https://chipsy.io/,,United States,us,selectedfirms,web,,,,2026-09-20 22:10
serpentcs.com,Serpent Consulting Services Pvt. Ltd,https://www.serpentcs.com/,,United States,us,selectedfirms,ecommerce|web,,,,2026-09-20 22:10
codepul.com,Codepul,https://codepul.com/,,United States,us,selectedfirms,ecommerce|web,,,,2026-09-20 22:10
zipprr.com,Zipprr,https://zipprr.com/,,United States,us,selectedfirms,ecommerce|web,,,,2026-09-20 22:10
seocircular.com,SEO Circular,https://seocircular.com/,,United States,us,selectedfirms,ecommerce|web,,,,2026-09-20 22:10
creationwave.com,Creation Wave LLC,https://creationwave.com,,United States,us,selectedfirms,ecommerce|web|wordpress,,,,2026-09-20 22:10
wenawa.com,Wenawa,https://wenawa.com/,,United States,us,selectedfirms,web,,,,2026-09-20 22:10
linkitsoft.com,Linkitsoft,https://linkitsoft.com/,,United States,us,selectedfirms,ecommerce|web,,,,2026-09-20 22:10
mayuraconsultancy.com,Mayura Consultancy Services,https://www.mayuraconsultancy.com/,,United States,us,selectedfirms,ecommerce|web,,,,2026-09-20 22:10
icode49.com,iCode49 Technolabs,https://icode49.com/,,United States,us,selectedfirms,web,,,,2026-09-20 22:10
naveesinfotech.com,Navees Infotech,https://naveesinfotech.com/,,United States,us,selectedfirms,web,,,,2026-09-20 22:10
zentrixtechnologies.com,Zentrix Technologies,https://www.zentrixtechnologies.com/digital-marketing-agency-in-us/,,United States,us,selectedfirms,web,,,,2026-09-20 22:10
self-publishinghouse.com,Self Publishing House,https://self-publishinghouse.com/,,United States,us,selectedfirms,web,,,,2026-09-20 22:10
futurismai.com,Futurism AI,https://www.futurismai.com/,,United States,us,selectedfirms,web,,,,2026-09-20 22:10
appsums.com,Appsums,https://appsums.com/,,United States,us,selectedfirms,ecommerce|web,,,,2026-09-20 22:10
wooninjas.com,WooNinjas,https://wooninjas.com/,,United States,us,selectedfirms,ecommerce|web,,,,2026-09-20 22:10
digipie.net,Digipie Technologies,https://digipie.net/,,United States,us,selectedfirms,ecommerce|web,,,,2026-09-20 22:10
intelegencia.com,Intelegencia Analytics Pvt. Ltd.,https://www.intelegencia.com/,,United States,us,selectedfirms,web,,,,2026-09-20 22:10
saffronedge.com,Saffron Edge Inc,https://www.saffronedge.com/,,United States,us,selectedfirms,web|wordpress,,,,2026-09-20 22:10
codeninjaconsulting.com,CodeNinja,https://codeninjaconsulting.com/,,United States,us,selectedfirms,web,,,,2026-09-20 22:10
masglobalconsulting.com,MAS Global Consulting,https://masglobalconsulting.com/,,United States,us,selectedfirms,web,,,,2026-09-20 22:10
michiganlabs.com,Michigan Software Labs,https://michiganlabs.com/,,United States,us,selectedfirms,web,,,,2026-09-20 22:10
steelheadsoftware.io,Steelhead Software,https://www.steelheadsoftware.io/,,United States,us,selectedfirms,web,,,,2026-09-20 22:10
webdevium.com,Webdevium,https://webdevium.com/,,United States,us,selectedfirms,ecommerce|web|wordpress,,,,2026-09-20 22:10
skyquestcorp.com,SkyQuest,https://www.skyquestcorp.com/,,United States,us,selectedfirms,ecommerce|web,,,,2026-09-20 22:10
fusionhit.com,FusionHit,https://fusionhit.com/,,United States,us,selectedfirms,ecommerce|web|wordpress,,,,2026-09-20 22:10
gilasw.com,Gila Software,https://gilasw.com/,,United States,us,selectedfirms,web,,,,2026-09-20 22:10
smartmarketingfirm.com,Smart Marketing Firm LLC,https://smartmarketingfirm.com/,,United States,us,selectedfirms,web|wordpress,,,,2026-09-20 22:10
purplefire.io,PurpleFire,https://purplefire.io/,,United States,us,selectedfirms,ecommerce|web,,,,2026-09-20 22:10
newagesysit.com,NewAgeSysIT,https://newagesysit.com/,,United States,us,selectedfirms,web,,,,2026-09-20 22:10
rubyroidlabs.com,Rubyroid Labs,https://rubyroidlabs.com/,,United States,us,selectedfirms,web,,,,2026-09-20 22:10
cedarcode.com,Cedarcode,https://www.cedarcode.com/,,United States,us,selectedfirms,web,,,,2026-09-20 22:10
7edge.com,7EDGE,https://7edge.com/,,United States,us,selectedfirms,web,,,,2026-09-20 22:10
spaceotechnologies.com,Space-O Technologies,https://www.spaceotechnologies.com/,,United States,us,selectedfirms,web,,,,2026-09-20 22:10
webds.com,Dynamic Search,https://www.webds.com/,,United States,us,selectedfirms,web,,,,2026-09-20 22:10
webdev.addaxcrm.com,Addax,https://webdev.addaxcrm.com/,,United States,us,selectedfirms,web,,,,2026-09-20 22:10
folio3.com,Folio3,https://folio3.com/,,United States,us,selectedfirms,ecommerce|web,,,,2026-09-20 22:10
inveritasoft.com,inVerita,https://inveritasoft.com/,,United States,us,selectedfirms,web,,,,2026-09-20 22:10
onceuponatime.agency,Once Upon a Time,https://www.onceuponatime.agency/,,United States,us,selectedfirms,web,,,,2026-09-20 22:10
digitdesignstudios.com,Digit Design Studios,https://www.digitdesignstudios.com/,,United States,us,selectedfirms,web,,,,2026-09-20 22:10
netfinity.net,NFY Interactive Inc.,https://www.netfinity.net/,,United States,us,selectedfirms,web,,,,2026-09-20 22:10
ifthen.com,IfThen Digital,https://www.ifthen.com/,,United States,us,selectedfirms,web,,,,2026-09-20 22:10
crmjetty.com,crmjetty,https://www.crmjetty.com,,United States,us,selectedfirms,ecommerce|web,,,,2026-09-20 22:10
mechlintech.com,Mechlin Technologies,https://mechlintech.com/,,United States,us,selectedfirms,web,,,,2026-09-20 22:10
rdglobalinc.com,RdglobalInc,https://www.rdglobalinc.com/,,United States,us,selectedfirms,web,,,,2026-09-20 22:10
siliconithub.com,Silicon IT Hub,https://www.siliconithub.com/,,United States,us,selectedfirms,web,,,,2026-09-20 22:10
agnitotechnologies.com,Agnito Technologies Pvt LTD,https://agnitotechnologies.com/,,United States,us,selectedfirms,web,,,,2026-09-20 22:10
intetics.com,Intetics Inc.,https://intetics.com/,,United States,us,selectedfirms,web,,,,2026-09-20 22:10
apptread.com,Apptread,https://apptread.com/,,United States,us,selectedfirms,web,,,,2026-09-20 22:10
xduce.com,XDuce Corporation,https://xduce.com/,,United States,us,selectedfirms,web,,,,2026-09-20 22:10
urvam.com,Urvam Technologies,https://www.urvam.com/,,United States,us,selectedfirms,ecommerce|web,,,,2026-09-20 22:10
teqnovos.com,Teqnovos,https://teqnovos.com/,,United States,us,selectedfirms,ecommerce|web|wordpress,,,,2026-09-20 22:10
heptotechnologies.com,Hepto Technologies,https://www.heptotechnologies.com/app-development,,United States,us,selectedfirms,ecommerce|web|wordpress,,,,2026-09-20 22:10
hyperlocalcloud.com,Hyperlocal Cloud,https://hyperlocalcloud.com/,,United States,us,selectedfirms,web,,,,2026-09-20 22:10
turnkey.work,Turnkey Tech Solutions,https://www.turnkey.work/,,United States,us,selectedfirms,web,,,,2026-09-20 22:10
addustechnologies.com,Addus Technologies,https://www.addustechnologies.com/crypto-trading-bot-development-company,,United States,us,selectedfirms,ecommerce|web|wordpress,,,,2026-09-20 22:10
aidevelopmentservice.com,AI Development Service,https://aidevelopmentservice.com/,,United States,us,selectedfirms,web,,,,2026-09-20 22:10
instaittech.com,InstaIT Technologies,https://www.instaittech.com/,,United States,us,selectedfirms,ecommerce|web,,,,2026-09-20 22:10
infostride.com,InfoStride,https://infostride.com/,,United States,us,selectedfirms,ecommerce|web|wordpress,,,,2026-09-20 22:10
codegurus.co,codgegurus,https://codegurus.co/,,United States,us,selectedfirms,ecommerce|web,,,,2026-09-20 22:10
cygnismedia.com,Cygnis Media,https://www.cygnismedia.com/mvp-development/,,United States,us,selectedfirms,web,,,,2026-09-20 22:10
tula.co,TulaCo,https://tula.co/,,United States,us,selectedfirms,web,,,,2026-09-20 22:10
triforce-inc.com,Tri-Force Consulting servcies,https://triforce-inc.com/,,United States,us,selectedfirms,ecommerce|web|wordpress,,,,2026-09-20 22:10
sdnatech.com,SDNA Tech,https://sdnatech.com/,,United States,us,selectedfirms,web,,,,2026-09-20 22:10
octaconsulting.tech,Octa Consulting,https://octaconsulting.tech/,,United States,us,selectedfirms,ecommerce|web,,,,2026-09-20 22:10
mmfinfotech.com,MMF Infotech Technologies Pvt. Ltd.,https://www.mmfinfotech.com/,,United States,us,selectedfirms,ecommerce|web,,,,2026-09-20 22:10
cartcoders.com,CartCoders,https://cartcoders.com/,,United States,us,selectedfirms,ecommerce|web,,,,2026-09-20 22:10
invoteams.com,InvoTeams,https://invoteams.com/,,United States,us,selectedfirms,ecommerce|web|wordpress,,,,2026-09-20 22:10
silkroutetech.com,Silk Route Technologies,https://silkroutetech.com/,,United States,us,selectedfirms,ecommerce|web|wordpress,,,,2026-09-20 22:10
elisol.co,Elisol LLC,https://elisol.co/,,United States,us,selectedfirms,web,,,,2026-09-20 22:10
bitshive.com,BitsHive,https://bitshive.com,,United States,us,selectedfirms,web,,,,2026-09-20 22:10
primetechnologiesglobal.com,Prime Tech,https://www.primetechnologiesglobal.com/,,United States,us,selectedfirms,web,,,,2026-09-20 22:10
algorepublic.com,AlgoRepiblic,https://algorepublic.com/,,United States,us,selectedfirms,ecommerce|web,,,,2026-09-20 22:10
quick-works.com,Quickworks,https://quick-works.com/,,United States,us,selectedfirms,web,,,,2026-09-20 22:10
appnox.ai,Appnox Technologies,http://www.appnox.ai,,United States,us,selectedfirms,ecommerce|web,,,,2026-09-20 22:10
novumlogic.com,Novumlogic Technologies Pvt Ltd,https://www.novumlogic.com/,,United States,us,selectedfirms,web,,,,2026-09-20 22:10
vlinkinfo.com,VLink Inc.,https://vlinkinfo.com/,,United States,us,selectedfirms,web,,,,2026-09-20 22:10
designsdonebetter.com,Designs Done Better,https://www.designsdonebetter.com,,United States,us,selectedfirms,ecommerce|web,,,,2026-09-20 22:10
aitc.ai,AITC International,https://aitc.ai/,,United States,us,selectedfirms,ecommerce|web,,,,2026-09-20 22:10
expeed.com,Expeed Software,https://expeed.com/,,United States,us,selectedfirms,web,,,,2026-09-20 22:10
bidbits.org,BidBits,https://bidbits.org/,,United States,us,selectedfirms,web|wordpress,,,,2026-09-20 22:10
maneksoft.com,Maneksoft,https://www.maneksoft.com,,United States,us,selectedfirms,ecommerce|web,,,,2026-09-20 22:10
syndelltech.com,Syndell Inc.,https://syndelltech.com/,,United States,us,selectedfirms,ecommerce|web,,,,2026-09-20 22:10
probntech.com,Prob N Tech,https://www.probntech.com,,United States,us,selectedfirms,ecommerce|web,,,,2026-09-20 22:10
remotetechs.com,Remote Techs for It Support Company,https://www.remotetechs.com/,,United States,us,selectedfirms,web,,,,2026-09-20 22:10
mirrorfly.com,MirrorFly,https://www.mirrorfly.com/,,United States,us,selectedfirms,web,,,,2026-09-20 22:10
bluebash.co,Bluebash,https://www.bluebash.co/,,United States,us,selectedfirms,ecommerce|web,,,,2026-09-20 22:10
hiddenbrains.com,Hidden Brains,https://www.hiddenbrains.com/,,United States,us,selectedfirms,ecommerce|web|wordpress,,,,2026-09-20 22:10
nextupgrad.us,Nextupgrad USA,https://nextupgrad.us/,,United States,us,selectedfirms,ecommerce|web,,,,2026-09-20 22:10
itechindia.co,iTech India Private Limited,https://itechindia.co/,,United States,us,selectedfirms,web,,,,2026-09-20 22:10
aktivsoftware.com,Aktiv Software Pvt Ltd,https://www.aktivsoftware.com,,United States,us,selectedfirms,ecommerce|web,,,,2026-09-20 22:10
dahooks.com,Dahooks Technologies LLC,https://dahooks.com/,,United States,us,selectedfirms,web,,,,2026-09-20 22:10
cuevasoft.com,Cuevasoft LLC,https://cuevasoft.com/,,United States,us,selectedfirms,web,,,,2026-09-20 22:10
aanpriglobal.com,aanpriglobal,https://www.aanpriglobal.com,,United States,us,selectedfirms,ecommerce|web,,,,2026-09-20 22:10
devacetech.com,Devace Technologies,https://www.devacetech.com/,,United States,us,selectedfirms,ecommerce|web,,,,2026-09-20 22:10
creativeencode.com,Creative Encode Technologies Pvt. Ltd.,https://www.creativeencode.com/,,United States,us,selectedfirms,web,,,,2026-09-20 22:10
aascentinfo.solutions,Aascent Infosolutions,https://aascentinfo.solutions/,,United States,us,selectedfirms,web,,,,2026-09-20 22:10
digimantralabs.com,DigiMantra Labs,https://digimantralabs.com/,,United States,us,selectedfirms,ecommerce|web,,,,2026-09-20 22:10
codetru.com,Codetru,https://www.codetru.com,,United States,us,selectedfirms,web,,,,2026-09-20 22:10
levisoft.io,Levisoft Global SAS,https://www.levisoft.io/,,United States,us,selectedfirms,web,,,,2026-09-20 22:10
concettolabs.com,Concetto Labs,https://www.concettolabs.com,,United States,us,selectedfirms,bigcommerce|ecommerce|web|woocommerce,,,,2026-09-20 22:10
cloudium.io,Cloudium Software,https://www.cloudium.io/,,United States,us,selectedfirms,web,,,,2026-09-20 22:10
caliberfocus.com,caliberfocus,https://caliberfocus.com/,,United States,us,selectedfirms,web,,,,2026-09-20 22:10
globalnodes.tech,GlobalNodes,https://globalnodes.tech/,,United States,us,selectedfirms,web,,,,2026-09-20 22:10
bacancytechnology.com,Bacancy Technology,https://www.bacancytechnology.com/,,United States,us,selectedfirms,web,,,,2026-09-20 22:10
digitalogy.co,Digitalogy LLC,https://www.digitalogy.co/,,United States,us,selectedfirms,ecommerce|web,,,,2026-09-20 22:10
cartelspark.com,CartelSpark,https://cartelspark.com/,,United States,us,selectedfirms,ecommerce|web,,,,2026-09-20 22:10
devteam.space,DevTeam.Space,https://www.devteam.space/,,United States,us,selectedfirms,ecommerce|web,,,,2026-09-20 22:10
bestpeers.com,Bestpeers,https://www.bestpeers.com/,,United States,us,selectedfirms,web|wordpress,,,,2026-09-20 22:10
ititans.com,iTitans,https://ititans.com,,United States,us,selectedfirms,ecommerce|web,,,,2026-09-20 22:10
ecomstreet.com,eComStreet,https://www.ecomstreet.com/,,United States,us,selectedfirms,web,,,,2026-09-20 22:10
dotsquares.com,Dotsquares Technology,https://www.dotsquares.com/,,United States,us,selectedfirms,bigcommerce|ecommerce|magento|web|woocommerce|wordpress,,,,2026-09-20 22:10
sheerbit.com,Sheerbit,https://sheerbit.com/,,United States,us,selectedfirms,web,,,,2026-09-20 22:10
maticz.com,Maticz Technologies Pvt Ltd,https://maticz.com/white-label-crypto-exchange,,United States,us,selectedfirms,web,,,,2026-09-20 22:10
drodigital.com,DRO Digital Consultancy,https://drodigital.com/,,United States,us,selectedfirms,ecommerce|squarespace|web|wix,,,,2026-09-20 22:10
hikeqa.com,HikeQa,https://www.hikeqa.com/,,United States,us,selectedfirms,web,,,,2026-09-20 22:10
pixacttechnologies.com,Pixact Technologies,https://pixacttechnologies.com,,United States,us,selectedfirms,ecommerce|web,,,,2026-09-20 22:10
seaflux.tech,Seaflux Technologies,https://www.seaflux.tech/,,United States,us,selectedfirms,web,,,,2026-09-20 22:10
montanacoders.com,Montana Coders LLC,https://montanacoders.com/,,United States,us,selectedfirms,ecommerce|web,,,,2026-09-20 22:10
iosandweb.net,IosAndWeb Technologies,https://iosandweb.net/,,United States,us,selectedfirms,web,,,,2026-09-20 22:10
urapptech.com,UrApp Tech,https://www.urapptech.com/,,United States,us,selectedfirms,web,,,,2026-09-20 22:10
mobiosolutions.com,Mobio Solutions,https://mobiosolutions.com/,,United States,us,selectedfirms,web,,,,2026-09-20 22:10
webdesigngainesvillefl.com,Quantum web Design,https://webdesigngainesvillefl.com/,,United States,us,selectedfirms,ecommerce|web|wix|wordpress,,,,2026-09-20 22:10
cronboost.com,Cronboost,https://www.cronboost.com/,,United States,us,selectedfirms,web,,,,2026-09-20 22:10
mentalhealthitsolutions.com,Mental Health IT Solutions,https://mentalhealthitsolutions.com/,,United States,us,selectedfirms,web,,,,2026-09-20 22:10
fordewind.io,Fordewind.io,https://fordewind.io/,,United States,us,selectedfirms,web,,,,2026-09-20 22:10
inument.com,Inument,https://inument.com/,,United States,us,selectedfirms,web,,,,2026-09-20 22:10
softacom.com,Softacom,https://www.softacom.com/,,United States,us,selectedfirms,web,,,,2026-09-20 22:10
gysp.tech,GYSP.tech,https://gysp.tech/,,United States,us,selectedfirms,bigcommerce|ecommerce|magento|web|woocommerce,,,,2026-09-20 22:10
atmosdigital.net,Atmos Digital,https://atmosdigital.net,,United States,us,selectedfirms,ecommerce|web,,,,2026-09-20 22:10
vinfotech.com,Vinfotech,https://www.vinfotech.com/prediction-market-software,,United States,us,selectedfirms,web,,,,2026-09-20 22:10
improving.com,Improving,https://www.improving.com/,,United States,us,selectedfirms,web,,,,2026-09-20 22:10
techwitpro.com,Techwitpro,https://techwitpro.com/,,United States,us,selectedfirms,ecommerce|web|wix|wordpress,,,,2026-09-20 22:10
innovatily.com,Innovatily,https://innovatily.com/,,United States,us,selectedfirms,web,,,,2026-09-20 22:10
bighornwebsolutions.com,Bighorn Web Solutions LLC,https://bighornwebsolutions.com/,,United States,us,selectedfirms,ecommerce|web,,,,2026-09-20 22:10
iquincesoft.com,iQuinceSoft Consulting Services,https://www.iquincesoft.com/,,United States,us,selectedfirms,ecommerce|magento|web|wix|woocommerce|wordpress,,,,2026-09-20 22:10
wizeline.com,Wizeline,https://www.wizeline.com/,,United States,us,selectedfirms,web,,,,2026-09-20 22:10
wesoftyou.com,WeSoftYou,https://wesoftyou.com/,,United States,us,selectedfirms,web,,,,2026-09-20 22:10
retrocube.com,RetroCube,https://www.retrocube.com/,,United States,us,selectedfirms,ecommerce|web,,,,2026-09-20 22:10
eltexsoft.com,EltexSoft,https://eltexsoft.com/,,United States,us,selectedfirms,web|wordpress,,,,2026-09-20 22:10
eightfold.io,Eightfold,https://www.eightfold.io/,,United States,us,selectedfirms,web,,,,2026-09-20 22:10
kodershop.com,Kodershop,https://kodershop.com/,,United States,us,selectedfirms,ecommerce|web,,,,2026-09-20 22:10
commerce-architects.com,Commerce Architects,https://www.commerce-architects.com/,,United States,us,selectedfirms,ecommerce|web,,,,2026-09-20 22:10
fortegrp.com,Forte Group,https://fortegrp.com/,,United States,us,selectedfirms,ecommerce|web|wordpress,,,,2026-09-20 22:10
hoisolutions.com,HOI Solutions,https://hoisolutions.com/,,United States,us,selectedfirms,ecommerce|web|wordpress,,,,2026-09-20 22:10
oak-tree.tech,Oak-Tree Technologies,https://www.oak-tree.tech/,,United States,us,selectedfirms,web,,,,2026-09-20 22:10
stuntcoders.com,StuntCoders,https://stuntcoders.com/,,United States,us,selectedfirms,ecommerce|web|woocommerce,,,,2026-09-20 22:10
slashdev.io,Slashdev,https://slashdev.io/,,United States,us,selectedfirms,ecommerce|web|wordpress,,,,2026-09-20 22:10
solucionesroots.com,ROOTS INC,https://www.solucionesroots.com/,,United States,us,selectedfirms,ecommerce|web,,,,2026-09-20 22:10
powergatesoftware.com,PowerGate Software,https://powergatesoftware.com/,,United States,us,selectedfirms,web,,,,2026-09-20 22:10
itcube.net,ITCube Solutions Pvt. Ltd.,https://www.itcube.net/,,United States,us,selectedfirms,web,,,,2026-09-20 22:10
bonsaimediagroup.com,Bonsai Media Group,https://bonsaimediagroup.com/,,United States,us,selectedfirms,web,,,,2026-09-20 22:10
sourcewebsolutions.com,Source Web Solutions,https://www.sourcewebsolutions.com/,,United States,us,selectedfirms,ecommerce|web,,,,2026-09-20 22:10
appingine.com,Appingine,https://www.appingine.com/,,United States,us,selectedfirms,web,,,,2026-09-20 22:10
nglogic.com,NG Logic,https://nglogic.com/,,United States,us,selectedfirms,web,,,,2026-09-20 22:10
redcaffeine.com,Red Caffeine - A Growth Consultancy,https://www.redcaffeine.com/,,United States,us,selectedfirms,web,,,,2026-09-20 22:10
accubits.com,Accubits Technologies Inc,https://accubits.com/,,United States,us,selectedfirms,web,,,,2026-09-20 22:10
ngssolution.com,NGS Solution,https://www.ngssolution.com/,,United States,us,selectedfirms,ecommerce|squarespace|web|wix|wordpress,,,,2026-09-20 22:10
verytechnology.com,Very,https://www.verytechnology.com/,,United States,us,selectedfirms,web,,,,2026-09-20 22:10
dyode.com,DYODE Inc.,https://www.dyode.com/,,United States,us,selectedfirms,bigcommerce|ecommerce|web|wix,,,,2026-09-20 22:10
zestminds.com,Zestminds,https://www.zestminds.com,,United States,us,selectedfirms,ecommerce|web|wix,,,,2026-09-20 22:10
elitemcommerce.com,Elite mCommerce,https://www.elitemcommerce.com,,United States,us,selectedfirms,ecommerce|web,,,,2026-09-20 22:10
softwareorca.com,Software Orca,https://www.softwareorca.com/,,United States,us,selectedfirms,ecommerce|web,,,,2026-09-20 22:10
chapter247.com,Chapter247 Infotech,https://www.chapter247.com/,,United States,us,selectedfirms,ecommerce|web,,,,2026-09-20 22:10
mpoweredit.com,mPowered IT,https://mpoweredit.com/,,United States,us,selectedfirms,web,,,,2026-09-20 22:10
bluecoding.com,Blue Coding,https://www.bluecoding.com/,,United States,us,selectedfirms,ecommerce|web,,,,2026-09-20 22:10
pixelperfecthtml.com,Pixel Perfect HTML,https://www.pixelperfecthtml.com/,,United States,us,selectedfirms,ecommerce|web|wordpress,,,,2026-09-20 22:10
rvsmedia.co.uk,RVS Media,https://www.rvsmedia.co.uk/,,United States,us,selectedfirms,web,,,,2026-09-20 22:10
aristeksystems.com,Aristek Systems,https://aristeksystems.com/,,United States,us,selectedfirms,web,,,,2026-09-20 22:10
kinetechcloud.com,Kinetech Cloud,https://www.kinetechcloud.com/,,United States,us,selectedfirms,web,,,,2026-09-20 22:10
ost.agency,OpenSource Technologies Inc,https://ost.agency/,,United States,us,selectedfirms,ecommerce|web,,,,2026-09-20 22:10
coxit.co,COXIT,https://coxit.co/,,United States,us,selectedfirms,web,,,,2026-09-20 22:10
indatalabs.com,InData Labs,https://indatalabs.com/,,United States,us,selectedfirms,web,,,,2026-09-20 22:10
mobilefirst.in,MobileFirst Applications,https://www.mobilefirst.in/,,United States,us,selectedfirms,web,,,,2026-09-20 22:10
dragoshouse.com,Drago's House,https://dragoshouse.com/,,United States,us,selectedfirms,ecommerce|web,,,,2026-09-20 22:10
zivtech.com,Zivtech,https://www.zivtech.com/,,United States,us,selectedfirms,web|wordpress,,,,2026-09-20 22:10
devonstank.com,Devon Stank,https://devonstank.com/,,United States,us,selectedfirms,squarespace|web,,,,2026-09-20 22:10
wordpressstudio.us,WordPress Studio,https://wordpressstudio.us/,,United States,us,selectedfirms,web,,,,2026-09-20 22:10
nextlinklabs.com,NextLink Labs,https://nextlinklabs.com/,,United States,us,selectedfirms,web,,,,2026-09-20 22:10
caxy.com,Caxy Consulting,https://www.caxy.com/,,United States,us,selectedfirms,web,,,,2026-09-20 22:10
zco.com,Zco Corporation,https://www.zco.com,,United States,us,selectedfirms,web,,,,2026-09-20 22:10
reveation.io,Reveation Labs,https://www.reveation.io/?utm_source=SelectedFirms&utm_medium=business_listing&utm_campaign=profile_link,,United States,us,selectedfirms,ecommerce|web,,,,2026-09-20 22:10
firebeetechnoservices.com,FireBee Techno Service PVT LTD,https://www.firebeetechnoservices.com/,,United States,us,selectedfirms,ecommerce|web|wordpress,,,,2026-09-20 22:10
shamlatech.com,Shamlatech,https://shamlatech.com/metaverse-development-services/,,United States,us,selectedfirms,ecommerce|web,,,,2026-09-20 22:10
siblingssoftware.com,Siblings Software,https://siblingssoftware.com/,,United States,us,selectedfirms,web,,,,2026-09-20 22:10
invensis.net,Invensis Inc,https://www.invensis.net/ecommerce-support-services,,United States,us,selectedfirms,ecommerce|web,,,,2026-09-20 22:10
awsquality.com,AwsQuality,https://www.awsquality.com/services/salesforce-consulting-company/,,United States,us,selectedfirms,web,,,,2026-09-20 22:10
eikeconsulting.com,Shoaib Khan,https://www.eikeconsulting.com/,,United States,us,selectedfirms,web,,,,2026-09-20 22:10
metizsoft.com,Metizsoft Solutions Private Limited,https://www.metizsoft.com/,,United States,us,selectedfirms,ecommerce|web|wix,,,,2026-09-20 22:10
trangotech.com,Trango Tech,https://trangotech.com/,,United States,us,selectedfirms,ecommerce|web,,,,2026-09-20 22:10
accuratedigitalsolutions.com,Accurate Digital Solutions,https://accuratedigitalsolutions.com/,,United States,us,selectedfirms,ecommerce|web|wix|wordpress,,,,2026-09-20 22:10
monarch-innovation.com,Monarch Innovation,https://www.monarch-innovation.com/,,United States,us,selectedfirms,ecommerce|web,,,,2026-09-20 22:10
ade-technologies.com,ADe Technologies,https://www.ade-technologies.com/,,United States,us,selectedfirms,ecommerce|web,,,,2026-09-20 22:10
persistent.com,Persistent Systems,https://www.persistent.com/,,United States,us,selectedfirms,web,,,,2026-09-20 22:10
anyonconsulting.com,"Anyon Consulting, LLC",https://anyonconsulting.com/,,United States,us,selectedfirms,ecommerce|web|wordpress,,,,2026-09-20 22:10
fifth-llc.com,Fifth,https://www.fifth-llc.com,,United States,us,selectedfirms,web,,,,2026-09-20 22:10
digitallyprime.com,Digitally Prime,https://digitallyprime.com/,,United States,us,selectedfirms,ecommerce|web|wordpress,,,,2026-09-20 22:10
creatiosoft.com,Creatiosoft Solutions Pvt Ltd,https://creatiosoft.com/,,United States,us,selectedfirms,web,,,,2026-09-20 22:10
systango.com,Systango Technologies Ltd,https://www.systango.com/,,United States,us,selectedfirms,web,,,,2026-09-20 22:10
valuecoders.com,ValueCoders (UK),https://www.valuecoders.com/,,United States,us,selectedfirms,ecommerce|web,,,,2026-09-20 22:10
sigmasolve.com,Sigma Solve Inc,https://sigmasolve.com/,,United States,us,selectedfirms,ecommerce|web,,,,2026-09-20 22:10
upcoretech.com,Upcore Technologies,https://www.upcoretech.com/,,United States,us,selectedfirms,web,,,,2026-09-20 22:10
cymetrixsoft.com,Cymetrix Software,https://www.cymetrixsoft.com/,,United States,us,selectedfirms,web,,,,2026-09-20 22:10
optimizedglobal.com,Optimized Technologies Inc.,https://optimizedglobal.com/,,United States,us,selectedfirms,web,,,,2026-09-20 22:10
netmaxims.com,NetMaxims Technologies,https://netmaxims.com/,,United States,us,selectedfirms,ecommerce|web,,,,2026-09-20 22:10
marvelssoft.com,Marvels Soft,https://www.marvelssoft.com/?utm_source=SelectedFirms&utm_medium=Referral&utm_campaign=B2B,,United States,us,selectedfirms,web,,,,2026-09-20 22:10
topsinfosolutions.com,TOPS Infosolutions Pvt. Ltd.,https://www.topsinfosolutions.com/,,United States,us,selectedfirms,ecommerce|web,,,,2026-09-20 22:10
spiralscout.com,Spiral Scout,https://spiralscout.com,,United States,us,selectedfirms,ecommerce|web,,,,2026-09-20 22:10
websenor.com,WebSenor,https://websenor.com/,,United States,us,selectedfirms,ecommerce|web,,,,2026-09-20 22:10
aress.com,Aress,https://www.aress.com/,,United States,us,selectedfirms,ecommerce|web,,,,2026-09-20 22:10
axiussoftware.com,axiusSoftware,https://axiussoftware.com/,,United States,us,selectedfirms,ecommerce|web,,,,2026-09-20 22:10
beyonderissolutions.com,Beyond Eris Solutions,https://beyonderissolutions.com/,,United States,us,selectedfirms,ecommerce|web|wix,,,,2026-09-20 22:10
xbytesolutions.com,X-Byte Enterprise Solutions,https://www.xbytesolutions.com/,,United States,us,selectedfirms,ecommerce|web,,,,2026-09-20 22:10
progressarc.io,Progressarc,https://progressarc.io/,,United States,us,selectedfirms,ecommerce|web,,,,2026-09-20 22:10
buildbetterapp.com,buildbetterapp,https://buildbetterapp.com/,,United States,us,selectedfirms,web,,,,2026-09-20 22:10
telepathyinfotech.com,Telepathy Infotech,https://telepathyinfotech.com,,United States,us,selectedfirms,ecommerce|web,,,,2026-09-20 22:10
enterprise64.com,Enterprise64,https://enterprise64.com/,,United States,us,selectedfirms,ecommerce|web|wordpress,,,,2026-09-20 22:10
savvycomsoftware.com,SavvycomSoftware,http://savvycomsoftware.com,,United States,us,selectedfirms,web,,,,2026-09-20 22:10
wethinkapp.com,WeThinkApp,https://wethinkapp.com/,,United States,us,selectedfirms,web,,,,2026-09-20 22:10
eris360.com,Eris360,https://eris360.com/,,United States,us,selectedfirms,ecommerce|web,,,,2026-09-20 22:10
bilions.co,Bilions,https://bilions.co/,,United States,us,selectedfirms,ecommerce|web,,,,2026-09-20 22:10
localseo-denver.com,Local SEO Denver,https://localseo-denver.com/,,United States,us,selectedfirms,web,,,,2026-09-20 22:10
congruentsoft.com,Congruent Software Inc,https://www.congruentsoft.com/,,United States,us,selectedfirms,web,,,,2026-09-20 22:10
pqube.us,PQube Business Solutions,https://www.pqube.us/dynamics-365-consulting-services/,,United States,us,selectedfirms,ecommerce|web,,,,2026-09-20 22:10
studiokrew.com,StudioKrew,https://studiokrew.com,,United States,us,selectedfirms,ecommerce|web|wordpress,,,,2026-09-20 22:10
designhenge.com,Design Henge,https://www.designhenge.com/,,United States,us,selectedfirms,ecommerce|web,,,,2026-09-20 22:10
bobcares.com,Bobcares.com,https://bobcares.com/,,United States,us,selectedfirms,ecommerce|web,,,,2026-09-20 22:10
codepixelbreaker.com,CodePixel Breaker,https://codepixelbreaker.com/,,United States,us,selectedfirms,ecommerce|web,,,,2026-09-20 22:10
stryv.ai,Stryv Solutions Pvt. Ltd.,https://www.stryv.ai/,,United States,us,selectedfirms,ecommerce|web,,,,2026-09-20 22:10
10xmedspamarketing.com,10x Med Spa Marketing,https://10xmedspamarketing.com/,,United States,us,selectedfirms,web,,,,2026-09-20 22:10
techbuilder.ai,TechBuilder,https://techbuilder.ai,,United States,us,selectedfirms,ecommerce|web,,,,2026-09-20 22:10
bolderapps.com,Bolder Apps,https://www.bolderapps.com,,United States,us,selectedfirms,web,,,,2026-09-20 22:10
arytech.com,ARYtech,https://arytech.com/,,United States,us,selectedfirms,web,,,,2026-09-20 22:10
theintellify.com,The Intellify,https://theintellify.com/,,United States,us,selectedfirms,web,,,,2026-09-20 22:10
proquantic.com,Proquantic Software,https://proquantic.com,,United States,us,selectedfirms,ecommerce|web,,,,2026-09-20 22:10
quadrazon.com,Quadrazon,https://quadrazon.com/,,United States,us,selectedfirms,bigcommerce|ecommerce|web,,,,2026-09-20 22:10
mehulaadmediatek.com,Mehula ADMediaTek,https://mehulaadmediatek.com/,,United States,us,selectedfirms,ecommerce|squarespace|web|wix,,,,2026-09-20 22:10
vermillion.agency,Vermillion,https://vermillion.agency/,,United States,us,selectedfirms,web,,,,2026-09-20 22:10
codev.com,CoDev,https://www.codev.com/,,United States,us,selectedfirms,web,,,,2026-09-20 22:10
satelliteinnovations.io,Satellite Innovations,https://satelliteinnovations.io/,,United States,us,selectedfirms,web,,,,2026-09-20 22:10
webisoft.com,Webisoft,https://webisoft.com/,,United States,us,selectedfirms,web,,,,2026-09-20 22:10
bloorsoft.com,Bloorsoft,https://www.bloorsoft.com/,,United States,us,selectedfirms,web,,,,2026-09-20 22:10
imaginovation.net,Imaginovation,https://imaginovation.net/,,United States,us,selectedfirms,ecommerce|web,,,,2026-09-20 22:10
ravn.co,Ravn,https://www.ravn.co/,,United States,us,selectedfirms,web,,,,2026-09-20 22:10
jetrockets.com,JetRockets,https://jetrockets.com/,,United States,us,selectedfirms,web,,,,2026-09-20 22:10
dteam.dev,DTEAM,https://dteam.dev/,,United States,us,selectedfirms,web,,,,2026-09-20 22:10
forix.agency,Forix,https://forix.agency/,,United States,us,selectedfirms,web,,,,2026-09-20 22:10
zobiwebsolutions.com,Zobi Web Solutions Private Limited,https://www.zobiwebsolutions.com/,,United States,us,selectedfirms,ecommerce|web,,,,2026-09-20 22:10
infernored.com,InfernoRed Technology,https://infernored.com/,,United States,us,selectedfirms,ecommerce|web,,,,2026-09-20 22:10
cogniteq.com,Cogniteq,https://www.cogniteq.com/,,United States,us,selectedfirms,web,,,,2026-09-20 22:10
niftit.com,NIFTIT,https://www.niftit.com/,,United States,us,selectedfirms,web,,,,2026-09-20 22:10
horizon-labs.co,Horizon Labs,https://www.horizon-labs.co/,,United States,us,selectedfirms,web,,,,2026-09-20 22:10
thirstysprout.com,ThirstySprout,https://www.thirstysprout.com/,,United States,us,selectedfirms,web,,,,2026-09-20 22:10
northbuilt.com,NorthBuilt Software Development,https://northbuilt.com/,,United States,us,selectedfirms,web,,,,2026-09-20 22:10
unfold.co,Unfold,https://www.unfold.co/,,United States,us,selectedfirms,web,,,,2026-09-20 22:10
directimpactsolutions.com,Direct Impact Solutions,https://www.directimpactsolutions.com/en/,,United States,us,selectedfirms,web,,,,2026-09-20 22:10
luckymedia.dev,Lucky Media,https://www.luckymedia.dev/,,United States,us,selectedfirms,web,,,,2026-09-20 22:10
xeodev.com,XeoDev,https://www.xeodev.com/,,United States,us,selectedfirms,web,,,,2026-09-20 22:10
2am.tech,2am.tech,https://www.2am.tech/,,United States,us,selectedfirms,web,,,,2026-09-20 22:10
beeutech.com,BEEU TECH,https://beeutech.com,,United States,us,selectedfirms,ecommerce|web,,,,2026-09-20 22:10
bosctechlabs.com,BOSC Tech Labs,https://bosctechlabs.com/ai-app-development-services/,,United States,us,selectedfirms,web,,,,2026-09-20 22:10
markupdesigns.com,Markup Designs,https://www.markupdesigns.com/,,United States,us,selectedfirms,ecommerce|web,,,,2026-09-20 22:10
threeventures.com,"Three Ventures Technology, Inc.",https://threeventures.com/,,United States,us,selectedfirms,ecommerce|web,,,,2026-09-20 22:10
bitlogic.io,BITLOGIC,https://bitlogic.io/,,United States,us,selectedfirms,web,,,,2026-09-20 22:10
veprof.com,VEProf,https://www.veprof.com/,,United States,us,selectedfirms,web,,,,2026-09-20 22:10
exoagency.com,Exo Agency,https://exoagency.com/,,United States,us,selectedfirms,squarespace|web,,,,2026-09-20 22:10
blackantelope.com,Black Antelope,https://www.blackantelope.com/,,United States,us,selectedfirms,ecommerce|web,,,,2026-09-20 22:10
motifcreatives.co,Motif Creatives,https://motifcreatives.co/,,United States,us,selectedfirms,ecommerce|web,,,,2026-09-20 22:10
ossisto.com,Ossisto,https://ossisto.com/,,United States,us,selectedfirms,web,,,,2026-09-20 22:10
netlynxinc.com,Netlynx Inc.,https://netlynxinc.com/,,United States,us,selectedfirms,ecommerce|squarespace|web,,,,2026-09-20 22:10
platformxr.tech,PlatformXR,https://www.platformxr.tech/,,United States,us,selectedfirms,web,,,,2026-09-20 22:10
inventixlabs.com,Inventix Labs,https://inventixlabs.com/,,United States,us,selectedfirms,web,,,,2026-09-20 22:10
surprisehighway.com,Surprise Highway,https://surprisehighway.com/,,United States,us,selectedfirms,ecommerce|web,,,,2026-09-20 22:10
vincit.com,Vincit,https://www.vincit.com/,,United States,us,selectedfirms,ecommerce|web,,,,2026-09-20 22:10
matellio.com,Matellio Inc,https://www.matellio.com/,,United States,us,selectedfirms,web,,,,2026-09-20 22:10
bos.digital,BOS Digital,https://bos.digital/,,United States,us,selectedfirms,web,,,,2026-09-20 22:10
snow-monkey.com,Snow Monkey,http://snow-monkey.com/,,United States,us,selectedfirms,web,,,,2026-09-20 22:10
chopdawg.com,Chop Dawg,https://www.chopdawg.com/,,United States,us,selectedfirms,web,,,,2026-09-20 22:10
codersera.com,Codersera,https://codersera.com/,,United States,us,selectedfirms,web,,,,2026-09-20 22:10
bluelight.co,Bluelight,https://bluelight.co/,,United States,us,selectedfirms,web,,,,2026-09-20 22:10
pegasync.com,PegaSync LLC,https://pegasync.com/,,United States,us,selectedfirms,web,,,,2026-09-20 22:10
rubicotech.in,Rubico,https://rubicotech.in/,,United States,us,selectedfirms,ecommerce|web,,,,2026-09-20 22:10
zerozendesign.com,ZeroZen Design,https://zerozendesign.com/,,United States,us,selectedfirms,ecommerce|web,,,,2026-09-20 22:10
mavensolutions.tech,Maven Solutions,https://www.mavensolutions.tech/,,United States,us,selectedfirms,ecommerce|web,,,,2026-09-20 22:10
ebizondigital.com,EbizON,https://www.ebizondigital.com/,,United States,us,selectedfirms,ecommerce|web,,,,2026-09-20 22:10
genesis360.co,Genesis360,https://genesis360.co/,,United States,us,selectedfirms,ecommerce|web,,,,2026-09-20 22:10
rackner.com,Rackner,https://rackner.com/,,United States,us,selectedfirms,web,,,,2026-09-20 22:10
acapglobal.com,"ACAP, LLC",https://acapglobal.com/,,United States,us,selectedfirms,ecommerce|web,,,,2026-09-20 22:10
prpwebs.com,PRP Webs,https://prpwebs.com/,,United States,us,selectedfirms,ecommerce|web,,,,2026-09-20 22:10
saritasa.com,Saritasa,https://www.saritasa.com/,,United States,us,selectedfirms,ecommerce|web,,,,2026-09-20 22:10
amconsoft.com,AMCONSOFT,https://amconsoft.com/,,United States,us,selectedfirms,web,,,,2026-09-20 22:10
ziggletech.com,Ziggle Tech,https://www.ziggletech.com/,,United States,us,selectedfirms,ecommerce|web,,,,2026-09-20 22:10
casperon.com,Casperon,https://www.casperon.com/,,United States,us,selectedfirms,ecommerce|web,,,,2026-09-20 22:10
bignerdranch.com,Big Nerd Ranch,https://bignerdranch.com/,,United States,us,selectedfirms,web,,,,2026-09-20 22:11
wrexa.com,Wrexa Technologies LLC,https://www.wrexa.com/,,United States,us,selectedfirms,ecommerce|web,,,,2026-09-20 22:11
flynaut.com,FlyNaut LLC,https://flynaut.com/,,United States,us,selectedfirms,web,,,,2026-09-20 22:11
mindbowser.com,Mindbowser Global,https://www.mindbowser.com/,,United States,us,selectedfirms,web,,,,2026-09-20 22:11
crowdbotics.com,Crowdbotics,https://crowdbotics.com/,,United States,us,selectedfirms,web,,,,2026-09-20 22:11
siddhiinfosoft.com,Siddhi Infosoft,https://www.siddhiinfosoft.com/,,United States,us,selectedfirms,web|wordpress,,,,2026-09-20 22:11
deaninfotech.com,Dean Infotech Pvt. Ltd.,https://www.deaninfotech.com/,,United States,us,selectedfirms,ecommerce|web,,,,2026-09-20 22:11
apgemergingtech.com,APG Emerging Tech,https://www.apgemergingtech.com/,,United States,us,selectedfirms,web,,,,2026-09-20 22:11
technoyuga.com,TechnoYuga Soft Pvt. Ltd.,https://technoyuga.com/,,United States,us,selectedfirms,web,,,,2026-09-20 22:11
techrover.us,TechRover Solutions,https://www.techrover.us/,,United States,us,selectedfirms,web,,,,2026-09-20 22:11
globalvoxinc.com,GlobalVox,https://globalvoxinc.com/,,United States,us,selectedfirms,web,,,,2026-09-20 22:11
katprotech.com,Katpro Technologies Inc,https://katprotech.com/,,United States,us,selectedfirms,web,,,,2026-09-20 22:11
pharaohsoft.com,Pharaoh Soft,https://pharaohsoft.com/,,United States,us,selectedfirms,web,,,,2026-09-20 22:11
xperity.io,Xperity,https://xperity.io/,,United States,us,selectedfirms,ecommerce|web,,,,2026-09-20 22:11
tagsoft.co,TAGsoft,https://tagsoft.co/,,United States,us,selectedfirms,web,,,,2026-09-20 22:11
technovatime.com,TechNovaTime,https://www.technovatime.com/,,United States,us,selectedfirms,squarespace|web,,,,2026-09-20 22:11
augustash.com,August Ash,https://augustash.com/,,United States,us,selectedfirms,ecommerce|web,,,,2026-09-20 22:11
engineroomtech.com,Engine Room,https://www.engineroomtech.com/,,United States,us,selectedfirms,ecommerce|web,,,,2026-09-20 22:11
triffidit.com,Triffid Marketing,https://www.triffidit.com/,,United States,us,selectedfirms,ecommerce|web,,,,2026-09-20 22:11
ksidigitalmarketing.com,KSI Digital Marketing,https://ksidigitalmarketing.com/,,United States,us,selectedfirms,web,,,,2026-09-20 22:11
bleedai.com,Bleed AI,https://www.bleedai.com/,,United States,us,selectedfirms,web,,,,2026-09-20 22:11
sysvine.com,Sysvine Technologies,https://sysvine.com/,,United States,us,selectedfirms,web,,,,2026-09-20 22:11
aetsoft.net,Aetsoft,https://aetsoft.net/,,United States,us,selectedfirms,web,,,,2026-09-20 22:11
nexeodev.com,Nexeo,https://www.nexeodev.com/,,United States,us,selectedfirms,ecommerce|web,,,,2026-09-20 22:11
bitswits.co,BitsWits,https://www.bitswits.co/,,United States,us,selectedfirms,web,,,,2026-09-20 22:11
aryausa.com,Aryavrat Infotech Inc.,https://www.aryausa.com/,,United States,us,selectedfirms,web,,,,2026-09-20 22:11
sixfeetup.com,Six Feet Up,https://sixfeetup.com/,,United States,us,selectedfirms,web,,,,2026-09-20 22:11
rootstrap.com,Rootstrap,https://www.rootstrap.com/,,United States,us,selectedfirms,web,,,,2026-09-20 22:11
lateralgroup.com,Lateral Inc.,https://www.lateralgroup.com/,,United States,us,selectedfirms,web,,,,2026-09-20 22:11
genai-labs.io,GenAI.Labs USA,https://www.genai-labs.io/,,United States,us,selectedfirms,web,,,,2026-09-20 22:11
hibu.com,Hibu,https://hibu.com/,,United States,us,selectedfirms,web,,,,2026-09-20 22:11
sirinsoftware.com,Sirin Software,https://sirinsoftware.com/,,United States,us,selectedfirms,web,,,,2026-09-20 22:11
chromeinfotech.net,Chrome InfoTech,https://www.chromeinfotech.net/,,United States,us,selectedfirms,web,,,,2026-09-20 22:11
azumo.com,Azumo,https://azumo.com/,,United States,us,selectedfirms,web,,,,2026-09-20 22:11
fitdesignldn.com,Fit Design,https://www.fitdesignldn.com/,,United States,us,selectedfirms,ecommerce|squarespace|web,,,,2026-09-20 22:11
candorme.com,Candor,https://www.candorme.com/,,United States,us,selectedfirms,web,,,,2026-09-20 22:11
servreality.com,ServReality,https://servreality.com/,,United States,us,selectedfirms,web,,,,2026-09-20 22:11
yeswearemad.com,Yes We Are Mad,https://www.yeswearemad.com/,,United States,us,selectedfirms,web,,,,2026-09-20 22:11
quanrio.com,Quanrio,https://quanrio.com/,,United States,us,selectedfirms,ecommerce|web,,,,2026-09-20 22:11
netatwork.com,Net at Work LLC,https://www.netatwork.com/,,United States,us,selectedfirms,web,,,,2026-09-20 22:11
coreviewsystems.com,Coreview,https://coreviewsystems.com/,,United States,us,selectedfirms,web,,,,2026-09-20 22:11
thegnar.com,The Gnar Company,https://www.thegnar.com/,,United States,us,selectedfirms,ecommerce|web,,,,2026-09-20 22:11
cerebruminfotech.com,Cerebrum Infotech,https://www.cerebruminfotech.com/,,United States,us,selectedfirms,web,,,,2026-09-20 22:11
freeportmetrics.com,Freeport Metrics,https://www.freeportmetrics.com/,,United States,us,selectedfirms,web,,,,2026-09-20 22:11
hirespartan.io,Spartan,https://hirespartan.io/,,United States,us,selectedfirms,web,,,,2026-09-20 22:11
truelogic.io,Truelogic Software,https://www.truelogic.io/,,United States,us,selectedfirms,ecommerce|web,,,,2026-09-20 22:11
aclti.com,ACL IT,https://www.aclti.com/,,United States,us,selectedfirms,web,,,,2026-09-20 22:11
inacom-sby.com,Inacom Information Systems,https://www.inacom-sby.com/,,United States,us,selectedfirms,web,,,,2026-09-20 22:11
digidopt.in,Digidopt,https://www.digidopt.in/,,United States,us,selectedfirms,ecommerce|web,,,,2026-09-20 22:11
ibcscorp.com,IBCScorp,https://www.ibcscorp.com/,,United States,us,selectedfirms,web,,,,2026-09-20 22:11
digitalhimarketing.com,Digital HI Marketing,https://www.digitalhimarketing.com/,,United States,us,selectedfirms,web,,,,2026-09-20 22:11
tesuji.io,Tesuji,https://www.tesuji.io/,,United States,us,selectedfirms,web,,,,2026-09-20 22:11
lineate.com,Lineate,https://www.lineate.com/,,United States,us,selectedfirms,web,,,,2026-09-20 22:11
mojosolitservices.com,Mojo Solution,https://www.mojosolitservices.com/,,United States,us,selectedfirms,ecommerce|web,,,,2026-09-20 22:11
bblabs.io,Blackbird Labs,https://www.bblabs.io/,,United States,us,selectedfirms,web,,,,2026-09-20 22:11
komdigit.net,Komdigit Agency,https://komdigit.net/,,United States,us,selectedfirms,web,,,,2026-09-20 22:11
makewebbetter.com,MakeWebBetter,https://makewebbetter.com/,,United States,us,selectedfirms,ecommerce|web,,,,2026-09-20 22:11
hulhub.com,Hul Hub,https://www.hulhub.com/,,United States,us,selectedfirms,ecommerce|web,,,,2026-09-20 22:11
rentechdigital.com,Rentech Digital,https://rentechdigital.com/,,United States,us,selectedfirms,ecommerce|web,,,,2026-09-20 22:11
thewebgateway.com,The Web Gateway,https://thewebgateway.com/,,United States,us,selectedfirms,web,,,,2026-09-20 22:11
is-t.net,IS&T,https://www.is-t.net/,,United States,us,selectedfirms,ecommerce|web,,,,2026-09-20 22:11
satvasolutions.com,Satva Solutions,https://satvasolutions.com/,,United States,us,selectedfirms,ecommerce|web,,,,2026-09-20 22:11
wprobo.com,WPRobo,https://wprobo.com/,,United States,us,selectedfirms,ecommerce|web,,,,2026-09-20 22:11
lightit.io,Light-it Health,https://lightit.io/,,United States,us,selectedfirms,web,,,,2026-09-20 22:11
kndcode.com,KNDCODE,https://kndcode.com/,,United States,us,selectedfirms,web,,,,2026-09-20 22:11
level12.io,Level 12,https://level12.io/,,United States,us,selectedfirms,web,,,,2026-09-20 22:11
nextondigital.com,NextOn Digital,https://www.nextondigital.com/,,United States,us,selectedfirms,web,,,,2026-09-20 22:11
q3tech.com,Q3 Technologies,https://www.q3tech.com/,,United States,us,selectedfirms,web,,,,2026-09-20 22:11
impekable.com,Impekable,https://impekable.com/,,United States,us,selectedfirms,web,,,,2026-09-20 22:11
paraminfo.com,ParamInfo,https://paraminfo.com/,,United States,us,selectedfirms,web,,,,2026-09-20 22:11
bootesnull.com,BootesNull,https://bootesnull.com/,,United States,us,selectedfirms,web,,,,2026-09-20 22:11
hexaviewtech.com,Hexaview Technologies,https://hexaviewtech.com/,,United States,us,selectedfirms,web,,,,2026-09-20 22:11
appicsoftwares.com,Appic Software,https://appicsoftwares.com/,,United States,us,selectedfirms,web,,,,2026-09-20 22:11
oodle.io,Oodle,https://oodle.io/,,United States,us,selectedfirms,web,,,,2026-09-20 22:11
arctouch.com,ArcTouch,https://arctouch.com/,,United States,us,selectedfirms,web,,,,2026-09-20 22:11
phdlabs.com,PHD labs,http://www.phdlabs.com/,,United States,us,selectedfirms,web,,,,2026-09-20 22:11
exposit.com,Exposit,https://www.exposit.com/,,United States,us,selectedfirms,web,,,,2026-09-20 22:11
capitalnumbers.com,Capital Numbers,https://www.capitalnumbers.com/,,United States,us,selectedfirms,web,,,,2026-09-20 22:11
dogocreativo.com,Dogo Creativo,https://dogocreativo.com/,,United States,us,selectedfirms,web,,,,2026-09-20 22:11
wpwebelite.com,WPWebElite,https://www.wpwebelite.com/,,United States,us,selectedfirms,ecommerce|web,,,,2026-09-20 22:11
ardas-it.com,Ardas,https://ardas-it.com/,,United States,us,selectedfirms,web,,,,2026-09-20 22:11
simpat.tech,Simpat Tech,https://simpat.tech/,,United States,us,selectedfirms,web,,,,2026-09-20 22:11
grio.com,Grio,https://grio.com/,,United States,us,selectedfirms,web,,,,2026-09-20 22:11
itps.one,ITPS One,https://itps.one/en/,,United States,us,selectedfirms,web,,,,2026-09-20 22:11
nogravity.io,NOGRAVITY,https://nogravity.io/,,United States,us,selectedfirms,web,,,,2026-09-20 22:11
pixelettetech.co.uk,Pixelette Technologies Ltd,https://www.pixelettetech.co.uk/,,United States,us,selectedfirms,web,,,,2026-09-20 22:11
drivesocialnow.com,Drive Social Media,https://drivesocialnow.com/,,United States,us,selectedfirms,web,,,,2026-09-20 22:11
railwaymen.org,Railwaymen,https://railwaymen.org/,,United States,us,selectedfirms,web,,,,2026-09-20 22:11
code-care.com,Code & Care,https://code-care.com/,,United States,us,selectedfirms,web,,,,2026-09-20 22:11
goldenshovelagency.com,Golden Shovel,https://www.goldenshovelagency.com/,,United States,us,selectedfirms,web,,,,2026-09-20 22:11
acrobatant.com,AcrobatAnt,https://acrobatant.com/,,United States,us,selectedfirms,web,,,,2026-09-20 22:11
maxconnect.com,Max Connect Marketing,https://maxconnect.com/,,United States,us,selectedfirms,web,,,,2026-09-20 22:11
railsfactory.com,RailsFactory,https://railsfactory.com/,,United States,us,selectedfirms,web,,,,2026-09-20 22:11
appnovation.com,Appnovation,https://www.appnovation.com/,,United States,us,selectedfirms,ecommerce|web,,,,2026-09-20 22:11
beyondlabs.io,Beyond Labs LLC,https://beyondlabs.io/,,United States,us,selectedfirms,web,,,,2026-09-20 22:11
digitaldeployment.com,Digital Deployment,https://www.digitaldeployment.com/,,United States,us,selectedfirms,web,,,,2026-09-20 22:11
envazia.com,Envazia Technologies,https://envazia.com/,,United States,us,selectedfirms,web,,,,2026-09-20 22:11
ratio.dev,Ratio,https://ratio.dev/,,United States,us,selectedfirms,web,,,,2026-09-20 22:11
luxinten.com,LLC Luxinten,https://luxinten.com/,,United States,us,selectedfirms,ecommerce|web,,,,2026-09-20 22:11
spinspire.com,SpinSpire,https://spinspire.com/,,United States,us,selectedfirms,web,,,,2026-09-20 22:11
polymathus.com,Polymathus,https://www.polymathus.com/,,United States,us,selectedfirms,web,,,,2026-09-20 22:11
propernoun.co,Proper Noun,https://www.propernoun.co/,,United States,us,selectedfirms,web,,,,2026-09-20 22:11
shapesandpages.com,Shapes and Pages,https://shapesandpages.com/,,United States,us,selectedfirms,web,,,,2026-09-20 22:11
parretail.com,PAR Retail,https://www.parretail.com/,,United States,us,selectedfirms,web,,,,2026-09-20 22:11
eligence.dev,Eligence,https://eligence.dev/,,United States,us,selectedfirms,web,,,,2026-09-20 22:11
welshtechnologies.com,Welsh Technologies,https://www.welshtechnologies.com/,,United States,us,selectedfirms,web,,,,2026-09-20 22:11
brickclay.com,Brickclay,https://www.brickclay.com/,,United States,us,selectedfirms,web,,,,2026-09-20 22:11
confiancebizsol.com,Confiance Bizsol Private Limited,https://confiancebizsol.com/,,United States,us,selectedfirms,web,,,,2026-09-20 22:11
bosoutsourcing.com,BoS Outsourcing,https://www.bosoutsourcing.com/,,United States,us,selectedfirms,web,,,,2026-09-20 22:11
brogan.com,Brogan & Partners,https://brogan.com/,,United States,us,selectedfirms,web,,,,2026-09-20 22:11
realintegrated.com,Real Integrated,https://www.realintegrated.com/,,United States,us,selectedfirms,web,,,,2026-09-20 22:11
webx.ink,WebX,https://www.webx.ink/,,United States,us,selectedfirms,web,,,,2026-09-20 22:11
gambyt.com,Gambyt,https://gambyt.com/,,United States,us,selectedfirms,web,,,,2026-09-20 22:11
knysys.com,KNYSYS,https://knysys.com/,,United States,us,selectedfirms,ecommerce|web,,,,2026-09-20 22:11
teckpert.com,TECKpert,https://www.teckpert.com/,,United States,us,selectedfirms,web,,,,2026-09-20 22:11
vx-technology.com,VenturiX Solutions,https://www.vx-technology.com/,,United States,us,selectedfirms,web,,,,2026-09-20 22:11
thepinnaclesolutions.com,Pinnacle Solutions,https://thepinnaclesolutions.com/,,United States,us,selectedfirms,web,,,,2026-09-20 22:11
dodson-development.com,Dodson Development,https://dodson-development.com/,,United States,us,selectedfirms,ecommerce|web,,,,2026-09-20 22:11
thequantumz.com,Quantumz,https://thequantumz.com/,,United States,us,selectedfirms,web,,,,2026-09-20 22:11
sitka.ai,Sitka Ai Technologies LLC,https://sitka.ai/,,United States,us,selectedfirms,squarespace|web,,,,2026-09-20 22:11
bright-development.com,Bright Development,https://www.bright-development.com/,,United States,us,selectedfirms,web,,,,2026-09-20 22:11
db1global.com,DB1 Global Software,https://db1global.com/,,United States,us,selectedfirms,web,,,,2026-09-20 22:11
upsilonit.com,UpsilonIT,https://www.upsilonit.com,,United States,us,selectedfirms,web,,,,2026-09-20 22:11
yotomations.com,Yotomations LLC,https://yotomations.com/,,United States,us,selectedfirms,web,,,,2026-09-20 22:11
thinkebiz.net,Ebiz Solutions LLC,https://www.thinkebiz.net/,,United States,us,selectedfirms,ecommerce|web,,,,2026-09-20 22:11
aspiresoftwareconsultancy.com,Aspire Software Consultancy,https://aspiresoftwareconsultancy.com/,,United States,us,selectedfirms,ecommerce|web,,,,2026-09-20 22:11
parkfieldcommerce.com,Parkfield,https://www.parkfieldcommerce.com/,,United States,us,selectedfirms,ecommerce|web,,,,2026-09-20 22:11
markovate.com,Markovate,https://markovate.com/,,United States,us,selectedfirms,web,,,,2026-09-20 22:11
codegenix.io,Codegenix,https://codegenix.io/,,United States,us,selectedfirms,web,,,,2026-09-20 22:11
myteams.co,MyTeams,https://myteams.co/,,United States,us,selectedfirms,ecommerce|web,,,,2026-09-20 22:11
assystant.com,Assystant,https://assystant.com/,,United States,us,selectedfirms,web,,,,2026-09-20 22:11
dminc.com,"DMI (Digital Management, Inc.)",https://dminc.com/,,United States,us,selectedfirms,web,,,,2026-09-20 22:11
pencil-designs.com,Pencil Designs,https://www.pencil-designs.com,,United States,us,selectedfirms,web,,,,2026-09-20 22:11
railsware.com,Railsware,https://railsware.com/,,United States,us,selectedfirms,web,,,,2026-09-20 22:11
wondermentapps.com,Wonderment Apps,https://www.wondermentapps.com/,,United States,us,selectedfirms,web,,,,2026-09-20 22:11
envisionecommerce.com,Envision eCommerce,https://envisionecommerce.com/,,United States,us,selectedfirms,web,,,,2026-09-20 22:11
menlo-technologies.com,Menlo Technologies,https://www.menlo-technologies.com/,,United States,us,selectedfirms,web,,,,2026-09-20 22:11
visual-craft.com,Visual Craft,https://www.visual-craft.com/,,United States,us,selectedfirms,ecommerce|web,,,,2026-09-20 22:11
dxminds.com,DxMinds Innovation Labs Pvt Ltd,https://dxminds.com/,,United States,us,selectedfirms,ecommerce|web,,,,2026-09-20 22:11
digiscorp.com,Digis,https://digiscorp.com/,,United States,us,selectedfirms,web,,,,2026-09-20 22:11
uptopcorp.com,UpTop,https://www.uptopcorp.com/,,United States,us,selectedfirms,ecommerce|web,,,,2026-09-20 22:11
guidance.com,Guidance,https://www.guidance.com/,,United States,us,selectedfirms,ecommerce|web,,,,2026-09-20 22:11
exeditec.com,EXEDITEC,https://exeditec.com/en/home/,,United States,us,selectedfirms,web,,,,2026-09-20 22:11
devcave.io,DevCave,https://devcave.io/,,United States,us,selectedfirms,web,,,,2026-09-20 22:11
revinfotech.com,RevInfotech Inc,https://www.revinfotech.com/,,United States,us,selectedfirms,ecommerce|web,,,,2026-09-20 22:11
myweb3startup.com,My Web3 Startup,https://www.myweb3startup.com/,,United States,us,selectedfirms,web,,,,2026-09-20 22:11
gigster.com,Gigster,https://gigster.com/,,United States,us,selectedfirms,ecommerce|web,,,,2026-09-20 22:11
claritusconsulting.com,Claritus Consulting,https://www.claritusconsulting.com/,,United States,us,selectedfirms,ecommerce|web,,,,2026-09-20 22:11
izellmarketing.com,Izell Marketing Group,https://www.izellmarketing.com/,,United States,us,selectedfirms,web,,,,2026-09-20 22:11
magemonkeys.com,Mage Monkeys,https://www.magemonkeys.com/,,United States,us,selectedfirms,ecommerce|web,,,,2026-09-20 22:11
sam-solutions.com,SaM Solutions,https://sam-solutions.com/,,United States,us,selectedfirms,ecommerce|web,,,,2026-09-20 22:11
folderit.net,Folder IT,https://folderit.net/,,United States,us,selectedfirms,web,,,,2026-09-20 22:11
mutualmobile.com,Mutual Mobile Inc,https://mutualmobile.com//,,United States,us,selectedfirms,web,,,,2026-09-20 22:11
livingproofcreative.com,Living Proof Creative,https://livingproofcreative.com/,,United States,us,selectedfirms,ecommerce|web,,,,2026-09-20 22:11
socialdriver.com,Social Driver,https://www.socialdriver.com/,,United States,us,selectedfirms,web,,,,2026-09-20 22:11
thepsi.com,Pratham Software,https://www.thepsi.com/,,United States,us,selectedfirms,web,,,,2026-09-20 22:11
waypathconsulting.com,WayPath Consulting,https://waypathconsulting.com/,,United States,us,selectedfirms,web,,,,2026-09-20 22:11
thinkanderson.com,Anderson Group,https://www.thinkanderson.com/,,United States,us,selectedfirms,web,,,,2026-09-20 22:11
brandextract.com,BrandExtract,https://www.brandextract.com/,,United States,us,selectedfirms,web,,,,2026-09-20 22:11
10bits.com,10Bits,https://10bits.com/,,United States,us,selectedfirms,web,,,,2026-09-20 22:11
imcsgroup.net,IMCS Group,https://imcsgroup.net/,,United States,us,selectedfirms,web,,,,2026-09-20 22:11
sombrainc.com,Sombra,https://sombrainc.com/,,United States,us,selectedfirms,web,,,,2026-09-20 22:11
hexaorigin.com,Hexa Origin Technologies,https://hexaorigin.com/,,United States,us,selectedfirms,ecommerce|web,,,,2026-09-20 22:11
wwg.it,WWG,https://www.wwg.it/en/wwg-software-house/,,United States,us,selectedfirms,web,,,,2026-09-20 22:11
heady.io,Heady,https://www.heady.io/,,United States,us,selectedfirms,ecommerce|web,,,,2026-09-20 22:11
ostusa.com,"Open Systems Technologies, Inc.",https://www.ostusa.com/,,United States,us,selectedfirms,ecommerce|web,,,,2026-09-20 22:11
w3care.com,W3care Technologies Pvt. Ltd.,https://www.w3care.com/,,United States,us,selectedfirms,ecommerce|web,,,,2026-09-20 22:11
cobuildlab.com,Cobuild Lab Inc,https://cobuildlab.com/,,United States,us,selectedfirms,web,,,,2026-09-20 22:11
blueripples.com,Blue Ripples Technologies,https://www.blueripples.com/,,United States,us,selectedfirms,web,,,,2026-09-20 22:11
bkthemes.design,BKThemes,https://bkthemes.design/,,United States,us,selectedfirms,ecommerce|web,,,,2026-09-20 22:11
software.iquasar.com,iQuasar,https://software.iquasar.com/,,United States,us,selectedfirms,ecommerce|web,,,,2026-09-20 22:11
yellowstonelabs.io,Yellowstone Labs,https://yellowstonelabs.io/,,United States,us,selectedfirms,web,,,,2026-09-20 22:11
itrellis.com,iTrellis,https://www.itrellis.com/,,United States,us,selectedfirms,web,,,,2026-09-20 22:11
acetechnologies.com,Ace Technologies,https://acetechnologies.com/,,United States,us,selectedfirms,web,,,,2026-09-20 22:11
techieminions.co,TechieMinions,https://www.techieminions.co/,,United States,us,selectedfirms,web,,,,2026-09-20 22:11
adpharos.com,adPharos,https://www.adpharos.com/,,United States,us,selectedfirms,web,,,,2026-09-20 22:11
bamtech.net,BAM Technologies,https://www.bamtech.net/,,United States,us,selectedfirms,web,,,,2026-09-20 22:11
voxvit.com,Voxvit,https://voxvit.com/,,United States,us,selectedfirms,web,,,,2026-09-20 22:11
innovantpr.com,Innovant Public Relations,https://www.innovantpr.com/,,United States,us,selectedfirms,web,,,,2026-09-20 22:11
dotlabs.ai,DOT LABS,https://dotlabs.ai/,,United States,us,selectedfirms,web,,,,2026-09-20 22:11
aciragroup.com,Acira Group,https://www.aciragroup.com/,,United States,us,selectedfirms,web,,,,2026-09-20 22:11
linkit.nl,LINKIT,https://www.linkit.nl/,,United States,us,selectedfirms,web,,,,2026-09-20 22:11
katalysttech.com,Katalyst Technologies,https://katalysttech.com/,,United States,us,selectedfirms,ecommerce|web,,,,2026-09-20 22:11
p-product.com,"P-Product, Inc.",https://p-product.com/,,United States,us,selectedfirms,web,,,,2026-09-20 22:11
pickrellglobaltechnologies.com,Pickrell Global Technologies,https://pickrellglobaltechnologies.com/,,United States,us,selectedfirms,web,,,,2026-09-20 22:11
pdt.com,PDT,https://www.pdt.com/,,United States,us,selectedfirms,web,,,,2026-09-20 22:11
byjakt.com,JAKT,https://byjakt.com/,,United States,us,selectedfirms,web,,,,2026-09-20 22:11
charterglobal.com,Charter Global Inc.,https://www.charterglobal.com/,,United States,us,selectedfirms,web,,,,2026-09-20 22:11
builtmighty.com,Montana Banana,https://builtmighty.com/,,United States,us,selectedfirms,ecommerce|web,,,,2026-09-20 22:11
unfrl.com,Unfrl,https://unfrl.com/,,United States,us,selectedfirms,web,,,,2026-09-20 22:11
fatpipetechnologies.com,FatPipe Technologies,https://fatpipetechnologies.com/,,United States,us,selectedfirms,web,,,,2026-09-20 22:11
sitesence.com,Sitesence,https://www.sitesence.com/,,United States,us,selectedfirms,web,,,,2026-09-20 22:11
aspendigital.com,Aspen Digital,https://aspendigital.com/,,United States,us,selectedfirms,web,,,,2026-09-20 22:11
lancera.com,Lancera,https://lancera.com/,,United States,us,selectedfirms,web,,,,2026-09-20 22:11
bodex.io,BODEX LLC,https://bodex.io/,,United States,us,selectedfirms,web,,,,2026-09-20 22:11
algovisoftware.com,ALGOVI SOFTWARE DEVELOPMENT,https://algovisoftware.com/,,United States,us,selectedfirms,web,,,,2026-09-20 22:11
spark6.com,SPARK6 Inc,https://www.spark6.com/,,United States,us,selectedfirms,ecommerce|squarespace|web,,,,2026-09-20 22:11
flash-computing.com,Flash Computing,https://www.flash-computing.com/,,United States,us,selectedfirms,web,,,,2026-09-20 22:11
janeasystems.com,Janea Systems,https://www.janeasystems.com/,,United States,us,selectedfirms,web,,,,2026-09-20 22:11
contentactive.com,"ContentActive, LLC",https://contentactive.com/,,United States,us,selectedfirms,web,,,,2026-09-20 22:11
discoverdigital.com,Discover Digital,https://discoverdigital.com/,,United States,us,selectedfirms,web,,,,2026-09-20 22:11
idhlagency.com,IDHL,https://www.idhlagency.com/,,United States,us,selectedfirms,ecommerce|web,,,,2026-09-20 22:11
1905newmedia.com,1905 New Media,https://1905newmedia.com/,,United States,us,selectedfirms,web,,,,2026-09-20 22:11
splitmediastl.com,Split Media STL,https://www.splitmediastl.com/,,United States,us,selectedfirms,web,,,,2026-09-20 22:11
mercuryworks.com,MercuryWorks,https://mercuryworks.com/,,United States,us,selectedfirms,web,,,,2026-09-20 22:11
8base.com,8base,https://www.8base.com/,,United States,us,selectedfirms,web,,,,2026-09-20 22:11
bluegreytech.com,Bluegrey Technologies,https://bluegreytech.com/,,United States,us,selectedfirms,web,,,,2026-09-20 22:11
ntooitive.com,Ntooitive Digital,https://www.ntooitive.com/,,United States,us,selectedfirms,ecommerce|web,,,,2026-09-20 22:11
mokshtech.net,Moksh Infotech Private Limited,https://www.mokshtech.net/,,United States,us,selectedfirms,web,,,,2026-09-20 22:11
wyens.co,Wyens,https://wyens.co/,,United States,us,selectedfirms,web,,,,2026-09-20 22:11
interclypse.com,Interclypse,https://interclypse.com/,,United States,us,selectedfirms,web,,,,2026-09-20 22:11
hrsoftwaresolution.com,H.R Software Solutions Pvt. Ltd.,https://www.hrsoftwaresolution.com/,,United States,us,selectedfirms,web,,,,2026-09-20 22:11
gits.id,GITS.ID,https://gits.id/,,United States,us,selectedfirms,web,,,,2026-09-20 22:11
rightclickdesign.co,Right Click,https://rightclickdesign.co/,,United States,us,selectedfirms,web,,,,2026-09-20 22:11
cimulus.com,Cimulus,https://cimulus.com/,,United States,us,selectedfirms,web,,,,2026-09-20 22:11
goelastic.com,Elasticity,https://goelastic.com/,,United States,us,selectedfirms,web,,,,2026-09-20 22:11
sibedge.com,Sibedge,https://sibedge.com/,,United States,us,selectedfirms,web,,,,2026-09-20 22:11
aeontg.com,AEON Technology Group,https://aeontg.com/,,United States,us,selectedfirms,ecommerce|web,,,,2026-09-20 22:11
globaldev.tech,GLOBALDEV,https://globaldev.tech/,,United States,us,selectedfirms,web,,,,2026-09-20 22:11
lunarbyte.io,Lunarbyte.io,https://www.lunarbyte.io/,,United States,us,selectedfirms,web,,,,2026-09-20 22:11
morean.co,Morean,https://www.morean.co/,,United States,us,selectedfirms,web,,,,2026-09-20 22:11
scalefocus.com,Scalefocus,https://www.scalefocus.com/,,United States,us,selectedfirms,web,,,,2026-09-20 22:11
mollyduggan.com,Molly Duggan Associates,https://mollyduggan.com/,,United States,us,selectedfirms,web,,,,2026-09-20 22:11
landing.redhawk-tech.com,Red Hawk Technologies,https://landing.redhawk-tech.com/,,United States,us,selectedfirms,web,,,,2026-09-20 22:11
softsuave.com,Soft Suave Technologies,https://www.softsuave.com/,,United States,us,selectedfirms,web,,,,2026-09-20 22:11
mobomo.com,Mobomo,https://www.mobomo.com/,,United States,us,selectedfirms,web,,,,2026-09-20 22:11
groovyweb.co,Groovy Web,https://www.groovyweb.co/,,United States,us,selectedfirms,web,,,,2026-09-20 22:11
rightpoint.com,Right point development,https://www.rightpoint.com/,,United States,us,selectedfirms,web,,,,2026-09-20 22:11
ca-one.com,CA-One Tech Cloud Inc.,https://ca-one.com/,,United States,us,selectedfirms,web,,,,2026-09-20 22:11
openxcell.com,OpenXcell,https://www.openxcell.com/,,United States,us,selectedfirms,web,,,,2026-09-20 22:11
communicationcrafts.com,Communication Crafts,https://www.communicationcrafts.com/,,United States,us,selectedfirms,ecommerce|web,,,,2026-09-20 22:11
signitysolutions.com,Signity Solutions,https://www.signitysolutions.com/,,United States,us,selectedfirms,web,,,,2026-09-20 22:11
panaceatek.com,Panaceatek Infotech Pvt. Ltd,https://www.panaceatek.com/,,United States,us,selectedfirms,ecommerce|web,,,,2026-09-20 22:11
globallogic.com,GlobalLogic,https://www.globallogic.com/,,United States,us,selectedfirms,web,,,,2026-09-20 22:11
protonbits.com,ProtonBits,https://www.protonbits.com/,,United States,us,selectedfirms,web,,,,2026-09-20 22:11
oakcity.io,Oak City Labs,https://www.oakcity.io/,,United States,us,selectedfirms,web,,,,2026-09-20 22:11
eteam.io,eTeam,https://www.eteam.io/,,United States,us,selectedfirms,web,,,,2026-09-20 22:11
magneti.com,Magneti,https://www.magneti.com/,,United States,us,selectedfirms,squarespace|web,,,,2026-09-20 22:11
nerdery.com,Nerdery,https://www.nerdery.com/,,United States,us,selectedfirms,web,,,,2026-09-20 22:11
headway.io,Headway,https://www.headway.io/,,United States,us,selectedfirms,web,,,,2026-09-20 22:11
happiestminds.com,Happiest Minds Technologies,https://www.happiestminds.com/,,United States,us,selectedfirms,ecommerce|web,,,,2026-09-20 22:11
towasoftware.com,Towa,https://towasoftware.com/,,United States,us,selectedfirms,ecommerce|web,,,,2026-09-20 22:11
sdsol.com,SDSol Technologies,https://sdsol.com/,,United States,us,selectedfirms,web,,,,2026-09-20 22:11
bitsol.tech,Bitsol Technologies,https://bitsol.tech/,,United States,us,selectedfirms,web,,,,2026-09-20 22:11
nocodeteam.com,NoCode Team,https://www.nocodeteam.com/,,United States,us,selectedfirms,web,,,,2026-09-20 22:11
technologymindz.com,Technology Mindz,https://technologymindz.com/,,United States,us,selectedfirms,web,,,,2026-09-20 22:11
ae.studio,AE Studio,https://ae.studio/,,United States,us,selectedfirms,web,,,,2026-09-20 22:11
lareverie.studio,La Reverie Studio LLC,https://lareverie.studio/,,United States,us,selectedfirms,web,,,,2026-09-20 22:11
forbinaconsulting.com,"Forbina Consulting, LLC",https://www.forbinaconsulting.com/,,United States,us,selectedfirms,web,,,,2026-09-20 22:11
intelligentproduct.solutions,Intelligent Product Solutions,https://www.intelligentproduct.solutions/,,United States,us,selectedfirms,web,,,,2026-09-20 22:11
digitalotters.com,Digital Otters,https://www.digitalotters.com/,,United States,us,selectedfirms,ecommerce|web,,,,2026-09-20 22:11
prodevsolution.com,ProDev Solution LLC,https://prodevsolution.com/,,United States,us,selectedfirms,ecommerce|web,,,,2026-09-20 22:11
zetaton.com,Zetaton,https://www.zetaton.com/,,United States,us,selectedfirms,web,,,,2026-09-20 22:11
webrockmedia.com,Webrock Media LLC,https://webrockmedia.com/,,United States,us,selectedfirms,ecommerce|web,,,,2026-09-20 22:11
clouxiplexi.com,ClouxiPlexi,https://clouxiplexi.com/,,United States,us,selectedfirms,web,,,,2026-09-20 22:11
krasanconsulting.com,Krasan Consulting Services,https://krasanconsulting.com/,,United States,us,selectedfirms,web,,,,2026-09-20 22:11
ncrypted.com,NCrypted Technologies,https://www.ncrypted.com/,,United States,us,selectedfirms,web,,,,2026-09-20 22:11
truperformance.us,Tru Performance Inc,https://www.truperformance.us/,,United States,us,selectedfirms,squarespace|web,,,,2026-09-20 22:11
technossus.com,Technossus,https://www.technossus.com/,,United States,us,selectedfirms,web,,,,2026-09-20 22:11
steptech.us,Step Tech,https://steptech.us/,,United States,us,selectedfirms,ecommerce|web,,,,2026-09-20 22:11
technologyally.com,TechnologyAlly,https://www.technologyally.com/,,United States,us,selectedfirms,ecommerce|web,,,,2026-09-20 22:11
dedicateddevelopers.com,Dedicated Developers,https://dedicateddevelopers.com/,,United States,us,selectedfirms,web,,,,2026-09-20 22:11
itexpertus.com,ITExpertUS,https://itexpertus.com/,,United States,us,selectedfirms,ecommerce|web,,,,2026-09-20 22:11
clariontech.com,Clarion Technologies,https://www.clariontech.com/,,United States,us,selectedfirms,web,,,,2026-09-20 22:11
nyoka.io,Nyoka,https://nyoka.io/,,United States,us,selectedfirms,web,,,,2026-09-20 22:11
saffrontech.net,Saffron Tech,https://www.saffrontech.net/,,United States,us,selectedfirms,web,,,,2026-09-20 22:11
silkcommerce.com,Silk Software,https://www.silkcommerce.com/,,United States,us,selectedfirms,ecommerce|web,,,,2026-09-20 22:11
destm.com,Destm Technologies,https://destm.com/,,United States,us,selectedfirms,ecommerce|web,,,,2026-09-20 22:11
yourmaidenvoyage.com,"Maiden Voyage Software, LLC",https://yourmaidenvoyage.com/,,United States,us,selectedfirms,web,,,,2026-09-20 22:11
sctinfo.com,SCT Info,https://www.sctinfo.com/,,United States,us,selectedfirms,web,,,,2026-09-20 22:11
spinakrsolutions.com,Spinakr Solutions,https://www.spinakrsolutions.com/,,United States,us,selectedfirms,ecommerce|web,,,,2026-09-20 22:11
kineticwebbuilders.com,Kinetic Web Builders,https://www.kineticwebbuilders.com/,,United States,us,selectedfirms,ecommerce|squarespace|web,,,,2026-09-20 22:11
zyneventures.com,Zyne Ventures,https://zyneventures.com/,,United States,us,selectedfirms,ecommerce|web,,,,2026-09-20 22:11
lemingtonit.com,Lemington Consulting,https://www.lemingtonit.com/,,United States,us,selectedfirms,web,,,,2026-09-20 22:11
etnasoft.com,ETNA Software,https://www.etnasoft.com/,,United States,us,selectedfirms,web,,,,2026-09-20 22:11
concept-inc.com,Concept Software & Services Inc,https://www.concept-inc.com/,,United States,us,selectedfirms,web,,,,2026-09-20 22:11
blurfactor.com,BlurFactor,https://blurfactor.com/,,United States,us,selectedfirms,ecommerce|web,,,,2026-09-20 22:11
oxit.com,Oxit,https://oxit.com/,,United States,us,selectedfirms,web,,,,2026-09-20 22:11
okorotech.com,OkoroTech,https://okorotech.com/,,United States,us,selectedfirms,web,,,,2026-09-20 22:11
digitalosprey.com,Digital Osprey LLC,https://digitalosprey.com/,,United States,us,selectedfirms,web,,,,2026-09-20 22:11
fragmentlabs.com,Fragment,https://fragmentlabs.com/,,United States,us,selectedfirms,ecommerce|web,,,,2026-09-20 22:11
mckeemancommunications.com,McKeeman Communications,https://mckeemancommunications.com/,,United States,us,selectedfirms,web,,,,2026-09-20 22:11
upspringdigital.com,Upspring,https://www.upspringdigital.com/,,United States,us,selectedfirms,ecommerce|web,,,,2026-09-20 22:11
epixelmlmsoftware.com,Epixel MLM Software,https://www.epixelmlmsoftware.com/,,United States,us,selectedfirms,ecommerce|web,,,,2026-09-20 22:11
alphapmpro.com,AlphaPMPRO,https://alphapmpro.com/,,United States,us,selectedfirms,web,,,,2026-09-20 22:11
rwaltz.com,RWaltz Software Group,https://www.rwaltz.com/,,United States,us,selectedfirms,web,,,,2026-09-20 22:11
moserit.com,Moser Consulting,https://www.moserit.com/,,United States,us,selectedfirms,web,,,,2026-09-20 22:11
applicationx.net,Application X,https://applicationx.net/,,United States,us,selectedfirms,ecommerce|web,,,,2026-09-20 22:11
efcloud.tech,EFCloud,https://www.efcloud.tech/,,United States,us,selectedfirms,web,,,,2026-09-20 22:11
codewrapsolutions.com,Code Wrap Solutions,https://codewrapsolutions.com/,,United States,us,selectedfirms,web,,,,2026-09-20 22:11
kansoftware.com,Kansoft Solutions,https://www.kansoftware.com/,,United States,us,selectedfirms,web,,,,2026-09-20 22:11
techechelons.com,Techechelons,https://www.techechelons.com/,,United States,us,selectedfirms,web,,,,2026-09-20 22:11
smith-consulting.com,Smith Consulting,https://www.smith-consulting.com/,,United States,us,selectedfirms,web,,,,2026-09-20 22:11
zypstack.com,zyp,https://zypstack.com/,,United States,us,selectedfirms,web,,,,2026-09-20 22:11
appcodeindia.com,AppCode Technologies,https://www.appcodeindia.com/,,United States,us,selectedfirms,ecommerce|web,,,,2026-09-20 22:11
wi4.ai,Wi4,https://wi4.ai/,,United States,us,selectedfirms,web,,,,2026-09-20 22:11
websitedezk.com,WebsiteDezk,https://www.websitedezk.com/,,United States,us,selectedfirms,ecommerce|web,,,,2026-09-20 22:11
nextbridge.com,Nextbridge LTD,https://nextbridge.com/,,United States,us,selectedfirms,web,,,,2026-09-20 22:11
it247solutions.co.uk,It247 Solutions,https://www.it247solutions.co.uk/,,United States,us,selectedfirms,web,,,,2026-09-20 22:11
iww.ag,IWW Digital Agency,https://iww.ag/,,United States,us,selectedfirms,ecommerce|web,,,,2026-09-20 22:11
accendum.com,Accendum LLC,https://accendum.com/,,United States,us,selectedfirms,web,,,,2026-09-20 22:11
alchemyleads.com,AlchemyLeads SEO,https://alchemyleads.com/,,United States,us,selectedfirms,web,,,,2026-09-20 22:11
abbsent.com,Abbsent Solutions,https://www.abbsent.com/,,United States,us,selectedfirms,web,,,,2026-09-20 22:11
doit.software,DOIT Software,https://doit.software/,,United States,us,selectedfirms,web,,,,2026-09-20 22:11
dijgtal.com,DIJGTAL,https://dijgtal.com/,,United States,us,selectedfirms,ecommerce|web,,,,2026-09-20 22:11
devteampro.com,DevTeamPro Inc.,https://devteampro.com/,,United States,us,selectedfirms,web,,,,2026-09-20 22:11
chromedia.com,"Chromedia, Inc.",https://www.chromedia.com/,,United States,us,selectedfirms,web,,,,2026-09-20 22:11
dotcomdevelopment.net,Dot Com Development,https://dotcomdevelopment.net/,,United States,us,selectedfirms,web,,,,2026-09-20 22:11
krutsch.design,KRUTSCH,https://www.krutsch.design/,,United States,us,selectedfirms,web,,,,2026-09-20 22:11
luby.co,Luby Tecnologia SA,https://luby.co/,,United States,us,selectedfirms,web,,,,2026-09-20 22:11
imajine.com,IMAJINE LLC,https://imajine.com/,,United States,us,selectedfirms,web,,,,2026-09-20 22:11
indiaappdeveloper.com,India App Developer,https://www.indiaappdeveloper.com/,,United States,us,selectedfirms,web,,,,2026-09-20 22:11
vicodemedia.com,Vicode Media LLC,https://vicodemedia.com/,,United States,us,selectedfirms,web,,,,2026-09-20 22:11
bytewize.net,"ByteWize, Inc.",https://www.bytewize.net/,,United States,us,selectedfirms,web,,,,2026-09-20 22:11
swipsystems.com,Swip Systems,https://www.swipsystems.com/,,United States,us,selectedfirms,web,,,,2026-09-20 22:11
egrovesys.com,eGrove Systems,https://www.egrovesys.com/,,United States,us,selectedfirms,ecommerce|web,,,,2026-09-20 22:11
harriswebworks.com,Harris Web Works,https://www.harriswebworks.com/,,United States,us,selectedfirms,ecommerce|web,,,,2026-09-20 22:11
protofire.io,Protofire,https://protofire.io/,,United States,us,selectedfirms,web,,,,2026-09-20 22:11
coderio.com,Coderio,https://www.coderio.com/,,United States,us,selectedfirms,web,,,,2026-09-20 22:11
takeaway-reality.com,Takeaway Reality,https://www.takeaway-reality.com/,,United States,us,selectedfirms,web,,,,2026-09-20 22:11
idsil.com,IDS Infotech Limited,https://idsil.com/,,United States,us,selectedfirms,web,,,,2026-09-20 22:11
metromaxsolutions.com,Metromax Solutions,https://www.metromaxsolutions.com/,,United States,us,selectedfirms,web,,,,2026-09-20 22:11
businessrankersllc.com,Business Rankers LLC,https://businessrankersllc.com/,,United States,us,selectedfirms,ecommerce|web,,,,2026-09-20 22:11
sovanza.com,Sovanza Inc,https://sovanza.com/,,United States,us,selectedfirms,web,,,,2026-09-20 22:11
nix-united.com,NIX,https://nix-united.com/,,United States,us,selectedfirms,web,,,,2026-09-20 22:11
teqfocus.com,Teqfocus Consulting LLC,https://www.teqfocus.com/,,United States,us,selectedfirms,web,,,,2026-09-20 22:11
g360technologies.com,G360Technologies,https://g360technologies.com/,,United States,us,selectedfirms,web,,,,2026-09-20 22:11
premiersoft.net,Premiersoft,https://premiersoft.net/en,,United States,us,selectedfirms,web,,,,2026-09-20 22:11
yendigital.com,Yen Digital,https://www.yendigital.com/,,United States,us,selectedfirms,web,,,,2026-09-20 22:11
zoondia.com,ZOONDIA,https://www.zoondia.com/,,United States,us,selectedfirms,web,,,,2026-09-20 22:11
imaginarycloud.com,Imaginary Cloud,https://www.imaginarycloud.com/,,United States,us,selectedfirms,web,,,,2026-09-20 22:11
plumrocket.com,Plumrocket,https://plumrocket.com/,,United States,us,selectedfirms,ecommerce|web,,,,2026-09-20 22:11
tinkerventures.co,Tinker Ventures,https://tinkerventures.co/,,United States,us,selectedfirms,web,,,,2026-09-20 22:11
qit.software,QIT Software,https://qit.software/,,United States,us,selectedfirms,squarespace|web,,,,2026-09-20 22:11
searchbloom.com,Searchbloom,https://www.searchbloom.com/,,United States,us,selectedfirms,web,,,,2026-09-20 22:11
equalinfotech.com,Equal Infotech,https://www.equalinfotech.com/,,United States,us,selectedfirms,ecommerce|web,,,,2026-09-20 22:11
webservicespros.com,Web Services Pros,https://www.webservicespros.com/,,United States,us,selectedfirms,ecommerce|web,,,,2026-09-20 22:11
360degreesgroup.com,360 Degrees Group,https://360degreesgroup.com/,,United States,us,selectedfirms,web,,,,2026-09-20 22:11
naluservices.com,Nalu Services & SEO,https://naluservices.com/,,United States,us,selectedfirms,ecommerce|web,,,,2026-09-20 22:11
automatikagency.com,Automatik Agency,https://automatikagency.com/,,United States,us,selectedfirms,web,,,,2026-09-20 22:27
anavcloudsanalytics.ai,AnavClouds Analytics.ai,https://www.anavcloudsanalytics.ai/,,United States,us,selectedfirms,web,,,,2026-09-20 22:27
digitalmarketing360.com,Digital Marketing 360,https://www.digitalmarketing360.com/,,United States,us,selectedfirms,web,,,,2026-09-20 22:27
thecomputermagician.com,The Computer Magician LLC,https://thecomputermagician.com/,,United States,us,selectedfirms,web,,,,2026-09-20 22:27
pivot-al.ai,Pivotal AI,https://pivot-al.ai/,,United States,us,selectedfirms,web,,,,2026-09-20 22:27
altolab.io,Altolab,https://www.altolab.io/,,United States,us,selectedfirms,ecommerce|web,,,,2026-09-20 22:27
metropublicrelations.com,Metro Public Relations,https://www.metropublicrelations.com/,,United States,us,selectedfirms,web,,,,2026-09-20 22:27
antennagroup.com,Antenna Group,https://www.antennagroup.com/,,United States,us,selectedfirms,web,,,,2026-09-20 22:27
frasercommunications.com,Fraser Communications,https://www.frasercommunications.com/,,United States,us,selectedfirms,web,,,,2026-09-20 22:27
stretchpr.com,Stretch PR LLC,https://stretchpr.com/,,United States,us,selectedfirms,web,,,,2026-09-20 22:27
brandefenders.com,BRANDefenders,https://brandefenders.com/,,United States,us,selectedfirms,web,,,,2026-09-20 22:27
johngroup.com,The Johnson Group,https://johngroup.com/,,United States,us,selectedfirms,web,,,,2026-09-20 22:27
xponent21.com,Xponent21,https://xponent21.com/,,United States,us,selectedfirms,web,,,,2026-09-20 22:27
pellizziandcompany.com,Pellizzi & Co.,https://www.pellizziandcompany.com/,,United States,us,selectedfirms,web,,,,2026-09-20 22:27
lighthouse-digitalmarketing.com,Lighthouse Digital Marketing,https://lighthouse-digitalmarketing.com/,,United States,us,selectedfirms,web,,,,2026-09-20 22:27
austinlawrence.com,Austin Lawrence Group,https://www.austinlawrence.com/,,United States,us,selectedfirms,web,,,,2026-09-20 22:27
zealousys.com,Zealous System,https://www.zealousys.com/,,United States,us,selectedfirms,ecommerce|magento|web|wordpress,,,,2026-09-20 22:27
realmwebdesign.com,Realm,https://realmwebdesign.com/,,United States,us,selectedfirms,ecommerce|web,,,,2026-09-20 22:27
84em.com,84EM,https://84em.com/,,United States,us,selectedfirms,web,,,,2026-09-20 22:27
graycyan.ai,HonestAI by GrayCyan,https://graycyan.ai/,,United States,us,selectedfirms,web,,,,2026-09-20 22:27
tepia.co,Tepia,https://tepia.co/,,United States,us,selectedfirms,web,,,,2026-09-20 22:27
tupletechnologies.net,Tuple Tech,https://www.tupletechnologies.net/,,United States,us,selectedfirms,web,,,,2026-09-20 22:27
bestarion.com,Bestarion,https://bestarion.com/,,United States,us,selectedfirms,web,,,,2026-09-20 22:27
321webmarketing.com,321 Web Marketing,https://www.321webmarketing.com/,,United States,us,selectedfirms,web,,,,2026-09-20 22:27
alphabold.com,AlphaBOLD,https://www.alphabold.com/,,United States,us,selectedfirms,web,,,,2026-09-20 22:27
grapestechsolutions.com,GrapesTech Solutions Pvt. Ltd.,https://www.grapestechsolutions.com/,,United States,us,selectedfirms,web,,,,2026-09-20 22:27
pacexgrowth.com,PaceXgrowth Pvt Ltd,https://pacexgrowth.com/,,United States,us,selectedfirms,web,,,,2026-09-20 22:27
sheridantech.io,Sheridan Technologies,https://sheridantech.io/,,United States,us,selectedfirms,web,,,,2026-09-20 22:27
bmistudios.com,BMI Studios,https://bmistudios.com/,,United States,us,selectedfirms,web,,,,2026-09-20 22:27
thescimus.com,Scimus,https://thescimus.com/,,United States,us,selectedfirms,web,,,,2026-09-20 22:27
webstrail.com,Webstrail LLP,https://webstrail.com/,,United States,us,selectedfirms,web,,,,2026-09-20 22:27
ballantinedigital.com,Ballantine Digital,https://ballantinedigital.com/,,United States,us,selectedfirms,web,,,,2026-09-20 22:27
dastifydigital.com,Dastify Digital Agency,https://dastifydigital.com/,,United States,us,selectedfirms,web,,,,2026-09-20 22:27
fortitudedev.com,Fortitude Development,https://www.fortitudedev.com,,United States,us,selectedfirms,web,,,,2026-09-20 22:27
codeautomation.ai,CodeAutomation,https://codeautomation.ai/,,United States,us,selectedfirms,web,,,,2026-09-20 22:27
accordtechsolutions.com,Accord Tech Solutions,https://accordtechsolutions.com/,,United States,us,selectedfirms,web,,,,2026-09-20 22:27
devsteam.com,DevsTeam,https://www.devsteam.com,,United States,us,selectedfirms,web,,,,2026-09-20 22:27
incognitoinventions.tech,Incognito Inventions,https://www.incognitoinventions.tech/,,United States,us,selectedfirms,web,,,,2026-09-20 22:27
ecomndev.com,EcomnDev LLC,https://ecomndev.com/,,United States,us,selectedfirms,web,,,,2026-09-20 22:27
triagons.ai,Triagons,https://triagons.ai/,,United States,us,selectedfirms,web,,,,2026-09-20 22:27
launchieve.com,Launchieve LLC,https://launchieve.com/,,United States,us,selectedfirms,web,,,,2026-09-20 22:27
seofat.com,Seofat,https://seofat.com/,,United States,us,selectedfirms,web,,,,2026-09-20 22:27
summitcoders.com,Summit Coders,https://www.summitcoders.com/,,United States,us,selectedfirms,web,,,,2026-09-20 22:27
retailmatchmaker.com,Retail Matchmaker,https://www.retailmatchmaker.com,,United States,us,selectedfirms,web,,,,2026-09-20 22:27
calidadtechnolab.com,Calidad Technolab,https://calidadtechnolab.com/,,United States,us,selectedfirms,web,,,,2026-09-20 22:27
mintyourstore.com,Mint Your Store,https://mintyourstore.com/,,United States,us,selectedfirms,web,,,,2026-09-20 22:27
seashore.solutions,Seashore Solutions LLC,https://seashore.solutions/,,United States,us,selectedfirms,web,,,,2026-09-20 22:27
acendeo.com,Acendeo,https://acendeo.com,,United States,us,selectedfirms,web,,,,2026-09-20 22:27
techcentera.com,TechCentera,https://techcentera.com/,,United States,us,selectedfirms,web,,,,2026-09-20 22:27
abacasys.com,Abaca Systems,https://abacasys.com/,,United States,us,selectedfirms,web,,,,2026-09-20 22:27
match.dev,Match.dev,https://www.match.dev/,,United States,us,selectedfirms,web,,,,2026-09-20 22:27
gurudigitaladvertising.com,Guru Digital Advertising,https://www.gurudigitaladvertising.com/,,United States,us,selectedfirms,web,,,,2026-09-20 22:27
fx31labs.com,Fx31 Labs,https://fx31labs.com/,,United States,us,selectedfirms,web,,,,2026-09-20 22:27
clickamplify.com,ClickAmplify,https://clickamplify.com,,United States,us,selectedfirms,web,,,,2026-09-20 22:27
stellixsoft.com,Stellix Soft,https://stellixsoft.com/,,United States,us,selectedfirms,web,,,,2026-09-20 22:27
devworksautomation.com,DevWorks Automation,https://www.devworksautomation.com/,,United States,us,selectedfirms,web,,,,2026-09-20 22:27
thehashtech.com,The Hashtech,https://thehashtech.com/,,United States,us,selectedfirms,web,,,,2026-09-20 22:27
tabdelta.io,Tabdelta.io,https://www.tabdelta.io,,United States,us,selectedfirms,web,,,,2026-09-20 22:27
4pwisdom.com,4P Wisdom,https://4pwisdom.com/,,United States,us,selectedfirms,web,,,,2026-09-20 22:27
esclatech.com,esclatech,https://esclatech.com/,,United States,us,selectedfirms,web,,,,2026-09-20 22:27
amplence.com,Amplence,https://amplence.com/,,United States,us,selectedfirms,web,,,,2026-09-20 22:27
alcasoftware.com,ALCA Software LLC,https://alcasoftware.com/,,United States,us,selectedfirms,web,,,,2026-09-20 22:27
ment.tech,"Ment Tech Labs - AI, Web3 & Blockchain Development Company",https://www.ment.tech/,,United States,us,selectedfirms,web,,,,2026-09-20 22:27
nkutechnologies.com,NKU Technologies,https://nkutechnologies.com/,,United States,us,selectedfirms,web,,,,2026-09-20 22:27
saasmarketinggurus.com,SaaS Marketing Gurus,https://saasmarketinggurus.com/,,United States,us,selectedfirms,web,,,,2026-09-20 22:27
digineat.com,DigiNeat Smart Technologies LLC,https://digineat.com/,,United States,us,selectedfirms,web,,,,2026-09-20 22:27
rcvworld.com,RCV World,https://rcvworld.com/,,United States,us,selectedfirms,web,,,,2026-09-20 22:27
aoxapps.com,AOX Apps,https://www.aoxapps.com,,United States,us,selectedfirms,web,,,,2026-09-20 22:27
qitpl.com,QuickInfotech Technologies Pvt. Ltd.,https://qitpl.com/,,United States,us,selectedfirms,web,,,,2026-09-20 22:27
downtownapplications.com,Downtown Applications,https://downtownapplications.com/,,United States,us,selectedfirms,web,,,,2026-09-20 22:27
virtuebytech.com,Virtuebyte Pvt. Ltd.,https://virtuebytech.com/,,United States,us,selectedfirms,web,,,,2026-09-20 22:27
waplia.com,Waplia Digital Solutions,https://waplia.com/,,United States,us,selectedfirms,web,,,,2026-09-20 22:27
cloudhew.com,CloudHew Soultions Pvt. Ltd.,https://www.cloudhew.com,,United States,us,selectedfirms,web,,,,2026-09-20 22:27
toadster.ai,Toadster Technologies Pvt Ltd,https://toadster.ai/,,United States,us,selectedfirms,web,,,,2026-09-20 22:27
icallify.com,iCallify: Intelligent Call Center Software,https://icallify.com/,,United States,us,selectedfirms,web,,,,2026-09-20 22:27
quadralyze.com,Quadralyze,http://quadralyze.com/,,United States,us,selectedfirms,web,,,,2026-09-20 22:27
alien.fi,Alien.fi,https://www.alien.fi/,,United States,us,selectedfirms,web,,,,2026-09-20 22:27
thefrontendcompany.com,The Frontend Company,https://www.thefrontendcompany.com/,,United States,us,selectedfirms,web,,,,2026-09-20 22:27
layeronemedia.com,Layer One,https://www.layeronemedia.com/,,United States,us,selectedfirms,web,,,,2026-09-20 22:27
skycatchfire.com,SKYCATCHFIRE,https://www.skycatchfire.com/,,United States,us,selectedfirms,web,,,,2026-09-20 22:27
westondev.com,WestonDEV,https://westondev.com/,,United States,us,selectedfirms,web,,,,2026-09-20 22:27
agilistechlabs.com,Agilis Tech Labs,https://www.agilistechlabs.com/,,United States,us,selectedfirms,web,,,,2026-09-20 22:27
inboundinteractive.com,Inbound Interactive,https://inboundinteractive.com/,,United States,us,selectedfirms,web,,,,2026-09-20 22:27
nicoyatech.com,Nicoya Tech,https://www.nicoyatech.com/,,United States,us,selectedfirms,web,,,,2026-09-20 22:27
remedyone.com,RemedyOne,https://www.remedyone.com/,,United States,us,selectedfirms,web,,,,2026-09-20 22:27
ispirer.com,Ispirer Systems,https://www.ispirer.com/,,United States,us,selectedfirms,web,,,,2026-09-20 22:27
shrinedev.com,Shrine,https://shrinedev.com/,,United States,us,selectedfirms,web,,,,2026-09-20 22:27
sozoecreative.com,SOZOE Creative,https://sozoecreative.com/,,United States,us,selectedfirms,web,,,,2026-09-20 22:27
waspmobile.com,WASP,https://waspmobile.com/,,United States,us,selectedfirms,web,,,,2026-09-20 22:27
blassmarketing.com,Blass Marketing,https://blassmarketing.com/,,United States,us,selectedfirms,web,,,,2026-09-20 22:27
onadimemarketing.com,ON A DIME Marketing,https://www.onadimemarketing.com/,,United States,us,selectedfirms,web,,,,2026-09-20 22:27
bksmarketing.com,BKS Marketing,https://bksmarketing.com/,,United States,us,selectedfirms,web,,,,2026-09-20 22:27
rosystrategies.com,Rosy Strategies,https://rosystrategies.com/,,United States,us,selectedfirms,web,,,,2026-09-20 22:27
icicletech.com,Icicle Technologies Pvt. Ltd.,https://www.icicletech.com/,,United States,us,selectedfirms,web,,,,2026-09-20 22:27
chromatichq.com,Chromatic,https://chromatichq.com/,,United States,us,selectedfirms,web,,,,2026-09-20 22:27
exit-code.com,Exit Code,https://exit-code.com/,,United States,us,selectedfirms,web,,,,2026-09-20 22:27
nyinnovations.com,Paradox Innovations,https://nyinnovations.com/,,United States,us,selectedfirms,web,,,,2026-09-20 22:27
uswebsites.com,US WebSites,https://uswebsites.com/,,United States,us,selectedfirms,web,,,,2026-09-20 22:27
508.dev,508.dev,https://508.dev/,,United States,us,selectedfirms,web,,,,2026-09-20 22:27
raviantechnologies.com,Ravian Technologies,https://raviantechnologies.com/,,United States,us,selectedfirms,web,,,,2026-09-20 22:27
keypressgroup.com,Keypress Software Development Group,https://keypressgroup.com/,,United States,us,selectedfirms,web,,,,2026-09-20 22:27
foundrexlabs.com,Foundrex,https://www.foundrexlabs.com/,,United States,us,selectedfirms,web,,,,2026-09-20 22:27
imre.com,imre,https://www.imre.com/,,United States,us,selectedfirms,web,,,,2026-09-20 22:27
dappsco.io,Dappsco,https://dappsco.io/,,United States,us,selectedfirms,web,,,,2026-09-20 22:27
pubgenius.io,pubGENIUS,https://www.pubgenius.io/,,United States,us,selectedfirms,web,,,,2026-09-20 22:27
alenasolutions.com,Alena Solutions,https://alenasolutions.com/,,United States,us,selectedfirms,web,,,,2026-09-20 22:27
inclind.com,Inclind,https://www.inclind.com/,,United States,us,selectedfirms,web,,,,2026-09-20 22:27
avalith.net,Avalith,https://www.avalith.net/,,United States,us,selectedfirms,web,,,,2026-09-20 22:27
adex360.com,Adex360,https://adex360.com/,,United States,us,selectedfirms,web,,,,2026-09-20 22:27
3advance.com,3Advance,https://3advance.com/,,United States,us,selectedfirms,web,,,,2026-09-20 22:27
modernizedmobile.com,Modernized Mobile LLC,https://modernizedmobile.com/,,United States,us,selectedfirms,web,,,,2026-09-20 22:27
ceyentra.com.sg,Ceyentra Technologies,https://ceyentra.com.sg/,,United States,us,selectedfirms,web,,,,2026-09-20 22:27
scalemymarketing.io,SMM Co.,https://scalemymarketing.io/,,United States,us,selectedfirms,web,,,,2026-09-20 22:27
inventiple.com,Inventiple,https://www.inventiple.com/,,United States,us,selectedfirms,web,,,,2026-09-20 22:27
springthrough.com,Springthrough,https://springthrough.com/,,United States,us,selectedfirms,web,,,,2026-09-20 22:27
boostylabs.com,Boosty Labs,https://boostylabs.com/,,United States,us,selectedfirms,web,,,,2026-09-20 22:27
luminfire.com,LuminFire,https://luminfire.com/,,United States,us,selectedfirms,web,,,,2026-09-20 22:27
punchthrough.com,Punch Through,https://punchthrough.com,,United States,us,selectedfirms,web,,,,2026-09-20 22:27
berlinproductions.agency,Berlin Productions,https://berlinproductions.agency/,,United States,us,selectedfirms,web,,,,2026-09-20 22:27
quantumseostrategy.com,Quantum SEO Strategy,https://quantumseostrategy.com/,,United States,us,selectedfirms,web,,,,2026-09-20 22:27
brandsdesign.com,Brands Design - Best Logo Company,https://brandsdesign.com/,,United States,us,selectedfirms,web,,,,2026-09-20 22:27
brandupstrategy.com,BrandUp Strategy,https://brandupstrategy.com/,,United States,us,selectedfirms,web,,,,2026-09-20 22:27
algoritful.com,Algoritful LLC,https://www.algoritful.com/,,United States,us,selectedfirms,web,,,,2026-09-20 22:27
damonazdesign.com,"Damonaz Design, LLC",https://www.damonazdesign.com/,,United States,us,selectedfirms,web,,,,2026-09-20 22:27
7compass.com,Seventh Compass,https://7compass.com/,,United States,us,selectedfirms,web,,,,2026-09-20 22:27
tampaseocompany.org,Yellowbird Marketing SEO,https://tampaseocompany.org/,,United States,us,selectedfirms,web,,,,2026-09-20 22:27
probella.com,Probella,https://probella.com/,,United States,us,selectedfirms,web,,,,2026-09-20 22:27
ab4cus.com,Ab4cus,https://www.ab4cus.com/,,United States,us,selectedfirms,web,,,,2026-09-20 22:27
mpiresolutions.com,Mpire Solutions,https://mpiresolutions.com/,,United States,us,selectedfirms,web,,,,2026-09-20 22:27
pingpongdigital.com,PingPong Digital,https://www.pingpongdigital.com/,,United States,us,selectedfirms,web,,,,2026-09-20 22:27
obcido.com,OBCIDO,https://www.obcido.com/,,United States,us,selectedfirms,web,,,,2026-09-20 22:27
iotweblab.com,"IOT WEB LAB, LLC",https://iotweblab.com/,,United States,us,selectedfirms,web,,,,2026-09-20 22:27
optimageeks.com,OptimaGeeks,https://www.optimageeks.com/,,United States,us,selectedfirms,web,,,,2026-09-20 22:27
iresponsivesolutions.com,iResponsive Solutions,https://www.iresponsivesolutions.com/,,United States,us,selectedfirms,web,,,,2026-09-20 22:27
tricentric.co,Tricentrics,https://tricentric.co/,,United States,us,selectedfirms,web,,,,2026-09-20 22:27
bitovi.com,Bitovi,https://www.bitovi.com,,United States,us,selectedfirms,web,,,,2026-09-20 22:27
smartdesignworldwide.com,Smart Design,https://smartdesignworldwide.com,,United States,us,selectedfirms,web,,,,2026-09-20 22:27
letsmake.com,Make,https://letsmake.com/,,United States,us,selectedfirms,web,,,,2026-09-20 22:27
dsinnovators.com,Dynamic Solution Innovators,https://www.dsinnovators.com/,,United States,us,selectedfirms,web,,,,2026-09-20 22:27
edstem.com,Edstem Technologies,https://www.edstem.com/,,United States,us,selectedfirms,web,,,,2026-09-20 22:27
netfork.io,Netfork,https://netfork.io/,,United States,us,selectedfirms,web,,,,2026-09-20 22:27
indexnine.com,Indexnine Technologies,https://indexnine.com/,,United States,us,selectedfirms,web,,,,2026-09-20 22:27
advancingdatasolutions.com,Advancing Data Solutions LLC,https://advancingdatasolutions.com/,,United States,us,selectedfirms,web,,,,2026-09-20 22:27
grupo-giga.com,GIGA IT,https://grupo-giga.com/,,United States,us,selectedfirms,web,,,,2026-09-20 22:27
gianty.com,GIANTY,https://www.gianty.com/,,United States,us,selectedfirms,web,,,,2026-09-20 22:27
mangosoft.tech,MANGOSOFT,https://mangosoft.tech/,,United States,us,selectedfirms,web,,,,2026-09-20 22:27
thethryvelabs.com,Thryve Labs,https://thethryvelabs.com/,,United States,us,selectedfirms,web,,,,2026-09-20 22:27
rivka.io,Rivka,https://www.rivka.io/,,United States,us,selectedfirms,web,,,,2026-09-20 22:27
fraktalsoftware.com,Fraktal Software Technologies,https://fraktalsoftware.com/,,United States,us,selectedfirms,web,,,,2026-09-20 22:27
perimattic.com,Perimattic,https://www.perimattic.com/,,United States,us,selectedfirms,web,,,,2026-09-20 22:27
smbjugaad.com,SMBJUGAAD LLC,https://www.smbjugaad.com/,,United States,us,selectedfirms,web,,,,2026-09-20 22:27
moduet.com,MoDuet,https://moduet.com/,,United States,us,selectedfirms,web,,,,2026-09-20 22:27
lowcode.agency,LowCode Agency,https://www.lowcode.agency/,,United States,us,selectedfirms,web,,,,2026-09-20 22:27
26loc.com,26 Lines Of Code,https://26loc.com/,,United States,us,selectedfirms,web,,,,2026-09-20 22:27
codingscape.com,Codingscape,https://codingscape.com/,,United States,us,selectedfirms,web,,,,2026-09-20 22:27
codeglo.com,CodeGlo Tech & Marketing,https://www.codeglo.com/,,United States,us,selectedfirms,web,,,,2026-09-20 22:27
appsvolt.com,Appsvolt,https://appsvolt.com/,,United States,us,selectedfirms,web,,,,2026-09-20 22:27
hashrocket.com,Hashrocket,https://hashrocket.com/,,United States,us,selectedfirms,web,,,,2026-09-20 22:27
designgenious.com,Design Genious Corp.,https://designgenious.com/,,United States,us,selectedfirms,web,,,,2026-09-20 22:27
cyberhull.com,CyberHULL,https://cyberhull.com/,,United States,us,selectedfirms,web,,,,2026-09-20 22:27
gimmegamma.com,GimmeGamma,https://gimmegamma.com,,United States,us,selectedfirms,web,,,,2026-09-20 22:27
salmoretechnology.com,Salmore Technology,https://salmoretechnology.com/,,United States,us,selectedfirms,web,,,,2026-09-20 22:27
resolvedigital.com,Resolve Digital,https://www.resolvedigital.com,,United States,us,selectedfirms,web,,,,2026-09-20 22:27
winnonapartners.com,Winnona Partners,https://winnonapartners.com,,United States,us,selectedfirms,web,,,,2026-09-20 22:27
mango.nyc,Mango,https://mango.nyc/,,United States,us,selectedfirms,web,,,,2026-09-20 22:27
grnrm.com,GreenRoom Agency,https://grnrm.com/,,United States,us,selectedfirms,web,,,,2026-09-20 22:27
creativecode.com.br,CreativeCode,https://creativecode.com.br/,,United States,us,selectedfirms,web,,,,2026-09-20 22:27
jjcmarketingsolutions.com,JCC Marketing Solutions,https://www.jjcmarketingsolutions.com/,,United States,us,selectedfirms,web,,,,2026-09-20 22:27
nuvemgroup.com,Nuvem Group,https://www.nuvemgroup.com/,,United States,us,selectedfirms,web,,,,2026-09-20 22:27
plutusmedia.com,Plutus Media,https://www.plutusmedia.com/,,United States,us,selectedfirms,web,,,,2026-09-20 22:27
digiflexsolution.com,DigiFlex Solution,https://digiflexsolution.com/,,United States,us,selectedfirms,web,,,,2026-09-20 22:27
verveconcepts.com,Verve Concepts,https://www.verveconcepts.com/,,United States,us,selectedfirms,web,,,,2026-09-20 22:27
dezerv.co,Dezerv Digital,https://www.dezerv.co/,,United States,us,selectedfirms,web,,,,2026-09-20 22:27
moneycore-smart.com,MONEYCORE Smart,https://www.moneycore-smart.com/,,United States,us,selectedfirms,web,,,,2026-09-20 22:27
sapdra.com,Sapdra Pvt. Ltd.,https://www.sapdra.com/,,United States,us,selectedfirms,web,,,,2026-09-20 22:27
codebru.com,CodeBru,https://www.codebru.com/,,United States,us,selectedfirms,web,,,,2026-09-20 22:27
seoshopnyc.com,Seo Shop NYC,https://seoshopnyc.com/,,United States,us,selectedfirms,web,,,,2026-09-20 22:27
byteless.io,Byteless Software Studio,https://byteless.io/,,United States,us,selectedfirms,web,,,,2026-09-20 22:28
vstinc.com,VST,https://vstinc.com/,,United States,us,selectedfirms,web,,,,2026-09-20 22:28
hirefraction.com,Fraction,https://hirefraction.com/,,United States,us,selectedfirms,web,,,,2026-09-20 22:28
duckprograms.com,Duck Programs Inc,https://duckprograms.com/,,United States,us,selectedfirms,web,,,,2026-09-20 22:28
studiolabs.com,StudioLabs,https://www.studiolabs.com/,,United States,us,selectedfirms,web,,,,2026-09-20 22:28
ltechfederal.com,Liberty Technologies LLC,https://ltechfederal.com/,,United States,us,selectedfirms,web,,,,2026-09-20 22:28
digitaldestino.com,"Digital Destino, Inc.",https://digitaldestino.com/,,United States,us,selectedfirms,web,,,,2026-09-20 22:28
seoforcleaningservices.com,SEO for Cleaning Services,https://seoforcleaningservices.com/,,United States,us,selectedfirms,web,,,,2026-09-20 22:28
fltechadventures.com,Tech Adventures,https://www.fltechadventures.com/,,United States,us,selectedfirms,web,,,,2026-09-20 22:28
redpaladin.com,RP Tech Services,https://redpaladin.com/,,United States,us,selectedfirms,web,,,,2026-09-20 22:28
readyant.com,ReadyAnt Studios,https://readyant.com/,,United States,us,selectedfirms,web,,,,2026-09-20 22:28
roardigitalmarketing.com,ROAR! Internet Marketing,https://roardigitalmarketing.com/,,United States,us,selectedfirms,web,,,,2026-09-20 22:28
gybomarketing.com,GYBO Digital Marketing,https://www.gybomarketing.com/,,United States,us,selectedfirms,web,,,,2026-09-20 22:28
langtech.com,Langtech,https://www.langtech.com/,,United States,us,selectedfirms,web,,,,2026-09-20 22:28
nub8.net,Nub8,https://nub8.net/,,United States,us,selectedfirms,web,,,,2026-09-20 22:28
ardellion.com,Ardellion,https://ardellion.com/,,United States,us,selectedfirms,web,,,,2026-09-20 22:28
logicalwings.com,Logical Wings Infoweb Private Limited,https://logicalwings.com/,,United States,us,selectedfirms,web,,,,2026-09-20 22:28
devsoperative.com,DevsOperative,https://devsoperative.com/,,United States,us,selectedfirms,web,,,,2026-09-20 22:28
touchtap.com,Touchtap,https://touchtap.com/,,United States,us,selectedfirms,web,,,,2026-09-20 22:28
remotereps.com,RemoteReps,https://remotereps.com/,,United States,us,selectedfirms,web,,,,2026-09-20 22:28
medrectech.com,MedRec Technologies,https://medrectech.com/,,United States,us,selectedfirms,web,,,,2026-09-20 22:28
lakeviewlabs.io,Lakeview Labs,https://lakeviewlabs.io/,,United States,us,selectedfirms,web,,,,2026-09-20 22:28
technosip.com,TechnoSIP Inc,https://www.technosip.com/,,United States,us,selectedfirms,web,,,,2026-09-20 22:28
uvili.com,Uvili LLC,https://uvili.com/,,United States,us,selectedfirms,web,,,,2026-09-20 22:28
jivaldi.com,Jivaldi,https://www.jivaldi.com/,,United States,us,selectedfirms,web,,,,2026-09-20 22:28
ordextechnology.com,Ordex Technology Solution Inc,https://www.ordextechnology.com/,,United States,us,selectedfirms,web,,,,2026-09-20 22:28
allianceinnovations.com,Alliance Innovations,https://www.allianceinnovations.com/,,United States,us,selectedfirms,web,,,,2026-09-20 22:28
momenticmarketing.com,Momentic,https://momenticmarketing.com/,,United States,us,selectedfirms,web,,,,2026-09-20 22:28
skillrev.dev,SkillRev,https://www.skillrev.dev/,,United States,us,selectedfirms,web,,,,2026-09-20 22:28
themesupport.com,ThemeSupport,https://themesupport.com/,,United States,us,selectedfirms,web,,,,2026-09-20 22:28
bootstrapvt.com,BootstrapVT,https://bootstrapvt.com/,,United States,us,selectedfirms,squarespace|web,,,,2026-09-20 22:28
hiberus.com,Hiberus,https://www.hiberus.com/en,,United States,us,selectedfirms,web,,,,2026-09-20 22:28
developers.dev,Developers Dev,https://www.developers.dev/,,United States,us,selectedfirms,web,,,,2026-09-20 22:28
entrans.ai,Entrans AI,https://www.entrans.ai,,United States,us,selectedfirms,web,,,,2026-09-20 22:28
neudesic.com,Neudesic,https://www.neudesic.com,,United States,us,selectedfirms,web,,,,2026-09-20 22:28
stridenyc.com,Stride Consulting,https://www.stridenyc.com,,United States,us,selectedfirms,web,,,,2026-09-20 22:28
wewritecode.com,We Write Code,https://www.wewritecode.com,,United States,us,selectedfirms,web,,,,2026-09-20 22:28
japrtech.com,JAPR Technologies,https://www.japrtech.com/,,United States,us,selectedfirms,web,,,,2026-09-20 22:28
dkstudio.ai,Digital Kitchen,https://dkstudio.ai/,,United States,us,selectedfirms,web,,,,2026-09-20 22:28
authorizelocal.com,Authorize Local,https://authorizelocal.com/,,United States,us,selectedfirms,web,,,,2026-09-20 22:28
krukovsky.com,KCG,https://krukovsky.com/,,United States,us,selectedfirms,web,,,,2026-09-20 22:28
df.consulting,De Faveri Consulting,https://df.consulting/,,United States,us,selectedfirms,web,,,,2026-09-20 22:28
coforge.com,Coforge,https://www.coforge.com,,United States,us,selectedfirms,web,,,,2026-09-20 22:28
vihadigitalcommerce.com,Viha Digital Commerce,https://www.vihadigitalcommerce.com/,,United States,us,selectedfirms,ecommerce|woocommerce,,,,2026-09-20 22:28
ravedigital.agency,Rave Digital,https://www.ravedigital.agency/magento-certified-developers/?utm_source=selectedfirms&utm_medium=referral&utm_campaign=selectedfirms_referral,,United States,us,selectedfirms,ecommerce|magento,,,,2026-09-20 22:28
icecubedigital.com,Icecube Digital,https://www.icecubedigital.com/,,United States,us,selectedfirms,ecommerce,,,,2026-09-20 22:28
wpwebinfotech.com,WPWeb Infotech,https://wpwebinfotech.com/,,United States,us,selectedfirms,ecommerce,,,,2026-09-20 22:28
web-systems.solutions,Web-Systems Solutions,https://web-systems.solutions/en/,,United States,us,selectedfirms,ecommerce,,,,2026-09-20 22:28
promaticsindia.com,Promatics Technologies,http://www.promaticsindia.com/,,United States,us,selectedfirms,ecommerce,,,,2026-09-20 22:28
spec-india.com,SPEC INDIA,https://www.spec-india.com,,United States,us,selectedfirms,ecommerce,,,,2026-09-20 22:28
neklo.com,NEKLO,https://neklo.com/,,United States,us,selectedfirms,ecommerce|magento,,,,2026-09-20 22:28
ecomdevelopment.us,Ecom Development NYC,https://ecomdevelopment.us/,,United States,us,selectedfirms,bigcommerce|ecommerce|magento|squarespace|wix|woocommerce|wordpress,,,,2026-09-20 22:28
shopivogue.com,Shopivogue,https://shopivogue.com/,,United States,us,selectedfirms,ecommerce,,,,2026-09-20 22:28
ecomva.com,EcomVA,http://www.ecomva.com,,United States,us,selectedfirms,ecommerce,,,,2026-09-20 22:28
expertappdevs.com,Expert App Devs,https://www.expertappdevs.com/,,United States,us,selectedfirms,ecommerce,,,,2026-09-20 22:28
uncap.com,Uncap,https://www.uncap.com/,,United States,us,selectedfirms,ecommerce,,,,2026-09-20 22:28
mandasatech.com,Mandasa Technologies Inc,https://mandasatech.com/,,United States,us,selectedfirms,ecommerce,,,,2026-09-20 22:28
avexdesigns.com,Avex Designs,https://avexdesigns.com/,,United States,us,selectedfirms,ecommerce,,,,2026-09-20 22:28
dynamicdreamz.com,Dynamic Dreamz,https://www.dynamicdreamz.com/,,United States,us,selectedfirms,ecommerce,,,,2026-09-20 22:28
magecomp.com,MageComp,https://magecomp.com/,,United States,us,selectedfirms,ecommerce|magento,,,,2026-09-20 22:28
ahyconsulting.com,Ahy Consulting,https://www.ahyconsulting.com/,,United States,us,selectedfirms,ecommerce|magento,,,,2026-09-20 22:28
forbytes.com,Forbytes,https://forbytes.com/,,United States,us,selectedfirms,ecommerce,,,,2026-09-20 22:28
shinedezigninfonet.com,Shine Dezign Infonet Pvt Ltd,https://shinedezigninfonet.com/,,United States,us,selectedfirms,ecommerce,,,,2026-09-20 22:28
emizentech.com,EmizenTech,https://emizentech.com/shopify-development.html,,United States,us,selectedfirms,ecommerce,,,,2026-09-20 22:28
krishtechnolabs.com,Krish Techno Labs,https://www.krishtechnolabs.com/,,United States,us,selectedfirms,ecommerce,,,,2026-09-20 22:28
digiperiscope.com,Digi Periscope,http://www.digiperiscope.com,,United States,us,selectedfirms,ecommerce,,,,2026-09-20 22:28
emarspro.com,eMarspro,https://emarspro.com/amazon-account-management/,,United States,us,selectedfirms,ecommerce,,,,2026-09-20 22:28
fbabrigade.com,FBA Brigade,https://fbabrigade.com/,,United States,us,selectedfirms,ecommerce,,,,2026-09-20 22:28
gracileit.com,Gracile It,https://gracileit.com/ls19a300ns-en-samsung-syncmaster-s19a300n-18-5-inch-1000-1-250cd-m2-1366-x-768-5ms-vga-led-monitor-glossy-black,,United States,us,selectedfirms,ecommerce,,,,2026-09-20 22:28
quickbookintegration.com,QBIS,https://www.quickbookintegration.com,,United States,us,selectedfirms,ecommerce|magento,,,,2026-09-20 22:28
bluemeteor.com,Bluemeteor,https://bluemeteor.com/,,United States,us,selectedfirms,ecommerce,,,,2026-09-20 22:28
vellko.com,Vellko Media,https://vellko.com/,,United States,us,selectedfirms,ecommerce,,,,2026-09-20 22:28
waxpapershub.com,Wax Papers Hub,https://waxpapershub.com,,United States,us,selectedfirms,ecommerce,,,,2026-09-20 22:28
dtlamarketing.com,DTLA Marketing,https://dtlamarketing.com/,,United States,us,selectedfirms,ecommerce,,,,2026-09-20 22:28
joor.com,JOOR,https://www.joor.com/,,United States,us,selectedfirms,bigcommerce|ecommerce|woocommerce,,,,2026-09-20 22:28
exinent.com,exinent llc,https://www.exinent.com/,,United States,us,selectedfirms,ecommerce,,,,2026-09-20 22:28
onilab.com,Onilab,https://onilab.com/,,United States,us,selectedfirms,ecommerce,,,,2026-09-20 22:28
redstage.com,Redstage,https://redstage.com/,,United States,us,selectedfirms,ecommerce,,,,2026-09-20 22:28
omnycode.com,Omnycode,https://omnycode.com/,,United States,us,selectedfirms,ecommerce,,,,2026-09-20 22:28
blitzmobileapps.com,Blitz Mobile Apps,https://blitzmobileapps.com/,,United States,us,selectedfirms,ecommerce|woocommerce,,,,2026-09-20 22:28
solveda.com,Solveda,https://www.solveda.com/,,United States,us,selectedfirms,ecommerce,,,,2026-09-20 22:28
wiserbrand.com,WiserBrand,https://wiserbrand.com/,,United States,us,selectedfirms,ecommerce,,,,2026-09-20 22:28
magebit.com,Magebit,https://magebit.com/,,United States,us,selectedfirms,ecommerce|magento,,,,2026-09-20 22:28
designnbuy.com,Design’N’Buy,https://www.designnbuy.com/,,United States,us,selectedfirms,bigcommerce|ecommerce|magento|woocommerce,,,,2026-09-20 22:28
netalico.com,Netalico Commerce,https://netalico.com/,,United States,us,selectedfirms,bigcommerce|ecommerce|magento,,,,2026-09-20 22:28
ansibytecode.com,Ansibytecode llp,https://ansibytecode.com/,,United States,us,selectedfirms,ecommerce|woocommerce|wordpress,,,,2026-09-20 22:28
intellizeinfosolutions.com,Intellize Info Solutions,https://intellizeinfosolutions.com/,,United States,us,selectedfirms,ecommerce|woocommerce|wordpress,,,,2026-09-20 22:28
webriq.com,WebriQ,https://www.webriq.com/,,United States,us,selectedfirms,ecommerce,,,,2026-09-20 22:28
fmeextensions.com,FME Extensions,https://www.fmeextensions.com/,,United States,us,selectedfirms,ecommerce,,,,2026-09-20 22:28
dataart.com,DataArt,https://www.dataart.com/,,United States,us,selectedfirms,ecommerce,,,,2026-09-20 22:28
ukrinsoft.com,UkrInSofT,https://ukrinsoft.com/,,United States,us,selectedfirms,ecommerce,,,,2026-09-20 22:28
orbitlift.com,OrbitLift,https://www.orbitlift.com/,,United States,us,selectedfirms,ecommerce,,,,2026-09-20 22:28
synergylabs.co,Synergy Labs,https://www.synergylabs.co/,,United States,us,selectedfirms,ecommerce|woocommerce,,,,2026-09-20 22:28
altdigital.tech,Alt Digital Technologies,https://www.altdigital.tech/services/digital-customer-experience/digital-commerce,,United States,us,selectedfirms,ecommerce,,,,2026-09-20 22:28
daffodilsw.com,Daffodil Software,https://www.daffodilsw.com/,,United States,us,selectedfirms,bigcommerce|ecommerce,,,,2026-09-20 22:28
arcticgrey.com,Arctic grey,https://www.arcticgrey.com/,,United States,us,selectedfirms,ecommerce,,,,2026-09-20 22:28
crunchgrowth.com,CrunchGrowth Revenue Acceleration Agency,https://www.crunchgrowth.com/,,United States,us,selectedfirms,ecommerce,,,,2026-09-20 22:28
perceptionsystem.com,Perception System Pvt,https://www.perceptionsystem.com,,United States,us,selectedfirms,ecommerce,,,,2026-09-20 22:28
appcosoftware.com,Appco software,https://appcosoftware.com/,,United States,us,selectedfirms,ecommerce|wordpress,,,,2026-09-20 22:28
commandc.com,Command C,https://commandc.com/,,United States,us,selectedfirms,bigcommerce|ecommerce,,,,2026-09-20 22:28
rrvagency.com,RRV AGENCY,https://www.rrvagency.com/,,United States,us,selectedfirms,ecommerce,,,,2026-09-20 22:28
ocimtech.com,Ocimtech LLC,https://ocimtech.com/,,United States,us,selectedfirms,ecommerce,,,,2026-09-20 22:28
magespark.com,MageSpark,https://www.magespark.com/,,United States,us,selectedfirms,bigcommerce|ecommerce|wordpress,,,,2026-09-20 22:28
eyemaginetech.com,EYEMAGINE,https://www.eyemaginetech.com/,,United States,us,selectedfirms,bigcommerce|ecommerce,,,,2026-09-20 22:28
adex.ltd,Adex International,https://adex.ltd/,,United States,us,selectedfirms,ecommerce,,,,2026-09-20 22:28
keachagency.com,Keach Digital Agency,https://www.keachagency.com/,,United States,us,selectedfirms,ecommerce,,,,2026-09-20 22:28
skuplugs.com,SKUPlugs,https://skuplugs.com/,,United States,us,selectedfirms,bigcommerce|ecommerce|squarespace|wix,,,,2026-09-20 22:28
klizer.com,Klizer,https://www.klizer.com/,,United States,us,selectedfirms,bigcommerce|ecommerce,,,,2026-09-20 22:28
bitsclan.com,Bitsclan IT Solutions,https://www.bitsclan.com/,,United States,us,selectedfirms,ecommerce|magento|woocommerce,,,,2026-09-20 22:28
hristovdevelopment.com,Hristov Development,https://www.hristovdevelopment.com/,,United States,us,selectedfirms,bigcommerce|ecommerce,,,,2026-09-20 22:28
impelsys.com,Impelsys,https://www.impelsys.com/services/cloud-services/,,United States,us,selectedfirms,ecommerce,,,,2026-09-20 22:28
pyrobytes.com,PyroBytes,https://www.pyrobytes.com/,,United States,us,selectedfirms,ecommerce,,,,2026-09-20 22:28
rysun.com,Rysun Labs,https://www.rysun.com/,,United States,us,selectedfirms,ecommerce,,,,2026-09-20 22:28
trustedwebeservices.com,Trusted Web Eservices,https://trustedwebeservices.com/,,United States,us,selectedfirms,bigcommerce|ecommerce,,,,2026-09-20 22:28
thinkshaw.com,Think Shaw Pvt Ltd,https://thinkshaw.com/,,United States,us,selectedfirms,bigcommerce|ecommerce,,,,2026-09-20 22:28
sketchdev.io,Sketch Development Services,https://www.sketchdev.io/,,United States,us,selectedfirms,ecommerce,,,,2026-09-20 22:28
smartsites.com,SmartSites,https://www.smartsites.com/,,United States,us,selectedfirms,ecommerce,,,,2026-09-20 22:28
huemor.rocks,Huemors,https://huemor.rocks/,,United States,us,selectedfirms,ecommerce,,,,2026-09-20 22:28
jspanther.com,JS Panther,https://www.jspanther.com/,,United States,us,selectedfirms,ecommerce,,,,2026-09-20 22:28
exaalgia.com,Exaalgia,https://exaalgia.com/,,United States,us,selectedfirms,ecommerce,,,,2026-09-20 22:28
premiumappdeveloper.com,Premium App Developer,https://premiumappdeveloper.com/,,United States,us,selectedfirms,ecommerce,,,,2026-09-20 22:28
miolo.io,Miolo,https://www.miolo.io/,,United States,us,selectedfirms,ecommerce|wix|wordpress,,,,2026-09-20 22:28
nlsoftworks.com,NL Softworks,https://nlsoftworks.com/,,United States,us,selectedfirms,ecommerce,,,,2026-09-20 22:28
captenamz.com,CaptenAMZ,https://captenamz.com/,,United States,us,selectedfirms,ecommerce,,,,2026-09-20 22:28
erppeers.com,ERP Peers,https://erppeers.com/,,United States,us,selectedfirms,ecommerce,,,,2026-09-20 22:28
iksula.com,iksula,https://iksula.com/,,United States,us,selectedfirms,ecommerce|wordpress,,,,2026-09-20 22:28
altiusnxt.com,AltiusNxt Technologies,https://altiusnxt.com/,,United States,us,selectedfirms,ecommerce,,,,2026-09-20 22:28
diginyze.com,Diginyze,https://diginyze.com/,,United States,us,selectedfirms,ecommerce,,,,2026-09-20 22:28
csp.agency,CSP Agency,https://www.csp.agency/,,United States,us,selectedfirms,ecommerce|wordpress,,,,2026-09-20 22:28
wpswings.com,WP Swings,https://wpswings.com/,,United States,us,selectedfirms,ecommerce|wordpress,,,,2026-09-20 22:28
launchboxglobal.com,LaunchBox Global,https://launchboxglobal.com,,United States,us,selectedfirms,ecommerce,,,,2026-09-20 22:28
evrig.com,Evrig Solutions Pvt.Ltd,https://www.evrig.com/platforms/hyva,,United States,us,selectedfirms,ecommerce,,,,2026-09-20 22:28
sellerdrive.social,Seller Drive Global,https://www.sellerdrive.social/,,United States,us,selectedfirms,ecommerce,,,,2026-09-20 22:28
binarydesignhub.com,Binary Design Hub,https://www.binarydesignhub.com/,,United States,us,selectedfirms,ecommerce,,,,2026-09-20 22:28
manisofts.com,Manisofts,https://manisofts.com/,,United States,us,selectedfirms,ecommerce|squarespace|wordpress,,,,2026-09-20 22:28
rmwcommerce.com,RMW Commerce Consulting,https://www.rmwcommerce.com/,,United States,us,selectedfirms,ecommerce,,,,2026-09-20 22:28
thecommerceshop.com,TheCommerceShop,https://www.thecommerceshop.com,,United States,us,selectedfirms,ecommerce,,,,2026-09-20 22:28
2visions.org,2 Visions,https://2visions.org/,,United States,us,selectedfirms,ecommerce,,,,2026-09-20 22:28
expresscommerce.co,Expresscommerce,http://expresscommerce.co/,,United States,us,selectedfirms,ecommerce,,,,2026-09-20 22:28
quickeselling.com,Quick eSelling,https://www.quickeselling.com/,,United States,us,selectedfirms,ecommerce,,,,2026-09-20 22:28
planetwebsolution.com,Planet Web Solutions Pvt. Ltd.,https://www.planetwebsolution.com/,,United States,us,selectedfirms,ecommerce,,,,2026-09-20 22:28
infigic.com,Infigic Technologies,https://www.infigic.com/,,United States,us,selectedfirms,ecommerce,,,,2026-09-20 22:28
kelltontech.com,Kellton Tech Solutions,https://www.kelltontech.com/,,United States,us,selectedfirms,ecommerce,,,,2026-09-20 22:28
borntechies.com,Born Techies Private Limited,https://borntechies.com/,,United States,us,selectedfirms,ecommerce,,,,2026-09-20 22:28
alphagraphics.com.sa,AlphaGraphics,https://alphagraphics.com.sa/,,United States,us,selectedfirms,ecommerce,,,,2026-09-20 22:28
web4you.ca,Web4You Inc.,https://web4you.ca/,,United States,us,selectedfirms,ecommerce,,,,2026-09-20 22:28
thanxmedia.com,Thanx Media,https://www.thanxmedia.com/,,United States,us,selectedfirms,ecommerce,,,,2026-09-20 22:28
aperturelabs.biz,Aperture Labs,http://www.aperturelabs.biz/,,United States,us,selectedfirms,ecommerce,,,,2026-09-20 22:28
oroinc.com,Oro Inc.,https://oroinc.com/,,United States,us,selectedfirms,ecommerce,,,,2026-09-20 22:28
ecommercepartners.com,eCommerce Partners,https://ecommercepartners.com/,,United States,us,selectedfirms,ecommerce,,,,2026-09-20 22:28
inallmedia.com,InAllMedia,https://inallmedia.com/,,United States,us,selectedfirms,ecommerce,,,,2026-09-20 22:28
mavenwit.com,Mavenwit,https://mavenwit.com/,,United States,us,selectedfirms,ecommerce,,,,2026-09-20 22:28
senewtech.com,Senew Tech,https://senewtech.com/,,United States,us,selectedfirms,ecommerce,,,,2026-09-20 22:28
kadro.com,Kadro Solutions,https://kadro.com/,,United States,us,selectedfirms,ecommerce,,,,2026-09-20 22:28
mementia.com,Mementia,https://mementia.com/,,United States,us,selectedfirms,ecommerce,,,,2026-09-20 22:28
shopgoodwill.com,Shopgoodwill,https://shopgoodwill.com/,,United States,us,selectedfirms,ecommerce,,,,2026-09-20 22:28
orangemantra.com,Orange Mantra,https://www.orangemantra.com/,,United States,us,selectedfirms,ecommerce,,,,2026-09-20 22:28
seedcms.com,SeedCMS,https://seedcms.com/en-in,,United States,us,selectedfirms,ecommerce,,,,2026-09-20 22:28
macrohype.com,MacroHype,https://www.macrohype.com/,,United States,us,selectedfirms,ecommerce|squarespace|wordpress,,,,2026-09-20 22:28
techparrot.io,TechParrot,https://www.techparrot.io/,,United States,us,selectedfirms,ecommerce,,,,2026-09-20 22:28
mannlowe.com,Mannlowe Information Services Pvt. Ltd.,https://mannlowe.com/,,United States,us,selectedfirms,ecommerce,,,,2026-09-20 22:28
wizart.ai,Wizart,https://wizart.ai/,,United States,us,selectedfirms,ecommerce,,,,2026-09-20 22:28
45rpm.co,45RPM,https://www.45rpm.co/,,United States,us,selectedfirms,ecommerce,,,,2026-09-20 22:28
onetree.com,Onetree,https://onetree.com/,,United States,us,selectedfirms,ecommerce,,,,2026-09-20 22:28
pragma.co,Pragma,https://www.pragma.co/,,United States,us,selectedfirms,ecommerce,,,,2026-09-20 22:28
duskdigital.io,DUSK Digital,https://www.duskdigital.io/,,United States,us,selectedfirms,ecommerce|squarespace|wordpress,,,,2026-09-20 22:28
appinventors.com,Appinventors INC,https://appinventors.com/,,United States,us,selectedfirms,ecommerce,,,,2026-09-20 22:28
whitehalltechnologies.com,White Hall Technologies,https://www.whitehalltechnologies.com/,,United States,us,selectedfirms,ecommerce,,,,2026-09-20 22:28
chipsyservices.com,Chipsy IT Services,https://www.chipsyservices.com/,,United States,us,selectedfirms,ecommerce,,,,2026-09-20 22:28
beyondkey.com,Beyond Key,https://www.beyondkey.com/,,United States,us,selectedfirms,ecommerce|wordpress,,,,2026-09-20 22:28
mindstask.com,Minds Task Technologies,https://www.mindstask.com/,,United States,us,selectedfirms,ecommerce,,,,2026-09-20 22:28
realnets.com,Realnets,https://realnets.com/,,United States,us,selectedfirms,ecommerce,,,,2026-09-20 22:28
stellarising.com,Stella Rising,https://www.stellarising.com/,,United States,us,selectedfirms,ecommerce,,,,2026-09-20 22:28
modeeffect.com,Mode Effect,https://modeeffect.com/,,United States,us,selectedfirms,ecommerce,,,,2026-09-20 22:28
metrotechs.io,Metrotechs,https://metrotechs.io/,,United States,us,selectedfirms,ecommerce,,,,2026-09-20 22:28
proxet.com,Proxet,https://www.proxet.com/,,United States,us,selectedfirms,ecommerce,,,,2026-09-20 22:28
seeed.us,Seeed,https://seeed.us/,,United States,us,selectedfirms,ecommerce,,,,2026-09-20 22:28
letsnurture.com,LetsNurture Infotech Pvt. Ltd.,https://www.letsnurture.com/,,United States,us,selectedfirms,ecommerce,,,,2026-09-20 22:28
creative360.co,Creative360,https://creative360.co/,,United States,us,selectedfirms,ecommerce,,,,2026-09-20 22:28
conga.com,Conga,https://conga.com/,,United States,us,selectedfirms,ecommerce,,,,2026-09-20 22:28
virtocommerce.com,Virto commerce,https://virtocommerce.com/,,United States,us,selectedfirms,ecommerce,,,,2026-09-20 22:28
bridgeline.com,Bridgeline Digital,https://www.bridgeline.com/,,United States,us,selectedfirms,ecommerce,,,,2026-09-20 22:28
jolausa.com,Jola Interactive,https://jolausa.com/,,United States,us,selectedfirms,ecommerce,,,,2026-09-20 22:28
zaelab.com,Zaelab,https://www.zaelab.com/,,United States,us,selectedfirms,ecommerce,,,,2026-09-20 22:28
knoza.com,Knoza,https://www.knoza.com/,,United States,us,selectedfirms,ecommerce,,,,2026-09-20 22:28
fabric.inc,fabric,https://fabric.inc/,,United States,us,selectedfirms,ecommerce,,,,2026-09-20 22:28
kibocommerce.com,Kibo,https://kibocommerce.com/,,United States,us,selectedfirms,ecommerce,,,,2026-09-20 22:28
corevist.com,Corevist,https://www.corevist.com/,,United States,us,selectedfirms,ecommerce,,,,2026-09-20 22:28
spxcommerce.com,SPXCommerce,https://www.spxcommerce.com/,,United States,us,selectedfirms,ecommerce,,,,2026-09-20 22:28
onestopodoo.com,OneStopOdoo,https://onestopodoo.com/,,United States,us,selectedfirms,ecommerce,,,,2026-09-20 22:28
gervaisgroup.com,Gervais Group,https://www.gervaisgroup.com,,United States,us,selectedfirms,ecommerce,,,,2026-09-20 22:28
icpnet.com,ICP,https://icpnet.com,,United States,us,selectedfirms,ecommerce,,,,2026-09-20 22:28
icreativetechnologies.com,iCreative Technologies,https://www.icreativetechnologies.com/,,United States,us,selectedfirms,ecommerce|magento,,,,2026-09-20 22:28
helix-solutions.ai,Ecomitize,https://helix-solutions.ai/,,United States,us,selectedfirms,ecommerce,,,,2026-09-20 22:28
nclud.com,Nclud,https://nclud.com/,,United States,us,selectedfirms,ecommerce,,,,2026-09-20 22:28
pixafy.com,Pixafy,https://www.pixafy.com/,,United States,us,selectedfirms,ecommerce,,,,2026-09-20 22:28
morepro.com,More Pro,https://morepro.com/,,United States,us,selectedfirms,ecommerce,,,,2026-09-20 22:28
softelab.com,Softelab,https://www.softelab.com/,,United States,us,selectedfirms,ecommerce,,,,2026-09-20 22:28
dmipartners.com,DMi partner,https://www.dmipartners.com/,,United States,us,selectedfirms,ecommerce,,,,2026-09-20 22:28
121ecommerce.com,121eCommerce,https://121ecommerce.com/,,United States,us,selectedfirms,ecommerce,,,,2026-09-20 22:28
slicedbread.agency,SlicedBread Agency,https://www.slicedbread.agency/,,United States,us,selectedfirms,ecommerce,,,,2026-09-20 22:28
descominfotech.com,Descom Infotech,https://descominfotech.com/,,United States,us,selectedfirms,ecommerce,,,,2026-09-20 22:28
spryker.com,Spryker,https://spryker.com/,,United States,us,selectedfirms,ecommerce,,,,2026-09-20 22:28
sitecore.com,Sitecore,https://www.sitecore.com/,,United States,us,selectedfirms,ecommerce,,,,2026-09-20 22:28
ibizsoftinc.com,iBizSoft,https://www.ibizsoftinc.com/,,United States,us,selectedfirms,ecommerce,,,,2026-09-20 22:28
mi9retail.com,Mi9,https://mi9retail.com/,,United States,us,selectedfirms,ecommerce,,,,2026-09-20 22:28
gomage.com,GoMage,https://www.gomage.com/,,United States,us,selectedfirms,ecommerce,,,,2026-09-20 22:28
borngroup.com,BORN Group,https://www.borngroup.com/,,United States,us,selectedfirms,ecommerce,,,,2026-09-20 22:28
bemeir.com,Bemeir LLC,https://bemeir.com/,,United States,us,selectedfirms,ecommerce,,,,2026-09-20 22:28
jordandigitals.com,Jordan Digitals Marketing Agency,https://jordandigitals.com/,,United States,us,selectedfirms,ecommerce,,,,2026-09-20 22:28
rdadigital.com,RDA,https://www.rdadigital.com/,,United States,us,selectedfirms,ecommerce,,,,2026-09-20 22:28
trellis.co,Trellis,https://trellis.co/,,United States,us,selectedfirms,ecommerce,,,,2026-09-20 22:28
xcelacore.com,Xcelacore,https://xcelacore.com/,,United States,us,selectedfirms,ecommerce,,,,2026-09-20 22:28
amazonautomations.com,Amazon Automations USA,https://www.amazonautomations.com/,,United States,us,selectedfirms,ecommerce,,,,2026-09-20 22:28
optimizely.com,Optimizely,https://www.optimizely.com/,,United States,us,selectedfirms,ecommerce,,,,2026-09-20 22:28
marketpage.com,MMG MarketPage,https://www.marketpage.com/,,United States,us,selectedfirms,ecommerce,,,,2026-09-20 22:28
mackmediagroup.com,Mack Media Group,https://mackmediagroup.com/,,United States,us,selectedfirms,ecommerce|squarespace,,,,2026-09-20 22:28
westmetric.com,WestMetric,https://westmetric.com/,,United States,us,selectedfirms,ecommerce|squarespace,,,,2026-09-20 22:28
panamerik.com,Panamerik Ecommerce,https://panamerik.com/,,United States,us,selectedfirms,ecommerce,,,,2026-09-20 22:28
e-mpact.es,E-Mpact,https://e-mpact.es/,,United States,us,selectedfirms,ecommerce,,,,2026-09-20 22:28
royalmedia.us,Royal Media Ltd.,https://www.royalmedia.us/,,United States,us,selectedfirms,ecommerce,,,,2026-09-20 22:28
stefanini.com,Stefanini,https://stefanini.com/,,United States,us,selectedfirms,ecommerce,,,,2026-09-20 22:28
wpdepend.com,Wpdepend,https://wpdepend.com/,,United States,us,selectedfirms,wordpress,,,,2026-09-20 22:28
sitecare.com,Sitecare,https://sitecare.com/,,United States,us,selectedfirms,wordpress,,,,2026-09-20 22:28
biziq.com,BizIQ,https://biziq.com/,,United States,us,selectedfirms,wordpress,,,,2026-09-20 22:28
solutionsloft.com,Solutionsloft,https://www.solutionsloft.com/,,United States,us,selectedfirms,wix|wordpress,,,,2026-09-20 22:28
pilotdigital.com,Pilot Digital Marketing,https://pilotdigital.com/,,United States,us,selectedfirms,wordpress,,,,2026-09-20 22:28
wordherd.io,WordHerd,https://wordherd.io/,,United States,us,selectedfirms,squarespace|wordpress,,,,2026-09-20 22:28
junkiescoder.com,Junkies Coder,https://www.junkiescoder.com/,,United States,us,selectedfirms,wordpress,,,,2026-09-20 22:28
bitndbyte.com,Bit n Byte,https://bitndbyte.com/,,United States,us,selectedfirms,wordpress,,,,2026-09-20 22:28
scaledon.com,ScaledOn,https://scaledon.com/,,United States,us,selectedfirms,wordpress,,,,2026-09-20 22:28
bradgood.net,bradgood,https://www.bradgood.net/,,United States,us,selectedfirms,squarespace,,,,2026-09-20 22:29
knapsackcreative.com,Knapsack Creative Co,https://knapsackcreative.com/,,United States,us,selectedfirms,squarespace,,,,2026-09-20 22:29
chatterkick.com,Chatterkick,https://chatterkick.com/,,United States,us,selectedfirms,squarespace,,,,2026-09-20 22:29
webkeydigital.com,Web Key Digital,https://webkeydigital.com/,,United States,us,selectedfirms,squarespace,,,,2026-09-20 22:29
firstmention.co,FirstMention,https://www.firstmention.co,,United States,us,selectedfirms,squarespace,,,,2026-09-20 22:29
designpoint.com.au,Design Point,https://designpoint.com.au,,Australia,australia,selectedfirms,web|web-design,,,,2026-09-20 22:29
ateamsoftsolutions.com,ATeam Soft Solutions - Digital Professionals,https://www.ateamsoftsolutions.com,,Australia,australia,selectedfirms,web|web-design,,,,2026-09-20 22:29
digione.com.au,DigiOne IT Solutions,https://digione.com.au/,,Australia,australia,selectedfirms,web|web-design,,,,2026-09-20 22:29
appomate.com.au,Appomate,https://www.appomate.com.au/,,Australia,australia,selectedfirms,web|web-design,,,,2026-09-20 22:29
zingcreativeco.com.au,Zing Creative,https://zingcreativeco.com.au/,,Australia,australia,selectedfirms,web-design,,,,2026-09-20 22:29
planetmedia.com.au,Planet Media,https://www.planetmedia.com.au/services/marketing/social-media-marketing,,Australia,australia,selectedfirms,web|web-design,,,,2026-09-20 22:29
stepinsight.com,StepInsight,https://www.stepinsight.com/,,Australia,australia,selectedfirms,web-design,,,,2026-09-20 22:29
trafficradius.com.au,Traffic Radius,https://trafficradius.com.au,,Australia,australia,selectedfirms,ecommerce|web-design,,,,2026-09-20 22:29
marginmedia.com.au,Margin Media,https://marginmedia.com.au/,,Australia,australia,selectedfirms,web-design,,,,2026-09-20 22:29
intesols.com.au,Intesols,https://www.intesols.com.au/,,Australia,australia,selectedfirms,ecommerce|magento|squarespace|web|web-design|wix|wordpress,,,,2026-09-20 22:29
digitalscouts.co,DigitalScouts,https://digitalscouts.co,,Australia,australia,selectedfirms,web-design,,,,2026-09-20 22:29
duenorth.com.au,Due North,https://duenorth.com.au/,,Australia,australia,selectedfirms,web|web-design|wordpress,,,,2026-09-20 22:29
globitalmarketing.com,Globital,https://www.globitalmarketing.com/,,Australia,australia,selectedfirms,bigcommerce|ecommerce|squarespace|web-design|wix|wordpress,,,,2026-09-20 22:29
creuto.com,Creuto,https://creuto.com/,,Australia,australia,selectedfirms,web|web-design,,,,2026-09-20 22:29
lizard.global,Lizard Global,http://lizard.global,,Australia,australia,selectedfirms,web|web-design,,,,2026-09-20 22:29
bit.ly,QL Tech,https://bit.ly/3DYZcWY,,Australia,australia,selectedfirms,web|web-design,,,,2026-09-20 22:29
innovatedigital.net.au,Innovate Digital,https://www.innovatedigital.net.au/,,Australia,australia,selectedfirms,web|web-design,,,,2026-09-20 22:29
pixelcocreative.com.au,Pixel Co Creative & Marketing,https://pixelcocreative.com.au,,Australia,australia,selectedfirms,web|web-design,,,,2026-09-20 22:29
marketinglab.net.au,Marketing Lab,https://marketinglab.net.au/,,Australia,australia,selectedfirms,web-design,,,,2026-09-20 22:29
leadsynclink.com,Leadsynclink SEO & Web Solutions,https://leadsynclink.com/,,Australia,australia,selectedfirms,web|web-design,,,,2026-09-20 22:29
deepspacegroup.ai,Deep Space,https://www.deepspacegroup.ai/,,Australia,australia,selectedfirms,web-design,,,,2026-09-20 22:29
adceptmarketing.com.au,Adcept Marketing,https://adceptmarketing.com.au/,,Australia,australia,selectedfirms,web|web-design|wix|wordpress,,,,2026-09-20 22:29
synectus.com,Synectus,https://synectus.com/,,Australia,australia,selectedfirms,web-design,,,,2026-09-20 22:29
airteam.com.au,Airteam,https://www.airteam.com.au/,,Australia,australia,selectedfirms,web|web-design,,,,2026-09-20 22:29
mlkmarketing.com.au,MLK Marketing,https://mlkmarketing.com.au/,,Australia,australia,selectedfirms,web|web-design,,,,2026-09-20 22:29
expose.media,Expose Media Group,https://expose.media/,,Australia,australia,selectedfirms,web-design,,,,2026-09-20 22:29
brandcrowd.com,BrandCrowd,https://www.brandcrowd.com/,,Australia,australia,selectedfirms,web-design,,,,2026-09-20 22:29
iversion.com.au,iVersion,https://iversion.com.au/,,Australia,australia,selectedfirms,ecommerce|magento|web|web-design|woocommerce|wordpress,,,,2026-09-20 22:29
titanblue.com.au,Titan Blue Australia,https://titanblue.com.au/,,Australia,australia,selectedfirms,ecommerce|web|web-design,,,,2026-09-20 22:29
wedowebapps.com.au,WeDoWebApps PTY LTD,https://www.wedowebapps.com.au/,,Australia,australia,selectedfirms,ecommerce|web|web-design,,,,2026-09-20 22:29
top4marketing.com.au,Top4 Digital Marketing Agency,https://www.top4marketing.com.au/,,Australia,australia,selectedfirms,web|web-design,,,,2026-09-20 22:29
betasoftdigital.com.au,Betasoft Digital,https://betasoftdigital.com.au/,,Australia,australia,selectedfirms,ecommerce|magento|web|web-design|wordpress,,,,2026-09-20 22:29
10xdigitalgroup.com.au,10xDigitalgroup,https://10xdigitalgroup.com.au,,Australia,australia,selectedfirms,web|web-design,,,,2026-09-20 22:29
goxwide.com,GoXwide,https://goxwide.com/,,Australia,australia,selectedfirms,ecommerce|magento|web|web-design|woocommerce,,,,2026-09-20 22:29
canhcam.au,CanhCam Agency,https://canhcam.au/website-design,,Australia,australia,selectedfirms,web|web-design|wordpress,,,,2026-09-20 22:29
jtbstudios.com.au,JTB Studios,https://www.jtbstudios.com.au/,,Australia,australia,selectedfirms,ecommerce|magento|web|web-design|woocommerce|wordpress,,,,2026-09-20 22:29
ecompapi.com.au,Ecompapi,https://ecompapi.com.au/,,Australia,australia,selectedfirms,bigcommerce|ecommerce|magento|web|web-design|woocommerce,,,,2026-09-20 22:29
dqaustralia.com,DQ Australia,https://www.dqaustralia.com/,,Australia,australia,selectedfirms,ecommerce|magento|web|web-design|wordpress,,,,2026-09-20 22:29
thead.com.au,The Ad,https://www.thead.com.au/,,Australia,australia,selectedfirms,ecommerce|web|web-design,,,,2026-09-20 22:29
zetaio.com.au,ZetaIO Digital Marketing agency,https://www.zetaio.com.au/,,Australia,australia,selectedfirms,ecommerce|magento|web|web-design|woocommerce|wordpress,,,,2026-09-20 22:29
webglobals.com.au,WebGlobals,https://webglobals.com.au/,,Australia,australia,selectedfirms,bigcommerce|ecommerce|web|web-design|woocommerce,,,,2026-09-20 22:29
savvybrains.com.au,Savvy Brains Proprietary Limited,https://savvybrains.com.au/,,Australia,australia,selectedfirms,ecommerce|magento|web|web-design,,,,2026-09-20 22:29
navicosoft.com.au,Navicosoft,https://www.navicosoft.com.au/,,Australia,australia,selectedfirms,bigcommerce|ecommerce|web|web-design,,,,2026-09-20 22:29
datadrivendigital.com.au,Data Driven Digital,https://datadrivendigital.com.au/,,Australia,australia,selectedfirms,web|web-design,,,,2026-09-20 22:29
supple.com.au,Supple Digital,https://supple.com.au/,,Australia,australia,selectedfirms,ecommerce|web-design|woocommerce|wordpress,,,,2026-09-20 22:29
smallbizoptimize.com,Small Biz Optimize,https://smallbizoptimize.com/,,Australia,australia,selectedfirms,ecommerce|web|web-design|woocommerce,,,,2026-09-20 22:29
crunchydigital.com.au,Crunchy Digital,https://crunchydigital.com.au/,,Australia,australia,selectedfirms,ecommerce|web|web-design|woocommerce,,,,2026-09-20 22:29
louddays.com,Loud Days,https://www.louddays.com/,,Australia,australia,selectedfirms,ecommerce|web|web-design,,,,2026-09-20 22:29
pixelstorm.com.au,Pixelstorm,https://pixelstorm.com.au/,,Australia,australia,selectedfirms,ecommerce|web|web-design|woocommerce|wordpress,,,,2026-09-20 22:29
justprogroup.com,JUSTPRO,https://www.justprogroup.com/,,Australia,australia,selectedfirms,web|web-design,,,,2026-09-20 22:29
innovatixhub.com.au,Innovatix Hub AU,https://innovatixhub.com.au/,,Australia,australia,selectedfirms,web|web-design|wix|wordpress,,,,2026-09-20 22:29
rubixstudios.com.au,Rubix Studios,https://rubixstudios.com.au/,,Australia,australia,selectedfirms,bigcommerce|ecommerce|magento|squarespace|web|web-design|wix|woocommerce|wordpress,,,,2026-09-20 22:29
rank2revenue.com.au,Rank To Revenue,https://www.rank2revenue.com.au,,Australia,australia,selectedfirms,ecommerce|web|web-design,,,,2026-09-20 22:29
busymadesimple.com.au,Busy Made Simple,https://www.busymadesimple.com.au/,,Australia,australia,selectedfirms,web-design,,,,2026-09-20 22:29
getmoretraffic.com.au,Get More Traffic,https://getmoretraffic.com.au/,,Australia,australia,selectedfirms,web|web-design|wordpress,,,,2026-09-20 22:29
intergy.com.au,Intergy Consulting,https://www.intergy.com.au/,,Australia,australia,selectedfirms,web|web-design,,,,2026-09-20 22:29
appboxer.com.au,App Boxer Au,https://appboxer.com.au/,,Australia,australia,selectedfirms,web-design,,,,2026-09-20 22:29
tecmyer.com.au,Tecmyer Marketing Solutions,http://www.tecmyer.com.au,,Australia,australia,selectedfirms,bigcommerce|ecommerce|magento|web|web-design|woocommerce,,,,2026-09-20 22:29
optominds.com,Optominds,https://www.optominds.com,,Australia,australia,selectedfirms,ecommerce|magento|web|web-design|wordpress,,,,2026-09-20 22:29
cogneiss.com,Cogneiss Systems,https://cogneiss.com/,,Australia,australia,selectedfirms,ecommerce|web|web-design,,,,2026-09-20 22:29
iddigital.com.au,ID Digital Agency,https://www.iddigital.com.au,,Australia,australia,selectedfirms,ecommerce|web|web-design|woocommerce|wordpress,,,,2026-09-20 22:29
gtechsol.com.au,G-Tech Solutions,https://gtechsol.com.au/,,Australia,australia,selectedfirms,ecommerce|magento|web|web-design|woocommerce,,,,2026-09-20 22:29
webmarketingguru.com.au,Web Marketing Guru,https://www.webmarketingguru.com.au/,,Australia,australia,selectedfirms,ecommerce|magento|web-design|woocommerce,,,,2026-09-20 22:29
eirmonsolutions.com.au,Eirmon Solutions,http://www.eirmonsolutions.com.au/,,Australia,australia,selectedfirms,ecommerce|web|web-design,,,,2026-09-20 22:29
elephantintheboardroom.com.au,Elephant in the Boardroom,https://www.elephantintheboardroom.com.au/,,Australia,australia,selectedfirms,ecommerce|magento|web|web-design|woocommerce|wordpress,,,,2026-09-20 22:29
nexusbyte.com.au,NexusByte Technology,https://www.nexusbyte.com.au,,Australia,australia,selectedfirms,ecommerce|web|web-design|wordpress,,,,2026-09-20 22:29
kwixglobal.com,Kwix Global Solutions,https://kwixglobal.com/,,Australia,australia,selectedfirms,web|web-design,,,,2026-09-20 22:29
scaleupconsulting.com.au,Scaleup Consulting,https://www.scaleupconsulting.com.au/,,Australia,australia,selectedfirms,ecommerce|web|web-design,,,,2026-09-20 22:29
goclickon.com.au,Go Click On,https://www.goclickon.com.au/,,Australia,australia,selectedfirms,ecommerce|web|web-design|woocommerce,,,,2026-09-20 22:29
digitalthinkers.com,Digital Thinkers,https://digitalthinkers.com/,,Australia,australia,selectedfirms,web|web-design,,,,2026-09-20 22:29
pixelforce.com,PixelForce,https://pixelforce.com,,Australia,australia,selectedfirms,ecommerce|web|web-design,,,,2026-09-20 22:29
zusedigital.com,Zuse Digital,https://www.zusedigital.com/,,Australia,australia,selectedfirms,web|web-design,,,,2026-09-20 22:29
intuji.com,Intuji,https://intuji.com/,,Australia,australia,selectedfirms,bigcommerce|ecommerce|magento|web-design|woocommerce|wordpress,,,,2026-09-20 22:29
emotedigital.com.au,Emote Digital,https://www.emotedigital.com.au/,,Australia,australia,selectedfirms,web-design,,,,2026-09-20 22:29
xwp.co,XWP,https://xwp.co/,,Australia,australia,selectedfirms,web|web-design|wordpress,,,,2026-09-20 22:29
nightjar.co,Nightjar,https://nightjar.co/,,Australia,australia,selectedfirms,ecommerce|web|web-design,,,,2026-09-20 22:29
technehq.com,Techne.,https://www.technehq.com/,,Australia,australia,selectedfirms,ecommerce|web|web-design,,,,2026-09-20 22:29
namtech.com.au,Namtech Solutions Pte Ltd.,https://namtech.com.au/,,Australia,australia,selectedfirms,ecommerce|web|web-design|woocommerce|wordpress,,,,2026-09-20 22:29
startupcraft.io,StartupCraft Inc,https://startupcraft.io/,,Australia,australia,selectedfirms,web|web-design,,,,2026-09-20 22:29
fingerprintsfuture.com,Fingerprints Future,https://fingerprintsfuture.com/,,Australia,australia,selectedfirms,web|web-design,,,,2026-09-20 22:29
appcorp.org,App Corp,https://www.appcorp.org/,,Australia,australia,selectedfirms,ecommerce|web|web-design,,,,2026-09-20 22:29
mbe.com.au,Mail Boxes Etc,https://www.mbe.com.au/,,Australia,australia,selectedfirms,web-design,,,,2026-09-20 22:29
socialtap.com.au,Social Tap,https://www.socialtap.com.au/,,Australia,australia,selectedfirms,web-design,,,,2026-09-20 22:29
pepperit.com.au,PepperIT,https://www.pepperit.com.au/,,Australia,australia,selectedfirms,web|web-design,,,,2026-09-20 22:29
squiz.net,Squiz,https://www.squiz.net/,,Australia,australia,selectedfirms,web-design,,,,2026-09-20 22:29
wolfiq.com.au,Wolf IQ,https://www.wolfiq.com.au/,,Australia,australia,selectedfirms,web|web-design|wordpress,,,,2026-09-20 22:29
dizian.com.au,Dizian Digital,https://www.dizian.com.au/,,Australia,australia,selectedfirms,ecommerce|web|web-design|wordpress,,,,2026-09-20 22:29
hitori-inc.com,HITORI,https://hitori-inc.com/,,Australia,australia,selectedfirms,ecommerce|web|web-design|wordpress,,,,2026-09-20 22:29
swankyagency.com,Swanky,https://swankyagency.com/,,Australia,australia,selectedfirms,ecommerce|web-design,,,,2026-09-20 22:29
magicdust.com.au,MagicDust,https://magicdust.com.au/,,Australia,australia,selectedfirms,ecommerce|web-design|woocommerce|wordpress,,,,2026-09-20 22:29
thedevelopment.com.au,The Development Agency,https://thedevelopment.com.au/,,Australia,australia,selectedfirms,ecommerce|web|web-design|wordpress,,,,2026-09-20 22:29
pupaclic.com,Pupa Clic Technologies,https://www.pupaclic.com/,,Australia,australia,selectedfirms,web|web-design,,,,2026-09-20 22:29
convertstudios.com.au,Convert Studios,https://www.convertstudios.com.au/,,Australia,australia,selectedfirms,web|web-design,,,,2026-09-20 22:29
pixelwhip.com.au,Pixel Whip,https://pixelwhip.com.au/,,Australia,australia,selectedfirms,ecommerce|magento|web-design|woocommerce|wordpress,,,,2026-09-20 22:29
acidgreen.com.au,acidgreen,https://www.acidgreen.com.au/,,Australia,australia,selectedfirms,ecommerce|magento|web-design,,,,2026-09-20 22:29
greenhat.net,Greenhat,https://www.greenhat.net/,,Australia,australia,selectedfirms,web|web-design,,,,2026-09-20 22:29
gsquared.com.au,G Squared,https://www.gsquared.com.au/,,Australia,australia,selectedfirms,ecommerce|web|web-design|wordpress,,,,2026-09-20 22:29
redcartel.com.au,Red Cartel,https://www.redcartel.com.au/,,Australia,australia,selectedfirms,web-design,,,,2026-09-20 22:29
ecomplus.dev,Ecomplus.dev,https://www.ecomplus.dev/,,Australia,australia,selectedfirms,ecommerce|web-design,,,,2026-09-20 22:29
buzinga.com.au,Buzinga App Development,https://www.buzinga.com.au/,,Australia,australia,selectedfirms,web|web-design,,,,2026-09-20 22:29
mywork.com.au,MyWork,https://mywork.com.au/,,Australia,australia,selectedfirms,ecommerce|web-design|woocommerce|wordpress,,,,2026-09-20 22:29
devika.com,Devika Creations,https://devika.com/,,Australia,australia,selectedfirms,web|web-design,,,,2026-09-20 22:29
jaba.com.au,JABA,https://jaba.com.au/,,Australia,australia,selectedfirms,web|web-design,,,,2026-09-20 22:29
elevendev.com,Eleven Dev,https://elevendev.com/,,Australia,australia,selectedfirms,web|web-design,,,,2026-09-20 22:29
appello.com.au,Appello,https://appello.com.au/,,Australia,australia,selectedfirms,web|web-design,,,,2026-09-20 22:29
dazlab.global,Dazlab,https://dazlab.global/,,Australia,australia,selectedfirms,web-design,,,,2026-09-20 22:29
thebiggergroup.com,Bigger,https://www.thebiggergroup.com/,,Australia,australia,selectedfirms,web|web-design,,,,2026-09-20 22:29
hokma.com.au,Hokma Consulting and Technology Solutions,https://hokma.com.au/,,Australia,australia,selectedfirms,web|web-design,,,,2026-09-20 22:29
sitback.com.au,Sitback Solutions,https://www.sitback.com.au/,,Australia,australia,selectedfirms,web|web-design|wordpress,,,,2026-09-20 22:29
ibeacoder.com,IBAC,https://ibeacoder.com/,,Australia,australia,selectedfirms,web|web-design,,,,2026-09-20 22:29
rockagency.com.au,Rock Agency,https://rockagency.com.au/,,Australia,australia,selectedfirms,ecommerce|web|web-design|woocommerce|wordpress,,,,2026-09-20 22:29
bear.plus,Bearplus,https://www.bear.plus/,,Australia,australia,selectedfirms,ecommerce|web|web-design,,,,2026-09-20 22:29
saltandfuessel.com.au,Salt & Fuessel,https://www.saltandfuessel.com.au/,,Australia,australia,selectedfirms,ecommerce|magento|web|web-design|wordpress,,,,2026-09-20 22:29
stillnotscared.com.au,Still Not Scared,https://stillnotscared.com.au/,,Australia,australia,selectedfirms,ecommerce|web|web-design|woocommerce|wordpress,,,,2026-09-20 22:29
swingitservices.com,Swing IT Services,https://www.swingitservices.com/,,Australia,australia,selectedfirms,bigcommerce|ecommerce|magento|web|web-design|woocommerce,,,,2026-09-20 22:29
sifocorp.com,Sifo Corp,http://www.sifocorp.com/,,Australia,australia,selectedfirms,ecommerce|web|web-design|wordpress,,,,2026-09-20 22:29
resurgedigital.com.au,Resurge Digital,https://www.resurgedigital.com.au/,,Australia,australia,selectedfirms,ecommerce|web|web-design|wordpress,,,,2026-09-20 22:29
sentia.com.au,Sentia,https://www.sentia.com.au/,,Australia,australia,selectedfirms,ecommerce|magento|web|web-design|wordpress,,,,2026-09-20 22:29
sstechsystem.com,SSTech System,https://www.sstechsystem.com/,,Australia,australia,selectedfirms,ecommerce|magento|web|web-design|wordpress,,,,2026-09-20 22:29
starack.net,STARACK,https://starack.net/,,Australia,australia,selectedfirms,ecommerce|web|web-design,,,,2026-09-20 22:29
intuitionsoftech.com.au,Intuition SofTech,https://intuitionsoftech.com.au/,,Australia,australia,selectedfirms,ecommerce|magento|web|web-design|woocommerce|wordpress,,,,2026-09-20 22:29
daveclarkdesign.com,Dave Clark Design Associates,https://www.daveclarkdesign.com/,,Australia,australia,selectedfirms,web|web-design|wordpress,,,,2026-09-20 22:29
zonvoir.com,Zonvoir Technologies Pvt Ltd,https://zonvoir.com/,,Australia,australia,selectedfirms,bigcommerce|ecommerce|magento|web|web-design|wordpress,,,,2026-09-20 22:29
10sq.dev,10SQ,https://10sq.dev/,,Australia,australia,selectedfirms,ecommerce|web-design,,,,2026-09-20 22:29
digitalthing.com.au,Digital Thing,https://www.digitalthing.com.au/,,Australia,australia,selectedfirms,web|web-design,,,,2026-09-20 22:29
strategybyte.com.au,Strategybyte,https://strategybyte.com.au/,,Australia,australia,selectedfirms,web|web-design,,,,2026-09-20 22:29
isupplyseo.com.au,Isupply SEO,https://isupplyseo.com.au,,Australia,australia,selectedfirms,web-design,,,,2026-09-20 22:29
kingtradie.com,kingtradie,https://kingtradie.com,,Australia,australia,selectedfirms,web-design,,,,2026-09-20 22:29
onraistudio.com,Onrai Studio,https://onraistudio.com,,Australia,australia,selectedfirms,ecommerce|web|web-design|woocommerce,,,,2026-09-20 22:29
corporatecrayon.com,Corporate Crayon,http://www.corporatecrayon.com/,,Australia,australia,selectedfirms,web-design,,,,2026-09-20 22:29
bfj.digital,BFJ Digital,https://bfj.digital/,,Australia,australia,selectedfirms,ecommerce|web-design|wordpress,,,,2026-09-20 22:29
xugar.com.au,Xugar,http://xugar.com.au/,,Australia,australia,selectedfirms,web|web-design,,,,2026-09-20 22:29
wmegroup.com.au,WME Australia,https://wmegroup.com.au/,,Australia,australia,selectedfirms,ecommerce|web|web-design|woocommerce,,,,2026-09-20 22:29
aussiewebdesigns.au,Aussify Web Design,https://aussiewebdesigns.au/,,Australia,australia,selectedfirms,web|web-design,,,,2026-09-20 22:29
digitaljunkies.com.au,digitaljunkies,https://digitaljunkies.com.au/,,Australia,australia,selectedfirms,web-design,,,,2026-09-20 22:29
clickbiz.com.au,Clickbiz Australia,https://clickbiz.com.au/,,Australia,australia,selectedfirms,web|web-design,,,,2026-09-20 22:29
moodcreative.com.au,Mood Creative,https://moodcreative.com.au/,,Australia,australia,selectedfirms,ecommerce|magento|web|web-design,,,,2026-09-20 22:29
funserious.com.au,Fun Serious Creative Agency,https://funserious.com.au/,,Australia,australia,selectedfirms,ecommerce|web|web-design|woocommerce,,,,2026-09-20 22:29
viewport.com.au,VIEWPORT XR,https://viewport.com.au,,Australia,australia,selectedfirms,web-design,,,,2026-09-20 22:29
realcoder.com.au,Real Coder Pty Ltd,https://realcoder.com.au,,Australia,australia,selectedfirms,web|web-design,,,,2026-09-20 22:29
cspro.com.au,Computer Support Professionals,https://www.cspro.com.au/,,Australia,australia,selectedfirms,web-design,,,,2026-09-20 22:29
scitsol.com.au,SCITSOL,https://scitsol.com.au/,,Australia,australia,selectedfirms,ecommerce|web|web-design|woocommerce|wordpress,,,,2026-09-20 22:29
digitalhitmen.com.au,Digital Hitmen,https://www.digitalhitmen.com.au/,,Australia,australia,selectedfirms,web-design,,,,2026-09-20 22:29
jumppmedia.com.au,Jumpp Media,https://jumppmedia.com.au/,,Australia,australia,selectedfirms,web|web-design|wix|wordpress,,,,2026-09-20 22:29
odindigital.com.au,Odin Digital,https://odindigital.com.au,,Australia,australia,selectedfirms,web-design,,,,2026-09-20 22:29
perthdigitaledge.com.au,Perth Digital Edge,https://perthdigitaledge.com.au,,Australia,australia,selectedfirms,web|web-design,,,,2026-09-20 22:29
integralmedia.com.au,Integral Media,https://www.integralmedia.com.au/,,Australia,australia,selectedfirms,ecommerce|web|web-design|woocommerce|wordpress,,,,2026-09-20 22:29
webhouse.com.au,Webhouse,https://www.webhouse.com.au,,Australia,australia,selectedfirms,web|web-design,,,,2026-09-20 22:29
remotelink.com.au,RemoteLink Pty Ltd,https://www.remotelink.com.au/,,Australia,australia,selectedfirms,web-design,,,,2026-09-20 22:29
theardor.com.au,theardor,https://www.theardor.com.au/,,Australia,australia,selectedfirms,ecommerce|web-design|wordpress,,,,2026-09-20 22:29
conquerradigital.com.au,Conquerra Digital,https://conquerradigital.com.au/,,Australia,australia,selectedfirms,ecommerce|magento|web|web-design|woocommerce|wordpress,,,,2026-09-20 22:29
devhouseaustralia.com.au,Dev House Australia,https://www.devhouseaustralia.com.au/,,Australia,australia,selectedfirms,bigcommerce|ecommerce|web|web-design,,,,2026-09-20 22:29
probits.com.au,Probits Pty. Ltd,https://www.probits.com.au/,,Australia,australia,selectedfirms,ecommerce|web|web-design,,,,2026-09-20 22:29
offshoreassist.com.au,Offshore Assist,https://offshoreassist.com.au/,,Australia,australia,selectedfirms,web|web-design,,,,2026-09-20 22:29
thedataduck.com,The Data Duck,https://thedataduck.com/,,Australia,australia,selectedfirms,web-design,,,,2026-09-20 22:29
neurointeractive.com,Neurointeractive,https://www.neurointeractive.com/,,Australia,australia,selectedfirms,web-design,,,,2026-09-20 22:29
blueegg.com.au,blueegg,https://blueegg.com.au/,,Australia,australia,selectedfirms,web-design,,,,2026-09-20 22:29
amoebalabs.co,Amoeba Labs,https://www.amoebalabs.co/,,Australia,australia,selectedfirms,web-design,,,,2026-09-20 22:29
wowme.design,Wowme Design,https://www.wowme.design/,,Australia,australia,selectedfirms,web-design,,,,2026-09-20 22:29
d3design.com.au,D3 Design,https://d3design.com.au/,,Australia,australia,selectedfirms,web-design,,,,2026-09-20 22:29
3degrees.com.au,3 Degrees Marketing,https://3degrees.com.au/,,Australia,australia,selectedfirms,web-design,,,,2026-09-20 22:29
designmomentum.com.au,Design Momentum,https://www.designmomentum.com.au/,,Australia,australia,selectedfirms,web-design,,,,2026-09-20 22:29
aristos24.com,Aristos24,https://aristos24.com/,,Australia,australia,selectedfirms,web-design,,,,2026-09-20 22:29
pipelabs.com.au,Pipelabs,https://www.pipelabs.com.au/,,Australia,australia,selectedfirms,ecommerce|web-design,,,,2026-09-20 22:29
theanimals.com.au,The Animals,https://theanimals.com.au/,,Australia,australia,selectedfirms,web-design,,,,2026-09-20 22:29
dekon-tech.com,Dekon Technology & Consulting,https://dekon-tech.com/,,Australia,australia,selectedfirms,web|web-design,,,,2026-09-20 22:29
bilue.com.au,Bilue,https://bilue.com.au/,,Australia,australia,selectedfirms,web-design,,,,2026-09-20 22:29
qern.com.au,Qern,https://qern.com.au/,,Australia,australia,selectedfirms,web-design,,,,2026-09-20 22:29
jrocdigital.com.au,JRoc Digital,https://jrocdigital.com.au/,,Australia,australia,selectedfirms,web|web-design,,,,2026-09-20 22:29
edmarketing.com.au,elite Web3,https://edmarketing.com.au/,,Australia,australia,selectedfirms,web|web-design,,,,2026-09-20 22:29
dinoelements.com.au,Dino Elements,https://dinoelements.com.au/,,Australia,australia,selectedfirms,web|web-design,,,,2026-09-20 22:29
liquidinteractive.com.au,Liquid Interactive,https://www.liquidinteractive.com.au/,,Australia,australia,selectedfirms,web-design,,,,2026-09-20 22:29
croissantbaguette.com.au,Croissant & Baguette,https://croissantbaguette.com.au/,,Australia,australia,selectedfirms,ecommerce|web|web-design,,,,2026-09-20 22:29
syntechs.ai,syntechs,https://www.syntechs.ai/,,Australia,australia,selectedfirms,web|web-design,,,,2026-09-20 22:29
s25.studio,S25 Studio,https://www.s25.studio/,,Australia,australia,selectedfirms,web|web-design,,,,2026-09-20 22:29
flywheelmedia.com.au,Flywheel Media,https://flywheelmedia.com.au/,,Australia,australia,selectedfirms,web-design,,,,2026-09-20 22:29
katapultdesign.com.au,Katapult Design,https://katapultdesign.com.au/,,Australia,australia,selectedfirms,web-design,,,,2026-09-20 22:29
emroy.com.au,Emroy Creative Group,https://emroy.com.au/,,Australia,australia,selectedfirms,web|web-design,,,,2026-09-20 22:29
migaloodigital.com.au,migaloodigital,https://migaloodigital.com.au/,,Australia,australia,selectedfirms,web-design,,,,2026-09-20 22:29
wavedigital.com.au,Wave Digital,https://wavedigital.com.au/,,Australia,australia,selectedfirms,web|web-design,,,,2026-09-20 22:29
aligent.com.au,Aligent,https://www.aligent.com.au/,,Australia,australia,selectedfirms,ecommerce|web-design,,,,2026-09-20 22:29
convertdigital.com.au,Convert Digital Pty,https://www.convertdigital.com.au/,,Australia,australia,selectedfirms,bigcommerce|ecommerce|magento|web|web-design,,,,2026-09-20 22:29
overdose.digital,Overdose Digital,https://overdose.digital,,Australia,australia,selectedfirms,bigcommerce|ecommerce|web-design,,,,2026-09-20 22:29
donedigital.au,Done Digital,https://donedigital.au/,,Australia,australia,selectedfirms,web-design,,,,2026-09-20 22:29
incdigital.com.au,Inc Digital,https://incdigital.com.au/,,Australia,australia,selectedfirms,web|web-design,,,,2026-09-20 22:29
spinfluence.com.au,Spinfluence,https://www.spinfluence.com.au/,,Australia,australia,selectedfirms,web-design,,,,2026-09-20 22:29
ripplebytes.com,RippleBytes,https://ripplebytes.com/,,Australia,australia,selectedfirms,web-design,,,,2026-09-20 22:29
sydweb3.org,SydneyWeb3,https://sydweb3.org/,,Australia,australia,selectedfirms,web-design,,,,2026-09-20 22:29
clevvi.com,Clevvi,https://clevvi.com/,,Australia,australia,selectedfirms,web-design,,,,2026-09-20 22:29
betalaunch.io,Beta Launch,https://www.betalaunch.io/,,Australia,australia,selectedfirms,web|web-design,,,,2026-09-20 22:29
localteam.com.au,LocalTeam Australia,https://localteam.com.au/,,Australia,australia,selectedfirms,web|web-design,,,,2026-09-20 22:29
oxtadesign.co.uk,Oxta Design,https://oxtadesign.co.uk/,,Australia,australia,selectedfirms,web-design,,,,2026-09-20 22:29
mayflyventures.com,MayFly Ventures,https://www.mayflyventures.com/,,Australia,australia,selectedfirms,web|web-design,,,,2026-09-20 22:29
iceworksdesign.com,Iceworks Design Pty Ltd,https://www.iceworksdesign.com/,,Australia,australia,selectedfirms,web-design,,,,2026-09-20 22:29
smallmultiples.com.au,Small Multiples,https://smallmultiples.com.au/,,Australia,australia,selectedfirms,web|web-design,,,,2026-09-20 22:29
studioalt.com.au,Studio Alt,https://studioalt.com.au/,,Australia,australia,selectedfirms,ecommerce|web|web-design,,,,2026-09-20 22:29
aleph-labs.com,Aleph Labs,https://www.aleph-labs.com/,,Australia,australia,selectedfirms,web|web-design,,,,2026-09-20 22:29
dawsonandrews.com,Dawson Andrews,https://www.dawsonandrews.com/,,Australia,australia,selectedfirms,web|web-design,,,,2026-09-20 22:29
cantydigital.com.au,Canty Digital,https://cantydigital.com.au/,,Australia,australia,selectedfirms,web-design,,,,2026-09-20 22:29
artonest.com,Artonest,https://artonest.com/,,Australia,australia,selectedfirms,web-design|wix,,,,2026-09-20 22:29
spritely.co,Spritely App Development,https://spritely.co/,,Australia,australia,selectedfirms,web-design,,,,2026-09-20 22:29
tapodigital.com,Tapo Digital,https://www.tapodigital.com/,,Australia,australia,selectedfirms,web|web-design,,,,2026-09-20 22:29
elegantmedia.com.au,Elegant Media,https://www.elegantmedia.com.au/,,Australia,australia,selectedfirms,web|web-design,,,,2026-09-20 22:29
shtudio.com.au,Shtudio,https://www.shtudio.com.au/,,Australia,australia,selectedfirms,ecommerce|magento|web|web-design|wordpress,,,,2026-09-20 22:29
vivogroup.com.au,Vivo Group,https://vivogroup.com.au/,,Australia,australia,selectedfirms,web|web-design|wordpress,,,,2026-09-20 22:29
enterprisemonkey.com.au,Enterprise Monkey,https://enterprisemonkey.com.au/,,Australia,australia,selectedfirms,ecommerce|magento|web|web-design|woocommerce|wordpress,,,,2026-09-20 22:29
stonedigital.com.au,Stone Digital,https://stonedigital.com.au/,,Australia,australia,selectedfirms,ecommerce|web|web-design|woocommerce|wordpress,,,,2026-09-20 22:29
matterdesign.com.au,Matter Design & Digital,https://matterdesign.com.au/,,Australia,australia,selectedfirms,bigcommerce|ecommerce|web-design,,,,2026-09-20 22:29
wearedigital.com.au,WeAreDigital,https://wearedigital.com.au,,Australia,australia,selectedfirms,ecommerce|web|web-design|woocommerce|wordpress,,,,2026-09-20 22:29
fisherdigital.com.au,Fisher Digital,https://www.fisherdigital.com.au/,,Australia,australia,selectedfirms,web|web-design|wordpress,,,,2026-09-20 22:29
decisioninc.com,Decision Inc.,https://decisioninc.com/,,Australia,australia,selectedfirms,web-design,,,,2026-09-20 22:29
eastbound.digital,Eastbound Digital,https://eastbound.digital/,,Australia,australia,selectedfirms,web|web-design,,,,2026-09-20 22:29
upliftgtm.com,UpliftGTM,https://www.upliftgtm.com/,,Australia,australia,selectedfirms,web|web-design,,,,2026-09-20 22:29
dws.hcltech.com,DWS Limited,https://dws.hcltech.com/,,Australia,australia,selectedfirms,web-design,,,,2026-09-20 22:29
priority1group.com.au,Priority1 Marketing,https://priority1group.com.au/,,Australia,australia,selectedfirms,web-design,,,,2026-09-20 22:29
take3.io,Take3,https://take3.io/,,Australia,australia,selectedfirms,web-design,,,,2026-09-20 22:29
impactmindz.com,Impactmindz,https://impactmindz.com/,,Australia,australia,selectedfirms,ecommerce|web|web-design,,,,2026-09-20 22:29
innospace.com.au,INNOSPACE,https://www.innospace.com.au/,,Australia,australia,selectedfirms,ecommerce|web|web-design,,,,2026-09-20 22:29
codefishstudio.com,CodeFish Studio,https://www.codefishstudio.com/,,Australia,australia,selectedfirms,web|web-design,,,,2026-09-20 22:29
yusatech.com.au,Yubsara Investments Trading As (YUSATECH),https://yusatech.com.au/,,Australia,australia,selectedfirms,ecommerce|web|web-design|woocommerce,,,,2026-09-20 22:29
plycode.com.au,PLYCODE,https://www.plycode.com.au/,,Australia,australia,selectedfirms,ecommerce|web|web-design,,,,2026-09-20 22:29
mikado.biz,Mikado UX/UI & Branding Studio,https://www.mikado.biz/,,Australia,australia,selectedfirms,web|web-design,,,,2026-09-20 22:29
visionarydigitalstudios.com,Visionary Digital Studios,https://visionarydigitalstudios.com/,,Australia,australia,selectedfirms,web-design,,,,2026-09-20 22:29
ncs.co,NCS Group Australia,https://www.ncs.co/,,Australia,australia,selectedfirms,web|web-design,,,,2026-09-20 22:29
signifimedia.com.au,Signifi Media,https://signifimedia.com.au/,,Australia,australia,selectedfirms,ecommerce|web-design|woocommerce,,,,2026-09-20 22:29
catalyst.net.nz,Catalyst IT,https://www.catalyst.net.nz/,,Australia,australia,selectedfirms,web|web-design,,,,2026-09-20 22:29
prosnet.com.au,Prosnet Business IT,https://prosnet.com.au/,,Australia,australia,selectedfirms,ecommerce|web|web-design,,,,2026-09-20 22:29
palomagroup.com,Paloma,https://www.palomagroup.com/,,Australia,australia,selectedfirms,web|web-design,,,,2026-09-20 22:29
palo-it.com,PALO IT,https://www.palo-it.com/,,Australia,australia,selectedfirms,web-design,,,,2026-09-20 22:29
elephy.tech,Elephy Tech,https://elephy.tech/,,Australia,australia,selectedfirms,ecommerce|web|web-design|woocommerce,,,,2026-09-20 22:29
digiexpert.com.au,Digiexpert,https://digiexpert.com.au/,,Australia,australia,selectedfirms,web|web-design,,,,2026-09-20 22:29
alienintelligence.com.au,Alien Intelligence,https://www.alienintelligence.com.au/,,Australia,australia,selectedfirms,web|web-design,,,,2026-09-20 22:29
paraform.com.au,Paraform,https://paraform.com.au/,,Australia,australia,selectedfirms,web-design,,,,2026-09-20 22:29
dapth.com,Dapth,https://dapth.com/,,Australia,australia,selectedfirms,ecommerce|web|web-design,,,,2026-09-20 22:29
konnectmarketing.com,Konnect Marketing,https://www.konnectmarketing.com/,,Australia,australia,selectedfirms,web-design,,,,2026-09-20 22:29
theamplabs.com,The AMP Labs,https://theamplabs.com/,,Australia,australia,selectedfirms,web|web-design,,,,2026-09-20 22:29
kombee.com,Kombee Private Limited,https://www.kombee.com/,,Australia,australia,selectedfirms,ecommerce|web|web-design|woocommerce|wordpress,,,,2026-09-20 22:29
jhavtech.com.au,Jhavtech Studios,https://www.jhavtech.com.au/,,Australia,australia,selectedfirms,ecommerce|web|web-design|wordpress,,,,2026-09-20 22:29
attalla.com.au,Attalla Digital,https://attalla.com.au/,,Australia,australia,selectedfirms,ecommerce|magento|web|web-design|woocommerce|wordpress,,,,2026-09-20 22:29
sandfield.co.nz,Sandfield,https://sandfield.co.nz,,Australia,australia,selectedfirms,ecommerce|web|web-design|woocommerce|wordpress,,,,2026-09-20 22:29
customerscience.com.au,Customer Science Group,https://customerscience.com.au/,,Australia,australia,selectedfirms,web-design,,,,2026-09-20 22:29
strenure.com,Strenure,https://strenure.com/,,Australia,australia,selectedfirms,ecommerce|magento|web|web-design|wordpress,,,,2026-09-20 22:29
virtual-gravity.com,Virtual-Gravity,https://virtual-gravity.com/,,Australia,australia,selectedfirms,bigcommerce|ecommerce|magento|web|web-design|woocommerce,,,,2026-09-20 22:29
sodadigital.com.au,Soda Digital,https://www.sodadigital.com.au/,,Australia,australia,selectedfirms,ecommerce|magento|web|web-design|woocommerce,,,,2026-09-20 22:29
barrana.io,Barrana,https://barrana.io/,,Australia,australia,selectedfirms,web|web-design,,,,2026-09-20 22:29
corexlab.com,Corexlab Ltd.,https://www.corexlab.com/,,Australia,australia,selectedfirms,ecommerce|web|web-design,,,,2026-09-20 22:29
xeesoft.com,XEESOFT,https://xeesoft.com/,,Australia,australia,selectedfirms,ecommerce|web|web-design|woocommerce,,,,2026-09-20 22:29
infigridsolutions.com,Infigrid Solutions,http://www.infigridsolutions.com/,,Australia,australia,selectedfirms,bigcommerce|ecommerce|magento|web|web-design|woocommerce,,,,2026-09-20 22:29
adintelo.com,Adintelo,https://adintelo.com/,,Australia,australia,selectedfirms,web-design,,,,2026-09-20 22:29
klyp.co,Klyp,https://klyp.co/,,Australia,australia,selectedfirms,bigcommerce|ecommerce|magento|web|web-design|woocommerce,,,,2026-09-20 22:29
phppixel.com,Phppixel Technolgoies,https://phppixel.com/,,Australia,australia,selectedfirms,bigcommerce|ecommerce|magento|web|web-design|woocommerce,,,,2026-09-20 22:29
techsprints.com.au,TechSprints,https://techsprints.com.au/,,Australia,australia,selectedfirms,ecommerce|magento|web|web-design|woocommerce,,,,2026-09-20 22:29
primeits.com.au,Prime IT Solutions,https://www.primeits.com.au/,,Australia,australia,selectedfirms,bigcommerce|ecommerce|magento|web|web-design,,,,2026-09-20 22:29
resolve.design,Resolve ProductLab,https://resolve.design/,,Australia,australia,selectedfirms,web-design,,,,2026-09-20 22:29
productagency.com.au,The Product Agency,https://www.productagency.com.au/,,Australia,australia,selectedfirms,web|web-design,,,,2026-09-20 22:29
appther.com,Appther,https://appther.com/,,Australia,australia,selectedfirms,ecommerce|web|web-design|woocommerce,,,,2026-09-20 22:29
socialmindr.com,SocialMindr,https://socialmindr.com/,,Australia,australia,selectedfirms,web|web-design,,,,2026-09-20 22:29
outsourcedhrsolution.com.au,Outsourced HR Solution,https://www.outsourcedhrsolution.com.au/,,Australia,australia,selectedfirms,web-design,,,,2026-09-20 22:29
flexisourceit.com.au,Flexisource IT,https://flexisourceit.com.au/,,Australia,australia,selectedfirms,web|web-design,,,,2026-09-20 22:29
bruntwork.co,BruntWork,https://www.bruntwork.co/,,Australia,australia,selectedfirms,web-design,,,,2026-09-20 22:29
firstfocus.com.au,First Focus IT,https://www.firstfocus.com.au/,,Australia,australia,selectedfirms,web|web-design,,,,2026-09-20 22:29
hddesignlink.com.au,HD Designlink,https://www.hddesignlink.com.au/,,Australia,australia,selectedfirms,ecommerce|squarespace|web-design,,,,2026-09-20 22:29
cobaltdesign.co,Cobalt Design,https://cobaltdesign.co/,,Australia,australia,selectedfirms,web-design,,,,2026-09-20 22:29
qagency.com.au,Q Agency,https://www.qagency.com.au/,,Australia,australia,selectedfirms,web,,,,2026-09-20 22:29
webalive.com.au,WebAlive,https://www.webalive.com.au/,,Australia,australia,selectedfirms,bigcommerce|ecommerce|web|woocommerce,,,,2026-09-20 22:29
codeit365.com,CodeIT 365,https://codeit365.com/sharepoint-development-services/,,Australia,australia,selectedfirms,web,,,,2026-09-20 22:29
webmastersgroup.com.au,Webmasters Group,https://webmastersgroup.com.au/,,Australia,australia,selectedfirms,web,,,,2026-09-20 22:29
creativefosters.com.au,Creative Fosters,https://creativefosters.com.au/,,Australia,australia,selectedfirms,web,,,,2026-09-20 22:29
ifourtechnolab.com.au,ifourtechnolab Pvt Ltd,https://www.ifourtechnolab.com.au/,,Australia,australia,selectedfirms,ecommerce|magento|web,,,,2026-09-20 22:29
vtdigital.com.au,VT Digital,https://vtdigital.com.au/,,Australia,australia,selectedfirms,ecommerce|magento|web,,,,2026-09-20 22:29
supportsoft.com.au,Supportsoft Technologies,https://supportsoft.com.au/,,Australia,australia,selectedfirms,ecommerce|magento|web|woocommerce|wordpress,,,,2026-09-20 22:29
appetiser.com.au,Appetiser,https://appetiser.com.au/,,Australia,australia,selectedfirms,web,,,,2026-09-20 22:29
virtualcoders.net,Virtual Coders,https://www.virtualcoders.net/,,Australia,australia,selectedfirms,web,,,,2026-09-20 22:29
ausborn.com.au,AusBorn Digital,https://ausborn.com.au/,,Australia,australia,selectedfirms,web,,,,2026-09-20 22:29
xfive.co,Xfive,https://www.xfive.co/,,Australia,australia,selectedfirms,bigcommerce|ecommerce|web|woocommerce|wordpress,,,,2026-09-20 22:29
mkaits.com,Mkaits,https://www.mkaits.com/,,Australia,australia,selectedfirms,ecommerce|web,,,,2026-09-20 22:29
melbournewebdigital.com.au,Melbourne Web Digital,https://melbournewebdigital.com.au/,,Australia,australia,selectedfirms,ecommerce|web|woocommerce,,,,2026-09-20 22:29
techcronus.com,Techcronus,https://www.techcronus.com/,,Australia,australia,selectedfirms,web,,,,2026-09-20 22:29
pedalsup.com,Pedals Up,https://pedalsup.com/,,Australia,australia,selectedfirms,ecommerce|magento|web|woocommerce,,,,2026-09-20 22:29
elsner.com.au,Elsner Technologies Pty Ltd,https://www.elsner.com.au/,,Australia,australia,selectedfirms,ecommerce|magento|web|woocommerce|wordpress,,,,2026-09-20 22:29
sunrisetechs.com,Sunrise Technologies,https://www.sunrisetechs.com/android-app-development-sydney/,,Australia,australia,selectedfirms,web,,,,2026-09-20 22:29
devstree.com.au,DevsTree IT Services Australia,https://www.devstree.com.au/,,Australia,australia,selectedfirms,ecommerce|magento|web,,,,2026-09-20 22:29
o3digital.com.au,O3 Digital,https://o3digital.com.au/,,Australia,australia,selectedfirms,web,,,,2026-09-20 22:29
simpos.com.au,Simpos Australia PTY LTD,https://simpos.com.au/,,Australia,australia,selectedfirms,web,,,,2026-09-20 22:29
netfasttech.com,Netfast Technologies,https://netfasttech.com/,,Australia,australia,selectedfirms,ecommerce|magento|web|woocommerce,,,,2026-09-20 22:29
nostanding.io,No Standing International,https://nostanding.io/,,Australia,australia,selectedfirms,web,,,,2026-09-20 22:29
socialhippos.com,Social Hippos,https://www.socialhippos.com/,,Australia,australia,selectedfirms,ecommerce|web,,,,2026-09-20 22:29
cubicdigital.com.au,Cubic Digital Marketing,https://cubicdigital.com.au/,,Australia,australia,selectedfirms,web,,,,2026-09-20 22:29
team400.ai,Team 400,https://team400.ai,,Australia,australia,selectedfirms,web,,,,2026-09-20 22:29
techforceservices.com,TechForce Services,https://www.techforceservices.com/,,Australia,australia,selectedfirms,web,,,,2026-09-20 22:29
applickable.io,applickable,https://applickable.io/,,Australia,australia,selectedfirms,web,,,,2026-09-20 22:29
vcgdigital.com.au,VCG Digital Australia,https://vcgdigital.com.au/,,Australia,australia,selectedfirms,web,,,,2026-09-20 22:29
hashlogics.com,Hashlogics,https://hashlogics.com/,,Australia,australia,selectedfirms,web,,,,2026-09-20 22:29
virtual-consultants.com,Virtual Consultants,http://www.virtual-consultants.com/,,Australia,australia,selectedfirms,ecommerce|web|woocommerce,,,,2026-09-20 22:29
predictwise.com.au,Predictwise,https://predictwise.com.au/,,Australia,australia,selectedfirms,web,,,,2026-09-20 22:29
7pillars.com.au,7 Pillars Pty Ltd,https://7pillars.com.au/,,Australia,australia,selectedfirms,web,,,,2026-09-20 22:29
launchpadapps.co,Launchpad App Development,https://www.launchpadapps.co/,,Australia,australia,selectedfirms,web,,,,2026-09-20 22:29
zapperr.co.nz,Zapperr Software Solutions,https://zapperr.co.nz/,,Australia,australia,selectedfirms,ecommerce|magento|squarespace|web|wordpress,,,,2026-09-20 22:29
sphere10.com,Sphere 10 Software,https://sphere10.com/,,Australia,australia,selectedfirms,ecommerce|web,,,,2026-09-20 22:29
cleancommit.io,Clean Commit,https://cleancommit.io/,,Australia,australia,selectedfirms,ecommerce|web,,,,2026-09-20 22:29
vokke.com.au,Vokke,https://www.vokke.com.au/,,Australia,australia,selectedfirms,web,,,,2026-09-20 22:29
edgetech.studio,Edge Tech Studio,https://www.edgetech.studio/,,Australia,australia,selectedfirms,ecommerce|web,,,,2026-09-20 22:29
luminary.com,Luminary,https://www.luminary.com/,,Australia,australia,selectedfirms,web,,,,2026-09-20 22:29
dreamwalk.com.au,DreamWalk,https://dreamwalk.com.au/,,Australia,australia,selectedfirms,web,,,,2026-09-20 22:29
krowd.com.au,Krowd Digital,https://www.krowd.com.au/,,Australia,australia,selectedfirms,web,,,,2026-09-20 22:29
avroxsolutions.com,AVROX Solutions,https://www.avroxsolutions.com/,,Australia,australia,selectedfirms,web,,,,2026-09-20 22:29
coredogroup.com,Coredo,https://www.coredogroup.com/,,Australia,australia,selectedfirms,web,,,,2026-09-20 22:29
webgeeksolutions.com.au,WebGeek Solutions,https://webgeeksolutions.com.au/,,Australia,australia,selectedfirms,ecommerce|web|wordpress,,,,2026-09-20 22:29
ebpearls.com.au,EB Pearls,https://ebpearls.com.au/,,Australia,australia,selectedfirms,web,,,,2026-09-20 22:29
arcadedevhouse.com.au,Arcade Dev House,https://www.arcadedevhouse.com.au/,,Australia,australia,selectedfirms,web,,,,2026-09-20 22:29
365digitalconsulting.com,365 Digital Consulting,https://365digitalconsulting.com/,,Australia,australia,selectedfirms,web,,,,2026-09-20 22:29
easyiot.com.au,EasyIOT,https://easyiot.com.au/,,Australia,australia,selectedfirms,web,,,,2026-09-20 22:29
wisemansolutions.co.uk,Wiseman Solutions,https://wisemansolutions.co.uk/,,Australia,australia,selectedfirms,web,,,,2026-09-20 22:29
us.bastionagency.com,Bastion Elevate,https://us.bastionagency.com/,,Australia,australia,selectedfirms,web,,,,2026-09-20 22:29
xpertgo.com.au,XpertGo,https://www.xpertgo.com.au/,,Australia,australia,selectedfirms,ecommerce|web|wordpress,,,,2026-09-20 22:29
sotogroup.co,Soto Group,http://www.sotogroup.co/,,Australia,australia,selectedfirms,ecommerce|web|wordpress,,,,2026-09-20 22:29
headlesscoders.com,Headless Coders,https://www.headlesscoders.com/,,Australia,australia,selectedfirms,ecommerce|web|woocommerce,,,,2026-09-20 22:29
niftymarketing.com.au,Nifty Marketing Australia,https://niftymarketing.com.au/,,Australia,australia,selectedfirms,web,,,,2026-09-20 22:29
dotwebsolutions.com.au,Dot Web Solutions (Australia),https://www.dotwebsolutions.com.au/,,Australia,australia,selectedfirms,ecommerce|web,,,,2026-09-20 22:29
cenaadvisory.com,Cena Advisory,https://www.cenaadvisory.com/,,Australia,australia,selectedfirms,web,,,,2026-09-20 22:29
ottodigital.com.au,OTTO Digital,https://ottodigital.com.au/,,Australia,australia,selectedfirms,web,,,,2026-09-20 22:29
itcc.co,ITCC,https://itcc.co/,,Australia,australia,selectedfirms,ecommerce|magento|web|woocommerce,,,,2026-09-20 22:29
zynextechnologies.com.au,Zynex Technologies,https://zynextechnologies.com.au/,,Australia,australia,selectedfirms,web,,,,2026-09-20 22:29
stepsharp.com,StepSharp Digital Technology,https://stepsharp.com/,,Australia,australia,selectedfirms,ecommerce|magento|web|woocommerce,,,,2026-09-20 22:29
multitechit.com.au,Multitech IT,https://www.multitechit.com.au/,,Australia,australia,selectedfirms,web,,,,2026-09-20 22:29
alembic.com.au,Alembic,https://alembic.com.au/,,Australia,australia,selectedfirms,web,,,,2026-09-20 22:29
zilla.com.au,ZILLA Digital Marketing Agency,https://zilla.com.au/,,Australia,australia,selectedfirms,web,,,,2026-09-20 22:29
pivotal.agency,Pivotal Agency,https://pivotal.agency,,Australia,australia,selectedfirms,ecommerce|web|wordpress,,,,2026-09-20 22:29
sydney.software,Sydney Software Development,https://www.sydney.software/,,Australia,australia,selectedfirms,web,,,,2026-09-20 22:29
codeheroes.com.au,Code Heroes,https://www.codeheroes.com.au/,,Australia,australia,selectedfirms,web,,,,2026-09-20 22:29
blackcompass.net,BlackCompass Software,https://www.blackcompass.net/,,Australia,australia,selectedfirms,web,,,,2026-09-20 22:29
dcodegroup.com,DCODE GROUP,https://dcodegroup.com/,,Australia,australia,selectedfirms,web,,,,2026-09-20 22:29
ami-fusion.com,AMI Fusion,https://ami-fusion.com/,,Australia,australia,selectedfirms,web,,,,2026-09-20 22:29
panacealogics.com,PanaceaLogics,https://panacealogics.com/,,Australia,australia,selectedfirms,web,,,,2026-09-20 22:29
codezeno.com.au,Code Zeno,https://codezeno.com.au/,,Australia,australia,selectedfirms,web,,,,2026-09-20 22:29
codium.com.au,Codium Pty Ltd,https://www.codium.com.au/,,Australia,australia,selectedfirms,web,,,,2026-09-20 22:29
nxtgenindustries.com.au,NXTGEN Industries,https://nxtgenindustries.com.au/,,Australia,australia,selectedfirms,web,,,,2026-09-20 22:29
getaprogrammer.co,GetAProgrammer,https://www.getaprogrammer.co/,,Australia,australia,selectedfirms,ecommerce|magento|web|woocommerce,,,,2026-09-20 22:29
metarouge.com.au,Metarouge Innovations,https://www.metarouge.com.au/,,Australia,australia,selectedfirms,web,,,,2026-09-20 22:29
zillione.com,ZILLIONe Solutions,https://zillione.com/,,Australia,australia,selectedfirms,web,,,,2026-09-20 22:29
jaegersoft.com.au,Jaegersoft,https://jaegersoft.com.au/,,Australia,australia,selectedfirms,web,,,,2026-09-20 22:29
asta.com.au,Asta Solutions Pty Ltd,https://www.asta.com.au/,,Australia,australia,selectedfirms,web,,,,2026-09-20 22:29
adactin.com,Adactin Group Pty. Ltd.,https://www.adactin.com/,,Australia,australia,selectedfirms,web,,,,2026-09-20 22:29
appwebstudios.com,AppWebStudios,https://appwebstudios.com/,,Australia,australia,selectedfirms,ecommerce|web,,,,2026-09-20 22:29
quaddigital.com.au,Quad Digital,https://www.quaddigital.com.au/,,Australia,australia,selectedfirms,web,,,,2026-09-20 22:29
gaurangatech.com,Gauranga Technologies,https://www.gaurangatech.com/,,Australia,australia,selectedfirms,web,,,,2026-09-20 22:29
azarconsulting.com.au,Azar Consulting,https://azarconsulting.com.au/,,Australia,australia,selectedfirms,web,,,,2026-09-20 22:29
zyrous.com,Zyrous,https://www.zyrous.com/,,Australia,australia,selectedfirms,web,,,,2026-09-20 22:29
withericshelp.com,WithEric'sHelp - Adelaide Marketing Consultant,https://withericshelp.com/,,Australia,australia,selectedfirms,web,,,,2026-09-20 22:29
nscsoftware.com,NSC Software,https://nscsoftware.com/,,Australia,australia,selectedfirms,ecommerce|web,,,,2026-09-20 22:29
hspholding.com,HSP Holdings,https://hspholding.com/,,Australia,australia,selectedfirms,web,,,,2026-09-20 22:29
ideaqu.com,IDEAQU,https://ideaqu.com/,,Australia,australia,selectedfirms,web,,,,2026-09-20 22:29
smarterapps.com.au,Smarterapps,https://www.smarterapps.com.au/,,Australia,australia,selectedfirms,web,,,,2026-09-20 22:29
sybrid.com,Sybrid Private Limited,https://sybrid.com/,,Australia,australia,selectedfirms,web,,,,2026-09-20 22:29
itconnexion.com.au,ITConnexion,https://itconnexion.com.au/,,Australia,australia,selectedfirms,web,,,,2026-09-20 22:29
slashtech.com.au,SlashTech Australia,https://www.slashtech.com.au/,,Australia,australia,selectedfirms,web,,,,2026-09-20 22:29
techfloat.com.au,Tech Float,https://techfloat.com.au/,,Australia,australia,selectedfirms,ecommerce,,,,2026-09-20 22:29
punchbuggy.com.au,Punch Buggy,https://www.punchbuggy.com.au/,,Australia,australia,selectedfirms,ecommerce,,,,2026-09-20 22:29
springwebsolutions.com,Spring Web Solutions,https://www.springwebsolutions.com/,,Australia,australia,selectedfirms,ecommerce,,,,2026-09-20 22:29
moustacherepublic.com,Moustache Republic,https://www.moustacherepublic.com/,,Australia,australia,selectedfirms,bigcommerce|ecommerce,,,,2026-09-20 22:29
cyfuture.com,Cyfuture,https://cyfuture.com/,,Australia,australia,selectedfirms,ecommerce,,,,2026-09-20 22:29
social-whispers.com,Social Whispers,https://social-whispers.com/,,Australia,australia,selectedfirms,ecommerce,,,,2026-09-20 22:29
4mation.com.au,4mation Technologies,https://www.4mation.com.au/,,Australia,australia,selectedfirms,ecommerce,,,,2026-09-20 22:29
puremedia.com.au,Puremedia,https://www.puremedia.com.au/,,Australia,australia,selectedfirms,ecommerce,,,,2026-09-20 22:29
kodeclust.com,Kodeclust Technologies,https://www.kodeclust.com/software-testing,,Australia,australia,selectedfirms,ecommerce,,,,2026-09-20 22:29
conversiondigital.com.au,Conversion Digital,https://www.conversiondigital.com.au/,,Australia,australia,selectedfirms,ecommerce|magento|wordpress,,,,2026-09-20 22:29
vnmtsolutions.com,VNMT Solutions,https://www.vnmtsolutions.com/,,Australia,australia,selectedfirms,ecommerce|magento,,,,2026-09-20 22:29
lambagency.com.au,Lamb Agency,https://www.lambagency.com.au/,,Australia,australia,selectedfirms,ecommerce|magento,,,,2026-09-20 22:29
contentsquare.com,Contentsquare,https://contentsquare.com/,,Australia,australia,selectedfirms,ecommerce,,,,2026-09-20 22:29
magenable.com.au,Magenable,https://magenable.com.au/,,Australia,australia,selectedfirms,bigcommerce|ecommerce|magento,,,,2026-09-20 22:29
devkind.com.au,Devkind,https://www.devkind.com.au/,,Australia,australia,selectedfirms,ecommerce,,,,2026-09-20 22:29
23digital.com.au,23 Digital,https://www.23digital.com.au/,,Australia,australia,selectedfirms,ecommerce,,,,2026-09-20 22:29
rivalecommerce.com.au,Rival Ecommerce,https://www.rivalecommerce.com.au/,,Australia,australia,selectedfirms,ecommerce|magento,,,,2026-09-20 22:29
skylarkseo.com,Skylark SEO,https://skylarkseo.com/au/,,Australia,australia,selectedfirms,ecommerce|wordpress,,,,2026-09-20 22:29
effektiv.com.au,Effektiv,https://www.effektiv.com.au/,,Australia,australia,selectedfirms,ecommerce,,,,2026-09-20 22:29
vrbonkers.com,VR Bonkers,https://vrbonkers.com,,Australia,australia,selectedfirms,ecommerce|wordpress,,,,2026-09-20 22:29
