domain,name,website,city,country,market,sources,tags,blurb,size,rate,found_at
magnetoitsolutions.com,Magneto IT Solutions,https://magnetoitsolutions.com/,,United Kingdom,uk,selectedfirms,bigcommerce|ecommerce|magento|web|web-design|woocommerce|wordpress,,,,2026-09-22 15:42
bytestechnolab.com,Bytes Technolab Inc,https://www.bytestechnolab.com/,,United Kingdom,uk,selectedfirms,web|web-design,,,,2026-09-22 15:42
ventionteams.com,Vention,https://ventionteams.com/,,United Kingdom,uk,selectedfirms,ecommerce|web|web-design,,,,2026-09-22 15:42
triare.net,TRIARE,https://triare.net/?utm_source=selectedfirms.co&utm_medium=referral_profile&utm_campaign=directory,,United Kingdom,uk,selectedfirms,ecommerce|web|web-design|woocommerce,,,,2026-09-22 15:42
keyideasinfotech.com,Keyideas Infotech Private Limited,https://www.keyideasinfotech.com/,,United Kingdom,uk,selectedfirms,web|web-design,,,,2026-09-22 15:42
probeyservices.com,PROBEY SERVICES,https://probeyservices.com/,,United Kingdom,uk,selectedfirms,ecommerce|magento|web|web-design|woocommerce,,,,2026-09-22 15:42
elogic.co,Elogic Commerce,https://elogic.co/,,United Kingdom,uk,selectedfirms,bigcommerce|ecommerce|magento|web-design,,,,2026-09-22 15:42
seasiainfotech.com,Seasia Infotech,https://www.seasiainfotech.com/,,United Kingdom,uk,selectedfirms,web|web-design,,,,2026-09-22 15:42
manektech.com,Manektech,https://www.manektech.com/,,United Kingdom,uk,selectedfirms,bigcommerce|ecommerce|magento|web|web-design|woocommerce|wordpress,,,,2026-09-22 15:42
anadea.info,Anadea,https://anadea.info/,,United Kingdom,uk,selectedfirms,web|web-design,,,,2026-09-22 15:42
pixelcrayons.com,PixelCrayons,https://www.pixelcrayons.com/,,United Kingdom,uk,selectedfirms,bigcommerce|ecommerce|magento|web|web-design|woocommerce|wordpress,,,,2026-09-22 15:42
solar-digital.com,Solar Digital,https://solar-digital.com/,,United Kingdom,uk,selectedfirms,ecommerce|web|web-design|woocommerce,,,,2026-09-22 15:42
bird.co.uk,Bird Marketing,https://bird.co.uk/web-design/,,United Kingdom,uk,selectedfirms,web|web-design,,,,2026-09-22 15:42
repunext.com,RepuNEXT,https://www.repunext.com,,United Kingdom,uk,selectedfirms,web|web-design,,,,2026-09-22 15:42
taqwah.agency,Taqwah - SaaS UI UX Design Agency,https://taqwah.agency,,United Kingdom,uk,selectedfirms,web|web-design,,,,2026-09-22 15:42
netsolutions.com,Net Solutions,https://www.netsolutions.com/,,United Kingdom,uk,selectedfirms,web|web-design,,,,2026-09-22 15:42
breezedevelopment.co.uk,Breeze Development,https://www.breezedevelopment.co.uk/,,United Kingdom,uk,selectedfirms,ecommerce|magento|web|web-design|woocommerce|wordpress,,,,2026-09-22 15:42
studio36digital.co.uk,Studio 36 Digital,https://studio36digital.co.uk,,United Kingdom,uk,selectedfirms,web-design,,,,2026-09-22 15:42
snotor.pro,Snotor,https://snotor.pro/,,United Kingdom,uk,selectedfirms,web-design,,,,2026-09-22 15:42
picsmatic.com,PicsMatic,https://www.picsmatic.com/,,United Kingdom,uk,selectedfirms,web-design,,,,2026-09-22 15:42
listedwebsitedesign.com,Listed Website Design,https://www.listedwebsitedesign.com,,United Kingdom,uk,selectedfirms,web-design,,,,2026-09-22 15:42
red-giraffe.com,Red Giraffe,https://red-giraffe.com,,United Kingdom,uk,selectedfirms,web-design,,,,2026-09-22 15:42
dnsk.work,DNSK WORK,https://dnsk.work/,,United Kingdom,uk,selectedfirms,web-design,,,,2026-09-22 15:42
g3creative.co.uk,G3 Creative,https://www.g3creative.co.uk,,United Kingdom,uk,selectedfirms,web-design,,,,2026-09-22 15:42
itologycreations.co.uk,Itology Creations,https://itologycreations.co.uk,,United Kingdom,uk,selectedfirms,web-design,,,,2026-09-22 15:42
proxdesign.studio,Prox Design Studio,https://proxdesign.studio/,,United Kingdom,uk,selectedfirms,web-design,,,,2026-09-22 15:42
mediasurgery.com,Media Surgery,https://mediasurgery.com,,United Kingdom,uk,selectedfirms,web-design,,,,2026-09-22 15:42
mobileappexperts.co.uk,Mobile App Experts,https://www.mobileappexperts.co.uk/,,United Kingdom,uk,selectedfirms,ecommerce|web|web-design|woocommerce|wordpress,,,,2026-09-22 15:42
thetechclouds.com,The Tech Clouds,https://thetechclouds.com/,,United Kingdom,uk,selectedfirms,ecommerce|magento|web|web-design|woocommerce,,,,2026-09-22 15:42
experiencedynamics.com,Experience Dynamics,https://www.experiencedynamics.com/,,United Kingdom,uk,selectedfirms,web-design,,,,2026-09-22 15:42
appventurez.com,Appventurez,https://www.appventurez.com/,,United Kingdom,uk,selectedfirms,ecommerce|web|web-design,,,,2026-09-22 15:42
brandixsoft.co.uk,Brandix Soft,https://brandixsoft.co.uk/,,United Kingdom,uk,selectedfirms,ecommerce|magento|web|web-design|wix|wordpress,,,,2026-09-22 15:42
webol.co.uk,Webol,https://webol.co.uk/,,United Kingdom,uk,selectedfirms,web-design,,,,2026-09-22 15:42
arken.digital,Arken Digital,https://arken.digital/,,United Kingdom,uk,selectedfirms,web-design,,,,2026-09-22 15:42
edesksol.com,eDesk Solutions,https://edesksol.com,,United Kingdom,uk,selectedfirms,ecommerce|web|web-design,,,,2026-09-22 15:42
scrums.com,Scrums.com (formerly SovTech),https://www.scrums.com/,,United Kingdom,uk,selectedfirms,web|web-design,,,,2026-09-22 15:42
geekyants.com,GeekyAnts UK Ltd,https://geekyants.com/,,United Kingdom,uk,selectedfirms,web|web-design,,,,2026-09-22 15:42
peiko.space,Peiko,https://peiko.space,,United Kingdom,uk,selectedfirms,web|web-design,,,,2026-09-22 15:42
rexcode.co.uk,RexCode Digital Ltd,https://www.rexcode.co.uk,,United Kingdom,uk,selectedfirms,ecommerce|web|web-design,,,,2026-09-22 15:42
pluspromotions.co.uk,Plus Promotions UK Limited,https://pluspromotions.co.uk/,,United Kingdom,uk,selectedfirms,bigcommerce|ecommerce|magento|squarespace|web|web-design|wix|wordpress,,,,2026-09-22 15:42
hub.waveup.com,waveup,https://hub.waveup.com/,,United Kingdom,uk,selectedfirms,web-design,,,,2026-09-22 15:42
nimbleappgenie.com,Nimble AppGenie,https://www.nimbleappgenie.com/,,United Kingdom,uk,selectedfirms,web|web-design,,,,2026-09-22 15:42
ourownbrand.co,OOB,https://ourownbrand.co/social-media-agency/,,United Kingdom,uk,selectedfirms,web-design,,,,2026-09-22 15:42
phaedrasolutions.com,Phaedra Solutions,https://www.phaedrasolutions.com/,,United Kingdom,uk,selectedfirms,bigcommerce|ecommerce|web|web-design|woocommerce,,,,2026-09-22 15:42
ocd.studio,OCD Studio,https://www.ocd.studio/,,United Kingdom,uk,selectedfirms,web-design,,,,2026-09-22 15:42
saasfactor.co,Saasfactor,https://www.saasfactor.co,,United Kingdom,uk,selectedfirms,web-design,,,,2026-09-22 15:42
websitedesigners.london,WebsiteDesigners.London,https://websitedesigners.london/,,United Kingdom,uk,selectedfirms,web-design,,,,2026-09-22 15:42
dezital.com,Dezital Technologies,https://www.dezital.com/,,United Kingdom,uk,selectedfirms,ecommerce|magento|web|web-design,,,,2026-09-22 15:42
creativesweet.net,Creative Sweet,https://creativesweet.net/,,United Kingdom,uk,selectedfirms,ecommerce|web-design|woocommerce,,,,2026-09-22 15:42
teaminindia.co.uk,Team In India,https://www.teaminindia.co.uk/,,United Kingdom,uk,selectedfirms,bigcommerce|ecommerce|magento|web|web-design|woocommerce|wordpress,,,,2026-09-22 15:42
xtreemsolution.com,Xtreem Solution,https://xtreemsolution.com/,,United Kingdom,uk,selectedfirms,web-design,,,,2026-09-22 15:42
cbwebsitedesign.co.uk,CreativeWeb,https://www.cbwebsitedesign.co.uk/,,United Kingdom,uk,selectedfirms,ecommerce|web|web-design|woocommerce|wordpress,,,,2026-09-22 15:42
gigde.com,Gigde Global Solutions Private Limited,https://www.gigde.com/,,United Kingdom,uk,selectedfirms,web-design,,,,2026-09-22 15:42
innovadeltech.com,Innovadel Technologies,https://www.innovadeltech.com/,,United Kingdom,uk,selectedfirms,bigcommerce|ecommerce|magento|web|web-design|woocommerce,,,,2026-09-22 15:42
brandopus.com,BrandOpus,https://www.brandopus.com/,,United Kingdom,uk,selectedfirms,web-design,,,,2026-09-22 15:42
zaptatech.com,ZAPTA Technologies,https://zaptatech.com/,,United Kingdom,uk,selectedfirms,web|web-design,,,,2026-09-22 15:42
heavyweightdigital.co.uk,Heavyweight Digital,https://heavyweightdigital.co.uk/,,United Kingdom,uk,selectedfirms,web-design,,,,2026-09-22 15:42
devstars.com,Devstars,https://www.devstars.com/,,United Kingdom,uk,selectedfirms,web|web-design,,,,2026-09-22 15:42
bristolmarketingcompany.co.uk,Bristol Marketing Company,https://bristolmarketingcompany.co.uk/,,United Kingdom,uk,selectedfirms,web|web-design,,,,2026-09-22 15:42
netzoll.com,Netzoll,https://netzoll.com/,,United Kingdom,uk,selectedfirms,web-design,,,,2026-09-22 15:42
beaconwebsitedesign.co.uk,Beacon Website Design,https://www.beaconwebsitedesign.co.uk/,,United Kingdom,uk,selectedfirms,web|web-design,,,,2026-09-22 15:42
websitedesignantiques.co.uk,Website Design Antiques,https://www.websitedesignantiques.co.uk/,,United Kingdom,uk,selectedfirms,web-design,,,,2026-09-22 15:42
websitedesigncoventry.uk,Website Design Coventry,https://websitedesigncoventry.uk/,,United Kingdom,uk,selectedfirms,web|web-design,,,,2026-09-22 15:42
firstplaceseo.co.uk,First Place SEO,https://firstplaceseo.co.uk/,,United Kingdom,uk,selectedfirms,web-design,,,,2026-09-22 15:42
dynamicsalessolutions.co.uk,Dynamic Sales Solutions Ltd,https://www.dynamicsalessolutions.co.uk/,,United Kingdom,uk,selectedfirms,web-design,,,,2026-09-22 15:42
seoresellerservices.co.uk,SEO Reseller Services,https://www.seoresellerservices.co.uk,,United Kingdom,uk,selectedfirms,web-design,,,,2026-09-22 15:42
elitemarketingsystems.co.uk,Elite Marketing Systems,https://www.elitemarketingsystems.co.uk/,,United Kingdom,uk,selectedfirms,web-design,,,,2026-09-22 15:42
authorstudios.co.uk,Author Studios | Web Design Southend,https://authorstudios.co.uk/,,United Kingdom,uk,selectedfirms,web-design,,,,2026-09-22 15:42
podiumdesign.co.uk,Podium Design,https://podiumdesign.co.uk,,United Kingdom,uk,selectedfirms,web|web-design,,,,2026-09-22 15:42
topklickz.com,TopKlickz - Digital Marketing Agency,https://topklickz.com/,,United Kingdom,uk,selectedfirms,web-design,,,,2026-09-22 15:42
papayastudio.co.uk,Papaya-Studio - Web Design Cornwall,https://papayastudio.co.uk,,United Kingdom,uk,selectedfirms,web|web-design,,,,2026-09-22 15:42
toimi.pro,Toimi.pro,https://toimi.pro/,,United Kingdom,uk,selectedfirms,web|web-design,,,,2026-09-22 15:42
web-knack.com,WEB-KNACK,https://web-knack.com/,,United Kingdom,uk,selectedfirms,web|web-design,,,,2026-09-22 15:42
sharkfold.com,Sharkfold Ltd,https://sharkfold.com/,,United Kingdom,uk,selectedfirms,web|web-design,,,,2026-09-22 15:42
thecottageindustry.co.uk,Cottage Webs,https://thecottageindustry.co.uk/,,United Kingdom,uk,selectedfirms,ecommerce|web-design,,,,2026-09-22 15:42
visionsdesign.co.uk,Visions Design,https://www.visionsdesign.co.uk/,,United Kingdom,uk,selectedfirms,web|web-design,,,,2026-09-22 15:42
artilab.pro,Artilab,https://artilab.pro,,United Kingdom,uk,selectedfirms,ecommerce|web|web-design|woocommerce|wordpress,,,,2026-09-22 15:42
bravebear.co.uk,Brave Bear Marketing Ltd,https://www.bravebear.co.uk/,,United Kingdom,uk,selectedfirms,web|web-design,,,,2026-09-22 15:42
fjb.digital,FJB Digital,https://www.fjb.digital/,,United Kingdom,uk,selectedfirms,squarespace|web-design,,,,2026-09-22 15:42
noughtsandones.com,Noughts & Ones,https://noughtsandones.com/,,United Kingdom,uk,selectedfirms,ecommerce|web-design,,,,2026-09-22 15:42
seobusiness.co.uk,seoBusiness,https://www.seobusiness.co.uk/,,United Kingdom,uk,selectedfirms,web-design,,,,2026-09-22 15:42
marzee.co,Marzee,https://marzee.co/,,United Kingdom,uk,selectedfirms,web|web-design,,,,2026-09-22 15:42
kmkstudio.uk,KMK Studio,https://kmkstudio.uk/,,United Kingdom,uk,selectedfirms,ecommerce|web|web-design|woocommerce,,,,2026-09-22 15:42
zentixsoft.com,Zentix,https://zentixsoft.com/en,,United Kingdom,uk,selectedfirms,ecommerce|web|web-design|wordpress,,,,2026-09-22 15:42
discovermybusiness.co,DiscoverMyBusiness,https://discovermybusiness.co/,,United Kingdom,uk,selectedfirms,bigcommerce|ecommerce|magento|web|web-design|woocommerce,,,,2026-09-22 15:42
wearemadcraft.com,Madcraft,https://wearemadcraft.com/,,United Kingdom,uk,selectedfirms,ecommerce|web|web-design,,,,2026-09-22 15:42
owdt.com,OWDT,https://owdt.com/,,United Kingdom,uk,selectedfirms,web|web-design,,,,2026-09-22 15:42
applabs.codes,applabs.codes,https://applabs.codes/,,United Kingdom,uk,selectedfirms,web|web-design,,,,2026-09-22 15:42
passionates.com,Passionate Agency – Passionates,https://passionates.com/,,United Kingdom,uk,selectedfirms,ecommerce|web|web-design|wordpress,,,,2026-09-22 15:42
softteam.io,SoftTeam,https://softteam.io/,,United Kingdom,uk,selectedfirms,web|web-design,,,,2026-09-22 15:42
ecomsolutions.co.uk,Ecomsolutions,http://www.ecomsolutions.co.uk/,,United Kingdom,uk,selectedfirms,web|web-design,,,,2026-09-22 15:42
williamscommerce.com,Williams Commerce,https://www.williamscommerce.com,,United Kingdom,uk,selectedfirms,bigcommerce|ecommerce|magento|web-design,,,,2026-09-22 15:42
a2ninfotech.co.uk,A2N InfoTech Limited,https://a2ninfotech.co.uk/,,United Kingdom,uk,selectedfirms,ecommerce|web|web-design,,,,2026-09-22 15:42
seeksocial.co.uk,Seek Social Ltd,https://seeksocial.co.uk/,,United Kingdom,uk,selectedfirms,web|web-design,,,,2026-09-22 15:42
escit.co.uk,ESC IT,https://www.escit.co.uk/,,United Kingdom,uk,selectedfirms,web-design,,,,2026-09-22 15:42
webdesignmania.co.uk,web-design-mania,https://webdesignmania.co.uk/,,United Kingdom,uk,selectedfirms,web|web-design,,,,2026-09-22 15:42
bebran.com,BeBran Digital,https://bebran.com/,,United Kingdom,uk,selectedfirms,web|web-design,,,,2026-09-22 15:42
so-creative.co.uk,So-Creative,https://so-creative.co.uk/,,United Kingdom,uk,selectedfirms,web|web-design,,,,2026-09-22 15:42
loop-digital.co.uk,Loop Digital Marketing Ltd,https://www.loop-digital.co.uk/,,United Kingdom,uk,selectedfirms,ecommerce|web-design|woocommerce,,,,2026-09-22 15:42
dbeta.co.uk,DBETA Web Agency,https://www.dbeta.co.uk/,,United Kingdom,uk,selectedfirms,web|web-design,,,,2026-09-22 15:42
yellowcircle.co.uk,Yellow Circle Web Solutions Limited,https://www.yellowcircle.co.uk,,United Kingdom,uk,selectedfirms,ecommerce|web|web-design|woocommerce,,,,2026-09-22 15:42
seekmarketingpartners.com,Seek Marketing Partners,https://seekmarketingpartners.com/,,United Kingdom,uk,selectedfirms,web|web-design,,,,2026-09-22 15:42
ranktix.co.uk,RankTix,https://ranktix.co.uk/,,United Kingdom,uk,selectedfirms,web|web-design,,,,2026-09-22 15:42
blushush.co.uk,Blushush Agency,https://www.blushush.co.uk/,,United Kingdom,uk,selectedfirms,ecommerce|web|web-design|woocommerce|wordpress,,,,2026-09-22 15:42
mm-digi.co.uk,MM Digital,https://mm-digi.co.uk/,,United Kingdom,uk,selectedfirms,web-design,,,,2026-09-22 15:42
qubstudio.com,Qubstudio,https://qubstudio.com/,,United Kingdom,uk,selectedfirms,web-design,,,,2026-09-22 15:42
hydracreative.com,Hydra Creative,https://www.hydracreative.com/,,United Kingdom,uk,selectedfirms,web-design,,,,2026-09-22 15:42
heseven.com,Heseven,https://www.heseven.com/,,United Kingdom,uk,selectedfirms,ecommerce|web-design,,,,2026-09-22 15:42
scalemeup.com,ScaleMeUp,https://scalemeup.com/,,United Kingdom,uk,selectedfirms,ecommerce|web|web-design,,,,2026-09-22 15:42
thatproductstudio.com,That Product Studio,https://www.thatproductstudio.com/,,United Kingdom,uk,selectedfirms,web-design,,,,2026-09-22 15:42
simpleplanmedia.com,SimplePlan Media,https://www.simpleplanmedia.com/,,United Kingdom,uk,selectedfirms,ecommerce|web|web-design,,,,2026-09-22 15:42
computersupportcentre.com,Computer Support Centre,https://computersupportcentre.com/,,United Kingdom,uk,selectedfirms,ecommerce|web|web-design|woocommerce,,,,2026-09-22 15:42
storm12.co.uk,Storm12 Marketing Agency,https://www.storm12.co.uk/,,United Kingdom,uk,selectedfirms,web|web-design,,,,2026-09-22 15:42
fueled.com,Fueled,https://fueled.com/,,United Kingdom,uk,selectedfirms,web|web-design,,,,2026-09-22 15:42
kindgeek.com,KindGeek,https://kindgeek.com/,,United Kingdom,uk,selectedfirms,web|web-design,,,,2026-09-22 15:42
dotcode.pro,dotcode,https://dotcode.pro/,,United Kingdom,uk,selectedfirms,web-design,,,,2026-09-22 15:42
appcentric.co.uk,Appcentric,https://appcentric.co.uk/,,United Kingdom,uk,selectedfirms,web|web-design,,,,2026-09-22 15:42
digitalhonchos.com,Digital Honchos,https://digitalhonchos.com/,,United Kingdom,uk,selectedfirms,bigcommerce|ecommerce|magento|web|web-design|wordpress,,,,2026-09-22 15:42
m3.agency,M3.agency,https://www.m3.agency/,,United Kingdom,uk,selectedfirms,web-design,,,,2026-09-22 15:42
yojji.io,Yojji LTD,https://yojji.io/,,United Kingdom,uk,selectedfirms,web|web-design,,,,2026-09-22 15:42
duck.design,Duck.Design,https://duck.design/?,,United Kingdom,uk,selectedfirms,web-design,,,,2026-09-22 15:42
linkdigital.co.uk,Link Digital,https://www.linkdigital.co.uk,,United Kingdom,uk,selectedfirms,ecommerce|web|web-design|woocommerce,,,,2026-09-22 15:42
iflextech.co,IfLex Technologies,https://iflextech.co,,United Kingdom,uk,selectedfirms,web|web-design,,,,2026-09-22 15:42
londonlogosdesigns.co.uk,londonlogosdesigns,https://londonlogosdesigns.co.uk/,,United Kingdom,uk,selectedfirms,web|web-design,,,,2026-09-22 15:42
andbetween.com,andbetween®,https://www.andbetween.com,,United Kingdom,uk,selectedfirms,web|web-design,,,,2026-09-22 15:42
inlodesign.com,Inlo Design,https://inlodesign.com/,,United Kingdom,uk,selectedfirms,bigcommerce|ecommerce|web|web-design|woocommerce,,,,2026-09-22 15:42
midlandmarketing.co.uk,Midlandmarketing,https://midlandmarketing.co.uk/our-services/all-in-one-marketing-package/,,United Kingdom,uk,selectedfirms,web|web-design,,,,2026-09-22 15:42
digitechenterprises.io,Digitech Enterprises Limited,https://digitechenterprises.io/,,United Kingdom,uk,selectedfirms,web|web-design,,,,2026-09-22 15:42
guncuninghame.com,Gun Cuninghame Communications,https://www.guncuninghame.com/,,United Kingdom,uk,selectedfirms,web-design,,,,2026-09-22 15:42
wiganseo.co.uk,Wigan SEO,https://www.wiganseo.co.uk,,United Kingdom,uk,selectedfirms,web-design,,,,2026-09-22 15:42
apadmi.com,Apadmi,https://www.apadmi.com/,,United Kingdom,uk,selectedfirms,web|web-design,,,,2026-09-22 15:42
techgrains.com,Techgrains,https://www.techgrains.com/,,United Kingdom,uk,selectedfirms,ecommerce|web|web-design,,,,2026-09-22 15:42
loudlydev.com,LoudlyDev Global Solutions,https://loudlydev.com/,,United Kingdom,uk,selectedfirms,web|web-design,,,,2026-09-22 15:42
gcdtech.com,GCD,https://gcdtech.com/,,United Kingdom,uk,selectedfirms,web-design,,,,2026-09-22 15:42
rocketvan.io,ROCKETVAN,https://rocketvan.io/,,United Kingdom,uk,selectedfirms,web|web-design,,,,2026-09-22 15:42
superfried.com,Superfried,https://www.superfried.com/,,United Kingdom,uk,selectedfirms,web-design,,,,2026-09-22 15:42
rsacreativestudio.com,RSA Creative Studio,https://www.rsacreativestudio.com/,,United Kingdom,uk,selectedfirms,web|web-design,,,,2026-09-22 15:42
wearekitty.com,We Are Kitty,https://wearekitty.com/,,United Kingdom,uk,selectedfirms,bigcommerce|ecommerce|web|web-design,,,,2026-09-22 15:42
illuminise.com,illuminise ltd,https://www.illuminise.com/,,United Kingdom,uk,selectedfirms,ecommerce|magento|web-design,,,,2026-09-22 15:42
wecreate.digital,We Create Digital,https://wecreate.digital/,,United Kingdom,uk,selectedfirms,ecommerce|magento|web|web-design|woocommerce|wordpress,,,,2026-09-22 15:42
weblinx.co.uk,Weblinx,https://weblinx.co.uk/,,United Kingdom,uk,selectedfirms,web|web-design,,,,2026-09-22 15:42
primalspace.co.uk,Primal Space,https://www.primalspace.co.uk,,United Kingdom,uk,selectedfirms,ecommerce|magento|web-design|woocommerce,,,,2026-09-22 15:42
webflowleads.com,Webflow Leads,http://webflowleads.com/?utm_source=selectedfirms&utm_medium=company&utm_campaign=company_profile,,United Kingdom,uk,selectedfirms,web|web-design,,,,2026-09-22 15:42
anikadigital.com,Anika Digital,https://anikadigital.com/,,United Kingdom,uk,selectedfirms,ecommerce|magento|web|web-design|woocommerce,,,,2026-09-22 15:42
aybinfotech.com,AYB Infotech,https://aybinfotech.com/,,United Kingdom,uk,selectedfirms,web|web-design,,,,2026-09-22 15:42
azinseo.com,azinseo,https://azinseo.com,,United Kingdom,uk,selectedfirms,ecommerce|web|web-design,,,,2026-09-22 15:42
netclubbed.com,Netclubbed,https://netclubbed.com/,,United Kingdom,uk,selectedfirms,ecommerce|magento|web|web-design|woocommerce,,,,2026-09-22 15:42
creativelogodesign.co.uk,Creative Logo Design,https://creativelogodesign.co.uk/,,United Kingdom,uk,selectedfirms,ecommerce|web|web-design,,,,2026-09-22 15:42
limeup.io,Limeup,https://limeup.io/,,United Kingdom,uk,selectedfirms,web|web-design,,,,2026-09-22 15:42
insightcraftsmarketing.com,Insight Crafts Marketing,https://insightcraftsmarketing.com/,,United Kingdom,uk,selectedfirms,web|web-design,,,,2026-09-22 15:42
portside.wales,Portside,https://www.portside.wales,,United Kingdom,uk,selectedfirms,ecommerce|web|web-design|woocommerce,,,,2026-09-22 15:42
kaweb.co.uk,Kaweb,https://www.kaweb.co.uk/,,United Kingdom,uk,selectedfirms,ecommerce|magento|web|web-design,,,,2026-09-22 15:42
seopoole.co.uk,SEO Poole,https://www.seopoole.co.uk/,,United Kingdom,uk,selectedfirms,web-design,,,,2026-09-22 15:42
redarrowmarketing.co.uk,Red Arrow Marketing Ltd.,https://redarrowmarketing.co.uk/,,United Kingdom,uk,selectedfirms,bigcommerce|ecommerce|magento|web|web-design|woocommerce,,,,2026-09-22 15:42
triconinfotech.com,Tricon Infotech,https://www.triconinfotech.com/,,United Kingdom,uk,selectedfirms,web-design,,,,2026-09-22 15:42
thealtitudemarketing.co.uk,The Altitude Marketing,https://thealtitudemarketing.co.uk/,,United Kingdom,uk,selectedfirms,ecommerce|web|web-design,,,,2026-09-22 15:42
365mastertech.com,365MASTERTECH,https://365mastertech.com/,,United Kingdom,uk,selectedfirms,web|web-design,,,,2026-09-22 15:42
memcrab.com,Memcrab,https://memcrab.com/,,United Kingdom,uk,selectedfirms,web-design,,,,2026-09-22 15:42
seodiscovery.com,SEO Discovery,https://www.seodiscovery.com/,,United Kingdom,uk,selectedfirms,web|web-design,,,,2026-09-22 15:42
launchscotland.com,Launch Digital,https://www.launchscotland.com/,,United Kingdom,uk,selectedfirms,ecommerce|web|web-design,,,,2026-09-22 15:42
infinitymediadesign.co.uk,Infinity Media Design,https://infinitymediadesign.co.uk/,,United Kingdom,uk,selectedfirms,web-design,,,,2026-09-22 15:42
3d-verso.com,3D VERSO,https://3d-verso.com/,,United Kingdom,uk,selectedfirms,web|web-design,,,,2026-09-22 15:42
waywestdesign.co.uk,Waywest Design,https://waywestdesign.co.uk/,,United Kingdom,uk,selectedfirms,ecommerce|web-design|wordpress,,,,2026-09-22 15:42
kamreno.com,Kamreno,https://kamreno.com/,,United Kingdom,uk,selectedfirms,web-design,,,,2026-09-22 15:42
balticdigitalmarketing.co.uk,Baltic Digital Marketing,https://balticdigitalmarketing.co.uk/,,United Kingdom,uk,selectedfirms,web-design,,,,2026-09-22 15:42
ffface.me,FFFACE.ME,https://ffface.me/,,United Kingdom,uk,selectedfirms,web-design,,,,2026-09-22 15:42
bizbrolly.com,BizBrolly,https://bizbrolly.com/,,United Kingdom,uk,selectedfirms,web|web-design,,,,2026-09-22 15:42
absolute.digital,Absolute Digital Media,https://absolute.digital/,,United Kingdom,uk,selectedfirms,web-design,,,,2026-09-22 15:42
jamprime.com,JamPrime,https://www.jamprime.com/,,United Kingdom,uk,selectedfirms,web-design,,,,2026-09-22 15:42
ingentive.com,Software Solved,https://www.ingentive.com/,,United Kingdom,uk,selectedfirms,web-design,,,,2026-09-22 15:42
form.agency,Form Agency,https://form.agency/,,United Kingdom,uk,selectedfirms,web-design,,,,2026-09-22 15:42
codeleap.co.uk,CodeLeap,https://codeleap.co.uk/,,United Kingdom,uk,selectedfirms,web-design,,,,2026-09-22 15:42
funnelsimplified.com,Funnel Simplified,https://funnelsimplified.com/,,United Kingdom,uk,selectedfirms,web-design,,,,2026-09-22 15:42
browndog.agency,Browndog,https://browndog.agency/,,United Kingdom,uk,selectedfirms,web-design,,,,2026-09-22 15:42
shakuro.com,Shakuro,https://shakuro.com/,,United Kingdom,uk,selectedfirms,web-design,,,,2026-09-22 15:42
greengeckodigital.co.uk,Green Gecko Digital,https://greengeckodigital.co.uk/,,United Kingdom,uk,selectedfirms,web-design,,,,2026-09-22 15:42
hughesmedia.co.uk,Hughes Media Internet,https://www.hughesmedia.co.uk/,,United Kingdom,uk,selectedfirms,web-design,,,,2026-09-22 15:42
biglight.co.uk,Biglight Ltd,https://biglight.co.uk/,,United Kingdom,uk,selectedfirms,web-design,,,,2026-09-22 15:42
firstratemarketing.com,First Rate Marketing,https://firstratemarketing.com/,,United Kingdom,uk,selectedfirms,web-design,,,,2026-09-22 15:42
fatcowmedia.co.uk,Fat Cow Media,https://www.fatcowmedia.co.uk/,,United Kingdom,uk,selectedfirms,web-design,,,,2026-09-22 15:42
browserlondon.com,Browser London,https://www.browserlondon.com/,,United Kingdom,uk,selectedfirms,web-design,,,,2026-09-22 15:42
lemonadeillustration.com,Lemonade Illustration Agency,https://www.lemonadeillustration.com/,,United Kingdom,uk,selectedfirms,web-design,,,,2026-09-22 15:42
wrateseditingservices.co.uk,Wrate's Self-Publishing Editing,https://wrateseditingservices.co.uk/,,United Kingdom,uk,selectedfirms,web-design,,,,2026-09-22 15:42
mohara.co,MOHARA,https://mohara.co/,,United Kingdom,uk,selectedfirms,web|web-design,,,,2026-09-22 15:42
whitesmith.co,Whitesmith,https://www.whitesmith.co/,,United Kingdom,uk,selectedfirms,web-design,,,,2026-09-22 15:42
seo-services.co.uk,SEO Services,https://www.seo-services.co.uk/,,United Kingdom,uk,selectedfirms,web|web-design,,,,2026-09-22 15:42
afive.agency,AFIVE Digital Agency,https://afive.agency/,,United Kingdom,uk,selectedfirms,ecommerce|web|web-design|woocommerce|wordpress,,,,2026-09-22 15:42
ietexperts.com,Innovative Edge Technologies,https://ietexperts.com/,,United Kingdom,uk,selectedfirms,ecommerce|squarespace|web|web-design|wix|woocommerce|wordpress,,,,2026-09-22 15:42
unifywizards.com,Unify Wizards,https://www.unifywizards.com,,United Kingdom,uk,selectedfirms,web|web-design,,,,2026-09-22 15:42
atulatech.com,Atula Technologies Ltd.,https://atulatech.com/,,United Kingdom,uk,selectedfirms,ecommerce|magento|web|web-design|woocommerce,,,,2026-09-22 15:42
pebbleltd.co.uk,Pebble,https://www.pebbleltd.co.uk/,,United Kingdom,uk,selectedfirms,ecommerce|web|web-design,,,,2026-09-22 15:42
studiosimpact.com,Studios Impact,https://studiosimpact.com/,,United Kingdom,uk,selectedfirms,ecommerce|web|web-design,,,,2026-09-22 15:42
innovativewebspecialists.co.uk,Innovative Web Specialists - IWS,https://innovativewebspecialists.co.uk/,,United Kingdom,uk,selectedfirms,ecommerce|magento|web-design|woocommerce,,,,2026-09-22 15:42
leicesterwebsites.com,Leicester Websites,https://www.leicesterwebsites.com/,,United Kingdom,uk,selectedfirms,ecommerce|magento|web|web-design|woocommerce,,,,2026-09-22 15:42
eliteitteam.com,Elite It Team,http://eliteitteam.com/blogs/ios-app-development-trends/,,United Kingdom,uk,selectedfirms,web|web-design,,,,2026-09-22 15:42
maznet.co.uk,Maznet,https://maznet.co.uk/,,United Kingdom,uk,selectedfirms,web-design,,,,2026-09-22 15:42
robosoftin.com,Robosoft Technologies Inc.,https://www.robosoftin.com/,,United Kingdom,uk,selectedfirms,web|web-design,,,,2026-09-22 15:42
geeks.ltd,Geeks Ltd,https://www.geeks.ltd/,,United Kingdom,uk,selectedfirms,web|web-design,,,,2026-09-22 15:42
fourleaf.co.uk,Fourleaf,https://www.fourleaf.co.uk,,United Kingdom,uk,selectedfirms,web|web-design,,,,2026-09-22 15:42
webskitters.com,Webskitters Technology Solutions Pvt. Ltd.,https://www.webskitters.com/,,United Kingdom,uk,selectedfirms,bigcommerce|ecommerce|magento|web|web-design|woocommerce,,,,2026-09-22 15:42
leadsbrain.com,Leads Brain LTD,https://leadsbrain.com,,United Kingdom,uk,selectedfirms,bigcommerce|ecommerce|web|web-design|wix|woocommerce|wordpress,,,,2026-09-22 15:42
upliftadvertising.com,Uplift Advertising,https://upliftadvertising.com/,,United Kingdom,uk,selectedfirms,ecommerce|magento|web|web-design|woocommerce|wordpress,,,,2026-09-22 15:42
artsanac.com,Artsanac LTD,https://www.artsanac.com/,,United Kingdom,uk,selectedfirms,web|web-design,,,,2026-09-22 15:42
horizonservices.uk,Horizon Services,https://horizonservices.uk/,,United Kingdom,uk,selectedfirms,ecommerce|magento|web|web-design|woocommerce,,,,2026-09-22 15:42
tecsmiths.co.uk,TecSmiths,https://tecsmiths.co.uk/,,United Kingdom,uk,selectedfirms,web|web-design,,,,2026-09-22 15:42
flyhighmedia.co.uk,Fly High Media Ltd,https://www.flyhighmedia.co.uk,,United Kingdom,uk,selectedfirms,web-design,,,,2026-09-22 15:42
prontosys.ae,Prontosys It Services,https://www.prontosys.ae/,,United Kingdom,uk,selectedfirms,ecommerce|magento|web|web-design|wix|woocommerce|wordpress,,,,2026-09-22 15:42
upraiseseo.com,Upraise LTD,https://upraiseseo.com/,,United Kingdom,uk,selectedfirms,web|web-design,,,,2026-09-22 15:42
rsnake.co.uk,Rattlesnake Group,https://www.rsnake.co.uk/,,United Kingdom,uk,selectedfirms,web|web-design,,,,2026-09-22 15:42
skillwork.co.uk,Skillwork,https://skillwork.co.uk/,,United Kingdom,uk,selectedfirms,web-design,,,,2026-09-22 15:42
deepinspire.com,DeepInspire,https://deepinspire.com/,,United Kingdom,uk,selectedfirms,web-design,,,,2026-09-22 15:42
nmgtechnologies.com,NMG Technologies,https://nmgtechnologies.com/,,United Kingdom,uk,selectedfirms,ecommerce|magento|web|web-design,,,,2026-09-22 15:42
computools.com,Computools,https://computools.com/,,United Kingdom,uk,selectedfirms,web|web-design,,,,2026-09-22 15:42
netguru.com,Netguru,https://www.netguru.com/,,United Kingdom,uk,selectedfirms,web|web-design,,,,2026-09-22 15:42
rytsensetech.com,Rytsense Technologies,https://rytsensetech.com/,,United Kingdom,uk,selectedfirms,ecommerce|magento|web|web-design|woocommerce|wordpress,,,,2026-09-22 15:42
viapontica.ai,Viapontica AI,https://viapontica.ai/,,United Kingdom,uk,selectedfirms,web|web-design,,,,2026-09-22 15:42
seoworks.co.uk,The SEO Works,https://www.seoworks.co.uk,,United Kingdom,uk,selectedfirms,web|web-design,,,,2026-09-22 15:42
goldenowl.asia,Golden Owl Consulting Ltd,https://goldenowl.asia/,,United Kingdom,uk,selectedfirms,ecommerce|web|web-design,,,,2026-09-22 15:42
rouge-media.com,Rouge Media,https://www.rouge-media.com/,,United Kingdom,uk,selectedfirms,web|web-design,,,,2026-09-22 15:42
beadaptify.com,Beadaptify,https://beadaptify.com/,,United Kingdom,uk,selectedfirms,ecommerce|web|web-design|wix|woocommerce|wordpress,,,,2026-09-22 15:42
peachr.co.uk,Peachr,https://www.peachr.co.uk,,United Kingdom,uk,selectedfirms,ecommerce|web|web-design|woocommerce,,,,2026-09-22 15:42
piwebpress.com,pi webpress,https://piwebpress.com/,,United Kingdom,uk,selectedfirms,bigcommerce|ecommerce|magento|web|web-design|wix|woocommerce|wordpress,,,,2026-09-22 15:42
keyelement.co.uk,Key Element Ltd,https://www.keyelement.co.uk/,,United Kingdom,uk,selectedfirms,ecommerce|web|web-design|woocommerce,,,,2026-09-22 15:42
humanmade.com,Human Made,https://humanmade.com/,,United Kingdom,uk,selectedfirms,web|web-design|wordpress,,,,2026-09-22 15:42
unified.co,Unified,https://unified.co/,,United Kingdom,uk,selectedfirms,bigcommerce|ecommerce|magento|web-design,,,,2026-09-22 15:42
iflexion.com,Iflexion,https://www.iflexion.com/,,United Kingdom,uk,selectedfirms,ecommerce|magento|web|web-design|woocommerce,,,,2026-09-22 15:42
cisin.com,Cyber Infrastructur Inc,https://www.cisin.com/,,United Kingdom,uk,selectedfirms,ecommerce|magento|web|web-design|wordpress,,,,2026-09-22 15:42
buglelab.io,Buglelab,https://buglelab.io/,,United Kingdom,uk,selectedfirms,web|web-design,,,,2026-09-22 15:42
dymixstudio.com,Dymix,https://dymixstudio.com/,,United Kingdom,uk,selectedfirms,web-design|wordpress,,,,2026-09-22 15:42
genesisalgorithms.com,GENESIS ALGORITHMS,https://www.genesisalgorithms.com/,,United Kingdom,uk,selectedfirms,bigcommerce|ecommerce|magento|web-design,,,,2026-09-22 15:42
herdl.com,Herdl,https://herdl.com/,,United Kingdom,uk,selectedfirms,web|web-design,,,,2026-09-22 15:42
ocpr.co.uk,OCPR Ltd,https://www.ocpr.co.uk/,,United Kingdom,uk,selectedfirms,web|web-design,,,,2026-09-22 15:42
studiorav.co.uk,StudioRav,https://www.studiorav.co.uk/,,United Kingdom,uk,selectedfirms,ecommerce|magento|web-design|woocommerce|wordpress,,,,2026-09-22 15:42
hexdigital.com,Hex Digital,https://www.hexdigital.com/,,United Kingdom,uk,selectedfirms,web|web-design,,,,2026-09-22 15:42
th-ey.com,TH-EY,https://www.th-ey.com/,,United Kingdom,uk,selectedfirms,web|web-design,,,,2026-09-22 15:42
eprmarketing.co.uk,EPR Marketing,https://eprmarketing.co.uk/,,United Kingdom,uk,selectedfirms,ecommerce|magento|web-design|wix,,,,2026-09-22 15:42
toru.digital,Toru Digital,https://www.toru.digital/,,United Kingdom,uk,selectedfirms,ecommerce|web|web-design|wordpress,,,,2026-09-22 15:42
mainmenu.co,Main Menu,https://mainmenu.co/,,United Kingdom,uk,selectedfirms,web|web-design,,,,2026-09-22 15:42
zudu.co.uk,Zudu,https://zudu.co.uk/,,United Kingdom,uk,selectedfirms,web|web-design,,,,2026-09-22 15:42
smartym.co,Smartym Pro,https://smartym.co/,,United Kingdom,uk,selectedfirms,web|web-design,,,,2026-09-22 15:42
prefacestudios.com,Preface Studios,https://prefacestudios.com/,,United Kingdom,uk,selectedfirms,web-design|wordpress,,,,2026-09-22 15:42
cyber-duck.co.uk,Cyber-Duck,https://www.cyber-duck.co.uk/,,United Kingdom,uk,selectedfirms,web-design,,,,2026-09-22 15:42
cynosuredesigns.co.uk,Cynosure Designs,https://cynosuredesigns.co.uk/,,United Kingdom,uk,selectedfirms,web|web-design,,,,2026-09-22 15:42
maxwellglobalsoftware.com,Maxwell Global Software,https://www.maxwellglobalsoftware.com/,,United Kingdom,uk,selectedfirms,ecommerce|magento|web|web-design|wordpress,,,,2026-09-22 15:42
invisiosolutions.com,Invisio Solutions,https://invisiosolutions.com/,,United Kingdom,uk,selectedfirms,web|web-design,,,,2026-09-22 15:42
tatvasoft.com,TatvaSoft,https://www.tatvasoft.com/software-development-company-dallas,,United Kingdom,uk,selectedfirms,web|web-design,,,,2026-09-22 15:42
grouptakey.com,Group Takey,https://www.grouptakey.com,,United Kingdom,uk,selectedfirms,ecommerce|web|web-design|wordpress,,,,2026-09-22 15:42
xportsoft.com,Xportsoft Technologies,https://www.xportsoft.com/,,United Kingdom,uk,selectedfirms,web|web-design,,,,2026-09-22 15:42
aptagon.com,Aptagon Technologies,https://aptagon.com/,,United Kingdom,uk,selectedfirms,ecommerce|web|web-design|wordpress,,,,2026-09-22 15:42
ithunter.co.uk,IT Hunter SEO Agency,https://ithunter.co.uk,,United Kingdom,uk,selectedfirms,ecommerce|web|web-design|woocommerce|wordpress,,,,2026-09-22 15:42
webskitters.uk,Webskitters LTD,https://www.webskitters.uk/,,United Kingdom,uk,selectedfirms,ecommerce|magento|web|web-design,,,,2026-09-22 15:42
idslogic.co.uk,IDS Logic UK LTD,https://www.idslogic.co.uk/,,United Kingdom,uk,selectedfirms,ecommerce|magento|web|web-design|woocommerce|wordpress,,,,2026-09-22 15:42
logoinn.co.uk,Logoinn UK,https://www.logoinn.co.uk/,,United Kingdom,uk,selectedfirms,ecommerce|magento|web|web-design,,,,2026-09-22 15:42
solusent.com,Solusent,https://solusent.com/,,United Kingdom,uk,selectedfirms,ecommerce|web|web-design,,,,2026-09-22 15:42
socreativestudio.com,SoCreativeStudio,https://www.socreativestudio.com/,,United Kingdom,uk,selectedfirms,web|web-design,,,,2026-09-22 15:42
eleventhtech.co.uk,Eleventh Tech,https://eleventhtech.co.uk/,,United Kingdom,uk,selectedfirms,ecommerce|web|web-design|woocommerce,,,,2026-09-22 15:42
softhunters.co.uk,Softhunters UK,https://softhunters.co.uk,,United Kingdom,uk,selectedfirms,bigcommerce|ecommerce|magento|web|web-design|woocommerce,,,,2026-09-22 15:42
wpminds.com,WP Minds,https://wpminds.com/wordpress-maintenance-plans/,,United Kingdom,uk,selectedfirms,ecommerce|web|web-design|woocommerce,,,,2026-09-22 15:42
ksrio.com,KSR Web Development,https://ksrio.com,,United Kingdom,uk,selectedfirms,ecommerce|web|web-design|woocommerce,,,,2026-09-22 15:42
techvineai.com,Techvine AI Limited,https://www.techvineai.com,,United Kingdom,uk,selectedfirms,web|web-design,,,,2026-09-22 15:42
imobiledesigns.com,Immersive Mobile Designs,https://www.imobiledesigns.com,,United Kingdom,uk,selectedfirms,web|web-design,,,,2026-09-22 15:42
azentratech.com,Azentra Technologies,https://azentratech.com/,,United Kingdom,uk,selectedfirms,web|web-design,,,,2026-09-22 15:42
ukitservices.co.uk,UK IT Services,https://ukitservices.co.uk/,,United Kingdom,uk,selectedfirms,bigcommerce|ecommerce|magento|web|web-design|woocommerce,,,,2026-09-22 15:42
awaredigital.co.uk,Aware Digital,https://www.awaredigital.co.uk/,,United Kingdom,uk,selectedfirms,ecommerce|magento|web|web-design|wix|woocommerce|wordpress,,,,2026-09-22 15:42
idstechsolutions.com,IDS Tech Solutions,https://idstechsolutions.com/,,United Kingdom,uk,selectedfirms,web|web-design|wordpress,,,,2026-09-22 15:42
square-root.co.uk,Square Root Solutions,https://square-root.co.uk/,,United Kingdom,uk,selectedfirms,bigcommerce|ecommerce|magento|web|web-design|woocommerce,,,,2026-09-22 15:42
hashbyt.com,Hashbyt,https://www.hashbyt.com/,,United Kingdom,uk,selectedfirms,web|web-design,,,,2026-09-22 15:42
wholegraindigital.com,Wholegrain Digital,https://www.wholegraindigital.com/,,United Kingdom,uk,selectedfirms,web|web-design,,,,2026-09-22 15:42
upthereeverywhere.com,Full Metal Software,https://www.upthereeverywhere.com/,,United Kingdom,uk,selectedfirms,bigcommerce|ecommerce|web-design|woocommerce|wordpress,,,,2026-09-22 15:42
inqsys.com,Inqsys Technologies,https://inqsys.com/,,United Kingdom,uk,selectedfirms,ecommerce|magento|web|web-design|wordpress,,,,2026-09-22 15:42
americaneagle.com,Americaneagle.com,https://www.americaneagle.com/,,United Kingdom,uk,selectedfirms,bigcommerce|ecommerce|magento|web|web-design|wordpress,,,,2026-09-22 15:42
aspectusgroup.com,Aspectus,https://www.aspectusgroup.com/,,United Kingdom,uk,selectedfirms,web|web-design,,,,2026-09-22 15:42
cloudexistechnolabs.com,Cloudexis Technolabs,https://cloudexistechnolabs.com/,,United Kingdom,uk,selectedfirms,ecommerce|web|web-design|woocommerce|wordpress,,,,2026-09-22 15:42
synmek.com,Synmek Ltd.,https://synmek.com/,,United Kingdom,uk,selectedfirms,ecommerce|web|web-design|woocommerce,,,,2026-09-22 15:42
asradigitals.com,Asradigitals,https://asradigitals.com/,,United Kingdom,uk,selectedfirms,ecommerce|web|web-design|woocommerce,,,,2026-09-22 15:42
bsscommerce.com,BSS Commerce,https://bsscommerce.com/,,United Kingdom,uk,selectedfirms,ecommerce|magento|web|web-design,,,,2026-09-22 15:42
geniecrawl.com,Genie Crawl,https://www.geniecrawl.com/,,United Kingdom,uk,selectedfirms,ecommerce|magento|web|web-design|woocommerce|wordpress,,,,2026-09-22 15:42
majordigital.com,MAJOR Digital,https://majordigital.com/,,United Kingdom,uk,selectedfirms,web|web-design,,,,2026-09-22 15:42
agreatnewwebsite.com,AST & Partners,https://www.agreatnewwebsite.com/,,United Kingdom,uk,selectedfirms,ecommerce|web-design|wix,,,,2026-09-22 15:42
pinkdot.agency,Pinkdot Design,https://www.pinkdot.agency/,,United Kingdom,uk,selectedfirms,web|web-design|wix,,,,2026-09-22 15:42
hestabit.com,HestaBit Limited,https://www.hestabit.com/,,United Kingdom,uk,selectedfirms,web|web-design,,,,2026-09-22 15:42
soapmedia.co.uk,Soap Media,https://www.soapmedia.co.uk/,,United Kingdom,uk,selectedfirms,web|web-design,,,,2026-09-22 15:42
supercharge.io,Supercharge,https://supercharge.io/,,United Kingdom,uk,selectedfirms,web|web-design,,,,2026-09-22 15:42
bytecorp.io,ByteCorp Technologies,https://www.bytecorp.io/,,United Kingdom,uk,selectedfirms,web|web-design,,,,2026-09-22 15:42
chilliapple.co.uk,ChilliApple,https://www.chilliapple.co.uk/,,United Kingdom,uk,selectedfirms,ecommerce|magento|web|web-design|woocommerce,,,,2026-09-22 15:42
gravitai.com,Gravitai Ltd,https://www.gravitai.com,,United Kingdom,uk,selectedfirms,ecommerce|web|web-design,,,,2026-09-22 15:42
webmagic.agency,WebMagic,https://webmagic.agency,,United Kingdom,uk,selectedfirms,ecommerce|web|web-design,,,,2026-09-22 15:42
thebravenext.com,The Brave Next,https://www.thebravenext.com/,,United Kingdom,uk,selectedfirms,web|web-design,,,,2026-09-22 15:42
rbseo.co.uk,RBSEO,https://www.rbseo.co.uk,,United Kingdom,uk,selectedfirms,ecommerce|web|web-design,,,,2026-09-22 15:42
diversido.io,Diversido,https://www.diversido.io/,,United Kingdom,uk,selectedfirms,web|web-design,,,,2026-09-22 15:42
ardentthrive.com,Ardent Thrive,https://ardentthrive.com/,,United Kingdom,uk,selectedfirms,ecommerce|web|web-design|wordpress,,,,2026-09-22 15:42
studiographene.com,Studio Graphene,https://www.studiographene.com/,,United Kingdom,uk,selectedfirms,ecommerce|web|web-design,,,,2026-09-22 15:42
centrelocus.com,Centre Locus,https://centrelocus.com/,,United Kingdom,uk,selectedfirms,bigcommerce|ecommerce|magento|web|web-design|wix|woocommerce|wordpress,,,,2026-09-22 15:42
vaimo.com,Vaimo,https://www.vaimo.com/,,United Kingdom,uk,selectedfirms,ecommerce|web-design,,,,2026-09-22 15:42
security.smallgiants.agency,SmallGiants,https://security.smallgiants.agency/,,United Kingdom,uk,selectedfirms,web|web-design,,,,2026-09-22 15:42
fluroltd.com,Fluro,https://fluroltd.com/,,United Kingdom,uk,selectedfirms,web-design,,,,2026-09-22 15:42
totally.tech,Totally,https://totally.tech/,,United Kingdom,uk,selectedfirms,web-design,,,,2026-09-22 15:42
impactmedia.co.uk,Impact Media,https://www.impactmedia.co.uk/,,United Kingdom,uk,selectedfirms,ecommerce|web-design|woocommerce|wordpress,,,,2026-09-22 15:42
emotedigital.com.au,Emote Digital,https://www.emotedigital.com.au/,,United Kingdom,uk,selectedfirms,web-design,,,,2026-09-22 15:42
core4tech.co.uk,Core 4 Tech UK,https://core4tech.co.uk/,,United Kingdom,uk,selectedfirms,web|web-design,,,,2026-09-22 15:42
infopoly.com,Infopoly,https://www.infopoly.com/,,United Kingdom,uk,selectedfirms,web-design,,,,2026-09-22 15:42
wearecoal.co.uk,COAL,https://wearecoal.co.uk/,,United Kingdom,uk,selectedfirms,web-design,,,,2026-09-22 15:42
creativerace.co.uk,CreativeRace,https://creativerace.co.uk/,,United Kingdom,uk,selectedfirms,web-design,,,,2026-09-22 15:42
303.london,303,https://www.303.london/,,United Kingdom,uk,selectedfirms,web-design,,,,2026-09-22 15:42
middleboop.com,Middle Boop,https://www.middleboop.com/,,United Kingdom,uk,selectedfirms,web-design,,,,2026-09-22 15:42
superuserstudio.com,Super User Studio,https://www.superuserstudio.com/,,United Kingdom,uk,selectedfirms,web-design,,,,2026-09-22 15:42
format-3.co,Format-3,https://format-3.co/,,United Kingdom,uk,selectedfirms,web|web-design,,,,2026-09-22 15:42
zoocha.com,Zoocha,https://www.zoocha.com/,,United Kingdom,uk,selectedfirms,web|web-design,,,,2026-09-22 15:42
iotric.com,iotric,https://www.iotric.com/,,United Kingdom,uk,selectedfirms,web|web-design,,,,2026-09-22 15:42
asrasoft.net,Asra Soft,https://asrasoft.net/,,United Kingdom,uk,selectedfirms,web|web-design,,,,2026-09-22 15:42
metasearchglobal.com,MetaSearch Global,https://www.metasearchglobal.com/,,United Kingdom,uk,selectedfirms,web-design,,,,2026-09-22 15:42
kozocreative.com,Kozo Creative Ltd,https://www.kozocreative.com/,,United Kingdom,uk,selectedfirms,web-design,,,,2026-09-22 15:42
catchdigital.com,Catch,https://www.catchdigital.com/,,United Kingdom,uk,selectedfirms,web-design,,,,2026-09-22 15:42
steadfastcollective.com,Steadfast Collective,https://steadfastcollective.com/,,United Kingdom,uk,selectedfirms,ecommerce|web|web-design,,,,2026-09-22 15:42
serieseight.com,Series Eight,https://serieseight.com/,,United Kingdom,uk,selectedfirms,ecommerce|web-design,,,,2026-09-22 15:42
evincedev.com,Evince Development,https://evincedev.com/,,United Kingdom,uk,selectedfirms,ecommerce|magento|web|web-design|wordpress,,,,2026-09-22 15:42
rhapsodymedia.com,Rhapsody,https://www.rhapsodymedia.com/,,United Kingdom,uk,selectedfirms,web|web-design,,,,2026-09-22 15:42
incode-systems.com,inCode Systems,https://incode-systems.com/,,United Kingdom,uk,selectedfirms,web|web-design,,,,2026-09-22 15:42
jdd.agency,JDD Agency,https://jdd.agency/,,United Kingdom,uk,selectedfirms,web|web-design,,,,2026-09-22 15:42
enovista.com,Enovista Digital Ltd,https://enovista.com/,,United Kingdom,uk,selectedfirms,squarespace|web-design|wordpress,,,,2026-09-22 15:42
superco.io,Superco,https://www.superco.io/,,United Kingdom,uk,selectedfirms,ecommerce|web-design,,,,2026-09-22 15:42
unikostudio.co,Uniko Studio,https://www.unikostudio.co/,,United Kingdom,uk,selectedfirms,web-design,,,,2026-09-22 15:42
spadasoft.com,Spadasoft,https://spadasoft.com/,,United Kingdom,uk,selectedfirms,web-design,,,,2026-09-22 15:42
ingenious-app-studios.co.uk,Ingenious App Studios,https://www.ingenious-app-studios.co.uk/,,United Kingdom,uk,selectedfirms,web|web-design,,,,2026-09-22 15:42
skyward.digital,Skyward Digital,https://skyward.digital/,,United Kingdom,uk,selectedfirms,web|web-design,,,,2026-09-22 15:42
andabove.com,&above,https://www.andabove.com/,,United Kingdom,uk,selectedfirms,web|web-design,,,,2026-09-22 15:42
cosmikcarrot.com,Cosmik Carrot,https://www.cosmikcarrot.com/,,United Kingdom,uk,selectedfirms,web|web-design|wordpress,,,,2026-09-22 15:42
creato.co.uk,Creato,https://creato.co.uk/,,United Kingdom,uk,selectedfirms,web-design,,,,2026-09-22 15:42
bitzesty.com,Bit Zesty,https://bitzesty.com/,,United Kingdom,uk,selectedfirms,web|web-design,,,,2026-09-22 15:42
atomise.com,Atomise,https://atomise.com/,,United Kingdom,uk,selectedfirms,web-design,,,,2026-09-22 15:42
geckodynamics.com,Gecko Dynamics,https://geckodynamics.com/,,United Kingdom,uk,selectedfirms,web|web-design,,,,2026-09-22 15:42
hudigitallabs.com,HU Digital Labs,https://hudigitallabs.com/,,United Kingdom,uk,selectedfirms,web|web-design,,,,2026-09-22 15:42
create8.co.uk,Create8,https://www.create8.co.uk/,,United Kingdom,uk,selectedfirms,ecommerce|web-design|wordpress,,,,2026-09-22 15:42
nextonsolution.com,NextOn Solution,https://nextonsolution.com/,,United Kingdom,uk,selectedfirms,web|web-design|wix|wordpress,,,,2026-09-22 15:42
rndpoint.com,RNDpoint,https://rndpoint.com/,,United Kingdom,uk,selectedfirms,web|web-design,,,,2026-09-22 15:42
yallacooperative.com,Yalla,https://www.yallacooperative.com/,,United Kingdom,uk,selectedfirms,web|web-design,,,,2026-09-22 15:42
sweans.com,Sweans,https://www.sweans.com/,,United Kingdom,uk,selectedfirms,ecommerce|web-design|wordpress,,,,2026-09-22 15:42
fsedigital.com,FSE Digital,https://www.fsedigital.com/,,United Kingdom,uk,selectedfirms,web-design|wordpress,,,,2026-09-22 15:42
tecocraft.co.uk,Tecocraft,https://www.tecocraft.co.uk/,,United Kingdom,uk,selectedfirms,ecommerce|magento|web|web-design|woocommerce|wordpress,,,,2026-09-22 15:42
oktopus-tech.com,Oktopus Tech,https://oktopus-tech.com/,,United Kingdom,uk,selectedfirms,ecommerce|web-design|woocommerce,,,,2026-09-22 15:42
corporationpop.co.uk,Corporation Pop Ltd,https://corporationpop.co.uk/,,United Kingdom,uk,selectedfirms,web|web-design,,,,2026-09-22 15:42
digitalhound.co.uk,Digitalhound Ltd,https://www.digitalhound.co.uk/,,United Kingdom,uk,selectedfirms,ecommerce|web|web-design,,,,2026-09-22 15:42
contic.co.uk,Contic,https://contic.co.uk/,,United Kingdom,uk,selectedfirms,web|web-design,,,,2026-09-22 15:42
equaleyes.com,Equaleyes Solutions Ltd.,https://equaleyes.com/,,United Kingdom,uk,selectedfirms,web|web-design|wordpress,,,,2026-09-22 15:42
thumbmunkeys.com,Thumbmunkeys Ltd,https://www.thumbmunkeys.com/,,United Kingdom,uk,selectedfirms,web|web-design,,,,2026-09-22 15:42
crazypumpkin.uk,Crazy Pumpkin,https://crazypumpkin.uk/,,United Kingdom,uk,selectedfirms,web|web-design,,,,2026-09-22 15:42
vi-tech.co,vi-tech,https://www.vi-tech.co/,,United Kingdom,uk,selectedfirms,web|web-design,,,,2026-09-22 15:42
fastfwd.com,Fast Fwd Multimedia Ltd.,https://www.fastfwd.com/,,United Kingdom,uk,selectedfirms,web|web-design|wordpress,,,,2026-09-22 15:42
netrosystems.com,Netro Systems Ltd,https://www.netrosystems.com/,,United Kingdom,uk,selectedfirms,web|web-design,,,,2026-09-22 15:42
kaleto.digital,Kaleto.Digital,https://kaleto.digital/,,United Kingdom,uk,selectedfirms,ecommerce|squarespace|web-design|wordpress,,,,2026-09-22 15:42
abnk.uk,ABNK Premium Systems,https://abnk.uk/,,United Kingdom,uk,selectedfirms,web|web-design,,,,2026-09-22 15:42
f10solutions.co.uk,F10 Software Solutions,https://f10solutions.co.uk/,,United Kingdom,uk,selectedfirms,web|web-design,,,,2026-09-22 15:42
rudo.studio,Rudo Studio,https://rudo.studio/,,United Kingdom,uk,selectedfirms,ecommerce|web|web-design|woocommerce|wordpress,,,,2026-09-22 15:42
swypecreative.com,Swype® Creative Digital Agency,https://www.swypecreative.com/,,United Kingdom,uk,selectedfirms,ecommerce|web|web-design|wix,,,,2026-09-22 15:42
reubendigital.co.uk,Reuben Digital Ltd,https://www.reubendigital.co.uk/home,,United Kingdom,uk,selectedfirms,ecommerce|web-design,,,,2026-09-22 15:42
thamesinfotech.com,Thames Infotech,https://thamesinfotech.com/,,United Kingdom,uk,selectedfirms,web|web-design,,,,2026-09-22 15:42
founderandlightning.com,Founder + Lightning,https://www.founderandlightning.com/,,United Kingdom,uk,selectedfirms,web|web-design,,,,2026-09-22 15:42
lionandmason.com,LION+MASON,https://www.lionandmason.com/,,United Kingdom,uk,selectedfirms,web-design,,,,2026-09-22 15:42
webfactory.co.uk,Webfactory,https://www.webfactory.co.uk/,,United Kingdom,uk,selectedfirms,bigcommerce|ecommerce|web-design,,,,2026-09-22 15:42
intelivita.co.uk,Intelivita,https://www.intelivita.co.uk/,,United Kingdom,uk,selectedfirms,web|web-design|wordpress,,,,2026-09-22 15:42
ciklum.com,Ciklum,https://www.ciklum.com/,,United Kingdom,uk,selectedfirms,ecommerce|web-design,,,,2026-09-22 15:42
ineedsocial.co.uk,iNeedSocial,https://ineedsocial.co.uk/,,United Kingdom,uk,selectedfirms,ecommerce|magento|web|web-design|wordpress,,,,2026-09-22 15:42
team4solution.com,Team4Solution,https://team4solution.com/,,United Kingdom,uk,selectedfirms,web|web-design,,,,2026-09-22 15:42
sophiejonessocial.com,Sophie Jones Social,https://www.sophiejonessocial.com/,,United Kingdom,uk,selectedfirms,ecommerce|squarespace|web-design|wix|wordpress,,,,2026-09-22 15:42
futuresight.co,FUTURESIGHT™,https://futuresight.co/,,United Kingdom,uk,selectedfirms,web-design,,,,2026-09-22 15:42
devlinko.com,Devlinko,https://devlinko.com/,,United Kingdom,uk,selectedfirms,web-design,,,,2026-09-22 15:42
ontheblockgaming.app,On The Block Gaming,https://ontheblockgaming.app/,,United Kingdom,uk,selectedfirms,web-design,,,,2026-09-22 15:42
goodspeed.studio,Goodspeed,https://goodspeed.studio/,,United Kingdom,uk,selectedfirms,web|web-design,,,,2026-09-22 15:42
plugandplaydesign.co.uk,Plug and Play,https://www.plugandplaydesign.co.uk/,,United Kingdom,uk,selectedfirms,web|web-design,,,,2026-09-22 15:42
fullclarity.co.uk,Full Clarity,https://fullclarity.co.uk/,,United Kingdom,uk,selectedfirms,web-design,,,,2026-09-22 15:42
blackandblackcreative.com,Black & Black Creative,https://blackandblackcreative.com/,,United Kingdom,uk,selectedfirms,ecommerce|web-design,,,,2026-09-22 15:42
23rd.co,23rd,https://www.23rd.co/,,United Kingdom,uk,selectedfirms,web|web-design,,,,2026-09-22 15:42
blueflamingo.co.uk,Blue Flamingo Solutions,https://www.blueflamingo.co.uk/,,United Kingdom,uk,selectedfirms,web-design,,,,2026-09-22 15:42
stratticusstudio.com,Stratticus,https://stratticusstudio.com/,,United Kingdom,uk,selectedfirms,web-design,,,,2026-09-22 15:42
fellowstudio.com,Fellow Studio,https://fellowstudio.com/,,United Kingdom,uk,selectedfirms,web-design,,,,2026-09-22 15:42
designmakers.co,Design Makers Co,https://designmakers.co/?,,United Kingdom,uk,selectedfirms,web-design,,,,2026-09-22 15:42
genupdigital.com,GenUp Digital,https://genupdigital.com/,,United Kingdom,uk,selectedfirms,web-design,,,,2026-09-22 15:42
agiledigitalagency.com,Agile Digital Agency,https://www.agiledigitalagency.com/,,United Kingdom,uk,selectedfirms,web-design,,,,2026-09-22 15:42
lemonat.com,Lemonat,https://lemonat.com/,,United Kingdom,uk,selectedfirms,web-design,,,,2026-09-22 15:42
cefar.co.uk,Cefar,https://www.cefar.co.uk/,,United Kingdom,uk,selectedfirms,ecommerce|web-design,,,,2026-09-22 15:42
differentprojects.co.uk,Different Projects Ltd.,https://differentprojects.co.uk/,,United Kingdom,uk,selectedfirms,web|web-design,,,,2026-09-22 15:42
pendulumdesign.uk,Pendulum Design Ltd,https://www.pendulumdesign.uk/,,United Kingdom,uk,selectedfirms,web-design,,,,2026-09-22 15:42
wave69.co.uk,Wave69,https://www.wave69.co.uk/,,United Kingdom,uk,selectedfirms,ecommerce|web-design,,,,2026-09-22 15:42
digitalgenei.com,Digital Genei,https://digitalgenei.com/,,United Kingdom,uk,selectedfirms,ecommerce|web-design|woocommerce|wordpress,,,,2026-09-22 15:42
designmilitia.co.uk,Design Militia,https://designmilitia.co.uk/,,United Kingdom,uk,selectedfirms,web-design,,,,2026-09-22 15:42
yarn-creative.com,Yarn,https://yarn-creative.com/,,United Kingdom,uk,selectedfirms,web-design,,,,2026-09-22 15:42
particularcreatives.co.uk,Particular Creatives,https://www.particularcreatives.co.uk/,,United Kingdom,uk,selectedfirms,web-design,,,,2026-09-22 15:42
micrasolution.com,MicraSol LLP,https://www.micrasolution.com/,,United Kingdom,uk,selectedfirms,web-design,,,,2026-09-22 15:42
furniturefy.co,Furniturefy,https://furniturefy.co/,,United Kingdom,uk,selectedfirms,ecommerce|web|web-design|woocommerce,,,,2026-09-22 15:42
altlier.com,Altlier,https://altlier.com/,,United Kingdom,uk,selectedfirms,web-design|wordpress,,,,2026-09-22 15:42
wearecogworks.com,THE COGWORKS LTD,https://www.wearecogworks.com/,,United Kingdom,uk,selectedfirms,web|web-design,,,,2026-09-22 15:42
inscapers.co.uk,INSCAPERS Pvt Ltd,https://inscapers.co.uk/,,United Kingdom,uk,selectedfirms,web-design|wix,,,,2026-09-22 15:42
kiwicommerce.co.uk,KiwiCommerce,https://kiwicommerce.co.uk/,,United Kingdom,uk,selectedfirms,ecommerce|magento|web-design|wordpress,,,,2026-09-22 15:42
craftslateco.com,Craft & Slate,https://www.craftslateco.com/,,United Kingdom,uk,selectedfirms,web|web-design|wix,,,,2026-09-22 15:42
etchuk.com,Etch,https://www.etchuk.com/,,United Kingdom,uk,selectedfirms,web-design,,,,2026-09-22 15:42
spyresync.com,SpyreSync,https://www.spyresync.com/,,United Kingdom,uk,selectedfirms,ecommerce|magento|web-design,,,,2026-09-22 15:42
prettygreat.studio,Pretty Great®,https://www.prettygreat.studio/,,United Kingdom,uk,selectedfirms,web-design,,,,2026-09-22 15:42
jasquantum.com,JAS Quantum,https://jasquantum.com/,,United Kingdom,uk,selectedfirms,bigcommerce|ecommerce|magento|web-design,,,,2026-09-22 15:42
digitalredtech.com,Digital Red tech,https://www.digitalredtech.com/index.php,,United Kingdom,uk,selectedfirms,ecommerce|magento|squarespace|web|web-design|wordpress,,,,2026-09-22 15:42
redfeathersolutions.com,Red Feather Solutions,https://redfeathersolutions.com/,,United Kingdom,uk,selectedfirms,ecommerce|magento|web|web-design|wordpress,,,,2026-09-22 15:42
adeogroup.co.uk,Adeo Group,https://www.adeogroup.co.uk,,United Kingdom,uk,selectedfirms,ecommerce|web-design,,,,2026-09-22 15:42
gripped.io,Gripped,https://gripped.io/,,United Kingdom,uk,selectedfirms,web-design,,,,2026-09-22 15:42
gravytrain.co.uk,Gravytrain,https://www.gravytrain.co.uk/,,United Kingdom,uk,selectedfirms,web-design,,,,2026-09-22 15:42
atomicsmash.co.uk,Atomic Smash,https://www.atomicsmash.co.uk/,,United Kingdom,uk,selectedfirms,web|web-design,,,,2026-09-22 15:42
entyce-creative.com,Entyce Creative,https://entyce-creative.com/,,United Kingdom,uk,selectedfirms,web|web-design,,,,2026-09-22 15:42
wearecomplexcreative.com,Complex Creative,https://wearecomplexcreative.com/,,United Kingdom,uk,selectedfirms,web|web-design,,,,2026-09-22 15:42
squiz.net,Squiz,https://www.squiz.net/,,United Kingdom,uk,selectedfirms,web-design,,,,2026-09-22 15:42
woollyrhino.net,Woolly Rhino Web Design,https://woollyrhino.net/,,United Kingdom,uk,selectedfirms,web-design,,,,2026-09-22 15:42
rainycityagency.com,Rainy City Marketing,https://www.rainycityagency.com/,,United Kingdom,uk,selectedfirms,web|web-design,,,,2026-09-22 15:42
medialounge.co.uk,Media Lounge,https://medialounge.co.uk/,,United Kingdom,uk,selectedfirms,ecommerce|web-design,,,,2026-09-22 15:42
bluegatorcreative.com,Bluegator Creative,https://bluegatorcreative.com/,,United Kingdom,uk,selectedfirms,web-design,,,,2026-09-22 15:42
visualsoft.co.uk,Visualsoft,https://www.visualsoft.co.uk/,,United Kingdom,uk,selectedfirms,ecommerce|web-design,,,,2026-09-22 15:42
studio-output.com,Studio Output,https://www.studio-output.com/,,United Kingdom,uk,selectedfirms,ecommerce|web-design,,,,2026-09-22 15:42
crush-design.co.uk,Crush Design,https://www.crush-design.co.uk/,,United Kingdom,uk,selectedfirms,bigcommerce|ecommerce|web-design,,,,2026-09-22 15:42
iwebsitez.com,iwebsitez.com,https://iwebsitez.com/,,United Kingdom,uk,selectedfirms,ecommerce|web-design,,,,2026-09-22 15:42
lovehtml.co.uk,lovehtml,https://www.lovehtml.co.uk/,,United Kingdom,uk,selectedfirms,ecommerce|web-design,,,,2026-09-22 15:42
fdry.com,FDRY,https://www.fdry.com/,,United Kingdom,uk,selectedfirms,ecommerce|web-design,,,,2026-09-22 15:42
teleportlab.dev,TeleportLab,https://teleportlab.dev/?lang=en,,United Kingdom,uk,selectedfirms,bigcommerce|ecommerce|web-design,,,,2026-09-22 15:42
ipebble.co.uk,ipebble Limited,https://www.ipebble.co.uk/,,United Kingdom,uk,selectedfirms,bigcommerce|ecommerce|web-design,,,,2026-09-22 15:42
fraserwebdesign.co.uk,Fraser Web Design,https://fraserwebdesign.co.uk/,,United Kingdom,uk,selectedfirms,bigcommerce|ecommerce|web-design,,,,2026-09-22 15:42
sltmedia.com,SLT Media,https://sltmedia.com/,,United Kingdom,uk,selectedfirms,ecommerce|web-design,,,,2026-09-22 15:42
whistlefish.co.uk,Whistlefish,https://www.whistlefish.co.uk/,,United Kingdom,uk,selectedfirms,bigcommerce|ecommerce|web-design,,,,2026-09-22 15:42
centredigital.co.uk,Centre Digital,https://centredigital.co.uk/,,United Kingdom,uk,selectedfirms,web|web-design,,,,2026-09-22 15:42
creathive.studio,Creathive,https://creathive.studio/,,United Kingdom,uk,selectedfirms,web-design,,,,2026-09-22 15:42
subsign.co,subsign,https://subsign.co/,,United Kingdom,uk,selectedfirms,web-design,,,,2026-09-22 15:42
klutch.studio,Klutch Studio,https://www.klutch.studio/,,United Kingdom,uk,selectedfirms,web-design,,,,2026-09-22 15:42
catalystmarketingagency.com,Catalyst Marketing Agency,https://catalystmarketingagency.com/,,United Kingdom,uk,selectedfirms,web-design,,,,2026-09-22 15:42
home.fiftyfiveandfive.com,Fifty Five and Five,https://home.fiftyfiveandfive.com/,,United Kingdom,uk,selectedfirms,web-design,,,,2026-09-22 15:42
tkwebhosts.co.uk,TK WebHosts,https://tkwebhosts.co.uk/,,United Kingdom,uk,selectedfirms,web|web-design,,,,2026-09-22 15:42
chameleon.co.uk,Chameleon Web Services,https://www.chameleon.co.uk/,,United Kingdom,uk,selectedfirms,web-design,,,,2026-09-22 15:42
indigoextra.com,Indigoextra Ltd,https://www.indigoextra.com/,,United Kingdom,uk,selectedfirms,web-design|wordpress,,,,2026-09-22 15:42
mediakynect.co.uk,Media Kynect,https://mediakynect.co.uk/,,United Kingdom,uk,selectedfirms,web-design,,,,2026-09-22 15:42
doublesided.agency,Doublesided,https://doublesided.agency/,,United Kingdom,uk,selectedfirms,web-design|wordpress,,,,2026-09-22 15:42
internationalseoagency.com,Market Jar,https://www.internationalseoagency.com/,,United Kingdom,uk,selectedfirms,web-design,,,,2026-09-22 15:42
cadastra.com,Digital Ethos,https://cadastra.com/,,United Kingdom,uk,selectedfirms,web-design,,,,2026-09-22 15:42
brick-digital.co.uk,Brick Digital,https://brick-digital.co.uk/,,United Kingdom,uk,selectedfirms,web-design,,,,2026-09-22 15:42
codesky.co.uk,Codesky.,https://codesky.co.uk/,,United Kingdom,uk,selectedfirms,web-design,,,,2026-09-22 15:42
smartsearchseo.co.uk,Smart Search SEO,https://www.smartsearchseo.co.uk/,,United Kingdom,uk,selectedfirms,web-design,,,,2026-09-22 15:42
profiletree.com,ProfileTree,https://profiletree.com/,,United Kingdom,uk,selectedfirms,web-design,,,,2026-09-22 15:42
lancashiredigital.agency,Lancashire Digital Agency,https://lancashiredigital.agency/,,United Kingdom,uk,selectedfirms,ecommerce|web-design,,,,2026-09-22 15:42
fizzdesigns.co.uk,FIZZ designs & SEO,https://fizzdesigns.co.uk/,,United Kingdom,uk,selectedfirms,web-design,,,,2026-09-22 15:42
rightsymbol.com,Right Symbol,https://rightsymbol.com/,,United Kingdom,uk,selectedfirms,web-design,,,,2026-09-22 15:42
core365.co.uk,Core Design Communications,https://www.core365.co.uk/,,United Kingdom,uk,selectedfirms,web-design,,,,2026-09-22 15:42
trembit.com,Trembit,https://trembit.com/,,United Kingdom,uk,selectedfirms,web|web-design,,,,2026-09-22 15:42
thisisunicorn.com,THIS IS UNICORN,https://www.thisisunicorn.com/,,United Kingdom,uk,selectedfirms,web-design,,,,2026-09-22 15:42
eclipsegroup.co.uk,Eclipse,https://www.eclipsegroup.co.uk/,,United Kingdom,uk,selectedfirms,web-design,,,,2026-09-22 15:42
vizability.io,Vizability.io Web Design LLP,https://www.vizability.io/,,United Kingdom,uk,selectedfirms,web-design,,,,2026-09-22 15:42
risethebet.com,Rise The Bet,https://risethebet.com/,,United Kingdom,uk,selectedfirms,web-design,,,,2026-09-22 15:42
hodfords.com,Hodfords,https://www.hodfords.com/home/main/en/,,United Kingdom,uk,selectedfirms,web-design,,,,2026-09-22 15:42
thisisglance.com,Glance,https://thisisglance.com/,,United Kingdom,uk,selectedfirms,web-design,,,,2026-09-22 15:42
maynard-design.com,Maynard Design Consultancy,https://www.maynard-design.com/,,United Kingdom,uk,selectedfirms,web-design,,,,2026-09-22 15:42
spaceagency-design.com,Spaceagency,https://www.spaceagency-design.com/,,United Kingdom,uk,selectedfirms,web-design,,,,2026-09-22 15:42
twodoor.co.uk,TwoDoor Web Development,https://www.twodoor.co.uk/,,United Kingdom,uk,selectedfirms,web-design,,,,2026-09-22 15:42
seymourpowell.com,Seymourpowell,https://www.seymourpowell.com/,,United Kingdom,uk,selectedfirms,web-design,,,,2026-09-22 15:42
sanders-design.com,Sanders,https://www.sanders-design.com/,,United Kingdom,uk,selectedfirms,web-design,,,,2026-09-22 15:42
arosgroup.co.uk,AROS Group Limited,https://www.arosgroup.co.uk/,,United Kingdom,uk,selectedfirms,web-design,,,,2026-09-22 15:42
duku.co.uk,Duku,https://www.duku.co.uk/,,United Kingdom,uk,selectedfirms,web-design,,,,2026-09-22 15:42
activematter.co,Active Matter,https://activematter.co/,,United Kingdom,uk,selectedfirms,web-design,,,,2026-09-22 15:42
creadordesigns.com,Creador Design,https://creadordesigns.com/,,United Kingdom,uk,selectedfirms,web-design,,,,2026-09-22 15:42
kukidesignltd.com,Kuki Design Ltd,https://www.kukidesignltd.com/,,United Kingdom,uk,selectedfirms,web-design,,,,2026-09-22 15:42
fullform.co.uk,HJC Design Ltd,https://www.fullform.co.uk/,,United Kingdom,uk,selectedfirms,web-design,,,,2026-09-22 15:42
cinterdesign.com,Cinter,https://www.cinterdesign.com/,,United Kingdom,uk,selectedfirms,web-design,,,,2026-09-22 15:42
onekode.co,onekode,https://onekode.co/,,United Kingdom,uk,selectedfirms,web-design,,,,2026-09-22 15:42
studioliddell.com,Studio Liddell Ltd.,https://studioliddell.com/,,United Kingdom,uk,selectedfirms,web-design,,,,2026-09-22 15:42
endava.com,Endava,https://www.endava.com/,,United Kingdom,uk,selectedfirms,web-design,,,,2026-09-22 15:42
thetyphoon.co.uk,Typhoon Solutions,https://thetyphoon.co.uk/,,United Kingdom,uk,selectedfirms,web-design,,,,2026-09-22 15:42
promodo.com,Promodo,https://www.promodo.com/,,United Kingdom,uk,selectedfirms,web-design,,,,2026-09-22 15:42
atomicbuild.com,Atomic Build,https://atomicbuild.com/,,United Kingdom,uk,selectedfirms,web-design,,,,2026-09-22 15:42
fenti.co.uk,Fenti Marketing,https://fenti.co.uk/,,United Kingdom,uk,selectedfirms,web-design,,,,2026-09-22 15:42
poddigital.co.uk,Pod Digital Marketing Ltd,https://www.poddigital.co.uk/,,United Kingdom,uk,selectedfirms,web-design,,,,2026-09-22 15:42
impulseseoservices.com,Impulse SEO Services,https://impulseseoservices.com/,,United Kingdom,uk,selectedfirms,web-design,,,,2026-09-22 15:42
crate47.com,Crate47,https://crate47.com/,,United Kingdom,uk,selectedfirms,web-design,,,,2026-09-22 15:42
webzang.co.uk,Webzang Ltd,https://webzang.co.uk/,,United Kingdom,uk,selectedfirms,web-design,,,,2026-09-22 15:42
squigglewebdesign.co.uk,Squiggle Web Design,https://www.squigglewebdesign.co.uk/,,United Kingdom,uk,selectedfirms,web-design,,,,2026-09-22 15:42
magiclick.com,MagiClick Digital,https://www.magiclick.com/,,United Kingdom,uk,selectedfirms,web-design,,,,2026-09-22 15:42
e-arc.com,ARC Document Solutions,https://www.e-arc.com/,,United Kingdom,uk,selectedfirms,web|web-design,,,,2026-09-22 15:42
anomaly.com,Anomaly,https://www.anomaly.com/,,United Kingdom,uk,selectedfirms,web-design,,,,2026-09-22 15:42
shrewdd.com,Shrewdd Marketing,https://shrewdd.com/,,United Kingdom,uk,selectedfirms,web-design,,,,2026-09-22 15:42
nexus24.co.uk,nexus24,https://www.nexus24.co.uk/,,United Kingdom,uk,selectedfirms,web-design,,,,2026-09-22 15:42
literalhumans.com,Literal Humans,https://literalhumans.com/,,United Kingdom,uk,selectedfirms,web|web-design,,,,2026-09-22 15:42
illustrate.digital,Illustrate Digital,https://illustrate.digital/,,United Kingdom,uk,selectedfirms,web|web-design|wordpress,,,,2026-09-22 15:42
bittechnologies.co.uk,Bit Technologies,https://bittechnologies.co.uk/,,United Kingdom,uk,selectedfirms,web|web-design,,,,2026-09-22 15:42
mybizniche.com,My Biz Niche,https://www.mybizniche.com/,,United Kingdom,uk,selectedfirms,bigcommerce|ecommerce|web|web-design|wordpress,,,,2026-09-22 15:42
climbagency.com,Climb Online,https://climbagency.com/,,United Kingdom,uk,selectedfirms,ecommerce|web|web-design|wordpress,,,,2026-09-22 15:42
burstdgtl.com,Burst Digital,https://burstdgtl.com/,,United Kingdom,uk,selectedfirms,web|web-design,,,,2026-09-22 15:42
sphinx-solution.com,Sphinx Solutions,https://www.sphinx-solution.com/,,United Kingdom,uk,selectedfirms,ecommerce|web|web-design,,,,2026-09-22 15:42
primacyinfotech.com,Primacy Infotech Limited,https://primacyinfotech.com/,,United Kingdom,uk,selectedfirms,ecommerce|web|web-design,,,,2026-09-22 15:42
sorvoxgroups.com,Sorvox Groups,https://sorvoxgroups.com/,,United Kingdom,uk,selectedfirms,web|web-design,,,,2026-09-22 15:42
vsourz.com,Vsourz,https://www.vsourz.com/ae/,,United Kingdom,uk,selectedfirms,ecommerce|web-design,,,,2026-09-22 15:42
propeller.co.uk,Propeller,https://www.propeller.co.uk/,,United Kingdom,uk,selectedfirms,ecommerce|web|web-design,,,,2026-09-22 15:42
ux-design.agency,Plug & Play,https://ux-design.agency/,,United Kingdom,uk,selectedfirms,web|web-design,,,,2026-09-22 15:42
swankyagency.com,Swanky,https://swankyagency.com/,,United Kingdom,uk,selectedfirms,ecommerce|web-design,,,,2026-09-22 15:42
authentic-digital.co,Authentic Digital,https://authentic-digital.co/,,United Kingdom,uk,selectedfirms,web|web-design,,,,2026-09-22 15:42
ronins.co.uk,Ronins,https://www.ronins.co.uk/,,United Kingdom,uk,selectedfirms,web|web-design,,,,2026-09-22 15:42
tmwdigital.com,TMW Unlimited,https://tmwdigital.com/,,United Kingdom,uk,selectedfirms,ecommerce|web-design,,,,2026-09-22 15:42
kameleonagency.com,Ruddy Good Marketing,https://www.kameleonagency.com/,,United Kingdom,uk,selectedfirms,ecommerce|web-design,,,,2026-09-22 15:42
madhousemedia.co.uk,Madhouse Media Ltd,https://madhousemedia.co.uk/,,United Kingdom,uk,selectedfirms,ecommerce|web-design,,,,2026-09-22 15:42
londonwebbytes.co.uk,London Web Bytes,https://londonwebbytes.co.uk/,,United Kingdom,uk,selectedfirms,ecommerce|web-design,,,,2026-09-22 15:42
finaldesign.co.uk,Final Design Studios,https://www.finaldesign.co.uk/,,United Kingdom,uk,selectedfirms,ecommerce|web-design,,,,2026-09-22 15:42
linkgroup.co,Link Group,https://linkgroup.co/,,United Kingdom,uk,selectedfirms,web-design,,,,2026-09-22 15:42
webpopdesign.com,Webpop Design,https://www.webpopdesign.com/?,,United Kingdom,uk,selectedfirms,web|web-design,,,,2026-09-22 15:42
shape.works,Shape Works,https://shape.works/,,United Kingdom,uk,selectedfirms,web|web-design,,,,2026-09-22 15:42
racepointglobal.com,Racepoint Global,https://www.racepointglobal.com/,,United Kingdom,uk,selectedfirms,web-design,,,,2026-09-22 15:42
metia.com,Metia,https://metia.com/,,United Kingdom,uk,selectedfirms,web-design,,,,2026-09-22 15:42
wedocrm.co,WeDoCRM,https://www.wedocrm.co/,,United Kingdom,uk,selectedfirms,web-design,,,,2026-09-22 15:42
wiredincommerce.co.uk,Wired In Commerce Ltd,https://www.wiredincommerce.co.uk/,,United Kingdom,uk,selectedfirms,ecommerce|web-design,,,,2026-09-22 15:42
infogr8.com,infogr8,https://infogr8.com/,,United Kingdom,uk,selectedfirms,web-design,,,,2026-09-22 15:42
agency.byparticular.com,Particular Agency,https://www.agency.byparticular.com/,,United Kingdom,uk,selectedfirms,web|web-design,,,,2026-09-22 15:42
wearedarkblue.com,Dark Blue Creative Ltd,https://wearedarkblue.com/,,United Kingdom,uk,selectedfirms,web|web-design,,,,2026-09-22 15:42
antler.digital,Antler Digital,https://antler.digital/,,United Kingdom,uk,selectedfirms,web|web-design,,,,2026-09-22 15:42
workshoporange.co,Workshop Orange,https://workshoporange.co/,,United Kingdom,uk,selectedfirms,web|web-design,,,,2026-09-22 15:42
renegade-marketing.com,Renegade,https://renegade-marketing.com/,,United Kingdom,uk,selectedfirms,web|web-design,,,,2026-09-22 15:42
searchlaboratory.com,Search Laboratory,https://www.searchlaboratory.com/,,United Kingdom,uk,selectedfirms,web-design,,,,2026-09-22 15:42
aquare.com,Aquare Digital Marketing,https://aquare.com/,,United Kingdom,uk,selectedfirms,web|web-design,,,,2026-09-22 15:42
tigillo.com,Tigillo,https://tigillo.com/,,United Kingdom,uk,selectedfirms,web-design,,,,2026-09-22 15:42
erbis.com,Erbis,https://erbis.com/,,United Kingdom,uk,selectedfirms,web|web-design,,,,2026-09-22 15:42
webcluesglobal.com,WebClues Global,https://www.webcluesglobal.com/,,United Kingdom,uk,selectedfirms,bigcommerce|ecommerce|web|web-design|wordpress,,,,2026-09-22 15:42
exposureninja.com,Exposure Ninja,https://exposureninja.com/,,United Kingdom,uk,selectedfirms,ecommerce|web-design,,,,2026-09-22 15:42
bulbstudios.com,Bulb Studios,https://bulbstudios.com/,,United Kingdom,uk,selectedfirms,web-design,,,,2026-09-22 15:42
outfly.io,Outfly,https://outfly.io/,,United Kingdom,uk,selectedfirms,ecommerce|web-design,,,,2026-09-22 15:42
itechniq.com,iTechniq,https://itechniq.com/,,United Kingdom,uk,selectedfirms,web-design,,,,2026-09-22 15:42
uktechnologyhub.com,UK Technology Hub,https://uktechnologyhub.com/,,United Kingdom,uk,selectedfirms,squarespace|web-design|wix|wordpress,,,,2026-09-22 15:42
venusdigitalmedia.co.uk,Venus Digital Media,https://www.venusdigitalmedia.co.uk/,,United Kingdom,uk,selectedfirms,web-design|wix,,,,2026-09-22 15:42
onocreative.co.uk,Ono Creative,https://www.onocreative.co.uk/,,United Kingdom,uk,selectedfirms,web-design|wix,,,,2026-09-22 15:42
four90designs.co.uk,Four90 Designs,https://www.four90designs.co.uk/,,United Kingdom,uk,selectedfirms,web|web-design|wix,,,,2026-09-22 15:42
digitweb.uk,Digit Web Ltd,https://digitweb.uk/,,United Kingdom,uk,selectedfirms,web-design|wix,,,,2026-09-22 15:42
hallam.agency,Hallam,https://hallam.agency/,,United Kingdom,uk,selectedfirms,web-design|wordpress,,,,2026-09-22 15:42
cheshirecatmarketing.co.uk,Cheshire Cat Marketing,https://www.cheshirecatmarketing.co.uk/,,United Kingdom,uk,selectedfirms,web-design|wordpress,,,,2026-09-22 15:42
swimminghippo.co.uk,Swimming Hippo,https://swimminghippo.co.uk/,,United Kingdom,uk,selectedfirms,ecommerce|web-design,,,,2026-09-22 15:42
websitewalla.com,websitewalla.com,https://websitewalla.com/,,United Kingdom,uk,selectedfirms,ecommerce|web|web-design,,,,2026-09-22 15:42
huemachine.co,hue&machine,https://huemachine.co/,,United Kingdom,uk,selectedfirms,web|web-design,,,,2026-09-22 15:42
sobold.co.uk,SoBold,https://sobold.co.uk/,,United Kingdom,uk,selectedfirms,web|web-design,,,,2026-09-22 15:42
drewl.com,Drewl,https://drewl.com/,,United Kingdom,uk,selectedfirms,web|web-design,,,,2026-09-22 15:42
ozeito.com,Ozeito,https://ozeito.com/,,United Kingdom,uk,selectedfirms,web|web-design,,,,2026-09-22 15:42
xperteria.com,Xperteria Limited,https://xperteria.com/,,United Kingdom,uk,selectedfirms,bigcommerce|ecommerce|web-design,,,,2026-09-22 15:42
voidapplications.co.uk,VOiD Applications,https://voidapplications.co.uk/,,United Kingdom,uk,selectedfirms,ecommerce|web-design,,,,2026-09-22 15:42
equinetmedia.com,Equinet Media,https://www.equinetmedia.com/,,United Kingdom,uk,selectedfirms,web-design,,,,2026-09-22 15:42
elsewhen.com,Elsewhen,https://www.elsewhen.com/,,United Kingdom,uk,selectedfirms,web-design,,,,2026-09-22 15:42
index.dev,Index.dev,https://www.index.dev/,,United Kingdom,uk,selectedfirms,web-design,,,,2026-09-22 15:42
seahawkmedia.com,Seahawk Media,https://seahawkmedia.com/,,United Kingdom,uk,selectedfirms,web|web-design|wordpress,,,,2026-09-22 15:42
angrycreative.com,Angry Creative,https://angrycreative.com/,,United Kingdom,uk,selectedfirms,ecommerce|web-design|wordpress,,,,2026-09-22 15:42
designlaboratory.co.uk,The Design Laboratory,https://designlaboratory.co.uk/,,United Kingdom,uk,selectedfirms,web|web-design,,,,2026-09-22 15:42
bolderagency.com,Bolder,https://www.bolderagency.com/,,United Kingdom,uk,selectedfirms,web-design,,,,2026-09-22 15:42
nxtweb.agency,NXTWEB Agency,https://nxtweb.agency/,,United Kingdom,uk,selectedfirms,web-design,,,,2026-09-22 15:42
ballyhoo.co.uk,Ballyhoo,https://ballyhoo.co.uk/,,United Kingdom,uk,selectedfirms,ecommerce|web|web-design,,,,2026-09-22 15:42
bookmarkcontent.com,Bookmark Content and Communications,https://bookmarkcontent.com/,,United Kingdom,uk,selectedfirms,web-design,,,,2026-09-22 15:42
bitbazar.co.uk,BitBazar,https://bitbazar.co.uk/,,United Kingdom,uk,selectedfirms,web-design,,,,2026-09-22 15:42
netwarelabs.com,Netware Innovative Labs,https://netwarelabs.com/,,United Kingdom,uk,selectedfirms,web-design,,,,2026-09-22 15:42
studio24.net,Studio 24,https://www.studio24.net/,,United Kingdom,uk,selectedfirms,web|web-design,,,,2026-09-22 15:42
chaptr.studio,Chaptr,https://chaptr.studio/,,United Kingdom,uk,selectedfirms,web|web-design,,,,2026-09-22 15:42
codefirst.co.uk,CodeFirst,https://www.codefirst.co.uk/,,United Kingdom,uk,selectedfirms,web|web-design,,,,2026-09-22 15:42
appitek.com,Appitek,https://appitek.com/,,United Kingdom,uk,selectedfirms,web|web-design,,,,2026-09-22 15:42
itrm.co.uk,ITRM,https://www.itrm.co.uk/,,United Kingdom,uk,selectedfirms,web-design,,,,2026-09-22 15:42
dataphiles.co.uk,Dataphiles Ltd,https://dataphiles.co.uk/,,United Kingdom,uk,selectedfirms,web-design,,,,2026-09-22 15:42
munro.agency,The Munro Agency,https://www.munro.agency/,,United Kingdom,uk,selectedfirms,web-design|wordpress,,,,2026-09-22 15:42
webhero.co,WebHero.co,https://www.webhero.co/,,United Kingdom,uk,selectedfirms,web|web-design,,,,2026-09-22 15:42
ecce.uk,ecce.,https://ecce.uk/,,United Kingdom,uk,selectedfirms,ecommerce|web|web-design,,,,2026-09-22 15:42
lumi.studio,Lumi Design,https://www.lumi.studio/,,United Kingdom,uk,selectedfirms,web|web-design,,,,2026-09-22 15:42
glush.agency,Glush,https://glush.agency/,,United Kingdom,uk,selectedfirms,web|web-design|wordpress,,,,2026-09-22 15:42
web-designlondon.co.uk,Reactive,https://www.web-designlondon.co.uk/,,United Kingdom,uk,selectedfirms,web|web-design|wordpress,,,,2026-09-22 15:42
arateg.com,Arateg,https://arateg.com/,,United Kingdom,uk,selectedfirms,web|web-design,,,,2026-09-22 15:42
pixated.agency,Pixated,https://pixated.agency/,,United Kingdom,uk,selectedfirms,ecommerce|web|web-design,,,,2026-09-22 15:42
madebyewd.com,EWD,https://madebyewd.com/,,United Kingdom,uk,selectedfirms,web-design|wordpress,,,,2026-09-22 15:42
thewebbureau.com,Web Bureau,https://www.thewebbureau.com/,,United Kingdom,uk,selectedfirms,ecommerce|web-design,,,,2026-09-22 15:42
reasondigital.com,Reason Digital,https://reasondigital.com/,,United Kingdom,uk,selectedfirms,ecommerce|web|web-design,,,,2026-09-22 15:42
selesti.com,Selesti,https://www.selesti.com/,,United Kingdom,uk,selectedfirms,ecommerce|web-design,,,,2026-09-22 15:42
tlmt.co.uk,TLMT,https://www.tlmt.co.uk/,,United Kingdom,uk,selectedfirms,ecommerce|web-design,,,,2026-09-22 15:42
supersonicplayground.com,Supersonic Playground,https://www.supersonicplayground.com/,,United Kingdom,uk,selectedfirms,ecommerce|web-design,,,,2026-09-22 15:42
pineparks.com,Pineparks,https://www.pineparks.com/,,United Kingdom,uk,selectedfirms,ecommerce|web|web-design,,,,2026-09-22 15:42
rakdesign.com,Rak Design,https://rakdesign.com/,,United Kingdom,uk,selectedfirms,bigcommerce|ecommerce|web-design,,,,2026-09-22 15:42
contact.digital,Contact Online Ltd,https://contact.digital/,,United Kingdom,uk,selectedfirms,ecommerce|web-design|wordpress,,,,2026-09-22 15:42
redcitrusdesign.co.uk,Redcitrus Design,https://redcitrusdesign.co.uk/,,United Kingdom,uk,selectedfirms,bigcommerce|ecommerce|web-design|wordpress,,,,2026-09-22 15:42
webdesignerscoventry.co.uk,Web Designers Coventry,https://www.webdesignerscoventry.co.uk/,,United Kingdom,uk,selectedfirms,bigcommerce|ecommerce|web-design,,,,2026-09-22 15:42
webrightnow.co.uk,WebRightNow,https://www.webrightnow.co.uk/,,United Kingdom,uk,selectedfirms,bigcommerce|ecommerce|web-design|wordpress,,,,2026-09-22 15:42
solarbeardesign.ie,Solar Bear Design,https://solarbeardesign.ie/,,United Kingdom,uk,selectedfirms,bigcommerce|ecommerce|web-design|wordpress,,,,2026-09-22 15:42
websolutionspk.com,WebSolutions,https://www.websolutionspk.com/,,United Kingdom,uk,selectedfirms,bigcommerce|ecommerce|web-design,,,,2026-09-22 15:42
webcetera.co.uk,Webcetera UK Ltd,https://webcetera.co.uk/,,United Kingdom,uk,selectedfirms,bigcommerce|ecommerce|web-design|wordpress,,,,2026-09-22 15:42
addvert.xyz,ADDVERT,https://www.addvert.xyz/,,United Kingdom,uk,selectedfirms,web-design,,,,2026-09-22 15:42
londonwebdesignagency.com,London Web Design Agency,https://www.londonwebdesignagency.com/,,United Kingdom,uk,selectedfirms,ecommerce|web-design|wordpress,,,,2026-09-22 15:42
esterling.co.uk,eSterling,https://www.esterling.co.uk/,,United Kingdom,uk,selectedfirms,ecommerce|web|web-design,,,,2026-09-22 15:42
designbox.co.uk,Design Box,https://designbox.co.uk/,,United Kingdom,uk,selectedfirms,ecommerce|web-design,,,,2026-09-22 15:42
seomoves.co.uk,SEO Moves Ltd,https://www.seomoves.co.uk/,,United Kingdom,uk,selectedfirms,ecommerce|web-design,,,,2026-09-22 15:42
criticalmissioncomputing.co.uk,Critical Mission Computing Ltd,https://www.criticalmissioncomputing.co.uk/,,United Kingdom,uk,selectedfirms,ecommerce|web|web-design,,,,2026-09-22 15:42
iclicksee.com,iClickSee,https://iclicksee.com/,,United Kingdom,uk,selectedfirms,ecommerce|web-design,,,,2026-09-22 15:42
leojbarnett.co,Apps by leojbarnett.co,https://www.leojbarnett.co/,,United Kingdom,uk,selectedfirms,web|web-design,,,,2026-09-22 15:42
quorum.ltd,Quorum IO Ltd,https://quorum.ltd/,,United Kingdom,uk,selectedfirms,web|web-design,,,,2026-09-22 15:42
communere.com,Communere Ltd,https://communere.com/,,United Kingdom,uk,selectedfirms,web|web-design,,,,2026-09-22 15:42
purewebsitedesign.com,Pure Website Design,https://purewebsitedesign.com/,,United Kingdom,uk,selectedfirms,web|web-design|wordpress,,,,2026-09-22 15:42
thedrawingroomcreative.com,The Drawing Room Creative,https://thedrawingroomcreative.com/,,United Kingdom,uk,selectedfirms,ecommerce|web-design,,,,2026-09-22 15:42
redwhiteca.co.uk,REDWHITE CA,https://redwhiteca.co.uk/,,United Kingdom,uk,selectedfirms,web-design,,,,2026-09-22 15:42
hubino.com,Hubino,https://www.hubino.com/,,United Kingdom,uk,selectedfirms,web-design,,,,2026-09-22 15:42
ethercreative.co.uk,Ether Creative Ltd,https://ethercreative.co.uk/,,United Kingdom,uk,selectedfirms,web-design,,,,2026-09-22 15:42
geneticdigital.co.uk,Genetic Digital,https://www.geneticdigital.co.uk/,,United Kingdom,uk,selectedfirms,web-design,,,,2026-09-22 15:42
weareforefront.com,Forefront,https://weareforefront.com/,,United Kingdom,uk,selectedfirms,web-design|wordpress,,,,2026-09-22 15:42
genisys-group.com,Genisys Group,https://genisys-group.com/,,United Kingdom,uk,selectedfirms,web-design,,,,2026-09-22 15:42
dmnexamarketing.com,DM Nexa Marketing,https://dmnexamarketing.com/,,United Kingdom,uk,selectedfirms,web-design|wix|wordpress,,,,2026-09-22 15:42
thinkroom.co.uk,Thinkroom UK,https://www.thinkroom.co.uk/,,United Kingdom,uk,selectedfirms,web-design,,,,2026-09-22 15:42
mkwebguru.co.uk,MK WebGuru,https://mkwebguru.co.uk/,,United Kingdom,uk,selectedfirms,web-design,,,,2026-09-22 15:42
bazledev.com,Bazle Dev,https://bazledev.com/,,United Kingdom,uk,selectedfirms,web-design,,,,2026-09-22 15:42
story-x.co.uk,StoryX Ltd,https://story-x.co.uk/,,United Kingdom,uk,selectedfirms,web-design,,,,2026-09-22 15:42
innovationm.co.uk,InnovationM UK,https://www.innovationm.co.uk/index.php,,United Kingdom,uk,selectedfirms,web|web-design,,,,2026-09-22 15:42
thisisbliss.com,Bliss,https://www.thisisbliss.com/,,United Kingdom,uk,selectedfirms,web-design|wordpress,,,,2026-09-22 15:42
apexwebstudios.net,Apex Web Studios,https://apexwebstudios.net/,,United Kingdom,uk,selectedfirms,web-design,,,,2026-09-22 15:42
atekla.com,Atekla Studio,https://atekla.com/,,United Kingdom,uk,selectedfirms,ecommerce|web-design|wordpress,,,,2026-09-22 15:42
beyondyourbrand.co.uk,Beyond Your Brand,https://www.beyondyourbrand.co.uk/,,United Kingdom,uk,selectedfirms,web-design,,,,2026-09-22 15:42
digitalconfig.com,Digital Config,https://digitalconfig.com/,,United Kingdom,uk,selectedfirms,ecommerce|web-design|wordpress,,,,2026-09-22 15:42
quematics.com,Quematics,https://www.quematics.com/,,United Kingdom,uk,selectedfirms,ecommerce|web-design|wordpress,,,,2026-09-22 15:42
zaawia.com,Zaawia,https://www.zaawia.com/,,United Kingdom,uk,selectedfirms,web-design|wordpress,,,,2026-09-22 15:42
yellowcherry.uk,Yellow Cherry,https://yellowcherry.uk/,,United Kingdom,uk,selectedfirms,web-design,,,,2026-09-22 15:42
kndigital.co,KN Digital,https://kndigital.co/,,United Kingdom,uk,selectedfirms,web-design|wordpress,,,,2026-09-22 15:42
cite.co.uk,Cite,https://cite.co.uk/,,United Kingdom,uk,selectedfirms,web|web-design|wordpress,,,,2026-09-22 15:42
plus8.digital,Plus 8 Digital,https://plus8.digital/,,United Kingdom,uk,selectedfirms,ecommerce|web-design|wordpress,,,,2026-09-22 15:42
iedigital.co.uk,IE Digital,https://www.iedigital.co.uk/,,United Kingdom,uk,selectedfirms,web-design|wordpress,,,,2026-09-22 15:42
red-paint.com,Red Paint,https://red-paint.com/,,United Kingdom,uk,selectedfirms,web-design|wordpress,,,,2026-09-22 15:42
tyxan.com,Tyxan Ltd,https://tyxan.com/,,United Kingdom,uk,selectedfirms,web|web-design|wordpress,,,,2026-09-22 15:42
visualneststudio.com,Visual Nest Studio,https://visualneststudio.com/,,United Kingdom,uk,selectedfirms,squarespace|web-design|wordpress,,,,2026-09-22 15:42
agrsoftagency.uk,AGRSoft,https://agrsoftagency.uk/,,United Kingdom,uk,selectedfirms,ecommerce|squarespace|web-design|wix|wordpress,,,,2026-09-22 15:42
webpagetraffic.co.uk,Web Page Traffic,https://webpagetraffic.co.uk/,,United Kingdom,uk,selectedfirms,squarespace|web-design|wordpress,,,,2026-09-22 15:42
nextdigitalagency.com,Next Digital Agency,https://nextdigitalagency.com/,,United Kingdom,uk,selectedfirms,ecommerce|squarespace|web-design|wordpress,,,,2026-09-22 15:42
dseom.co.uk,DSEOM,https://dseom.co.uk/,,United Kingdom,uk,selectedfirms,web|web-design,,,,2026-09-22 15:42
digitalassociate.co.uk,Digital Associate,https://www.digitalassociate.co.uk/,,United Kingdom,uk,selectedfirms,squarespace|web-design|wordpress,,,,2026-09-22 15:42
thirtysixdigital.com,ThirtySix Digital,https://thirtysixdigital.com/,,United Kingdom,uk,selectedfirms,squarespace|web-design|wordpress,,,,2026-09-22 15:42
webkandy.co.uk,Webkandy,https://www.webkandy.co.uk/,,United Kingdom,uk,selectedfirms,squarespace|web-design|wordpress,,,,2026-09-22 15:42
webswatchers.com,WebWatchers,https://webswatchers.com/,,United Kingdom,uk,selectedfirms,squarespace|web-design|wordpress,,,,2026-09-22 15:42
clever-clicks.co.uk,Clever Clicks Digital,https://clever-clicks.co.uk/,,United Kingdom,uk,selectedfirms,squarespace|web-design|wordpress,,,,2026-09-22 15:42
wadedigital.co.uk,WADEDIGITAL LTD,https://wadedigital.co.uk/,,United Kingdom,uk,selectedfirms,ecommerce|squarespace|web-design|wordpress,,,,2026-09-22 15:42
nexgenrank.com,Nexgen Rank,https://nexgenrank.com/,,United Kingdom,uk,selectedfirms,squarespace|web-design|wordpress,,,,2026-09-22 15:42
marketingxp.co.uk,Marketing XP,https://marketingxp.co.uk/,,United Kingdom,uk,selectedfirms,ecommerce|squarespace|web-design|wordpress,,,,2026-09-22 15:42
discoveryagency.co.uk,Discovery Agency,https://discoveryagency.co.uk/,,United Kingdom,uk,selectedfirms,ecommerce|squarespace|web-design|wordpress,,,,2026-09-22 15:42
cliftonwebdesign.co.uk,Clifton Web Design,https://www.cliftonwebdesign.co.uk/,,United Kingdom,uk,selectedfirms,ecommerce|squarespace|web-design,,,,2026-09-22 15:42
splashsol.com,Splash Sol Tech,https://splashsol.com/,,United Kingdom,uk,selectedfirms,squarespace|web-design|wordpress,,,,2026-09-22 15:42
bwslondon.co.uk,BWS London,https://bwslondon.co.uk/,,United Kingdom,uk,selectedfirms,web-design,,,,2026-09-22 15:42
r88media.com,Webdrex,https://r88media.com/,,United Kingdom,uk,selectedfirms,squarespace|web-design|wordpress,,,,2026-09-22 15:42
geek.design,Geek Design,https://geek.design/,,United Kingdom,uk,selectedfirms,squarespace|web-design|wordpress,,,,2026-09-22 15:42
rustymonkey.com,Rusty Monkey,https://www.rustymonkey.com/,,United Kingdom,uk,selectedfirms,bigcommerce|ecommerce|squarespace|web-design|wordpress,,,,2026-09-22 15:42
hcltech.com,HCLTech,https://www.hcltech.com/,,United Kingdom,uk,selectedfirms,web-design,,,,2026-09-22 15:42
nautilusmarketing.co.uk,Nautilus Marketing,https://nautilusmarketing.co.uk/,,United Kingdom,uk,selectedfirms,web-design|wix|wordpress,,,,2026-09-22 15:42
v1technologies.co.uk,V1 technologies,https://v1technologies.co.uk/,,United Kingdom,uk,selectedfirms,ecommerce|web-design|wix|wordpress,,,,2026-09-22 15:42
causefocus.uk,Cause Focus Ltd,https://causefocus.uk/,,United Kingdom,uk,selectedfirms,web-design|wix,,,,2026-09-22 15:42
felkamcommerce.com,Felkam Commerce,https://felkamcommerce.com/,,United Kingdom,uk,selectedfirms,ecommerce|web-design,,,,2026-09-22 15:42
impressivesol.com,Impressive Sol,https://impressivesol.com/,,United Kingdom,uk,selectedfirms,ecommerce|web-design|wix|wordpress,,,,2026-09-22 15:42
marketingoptimised.com,Marketing Optimised,https://www.marketingoptimised.com/,,United Kingdom,uk,selectedfirms,ecommerce|web-design|wix|wordpress,,,,2026-09-22 15:42
the-web-design-company.co.uk,The Web Design Company,https://the-web-design-company.co.uk/,,United Kingdom,uk,selectedfirms,web|web-design|wix|wordpress,,,,2026-09-22 15:42
currantweb.co.uk,CurrantWeb Ltd.,https://currantweb.co.uk/,,United Kingdom,uk,selectedfirms,ecommerce|web-design|wordpress,,,,2026-09-22 15:42
4-roads.com,4 Roads,https://www.4-roads.com/,,United Kingdom,uk,selectedfirms,web|web-design,,,,2026-09-22 15:42
makolab.com,Makolab,https://makolab.com/,,United Kingdom,uk,selectedfirms,web-design,,,,2026-09-22 15:42
radioactivedevs.com,Radioactive Devs,https://radioactivedevs.com/,,United Kingdom,uk,selectedfirms,web-design,,,,2026-09-22 15:42
charlesworth-group.com,Charlesworth,https://www.charlesworth-group.com/,,United Kingdom,uk,selectedfirms,web|web-design|wordpress,,,,2026-09-22 15:42
steadygo.digital,SteadyGo,https://www.steadygo.digital/,,United Kingdom,uk,selectedfirms,web-design,,,,2026-09-22 15:42
element78.co.uk,Element78,https://www.element78.co.uk/,,United Kingdom,uk,selectedfirms,web|web-design,,,,2026-09-22 15:42
123ranking.co.uk,123 Ranking,https://www.123ranking.co.uk/,,United Kingdom,uk,selectedfirms,web-design,,,,2026-09-22 15:42
designtribe.co.uk,Design Tribe,https://www.designtribe.co.uk/,,United Kingdom,uk,selectedfirms,web-design|wordpress,,,,2026-09-22 15:42
click2convert.com,Click2Convert,https://www.click2convert.com/,,United Kingdom,uk,selectedfirms,web|web-design|wordpress,,,,2026-09-22 15:42
gibe.digital,Gibe Digital,https://gibe.digital/,,United Kingdom,uk,selectedfirms,web-design,,,,2026-09-22 15:42
vizioz.com,Vizioz,https://www.vizioz.com/,,United Kingdom,uk,selectedfirms,web-design,,,,2026-09-22 15:42
reactdigitally.com,React Digitally,https://reactdigitally.com/,,United Kingdom,uk,selectedfirms,ecommerce|web-design,,,,2026-09-22 15:42
crumpled-dog.com,Crumpled Dog,https://www.crumpled-dog.com/,,United Kingdom,uk,selectedfirms,web-design,,,,2026-09-22 15:42
offthepegdesign.com,Off The Peg Design Limited,https://www.offthepegdesign.com/,,United Kingdom,uk,selectedfirms,web-design|wordpress,,,,2026-09-22 15:42
oxfordwebservices.com,Oxford Web Services,https://www.oxfordwebservices.com/,,United Kingdom,uk,selectedfirms,ecommerce|web-design|wordpress,,,,2026-09-22 15:42
otelli.co.uk,Otelli,https://www.otelli.co.uk/,,United Kingdom,uk,selectedfirms,web-design,,,,2026-09-22 15:42
bigblueroad.com,bigblueroad.com,https://bigblueroad.com/,,United Kingdom,uk,selectedfirms,web|web-design,,,,2026-09-22 15:42
yourpracticeonline.net,Your Practice Online,https://www.yourpracticeonline.net/,,United Kingdom,uk,selectedfirms,web|web-design,,,,2026-09-22 15:42
tinyspark.io,Tiny Spark,https://tinyspark.io/,,United Kingdom,uk,selectedfirms,web|web-design,,,,2026-09-22 15:42
theversatilepeople.com,Versatile People,https://theversatilepeople.com/,,United Kingdom,uk,selectedfirms,web|web-design,,,,2026-09-22 15:42
softwareplanetgroup.co.uk,Software Planet Group,https://softwareplanetgroup.co.uk/,,United Kingdom,uk,selectedfirms,web|web-design,,,,2026-09-22 15:42
rudo.co.uk,Rudo B2B,https://rudo.co.uk/,,United Kingdom,uk,selectedfirms,web|web-design|wordpress,,,,2026-09-22 15:42
snow.dog,Snowdog,https://snow.dog/,,United Kingdom,uk,selectedfirms,ecommerce|web-design,,,,2026-09-22 15:42
iconicdigital.co.uk,Iconic Digital Marketing Consultants,https://www.iconicdigital.co.uk/,,United Kingdom,uk,selectedfirms,ecommerce|web|web-design|wordpress,,,,2026-09-22 15:42
weareyellowball.com,Yellowball,https://weareyellowball.com/,,United Kingdom,uk,selectedfirms,ecommerce|web|web-design|wordpress,,,,2026-09-22 15:42
thedigitalising.com,The Digitalising Ltd,https://thedigitalising.com/,,United Kingdom,uk,selectedfirms,web-design,,,,2026-09-22 15:42
vasterra.com,Vasterra,https://vasterra.com/,,United Kingdom,uk,selectedfirms,ecommerce|web|web-design,,,,2026-09-22 15:42
kota.co.uk,KOTA,https://kota.co.uk/,,United Kingdom,uk,selectedfirms,web|web-design,,,,2026-09-22 15:42
shoptivitylabs.com,ShoptivityLabs,https://shoptivitylabs.com/,,United Kingdom,uk,selectedfirms,ecommerce|web|web-design,,,,2026-09-22 15:42
codedlines.com,Coded Lines Ltd,https://codedlines.com/,,United Kingdom,uk,selectedfirms,web|web-design,,,,2026-09-22 15:42
hiyield.co.uk,Hiyield,https://hiyield.co.uk/,,United Kingdom,uk,selectedfirms,web|web-design,,,,2026-09-22 15:42
techanzy.com,Techanzy Limited,https://www.techanzy.com/,,United Kingdom,uk,selectedfirms,web|web-design,,,,2026-09-22 15:42
lightflows.co.uk,Lightflows,https://www.lightflows.co.uk/,,United Kingdom,uk,selectedfirms,web|web-design,,,,2026-09-22 15:42
headchannel.co.uk,HeadChannel Consulting,https://headchannel.co.uk/,,United Kingdom,uk,selectedfirms,web|web-design,,,,2026-09-22 15:42
flatrocktech.com,Flat Rock Technology,https://flatrocktech.com/,,United Kingdom,uk,selectedfirms,web-design,,,,2026-09-22 15:42
hyperhq.com,Hyper Startup Studio,https://www.hyperhq.com/,,United Kingdom,uk,selectedfirms,web|web-design,,,,2026-09-22 15:42
mooveagency.com,Moove Agency,https://www.mooveagency.com/,,United Kingdom,uk,selectedfirms,web|web-design,,,,2026-09-22 15:42
together.agency,Together,https://together.agency/,,United Kingdom,uk,selectedfirms,web|web-design,,,,2026-09-22 15:42
harrisoncarloss.com,Harrison Carloss,https://harrisoncarloss.com/,,United Kingdom,uk,selectedfirms,ecommerce|web|web-design,,,,2026-09-22 15:42
megrisoft.co.uk,Megrisoft Limited UK,https://www.megrisoft.co.uk/,,United Kingdom,uk,selectedfirms,ecommerce|web-design,,,,2026-09-22 15:42
acestudiotech.com,Acestudiotech,https://acestudiotech.com/,,United Kingdom,uk,selectedfirms,bigcommerce|ecommerce|web|web-design|wordpress,,,,2026-09-22 15:42
maquae.com,M A Q Computer Services L.L.C,https://www.maquae.com/,,United Kingdom,uk,selectedfirms,bigcommerce|ecommerce|web-design|wordpress,,,,2026-09-22 15:42
webspan.biz,WEBSPAN,https://www.webspan.biz/,,United Kingdom,uk,selectedfirms,bigcommerce|ecommerce|web|web-design|wordpress,,,,2026-09-22 15:42
futureplatforms.com,Future Platforms,https://www.futureplatforms.com/,,United Kingdom,uk,selectedfirms,web|web-design,,,,2026-09-22 15:42
animusbytes.com,Animus Bytes,https://www.animusbytes.com/,,United Kingdom,uk,selectedfirms,web|web-design,,,,2026-09-22 15:42
codener.com,Codener LTD,https://codener.com/,,United Kingdom,uk,selectedfirms,ecommerce|web|web-design,,,,2026-09-22 15:42
codepunch.io,Codepunch Ltd,https://codepunch.io/,,United Kingdom,uk,selectedfirms,web|web-design,,,,2026-09-22 15:42
jdc-digital.co.uk,JDC Digital,https://jdc-digital.co.uk/,,United Kingdom,uk,selectedfirms,web-design|wordpress,,,,2026-09-22 15:42
coderchaps.com,Coder Chaps Limited,https://coderchaps.com/,,United Kingdom,uk,selectedfirms,ecommerce|web|web-design,,,,2026-09-22 15:42
deeep.com,Deeep,https://deeep.com/,,United Kingdom,uk,selectedfirms,web|web-design,,,,2026-09-22 15:42
zerocoder.com,Zerocoder,https://zerocoder.com/,,United Kingdom,uk,selectedfirms,web|web-design,,,,2026-09-22 15:42
nucreative.co.uk,NU Creative,https://www.nucreative.co.uk/,,United Kingdom,uk,selectedfirms,web|web-design,,,,2026-09-22 15:42
vidatec.com,Vidatec,https://vidatec.com/,,United Kingdom,uk,selectedfirms,web|web-design|wordpress,,,,2026-09-22 15:42
cosonas.com,Cosonas Ltd,https://cosonas.com/,,United Kingdom,uk,selectedfirms,ecommerce|squarespace|web|web-design|wordpress,,,,2026-09-22 15:42
moloagency.co.uk,Molo Agency,https://www.moloagency.co.uk/,,United Kingdom,uk,selectedfirms,web-design,,,,2026-09-22 15:42
infinityworks.com,Infinity Works,https://www.infinityworks.com/,,United Kingdom,uk,selectedfirms,web-design,,,,2026-09-22 15:42
vecro.tech,Vecro Tech,https://vecro.tech/,,United Kingdom,uk,selectedfirms,ecommerce|web|web-design|wordpress,,,,2026-09-22 15:42
netdreams.co.uk,ID Studio Web Agency,https://www.netdreams.co.uk/,,United Kingdom,uk,selectedfirms,ecommerce|web|web-design|wordpress,,,,2026-09-22 15:42
clickds.co.uk,Click Digital Solutions,https://clickds.co.uk/,,United Kingdom,uk,selectedfirms,ecommerce|web|web-design|wordpress,,,,2026-09-22 15:42
unikove.com,Unikove Technologies,https://unikove.com/,,United Kingdom,uk,selectedfirms,web|web-design,,,,2026-09-22 15:42
delphitechnologies.com,Delphi Technologies,https://delphitechnologies.com/,,United Kingdom,uk,selectedfirms,web|web-design,,,,2026-09-22 15:42
thedpoint.com,The D Point,https://www.thedpoint.com/,,United Kingdom,uk,selectedfirms,web-design,,,,2026-09-22 15:42
nuclecode.uk,nuclecode,https://nuclecode.uk/,,United Kingdom,uk,selectedfirms,web|web-design,,,,2026-09-22 15:42
lab.co.uk,VERJ,https://lab.co.uk/,,United Kingdom,uk,selectedfirms,ecommerce|web-design,,,,2026-09-22 15:42
pivale.co,Pivale,https://www.pivale.co/,,United Kingdom,uk,selectedfirms,ecommerce|web|web-design,,,,2026-09-22 15:42
javedkhattak.com,Javed Khattak Consulting,https://javedkhattak.com/,,United Kingdom,uk,selectedfirms,ecommerce|web-design,,,,2026-09-22 15:42
andjump.com,and jump,https://www.andjump.com/,,United Kingdom,uk,selectedfirms,web-design,,,,2026-09-22 15:42
hitechnology.io,HI Technology & Innovation,https://hitechnology.io/,,United Kingdom,uk,selectedfirms,web-design,,,,2026-09-22 15:42
wearetelescopic.co.uk,Telescopic,https://wearetelescopic.co.uk/,,United Kingdom,uk,selectedfirms,ecommerce|web-design,,,,2026-09-22 15:42
nawlabs.com,Nawlabs,https://nawlabs.com/,,United Kingdom,uk,selectedfirms,web-design,,,,2026-09-22 15:42
uvio.co,UVIO,https://www.uvio.co/,,United Kingdom,uk,selectedfirms,web|web-design,,,,2026-09-22 15:42
cubestech.net,Cubestech Ltd,https://www.cubestech.net/,,United Kingdom,uk,selectedfirms,web|web-design,,,,2026-09-22 15:42
endpointclients.com,ENDPOINT CLIENTS LTD,https://endpointclients.com/,,United Kingdom,uk,selectedfirms,ecommerce|web-design,,,,2026-09-22 15:42
tocyber.co.uk,Tocyber,https://tocyber.co.uk/,,United Kingdom,uk,selectedfirms,ecommerce|web|web-design|wordpress,,,,2026-09-22 15:42
netmatters.co.uk,Netmatters,https://www.netmatters.co.uk/,,United Kingdom,uk,selectedfirms,web-design,,,,2026-09-22 15:42
pnp.digital,Pipe & Piper Ltd,https://pnp.digital/,,United Kingdom,uk,selectedfirms,ecommerce|web|web-design,,,,2026-09-22 15:42
sokoldev.co.uk,SOKOLDEV,https://www.sokoldev.co.uk/,,United Kingdom,uk,selectedfirms,web|web-design|wordpress,,,,2026-09-22 15:42
tech-origami.com,Technical Origami,https://tech-origami.com/,,United Kingdom,uk,selectedfirms,web|web-design,,,,2026-09-22 15:42
digivate.com,Digivate,https://www.digivate.com/,,United Kingdom,uk,selectedfirms,web-design|wordpress,,,,2026-09-22 15:42
instantwebmakers.co.uk,Instant Webmakers UK,https://instantwebmakers.co.uk/,,United Kingdom,uk,selectedfirms,ecommerce|web-design,,,,2026-09-22 15:42
devatium.com,Devatium,https://devatium.com/,,United Kingdom,uk,selectedfirms,ecommerce|web|web-design|wordpress,,,,2026-09-22 15:42
devtrios.com,Devtrios,https://devtrios.com/,,United Kingdom,uk,selectedfirms,web|web-design,,,,2026-09-22 15:42
signifly.com,Signifly,https://www.signifly.com/,,United Kingdom,uk,selectedfirms,ecommerce|web|web-design,,,,2026-09-22 15:42
indusvalley.io,Indus Valley Technologies,https://indusvalley.io/,,United Kingdom,uk,selectedfirms,web|web-design,,,,2026-09-22 15:42
alizasolutions.co.uk,Aliza Solutions LTD,https://www.alizasolutions.co.uk/,,United Kingdom,uk,selectedfirms,ecommerce|web|web-design,,,,2026-09-22 15:42
douglassdigital.com,Douglass Digital,https://www.douglassdigital.com/,,United Kingdom,uk,selectedfirms,ecommerce|web-design|wordpress,,,,2026-09-22 15:42
thisisuntapped.com,Untapped,https://www.thisisuntapped.com/,,United Kingdom,uk,selectedfirms,ecommerce|web|web-design,,,,2026-09-22 15:42
hastyhead.com,Hasty Head,https://hastyhead.com/,,United Kingdom,uk,selectedfirms,web|web-design,,,,2026-09-22 15:42
spinbox.co.uk,Spinbox,https://www.spinbox.co.uk/,,United Kingdom,uk,selectedfirms,web-design,,,,2026-09-22 15:42
sodewe.co.uk,SODEWE,https://sodewe.co.uk/,,United Kingdom,uk,selectedfirms,ecommerce|web|web-design,,,,2026-09-22 15:42
saint-it.co.uk,Saint IT Ltd,https://www.saint-it.co.uk/,,United Kingdom,uk,selectedfirms,web-design,,,,2026-09-22 15:42
devbench.net,Dev Bench,https://www.devbench.net/,,United Kingdom,uk,selectedfirms,web-design,,,,2026-09-22 15:42
mobiteam.co.uk,Mobiteam UK,https://mobiteam.co.uk/,,United Kingdom,uk,selectedfirms,ecommerce|web|web-design,,,,2026-09-22 15:42
plotdigital.com,Plot Digital,https://plotdigital.com/,,United Kingdom,uk,selectedfirms,web|web-design,,,,2026-09-22 15:42
finixiodigital.com,Finixio Digital,https://finixiodigital.com/,,United Kingdom,uk,selectedfirms,bigcommerce|ecommerce|web-design|wix|wordpress,,,,2026-09-22 15:42
devlogics.co,DevLogics,https://www.devlogics.co/,,United Kingdom,uk,selectedfirms,web|web-design,,,,2026-09-22 15:42
ggmr.co.uk,GGMR,https://www.ggmr.co.uk/,,United Kingdom,uk,selectedfirms,web-design,,,,2026-09-22 15:42
kaswans.com,Kaswans Technologies,https://www.kaswans.com/,,United Kingdom,uk,selectedfirms,ecommerce|web|web-design,,,,2026-09-22 15:42
reachstudios.co.uk,Reach Studios Ltd,https://reachstudios.co.uk/,,United Kingdom,uk,selectedfirms,bigcommerce|ecommerce|web|web-design|wordpress,,,,2026-09-22 15:42
appsnativesaaslab.com,APPSNATIVE SAAS LAB,https://appsnativesaaslab.com/,,United Kingdom,uk,selectedfirms,ecommerce|web|web-design,,,,2026-09-22 15:42
filter.agency,Filter,https://filter.agency/,,United Kingdom,uk,selectedfirms,ecommerce|web|web-design|wordpress,,,,2026-09-22 15:42
lagrasigns.com,La Grasigns,https://lagrasigns.com/,,United Kingdom,uk,selectedfirms,web-design|wordpress,,,,2026-09-22 15:42
kanootesoft.co.uk,Kanoote Soft,https://www.kanootesoft.co.uk/,,United Kingdom,uk,selectedfirms,ecommerce|web|web-design|wordpress,,,,2026-09-22 15:42
s-squaresolutions.com,S-Square Solutions,https://s-squaresolutions.com/,,United Kingdom,uk,selectedfirms,web|web-design|wordpress,,,,2026-09-22 15:42
rootinfosol.com,Root Info Solutions,https://rootinfosol.com/,,United Kingdom,uk,selectedfirms,ecommerce|web|web-design|wordpress,,,,2026-09-22 15:42
bluefrontier.co.uk,Blue Frontier,https://www.bluefrontier.co.uk/,,United Kingdom,uk,selectedfirms,ecommerce|web|web-design|wordpress,,,,2026-09-22 15:42
webcapitan.com,Webcapitan,https://webcapitan.com/,,United Kingdom,uk,selectedfirms,ecommerce|web-design|wordpress,,,,2026-09-22 15:42
looksgreat.studio,LOOKSGREAT Studio,https://looksgreat.studio/,,United Kingdom,uk,selectedfirms,ecommerce|web|web-design|wordpress,,,,2026-09-22 15:42
ossianmedia.co.uk,Ossian Media,https://ossianmedia.co.uk/,,United Kingdom,uk,selectedfirms,bigcommerce|ecommerce|squarespace|web-design|wordpress,,,,2026-09-22 15:42
boxuk.com,Box UK,https://www.boxuk.com/,,United Kingdom,uk,selectedfirms,ecommerce|web-design|wordpress,,,,2026-09-22 15:42
crucible.io,Crucible,https://crucible.io/,,United Kingdom,uk,selectedfirms,web|web-design|wordpress,,,,2026-09-22 15:42
rompweb.uk,Rompweb,https://rompweb.uk/,,United Kingdom,uk,selectedfirms,ecommerce|squarespace|web-design|wordpress,,,,2026-09-22 15:42
amberbusinesssolutions.net,Amber Business Solutions,https://www.amberbusinesssolutions.net/,,United Kingdom,uk,selectedfirms,ecommerce|squarespace|web|web-design|wix|wordpress,,,,2026-09-22 15:42
gumpo.co.uk,Gumpo,https://www.gumpo.co.uk/,,United Kingdom,uk,selectedfirms,ecommerce|squarespace|web|web-design|wordpress,,,,2026-09-22 15:42
webdesignchoice.co.uk,Web Choice UK,https://www.webdesignchoice.co.uk/,,United Kingdom,uk,selectedfirms,squarespace|web|web-design|wordpress,,,,2026-09-22 15:42
trustifytechnology.com,Trustify Technology,https://trustifytechnology.com/,,United Kingdom,uk,selectedfirms,web|web-design,,,,2026-09-22 15:42
cybage.com,Cybage Software Pvt. Ltd.,https://www.cybage.com/,,United Kingdom,uk,selectedfirms,web|web-design,,,,2026-09-22 15:42
knarkz.co.uk,KNARKZ SOLUTIONS LIMITED,https://www.knarkz.co.uk/,,United Kingdom,uk,selectedfirms,web|web-design,,,,2026-09-22 15:42
asone.co.uk,AsOne,https://asone.co.uk/,,United Kingdom,uk,selectedfirms,ecommerce|squarespace|web-design|wordpress,,,,2026-09-22 15:42
staxogroup.com,STAXO,https://staxogroup.com/,,United Kingdom,uk,selectedfirms,ecommerce|web-design,,,,2026-09-22 15:42
doddle.agency,Doddle Agency,https://doddle.agency/,,United Kingdom,uk,selectedfirms,ecommerce|squarespace|web-design|wordpress,,,,2026-09-22 15:42
webvizionglobal.com,Webvizion,https://webvizionglobal.com/,,United Kingdom,uk,selectedfirms,ecommerce|squarespace|web|web-design|wix|wordpress,,,,2026-09-22 15:42
adtrak.co.uk,Adtrak,https://www.adtrak.co.uk/,,United Kingdom,uk,selectedfirms,ecommerce|squarespace|web-design|wordpress,,,,2026-09-22 15:42
webnflix.co.uk,Webnflix,https://webnflix.co.uk/,,United Kingdom,uk,selectedfirms,ecommerce|squarespace|web-design|wordpress,,,,2026-09-22 15:42
griddesign.co.uk,Grid Design Agency Ltd,https://griddesign.co.uk/,,United Kingdom,uk,selectedfirms,web|web-design|wordpress,,,,2026-09-22 15:42
shoreditchdesign.com,Shoreditch Design,https://www.shoreditchdesign.com/,,United Kingdom,uk,selectedfirms,web|web-design|wix,,,,2026-09-22 15:42
24sq.com,24SQ,https://www.24sq.com/,,United Kingdom,uk,selectedfirms,web|web-design,,,,2026-09-22 15:42
makeitrane.com,RANE digital,https://makeitrane.com/,,United Kingdom,uk,selectedfirms,web|web-design,,,,2026-09-22 15:42
sniro.com,Sniro,https://www.sniro.com/,,United Kingdom,uk,selectedfirms,ecommerce|web|web-design|wordpress,,,,2026-09-22 15:42
strafecreative.co.uk,Strafe Creative,https://strafecreative.co.uk/,,United Kingdom,uk,selectedfirms,ecommerce|web|web-design|wordpress,,,,2026-09-22 15:42
morphsites.com,Morphsites,https://www.morphsites.com/,,United Kingdom,uk,selectedfirms,web|web-design|wordpress,,,,2026-09-22 15:42
contra.agency,Contra Agency,https://www.contra.agency/,,United Kingdom,uk,selectedfirms,web|web-design|wordpress,,,,2026-09-22 15:42
rozzario.com,Rozzario Digital Agency,https://rozzario.com/,,United Kingdom,uk,selectedfirms,ecommerce|web|web-design|wordpress,,,,2026-09-22 15:42
aumcore.com,Aumcore,https://www.aumcore.com/,,United Kingdom,uk,selectedfirms,ecommerce|web-design|wordpress,,,,2026-09-22 15:42
igentics.com,Igentics,https://www.igentics.com/,,United Kingdom,uk,selectedfirms,ecommerce|web|web-design|wordpress,,,,2026-09-22 15:42
coreations.com,COREations,https://www.coreations.com/,,United Kingdom,uk,selectedfirms,ecommerce|web|web-design,,,,2026-09-22 15:42
lewispurestone.com,LEWIS Purestone,https://www.lewispurestone.com/,,United Kingdom,uk,selectedfirms,web|web-design,,,,2026-09-22 15:42
nvisage.co.uk,Nvisage Group Ltd,https://www.nvisage.co.uk/,,United Kingdom,uk,selectedfirms,ecommerce|web|web-design|wordpress,,,,2026-09-22 15:42
remote.online,Remote,https://remote.online/,,United Kingdom,uk,selectedfirms,web|web-design,,,,2026-09-22 15:42
spindogs.co.uk,Spindogs,https://www.spindogs.co.uk/,,United Kingdom,uk,selectedfirms,ecommerce|web|web-design|wordpress,,,,2026-09-22 15:42
appnova.com,Appnova,https://www.appnova.com/,,United Kingdom,uk,selectedfirms,ecommerce|web-design|wordpress,,,,2026-09-22 15:42
converted.co.uk,Converted,https://converted.co.uk/,,United Kingdom,uk,selectedfirms,ecommerce|web-design|wordpress,,,,2026-09-22 15:42
apexon.com,Apexon,https://www.apexon.com/,,United Kingdom,uk,selectedfirms,ecommerce|web-design,,,,2026-09-22 15:42
thecharlesnyc.com,The Charles NYC,https://thecharlesnyc.com/,,United Kingdom,uk,selectedfirms,ecommerce|web|web-design,,,,2026-09-22 15:42
inventiff.io,Inventiff.,https://inventiff.io/,,United Kingdom,uk,selectedfirms,web|web-design|wordpress,,,,2026-09-22 15:42
headscape.co.uk,Headscape,https://headscape.co.uk/,,United Kingdom,uk,selectedfirms,web|web-design|wordpress,,,,2026-09-22 15:42
wearearch.com,Arch,https://wearearch.com/,,United Kingdom,uk,selectedfirms,web|web-design,,,,2026-09-22 15:42
emotionstudios.net,EMOTIONstudios,https://emotionstudios.net/,,United Kingdom,uk,selectedfirms,web|web-design,,,,2026-09-22 15:42
doublebrace.com,Double Brace,https://doublebrace.com/,,United Kingdom,uk,selectedfirms,ecommerce|web|web-design|wordpress,,,,2026-09-22 15:42
gemwebservices.com,GEM WEB SERVICES,https://gemwebservices.com/,,United Kingdom,uk,selectedfirms,bigcommerce|ecommerce|web|web-design|wordpress,,,,2026-09-22 15:42
light-it.net,Light IT,https://light-it.net/,,United Kingdom,uk,selectedfirms,web|web-design,,,,2026-09-22 15:42
thoughtandfunction.com,Thought&Function,https://www.thoughtandfunction.com/,,United Kingdom,uk,selectedfirms,web|web-design,,,,2026-09-22 15:42
topdevs.org,TopDevs,https://topdevs.org/,,United Kingdom,uk,selectedfirms,web|web-design,,,,2026-09-22 15:42
equalexperts.com,Equal Experts,https://www.equalexperts.com/,,United Kingdom,uk,selectedfirms,web|web-design,,,,2026-09-22 15:42
emnatemedia.com,Emnate Media,https://www.emnatemedia.com/,,United Kingdom,uk,selectedfirms,ecommerce|web-design,,,,2026-09-22 15:42
elephantcrew.co.uk,Elephant Crew,https://www.elephantcrew.co.uk/,,United Kingdom,uk,selectedfirms,web|web-design|wordpress,,,,2026-09-22 15:42
thoughtworks.com,Thoughtworks,https://www.thoughtworks.com/,,United Kingdom,uk,selectedfirms,web|web-design,,,,2026-09-22 15:42
conzummate.com,Conzummate Tech Private Limited,https://conzummate.com/,,United Kingdom,uk,selectedfirms,web|web-design|wix,,,,2026-09-22 15:42
mobiwebtech.com,Mobiweb Technologies,https://mobiwebtech.com/,,United Kingdom,uk,selectedfirms,ecommerce|web|web-design,,,,2026-09-22 15:42
npdigital.com,NP Digital,https://npdigital.com/uk/,,United Kingdom,uk,selectedfirms,web|web-design,,,,2026-09-22 15:42
pedalo.co.uk,Pedalo,https://www.pedalo.co.uk/,,United Kingdom,uk,selectedfirms,ecommerce|web|web-design|wordpress,,,,2026-09-22 15:42
yozu.co.uk,Yozu,https://yozu.co.uk/,,United Kingdom,uk,selectedfirms,web|web-design,,,,2026-09-22 15:42
highdigital.co.uk,High Digital Limited,https://www.highdigital.co.uk/,,United Kingdom,uk,selectedfirms,web|web-design,,,,2026-09-22 15:42
fourmeta.co.uk,Fourmeta,https://www.fourmeta.co.uk/,,United Kingdom,uk,selectedfirms,ecommerce|web-design,,,,2026-09-22 15:42
sotechnology.co.uk,SOtechnology,https://sotechnology.co.uk/,,United Kingdom,uk,selectedfirms,ecommerce|web|web-design,,,,2026-09-22 15:42
epigra.com,Epigra,http://epigra.com/?,,United Kingdom,uk,selectedfirms,web|web-design,,,,2026-09-22 15:42
amaeka.com,Amaeka Technologies,http://amaeka.com/,,United Kingdom,uk,selectedfirms,ecommerce|web|web-design|wix|wordpress,,,,2026-09-22 15:42
designdirect.io,Design Direct UK,https://www.designdirect.io/,,United Kingdom,uk,selectedfirms,ecommerce|web|web-design,,,,2026-09-22 15:42
elementarydigital.co.uk,Elementary Digital London,https://elementarydigital.co.uk/,,United Kingdom,uk,selectedfirms,ecommerce|web-design|wordpress,,,,2026-09-22 15:42
mtcglobalservices.com,MTC GS Limited,https://mtcglobalservices.com/,,United Kingdom,uk,selectedfirms,bigcommerce|ecommerce|web-design,,,,2026-09-22 15:42
brevitysoftware.com,Brevity Software Solutions,https://www.brevitysoftware.com/,,United Kingdom,uk,selectedfirms,bigcommerce|ecommerce|web|web-design|wordpress,,,,2026-09-22 15:42
wezsol.com,WezSol,https://wezsol.com/,,United Kingdom,uk,selectedfirms,web|web-design,,,,2026-09-22 15:42
integrella.com,Integrella,https://integrella.com/,,United Kingdom,uk,selectedfirms,web|web-design,,,,2026-09-22 15:42
one-beyond.com,One Beyond,https://www.one-beyond.com/,,United Kingdom,uk,selectedfirms,web|web-design,,,,2026-09-22 15:42
pluralit.io,Pluralit Inclusive Technology,https://www.pluralit.io/,,United Kingdom,uk,selectedfirms,web-design,,,,2026-09-22 15:42
8thlight.com,8th Light,https://8thlight.com/,,United Kingdom,uk,selectedfirms,web|web-design,,,,2026-09-22 15:42
pitangent.com,Pitangent,https://pitangent.com/,,United Kingdom,uk,selectedfirms,ecommerce|web|web-design,,,,2026-09-22 15:42
looming.tech,Looming Tech,https://www.looming.tech/,,United Kingdom,uk,selectedfirms,ecommerce|web|web-design|wordpress,,,,2026-09-22 15:42
nexagrowth.co.uk,Nexa Growth Marketing LTD,https://nexagrowth.co.uk/,,United Kingdom,uk,selectedfirms,ecommerce|web|web-design|wordpress,,,,2026-09-22 15:42
crownsoft.co,Crownsoft,https://crownsoft.co/,,United Kingdom,uk,selectedfirms,ecommerce|web|web-design,,,,2026-09-22 15:42
lightsoftwares.com,Light Software,https://lightsoftwares.com/,,United Kingdom,uk,selectedfirms,web|web-design,,,,2026-09-22 15:42
twin3.co.uk,Twin3,https://www.twin3.co.uk/,,United Kingdom,uk,selectedfirms,web-design,,,,2026-09-22 15:42
aventussoftware.com,Aventus Software,https://www.aventussoftware.com/,,United Kingdom,uk,selectedfirms,ecommerce|web|web-design|wordpress,,,,2026-09-22 15:42
tiksom.co.uk,Tiksom,https://www.tiksom.co.uk/,,United Kingdom,uk,selectedfirms,web|web-design,,,,2026-09-22 15:42
fusionforge.tech,Fusion Forge Tech,https://fusionforge.tech/,,United Kingdom,uk,selectedfirms,web|web-design,,,,2026-09-22 15:42
millionlabs.co.uk,Million Labs,https://millionlabs.co.uk/,,United Kingdom,uk,selectedfirms,web-design,,,,2026-09-22 15:42
integratads.com,IntegratAds,https://www.integratads.com/,,United Kingdom,uk,selectedfirms,ecommerce|web|web-design,,,,2026-09-22 15:42
growcreate.co.uk,GrowCreate,https://growcreate.co.uk/,,United Kingdom,uk,selectedfirms,web|web-design,,,,2026-09-22 15:42
breatheagency.com,Breathe,https://www.breatheagency.com/,,United Kingdom,uk,selectedfirms,ecommerce|web|web-design|wordpress,,,,2026-09-22 15:42
niteco.com,Niteco,https://niteco.com/,,United Kingdom,uk,selectedfirms,bigcommerce|ecommerce|web|web-design,,,,2026-09-22 15:42
vrinsoft.co.uk,Vrinsoft UK,https://vrinsoft.co.uk/,,United Kingdom,uk,selectedfirms,ecommerce|web|web-design|wordpress,,,,2026-09-22 15:42
novicell.com,Novicell,https://www.novicell.com/uk,,United Kingdom,uk,selectedfirms,ecommerce|web|web-design|wordpress,,,,2026-09-22 15:42
ideatorsdigital.com,Ideators Digital,https://ideatorsdigital.com/,,United Kingdom,uk,selectedfirms,ecommerce|web|web-design|wordpress,,,,2026-09-22 15:42
shopskey.com,Shopskey,https://www.shopskey.com/,,United Kingdom,uk,selectedfirms,ecommerce|web|web-design|wordpress,,,,2026-09-22 15:42
spurwing.co.uk,Spurwing — Webflow Agency,https://www.spurwing.co.uk/,,United Kingdom,uk,selectedfirms,web|web-design,,,,2026-09-22 15:42
stablelogic.com,StableLogic,https://stablelogic.com/,,United Kingdom,uk,selectedfirms,web|web-design,,,,2026-09-22 15:42
pwr-code.com,Powercode Group,https://pwr-code.com/,,United Kingdom,uk,selectedfirms,ecommerce|web|web-design,,,,2026-09-22 15:42
knubisoft.com,KnubiSoft,https://knubisoft.com/,,United Kingdom,uk,selectedfirms,web|web-design,,,,2026-09-22 15:42
ldw.support,LDW Support,https://ldw.support/,,United Kingdom,uk,selectedfirms,web|web-design|wordpress,,,,2026-09-22 15:42
clearbrand.co.uk,ClearBrand,https://www.clearbrand.co.uk/,,United Kingdom,uk,selectedfirms,web-design,,,,2026-09-22 15:42
modal.co.uk,Modal Digital,https://www.modal.co.uk,,United Kingdom,uk,selectedfirms,web|web-design,,,,2026-09-22 15:42
bcwebdesignlondon.co.uk,Bright Creation Web Design London Ltd,https://bcwebdesignlondon.co.uk/,,United Kingdom,uk,selectedfirms,web-design,,,,2026-09-22 15:42
pixeltree.co.uk,Pixeltree,https://pixeltree.co.uk/,,United Kingdom,uk,selectedfirms,web-design,,,,2026-09-22 15:42
pixxen.com,Pixxen,https://pixxen.com/packages/restoration-web-design/,,United Kingdom,uk,selectedfirms,web|web-design,,,,2026-09-22 15:42
purpledovemedia.marketing,Purple Dove Media,https://www.purpledovemedia.marketing,,United Kingdom,uk,selectedfirms,web-design,,,,2026-09-22 15:42
ctidigital.com,CTI Digital,https://www.ctidigital.com/,,United Kingdom,uk,selectedfirms,bigcommerce|ecommerce|web|web-design,,,,2026-09-22 15:42
designwebskills.com,Designwebskills,https://designwebskills.com/,,United Kingdom,uk,selectedfirms,bigcommerce|ecommerce|web-design,,,,2026-09-22 15:42
bowhouse.co.uk,Bow House Ltd,https://www.bowhouse.co.uk/,,United Kingdom,uk,selectedfirms,web-design,,,,2026-09-22 15:42
wzone.london,Wzone London,http://www.wzone.london,,United Kingdom,uk,selectedfirms,web|web-design,,,,2026-09-22 15:42
prosperdigital.uk,Prosper Digital,https://prosperdigital.uk/,,United Kingdom,uk,selectedfirms,web-design,,,,2026-09-22 15:42
digitalapple.ai,Digital Apple,https://digitalapple.ai/,,United Kingdom,uk,selectedfirms,web|web-design,,,,2026-09-22 15:42
invanity.co.uk,Invanity,https://invanity.co.uk/,,United Kingdom,uk,selectedfirms,web|web-design,,,,2026-09-22 15:42
rightmediadigital.co.uk,Right Media UK,https://rightmediadigital.co.uk/,,United Kingdom,uk,selectedfirms,ecommerce|web|web-design,,,,2026-09-22 15:42
shivraecom.co.uk,Shivra Ecom,https://shivraecom.co.uk/,,United Kingdom,uk,selectedfirms,ecommerce|web|web-design,,,,2026-09-22 15:42
exclusiveseo.co.uk,Exclusive SEO,https://www.exclusiveseo.co.uk/,,United Kingdom,uk,selectedfirms,web-design|wordpress,,,,2026-09-22 15:42
lionheartmarketing.co.uk,Lionheart Marketing ltd,https://www.lionheartmarketing.co.uk,,United Kingdom,uk,selectedfirms,ecommerce|web|web-design,,,,2026-09-22 15:42
markexcell.co.uk,Mark Excell,https://markexcell.co.uk/,,United Kingdom,uk,selectedfirms,web|web-design|wordpress,,,,2026-09-22 15:42
optimihub.com,Optimihub,https://optimihub.com/,,United Kingdom,uk,selectedfirms,web|web-design,,,,2026-09-22 15:42
dreamertechnoland.com,Dreamer Technoland,https://dreamertechnoland.com/,,United Kingdom,uk,selectedfirms,ecommerce|web|web-design,,,,2026-09-22 15:42
codeinclusive.co.uk,Code Inclusive UK,https://codeinclusive.co.uk/,,United Kingdom,uk,selectedfirms,web|web-design,,,,2026-09-22 15:42
bndigital.co,BN Digital,https://bndigital.co/,,United Kingdom,uk,selectedfirms,web|web-design,,,,2026-09-22 15:42
bamsh.co.uk,Bamsh Digital Marketing,https://bamsh.co.uk/,,United Kingdom,uk,selectedfirms,web|web-design,,,,2026-09-22 15:42
stronyinternetowe.uk,Strony Internetowe UK,https://stronyinternetowe.uk,,United Kingdom,uk,selectedfirms,web|web-design,,,,2026-09-22 15:42
atomicartisans.com,Atomic Artisans,https://atomicartisans.com/,,United Kingdom,uk,selectedfirms,ecommerce|web|web-design,,,,2026-09-22 15:42
scopun.com,Scopun,https://scopun.com/,,United Kingdom,uk,selectedfirms,ecommerce|web|web-design|wordpress,,,,2026-09-22 15:42
webdesignseo.com,Web Design SEO LTD,https://webdesignseo.com/,,United Kingdom,uk,selectedfirms,ecommerce|web-design|wordpress,,,,2026-09-22 15:42
finsburymedia.com,Finsbury Media,https://finsburymedia.com/,,United Kingdom,uk,selectedfirms,web|web-design|wordpress,,,,2026-09-22 15:42
ampliflow.ai,Ampliflow,https://ampliflow.ai/,,United Kingdom,uk,selectedfirms,ecommerce|web|web-design,,,,2026-09-22 15:42
rapidseo.london,Rapid SEO London,https://rapidseo.london/,,United Kingdom,uk,selectedfirms,web-design,,,,2026-09-22 15:42
glazedigital.com,Glaze Digital,https://glazedigital.com/,,United Kingdom,uk,selectedfirms,ecommerce|web|web-design,,,,2026-09-22 15:42
aspireoffshore.co.uk,Aspire Offshore,https://aspireoffshore.co.uk/?utm_id=bl&utm_source=Selected%20firms&utm_medium=refferal&utm_campaign=bl&utm_term=Selected%20firms_refferal&utm_content=Selected%20firms_bl,,United Kingdom,uk,selectedfirms,web-design,,,,2026-09-22 15:42
jw-digital.co.uk,JW Digital,https://jw-digital.co.uk/,,United Kingdom,uk,selectedfirms,ecommerce|web|web-design,,,,2026-09-22 15:42
nexpride.com,NexPride Limited,https://nexpride.com/,,United Kingdom,uk,selectedfirms,ecommerce|web|web-design|wordpress,,,,2026-09-22 15:42
seoforarchitecturalfirms.co.uk,SEO For Architectural Firms UK,https://seoforarchitecturalfirms.co.uk/,,United Kingdom,uk,selectedfirms,web-design,,,,2026-09-22 15:42
1stpage.co.uk,1stPage UK,https://1stpage.co.uk/,,United Kingdom,uk,selectedfirms,ecommerce|web|web-design,,,,2026-09-22 15:42
thecreativecrewstudio.com,Creative Crew Studio,https://thecreativecrewstudio.com/,,United Kingdom,uk,selectedfirms,web-design,,,,2026-09-22 15:42
cartmade.com,Cartmade,https://cartmade.com/,,United Kingdom,uk,selectedfirms,ecommerce|web|web-design,,,,2026-09-22 15:42
qualityinternetsolutions.co.uk,Quality Internet Solutions Ltd,https://www.qualityinternetsolutions.co.uk/,,United Kingdom,uk,selectedfirms,ecommerce|web|web-design,,,,2026-09-22 15:42
exogrowsolutions.com,Exogrow Solutions,https://www.exogrowsolutions.com,,United Kingdom,uk,selectedfirms,ecommerce|web|web-design,,,,2026-09-22 15:42
stack360.co,Stack360,https://www.stack360.co/,,United Kingdom,uk,selectedfirms,ecommerce|web|web-design,,,,2026-09-22 15:42
waldenwaves.co.uk,Walden Waves - Digital Marketing Agency,https://waldenwaves.co.uk/,,United Kingdom,uk,selectedfirms,ecommerce|web|web-design|wordpress,,,,2026-09-22 15:42
hubofdevs.com,Hub of Devs,https://hubofdevs.com/,,United Kingdom,uk,selectedfirms,ecommerce|web|web-design,,,,2026-09-22 15:42
ultralinkit.co.uk,Ultralink IT Solutions LLP,https://www.ultralinkit.co.uk/,,United Kingdom,uk,selectedfirms,ecommerce|web|web-design|wordpress,,,,2026-09-22 15:42
pollatech.com,Pollatech,https://pollatech.com/,,United Kingdom,uk,selectedfirms,ecommerce|web|web-design,,,,2026-09-22 15:42
clickmastersdigitalmarketing.co.uk,Clickmasters Digital Marketing Agency UK,https://clickmastersdigitalmarketing.co.uk/,,United Kingdom,uk,selectedfirms,web|web-design,,,,2026-09-22 15:42
opsure.co,Opsure Enterprises Ltd,https://opsure.co/,,United Kingdom,uk,selectedfirms,ecommerce|web-design|wordpress,,,,2026-09-22 15:42
firstinternet.co.uk,First Internet,https://www.firstinternet.co.uk/,,United Kingdom,uk,selectedfirms,web|web-design|wordpress,,,,2026-09-22 15:42
digitsea.agency,Digitsea,https://digitsea.agency/,,United Kingdom,uk,selectedfirms,ecommerce|web|web-design|wordpress,,,,2026-09-22 15:42
reedaccountants.co.uk,Reed & Co. Accountants,https://www.reedaccountants.co.uk/,,United Kingdom,uk,selectedfirms,web|web-design,,,,2026-09-22 15:42
appyventures.com,Appy Ventures,https://appyventures.com/,,United Kingdom,uk,selectedfirms,web-design,,,,2026-09-22 15:42
windandkite.com,Wind & Kite,https://www.windandkite.com/,,United Kingdom,uk,selectedfirms,ecommerce|web-design,,,,2026-09-22 15:42
morrama.com,Morrama,https://www.morrama.com,,United Kingdom,uk,selectedfirms,web-design,,,,2026-09-22 15:42
verticalvertical.com,Vertical Vertical,https://verticalvertical.com/,,United Kingdom,uk,selectedfirms,web|web-design,,,,2026-09-22 15:42
pocketworks.co.uk,Pocketworks,https://pocketworks.co.uk/,,United Kingdom,uk,selectedfirms,web-design,,,,2026-09-22 15:42
cursive.works,Cursive,https://cursive.works/,,United Kingdom,uk,selectedfirms,web|web-design,,,,2026-09-22 15:42
isotoma.com,Isotoma,https://isotoma.com/,,United Kingdom,uk,selectedfirms,web|web-design,,,,2026-09-22 15:42
showandtell.agency,Show + Tell,https://showandtell.agency/,,United Kingdom,uk,selectedfirms,ecommerce|web|web-design|wordpress,,,,2026-09-22 15:42
gene.co.uk,GENE Commerce,https://gene.co.uk/,,United Kingdom,uk,selectedfirms,ecommerce|web-design,,,,2026-09-22 15:42
bravetheskies.com,Brave the Skies,https://www.bravetheskies.com,,United Kingdom,uk,selectedfirms,ecommerce|web-design,,,,2026-09-22 15:42
element-uk.com,Element UK,https://www.element-uk.com/,,United Kingdom,uk,selectedfirms,web-design,,,,2026-09-22 15:42
tribalsystems.uk,Tribal Systems,https://tribalsystems.uk,,United Kingdom,uk,selectedfirms,ecommerce|web|web-design,,,,2026-09-22 15:42
thebarn.agency,The Barn Agency Ltd,https://thebarn.agency/,,United Kingdom,uk,selectedfirms,ecommerce|web|web-design,,,,2026-09-22 15:42
katalysis.net,Katalysis Net,https://www.katalysis.net/,,United Kingdom,uk,selectedfirms,web|web-design,,,,2026-09-22 15:42
pddinnovation.com,PDD Group,https://www.pddinnovation.com,,United Kingdom,uk,selectedfirms,web-design,,,,2026-09-22 15:42
testbirds.com,Testbirds,https://www.testbirds.com/en/,,United Kingdom,uk,selectedfirms,web-design,,,,2026-09-22 15:42
thisisundefined.com,This is Undefined,https://thisisundefined.com/,,United Kingdom,uk,selectedfirms,web|web-design,,,,2026-09-22 15:42
fanstudio.co.uk,Fan Studio UK,https://www.fanstudio.co.uk/,,United Kingdom,uk,selectedfirms,web-design,,,,2026-09-22 15:42
webstraxt.com,Webstraxt,https://www.webstraxt.com/,,United Kingdom,uk,selectedfirms,ecommerce|web-design,,,,2026-09-22 15:42
elevateweb.co.uk,Elevate Web,https://www.elevateweb.co.uk/,,United Kingdom,uk,selectedfirms,ecommerce|web-design,,,,2026-09-22 15:42
layerdesign.com,LAYER Design,https://layerdesign.com,,United Kingdom,uk,selectedfirms,web-design,,,,2026-09-22 15:42
videinfra.com,Vide Infra,https://videinfra.com/,,United Kingdom,uk,selectedfirms,ecommerce|web|web-design,,,,2026-09-22 15:42
sixbysix.co.uk,SixBySix,https://www.sixbysix.co.uk/,,United Kingdom,uk,selectedfirms,ecommerce|web-design,,,,2026-09-22 15:42
wemakewebsites.com,WeMakeWebsites,https://wemakewebsites.com,,United Kingdom,uk,selectedfirms,bigcommerce|ecommerce|web|web-design,,,,2026-09-22 15:42
space48.com,Space 48,https://space48.com,,United Kingdom,uk,selectedfirms,bigcommerce|ecommerce|web-design,,,,2026-09-22 15:42
blubolt.com,Blubolt,https://www.blubolt.com,,United Kingdom,uk,selectedfirms,ecommerce|web-design,,,,2026-09-22 15:42
charleagency.com,Charle Agency,https://www.charleagency.com,,United Kingdom,uk,selectedfirms,ecommerce|web-design,,,,2026-09-22 15:42
underwaterpistol.com,Underwaterpistol,https://www.underwaterpistol.com,,United Kingdom,uk,selectedfirms,ecommerce|web-design,,,,2026-09-22 15:42
wholedesignstudios.com,Whole Design Studios,https://wholedesignstudios.com,,United Kingdom,uk,selectedfirms,ecommerce|web-design,,,,2026-09-22 15:42
futurice.com,Futurice,https://futurice.com,,United Kingdom,uk,selectedfirms,ecommerce|web|web-design,,,,2026-09-22 15:42
oxtadesign.co.uk,Oxta Design,https://oxtadesign.co.uk/,,United Kingdom,uk,selectedfirms,web-design,,,,2026-09-22 15:42
dawsonandrews.com,Dawson Andrews,https://www.dawsonandrews.com/,,United Kingdom,uk,selectedfirms,web|web-design,,,,2026-09-22 15:42
evident-group.com,Evident,https://www.evident-group.com/,,United Kingdom,uk,selectedfirms,web-design,,,,2026-09-22 15:42
onedegreenorth.digital,One Degree North,https://onedegreenorth.digital/,,United Kingdom,uk,selectedfirms,ecommerce|web|web-design,,,,2026-09-22 15:42
hyperpixel.co.uk,Hyper Pixel,https://hyperpixel.co.uk/,,United Kingdom,uk,selectedfirms,web|web-design|wordpress,,,,2026-09-22 15:42
ringtailsoftware.co.uk,Ringtail Software,https://www.ringtailsoftware.co.uk/,,United Kingdom,uk,selectedfirms,web-design,,,,2026-09-22 15:42
red-c.co.uk,Red C London,https://www.red-c.co.uk/,,United Kingdom,uk,selectedfirms,web|web-design|wordpress,,,,2026-09-22 15:42
createfuture.com,CreateFuture,https://createfuture.com/,,United Kingdom,uk,selectedfirms,web-design,,,,2026-09-22 15:42
sparkosol.com,Sparko Sol,https://sparkosol.com/,,United Kingdom,uk,selectedfirms,web|web-design|wordpress,,,,2026-09-22 15:42
forrentech.com,Forrentech,https://forrentech.com/,,United Kingdom,uk,selectedfirms,ecommerce|web|web-design|wix|wordpress,,,,2026-09-22 15:42
websitesuccess.co.uk,Website Success,https://www.websitesuccess.co.uk/,,United Kingdom,uk,selectedfirms,web|web-design,,,,2026-09-22 15:42
vouchglobal.com,Vouch Global,https://www.vouchglobal.com/,,United Kingdom,uk,selectedfirms,ecommerce|web|web-design,,,,2026-09-22 15:42
fabritglobal.com,Fabrit Global,https://fabritglobal.com/,,United Kingdom,uk,selectedfirms,web|web-design,,,,2026-09-22 15:42
inviqa.com,Inviqa,https://inviqa.com/,,United Kingdom,uk,selectedfirms,ecommerce|web|web-design,,,,2026-09-22 15:42
tryzens.com,Tryzens Global,https://tryzens.com/,,United Kingdom,uk,selectedfirms,ecommerce|web-design,,,,2026-09-22 15:42
absolute-design.co.uk,Absolute Design,https://www.absolute-design.co.uk/,,United Kingdom,uk,selectedfirms,ecommerce|web|web-design|wordpress,,,,2026-09-22 15:42
rechargedigital.co.uk,Recharge Digital,https://rechargedigital.co.uk/,,United Kingdom,uk,selectedfirms,ecommerce|web|web-design|wordpress,,,,2026-09-22 15:42
streammarket.co.uk,StreamMarket,https://streammarket.co.uk/,,United Kingdom,uk,selectedfirms,ecommerce|web-design,,,,2026-09-22 15:42
embryo.com,Embryo Digital,https://embryo.com/,,United Kingdom,uk,selectedfirms,web|web-design,,,,2026-09-22 15:42
screenpages.com,Screen Pages,https://www.screenpages.com,,United Kingdom,uk,selectedfirms,ecommerce|web-design|wordpress,,,,2026-09-22 15:42
smackagency.com,Smack Agency,https://smackagency.com,,United Kingdom,uk,selectedfirms,ecommerce|web|web-design,,,,2026-09-22 15:42
coderus.com,Coderus,https://www.coderus.com,,United Kingdom,uk,selectedfirms,web-design,,,,2026-09-22 15:42
redninja.co.uk,Red Ninja Studios,https://www.redninja.co.uk/,,United Kingdom,uk,selectedfirms,web-design,,,,2026-09-22 15:42
neu.studio,neu,https://www.neu.studio/,,United Kingdom,uk,selectedfirms,ecommerce|web-design,,,,2026-09-22 15:42
synycs.com,Synycs Group,https://synycs.com/,,United Kingdom,uk,selectedfirms,web-design,,,,2026-09-22 15:42
ideyalabs.com,ideyaLabs,https://www.ideyalabs.com/,,United Kingdom,uk,selectedfirms,web-design,,,,2026-09-22 15:42
seerbi.uk,SeerBI,https://www.seerbi.uk/,,United Kingdom,uk,selectedfirms,web-design,,,,2026-09-22 15:42
wetalkit.co.uk,We Talk IT,https://www.wetalkit.co.uk/,,United Kingdom,uk,selectedfirms,ecommerce|web-design,,,,2026-09-22 15:42
turnuptechnologies.co,Turn Up Technologies,https://turnuptechnologies.co/,,United Kingdom,uk,selectedfirms,ecommerce|web|web-design|wordpress,,,,2026-09-22 15:42
omtechmasters.co.uk,OMtech,https://omtechmasters.co.uk/,,United Kingdom,uk,selectedfirms,ecommerce|web|web-design|wordpress,,,,2026-09-22 15:42
taodigitalmarketing.com,Tao Digital Marketing,https://taodigitalmarketing.com/,,United Kingdom,uk,selectedfirms,web|web-design|wordpress,,,,2026-09-22 15:42
samyotech.com,Samyotech Software Solutions Pvt. Ltd.,https://samyotech.com/,,United Kingdom,uk,selectedfirms,bigcommerce|ecommerce|web|web-design,,,,2026-09-22 15:42
offshorly.com,Offshorly Ltd,https://offshorly.com/,,United Kingdom,uk,selectedfirms,ecommerce|web|web-design|wordpress,,,,2026-09-22 15:42
eastsideco.com,Eastside Co,https://eastsideco.com,,United Kingdom,uk,selectedfirms,ecommerce|web|web-design,,,,2026-09-22 15:42
fusecup.co,fusecup.co,https://fusecup.co/,,United Kingdom,uk,selectedfirms,web|web-design,,,,2026-09-22 15:42
innowave.tech,InnoWave,https://innowave.tech/,,United Kingdom,uk,selectedfirms,web-design,,,,2026-09-22 15:42
bramfitt-tech-labs.com,Bramfitt Technology Labs,https://bramfitt-tech-labs.com,,United Kingdom,uk,selectedfirms,web-design,,,,2026-09-22 15:42
abovoinc.com,"Ab Ovo, Inc.",https://www.abovoinc.com/,,United Kingdom,uk,selectedfirms,web|web-design,,,,2026-09-22 15:42
themorrow.digital,Morrow,https://www.themorrow.digital/,,United Kingdom,uk,selectedfirms,ecommerce|web|web-design,,,,2026-09-22 15:42
echoglobal.tech,EchoGlobal,https://echoglobal.tech/,,United Kingdom,uk,selectedfirms,web,,,,2026-09-22 15:43
emerline.com,Emerline,https://emerline.com/contact-us?utm_source=selectedfirms.co&utm_medium=referral&utm_campaign=contact-us&utm_content=listing,,United Kingdom,uk,selectedfirms,bigcommerce|ecommerce|magento|web|woocommerce,,,,2026-09-22 15:43
debutinfotech.com,Debut Infotech Global Services LLC,https://www.debutinfotech.com,,United Kingdom,uk,selectedfirms,web,,,,2026-09-22 15:43
senla.eu,SENLA,https://senla.eu?utm_source=selectedfirms&utm_medium=referral&utm_campaign=directory,,United Kingdom,uk,selectedfirms,web,,,,2026-09-22 15:43
csschopper.com,CSSChopper,https://www.csschopper.com/,,United Kingdom,uk,selectedfirms,ecommerce|magento|web,,,,2026-09-22 15:43
sdlccorp.com,SDLC Corp,https://sdlccorp.com/,,United Kingdom,uk,selectedfirms,bigcommerce|ecommerce|magento|web|woocommerce,,,,2026-09-22 15:43
binary-studio.com,Binary Studio,https://binary-studio.com/,,United Kingdom,uk,selectedfirms,web,,,,2026-09-22 15:43
timspark.com,Timspark,https://timspark.com,,United Kingdom,uk,selectedfirms,web,,,,2026-09-22 15:43
hedgehoglab.com,hedgehog lab,https://hedgehoglab.com/,,United Kingdom,uk,selectedfirms,web,,,,2026-09-22 15:43
magora-systems.com,Magora,https://magora-systems.com/,,United Kingdom,uk,selectedfirms,web,,,,2026-09-22 15:43
eleks.com,ELEKS,https://eleks.com/,,United Kingdom,uk,selectedfirms,web,,,,2026-09-22 15:43
kernelics.com,Kernelics,https://kernelics.com/,,United Kingdom,uk,selectedfirms,web,,,,2026-09-22 15:43
indusnet.co.in,Indus Net Technologies,https://www.indusnet.co.in/,,United Kingdom,uk,selectedfirms,web,,,,2026-09-22 15:43
eitbiz.com,Extrovert Information Techology (EitBiz),https://www.eitbiz.com/,,United Kingdom,uk,selectedfirms,web,,,,2026-09-22 15:43
zgraya.digital,Zgraya,https://zgraya.digital/,,United Kingdom,uk,selectedfirms,web,,,,2026-09-22 15:43
vrinsofts.com,Vrinsoft Technology,https://www.vrinsofts.com/,,United Kingdom,uk,selectedfirms,web,,,,2026-09-22 15:43
ficode.com,Ficode Technologies Limited,https://www.ficode.com,,United Kingdom,uk,selectedfirms,ecommerce|magento|web|woocommerce,,,,2026-09-22 15:43
endivesoftware.com,Endive Software,https://www.endivesoftware.com/,,United Kingdom,uk,selectedfirms,web,,,,2026-09-22 15:43
crunch-is.com,Crunch-IS,https://crunch-is.com/,,United Kingdom,uk,selectedfirms,web,,,,2026-09-22 15:43
codmist.com,Codmist,https://codmist.com,,United Kingdom,uk,selectedfirms,web,,,,2026-09-22 15:43
reecroot.com,Reecroot,https://www.reecroot.com,,United Kingdom,uk,selectedfirms,web,,,,2026-09-22 15:43
suntecindia.com,SunTec India,https://www.suntecindia.com/,,United Kingdom,uk,selectedfirms,ecommerce|magento|web|wordpress,,,,2026-09-22 15:43
jploft.com,JPLoft Solutions,https://www.jploft.com/,,United Kingdom,uk,selectedfirms,ecommerce|magento|web|wordpress,,,,2026-09-22 15:43
binariks.com,Binariks,https://binariks.com/,,United Kingdom,uk,selectedfirms,web,,,,2026-09-22 15:43
virvainfotech.com,Virva Infotech,https://www.virvainfotech.com/,,United Kingdom,uk,selectedfirms,web,,,,2026-09-22 15:43
tuvoc.com,Tuvoc Technologies,https://www.tuvoc.com,,United Kingdom,uk,selectedfirms,web,,,,2026-09-22 15:43
internetdevels.com,InternetDevels,https://internetdevels.com/,,United Kingdom,uk,selectedfirms,web,,,,2026-09-22 15:43
5star-designers.co.uk,5StarDesigners Ltd,https://5star-designers.co.uk/,,United Kingdom,uk,selectedfirms,web,,,,2026-09-22 15:43
octalsoftware.com,Octal IT Solution,https://www.octalsoftware.com/,,United Kingdom,uk,selectedfirms,web,,,,2026-09-22 15:43
loginet.com,LogiNet International,https://loginet.com/,,United Kingdom,uk,selectedfirms,web,,,,2026-09-22 15:43
merixstudio.com,Merixstudio,https://www.merixstudio.com/,,United Kingdom,uk,selectedfirms,web,,,,2026-09-22 15:43
mobidev.biz,MobiDev Corporation,https://mobidev.biz/,,United Kingdom,uk,selectedfirms,web,,,,2026-09-22 15:43
mobikasa.com,Mobikasa,https://www.mobikasa.com/,,United Kingdom,uk,selectedfirms,ecommerce|web,,,,2026-09-22 15:43
intellectsoft.net,Intellectsoft,https://www.intellectsoft.net/,,United Kingdom,uk,selectedfirms,web,,,,2026-09-22 15:43
cynoteck.com,Cynoteck,https://cynoteck.com/,,United Kingdom,uk,selectedfirms,ecommerce|magento|web|woocommerce|wordpress,,,,2026-09-22 15:43
xillentech.com,Xillentech,https://xillentech.com/,,United Kingdom,uk,selectedfirms,web,,,,2026-09-22 15:43
abhiwan.com,Abhiwan Technology Pvt Ltd,https://www.abhiwan.com,,United Kingdom,uk,selectedfirms,web,,,,2026-09-22 15:43
zazz.io,Zazz,https://www.zazz.io/,,United Kingdom,uk,selectedfirms,web,,,,2026-09-22 15:43
codal.com,Codal,https://www.codal.com/,,United Kingdom,uk,selectedfirms,bigcommerce|ecommerce|web,,,,2026-09-22 15:43
waracle.com,Waracle,https://waracle.com/,,United Kingdom,uk,selectedfirms,web,,,,2026-09-22 15:43
uptech.team,Uptech,https://www.uptech.team/,,United Kingdom,uk,selectedfirms,web,,,,2026-09-22 15:43
wave-access.com,WaveAccess,https://www.wave-access.com,,United Kingdom,uk,selectedfirms,web,,,,2026-09-22 15:43
weuno.com,WeUno Technologies,https://www.weuno.com/,,United Kingdom,uk,selectedfirms,web,,,,2026-09-22 15:43
mobilecoderz.com,MobileCoderz Technologies,https://mobilecoderz.com/,,United Kingdom,uk,selectedfirms,web,,,,2026-09-22 15:43
itransition.com,Itransition,https://www.itransition.com/,,United Kingdom,uk,selectedfirms,ecommerce|magento|web,,,,2026-09-22 15:43
venturedive.com,VentureDive Technology Services,https://www.venturedive.com/,,United Kingdom,uk,selectedfirms,web,,,,2026-09-22 15:43
aelumconsulting.com,Aelum Consulting,https://aelumconsulting.com,,United Kingdom,uk,selectedfirms,web,,,,2026-09-22 15:43
wowcommerce.co.uk,WowCommerce,https://wowcommerce.co.uk/,,United Kingdom,uk,selectedfirms,ecommerce|web,,,,2026-09-22 15:43
digitalinear.com,Digitalinear Ltd,https://digitalinear.com,,United Kingdom,uk,selectedfirms,web,,,,2026-09-22 15:43
mydigitalsolutions.co.uk,My Digital Solutions,https://mydigitalsolutions.co.uk/contact,,United Kingdom,uk,selectedfirms,web,,,,2026-09-22 15:43
revatics.co.uk,Revatics,https://www.revatics.co.uk/,,United Kingdom,uk,selectedfirms,web,,,,2026-09-22 15:43
reactdevelopmentagency.uk,React Development Agency,https://reactdevelopmentagency.uk/,,United Kingdom,uk,selectedfirms,web,,,,2026-09-22 15:43
opace.co.uk,Opace Web Design,https://www.opace.co.uk/,,United Kingdom,uk,selectedfirms,web,,,,2026-09-22 15:43
foundationcommerce.co.uk,Foundation Commerce,https://foundationcommerce.co.uk/,,United Kingdom,uk,selectedfirms,web,,,,2026-09-22 15:43
digiryte.com,Digiryte,https://www.digiryte.com/,,United Kingdom,uk,selectedfirms,web,,,,2026-09-22 15:43
powercode.co.uk,Powercode,https://powercode.co.uk/,,United Kingdom,uk,selectedfirms,web,,,,2026-09-22 15:43
attractgroup.com,Attract Group,https://attractgroup.com/,,United Kingdom,uk,selectedfirms,web,,,,2026-09-22 15:43
iostudios.co.uk,ioSTUDIOS,https://iostudios.co.uk/,,United Kingdom,uk,selectedfirms,ecommerce|web,,,,2026-09-22 15:43
maksof.com,MAKSOF GLOBAL LTD,https://www.maksof.com/,,United Kingdom,uk,selectedfirms,ecommerce|web,,,,2026-09-22 15:43
devroom.uk,devroom,https://devroom.uk/,,United Kingdom,uk,selectedfirms,web,,,,2026-09-22 15:43
appdrawn.com,Appdrawn Software Development,https://www.appdrawn.com/,,United Kingdom,uk,selectedfirms,web,,,,2026-09-22 15:43
audacia.co.uk,Audacia,https://audacia.co.uk/,,United Kingdom,uk,selectedfirms,ecommerce|web,,,,2026-09-22 15:43
arrkgroup.com,Arrk Group,https://www.arrkgroup.com,,United Kingdom,uk,selectedfirms,web,,,,2026-09-22 15:43
intelegain.com,Intelegain Technologies,https://www.intelegain.com/,,United Kingdom,uk,selectedfirms,web,,,,2026-09-22 15:43
ileafsolutions.com,iLeaf Solutions Pvt Ltd.,https://www.ileafsolutions.com/uk,,United Kingdom,uk,selectedfirms,web,,,,2026-09-22 15:43
maximsoft.co.uk,MaximSoft,http://maximsoft.co.uk/,,United Kingdom,uk,selectedfirms,ecommerce|web,,,,2026-09-22 15:43
technoscore.com,TechnoScore,https://www.technoscore.com/,,United Kingdom,uk,selectedfirms,web,,,,2026-09-22 15:43
magecom.net,Magecom,https://magecom.net/,,United Kingdom,uk,selectedfirms,ecommerce|magento|web,,,,2026-09-22 15:43
brandburp.com,BrandBurp,https://www.brandburp.com/,,United Kingdom,uk,selectedfirms,web,,,,2026-09-22 15:43
borneagency.com,Borne Digital,https://borneagency.com/,,United Kingdom,uk,selectedfirms,web,,,,2026-09-22 15:43
clerkswell.com,ClerksWell,https://www.clerkswell.com/,,United Kingdom,uk,selectedfirms,web,,,,2026-09-22 15:43
fortyseven47.com,FortySeven Software Professionals,https://fortyseven47.com/,,United Kingdom,uk,selectedfirms,web,,,,2026-09-22 15:43
journi.uk,Journi,https://journi.uk/,,United Kingdom,uk,selectedfirms,web,,,,2026-09-22 15:43
andersenlab.com,Andersen Inc.,https://andersenlab.com/,,United Kingdom,uk,selectedfirms,web,,,,2026-09-22 15:43
goodface.agency,Goodface,https://goodface.agency/,,United Kingdom,uk,selectedfirms,web|wordpress,,,,2026-09-22 15:43
codeappsol.com,Codeappsol,https://codeappsol.com/,,United Kingdom,uk,selectedfirms,web,,,,2026-09-22 15:43
webcluesinfotech.com,WebClues Infotech,https://www.webcluesinfotech.com/,,United Kingdom,uk,selectedfirms,web,,,,2026-09-22 15:43
mbicycle.com,Mbicycle,https://mbicycle.com/,,United Kingdom,uk,selectedfirms,web,,,,2026-09-22 15:43
goodcore.co.uk,GoodCore Software,https://www.goodcore.co.uk/,,United Kingdom,uk,selectedfirms,web,,,,2026-09-22 15:43
softblues.io,Softblues,https://softblues.io/,,United Kingdom,uk,selectedfirms,web,,,,2026-09-22 15:43
greenice.net,Greenice,https://greenice.net/,,United Kingdom,uk,selectedfirms,web,,,,2026-09-22 15:43
idiosystech.com,Idiosys Tech - IT Consultancy,https://www.idiosystech.com/,,United Kingdom,uk,selectedfirms,ecommerce|web,,,,2026-09-22 15:43
cunardconsulting.com,Cunard Consulting,https://www.cunardconsulting.com/,,United Kingdom,uk,selectedfirms,web,,,,2026-09-22 15:43
arkasoftwares.com,ARKA Softwares,https://www.arkasoftwares.com,,United Kingdom,uk,selectedfirms,ecommerce|web,,,,2026-09-22 15:43
betprocoders.com,BetPro Coders,https://betprocoders.com/,,United Kingdom,uk,selectedfirms,web,,,,2026-09-22 15:43
zaibatsutechnology.co.uk,Zaibatsu Technology,https://zaibatsutechnology.co.uk/,,United Kingdom,uk,selectedfirms,web,,,,2026-09-22 15:43
eternaltechnolabs.co.uk,Eternal Technolabs,https://eternaltechnolabs.co.uk/,,United Kingdom,uk,selectedfirms,ecommerce|web,,,,2026-09-22 15:43
shineinfosoft.in,Shine Infosoft,https://shineinfosoft.in/,,United Kingdom,uk,selectedfirms,web,,,,2026-09-22 15:43
adhdev.co,ADHDEV,https://adhdev.co/,,United Kingdom,uk,selectedfirms,web,,,,2026-09-22 15:43
highrise.digital,Highrise Digital,https://highrise.digital/,,United Kingdom,uk,selectedfirms,web|wordpress,,,,2026-09-22 15:43
gotripod.com,Go Tripod,https://gotripod.com/,,United Kingdom,uk,selectedfirms,web,,,,2026-09-22 15:43
onceuponatime.agency,Once Upon a Time,https://www.onceuponatime.agency/,,United Kingdom,uk,selectedfirms,web,,,,2026-09-22 15:43
teqnovos.com,Teqnovos,https://teqnovos.com/,,United Kingdom,uk,selectedfirms,bigcommerce|ecommerce|web|wordpress,,,,2026-09-22 15:43
nettrackers.net,NetTrackers,https://nettrackers.net/,,United Kingdom,uk,selectedfirms,ecommerce|magento|web|woocommerce|wordpress,,,,2026-09-22 15:43
devops-engineering.co.uk,DevOps Engineering,https://www.devops-engineering.co.uk,,United Kingdom,uk,selectedfirms,ecommerce|web,,,,2026-09-22 15:43
sdnatech.com,SDNA Tech,https://sdnatech.com/,,United Kingdom,uk,selectedfirms,web,,,,2026-09-22 15:43
toxsl.com,ToXSL Technologies,https://toxsl.com/,,United Kingdom,uk,selectedfirms,web,,,,2026-09-22 15:43
pixelfield.co.uk,Pixel Field,https://pixelfield.co.uk/,,United Kingdom,uk,selectedfirms,web,,,,2026-09-22 15:43
concettolabs.com,Concetto Labs,https://www.concettolabs.com,,United Kingdom,uk,selectedfirms,bigcommerce|ecommerce|web|woocommerce,,,,2026-09-22 15:43
webmeridian.net,WebMeridian,https://webmeridian.net/,,United Kingdom,uk,selectedfirms,ecommerce|magento|web|woocommerce|wordpress,,,,2026-09-22 15:43
rediansoftware.com,Redian Software Pvt. Ltd.,https://www.rediansoftware.com/,,United Kingdom,uk,selectedfirms,web,,,,2026-09-22 15:43
pixelpk.co.uk,Pixelpk,https://pixelpk.co.uk/,,United Kingdom,uk,selectedfirms,web,,,,2026-09-22 15:43
decodermind.com,Decodermind,https://decodermind.com/,,United Kingdom,uk,selectedfirms,web,,,,2026-09-22 15:43
elitex.systems,ELITEX,https://elitex.systems/,,United Kingdom,uk,selectedfirms,web,,,,2026-09-22 15:43
khired.com,Khired Networks,https://khired.com/,,United Kingdom,uk,selectedfirms,web,,,,2026-09-22 15:43
umm.digital,UMM Digital,https://www.umm.digital/,,United Kingdom,uk,selectedfirms,web,,,,2026-09-22 15:43
nwtechhub.com,NW TECHHUB,https://www.nwtechhub.com,,United Kingdom,uk,selectedfirms,web,,,,2026-09-22 15:43
urapptech.com,UrApp Tech,https://www.urapptech.com/,,United Kingdom,uk,selectedfirms,web,,,,2026-09-22 15:43
gysp.tech,GYSP.tech,https://gysp.tech/,,United Kingdom,uk,selectedfirms,bigcommerce|ecommerce|magento|web|woocommerce,,,,2026-09-22 15:43
crinpro.io,Crinpro Solutions,https://crinpro.io/,,United Kingdom,uk,selectedfirms,web,,,,2026-09-22 15:43
coinband.io,Coinband,https://coinband.io/,,United Kingdom,uk,selectedfirms,web|wordpress,,,,2026-09-22 15:43
four-ages.com,Four Ages Software,https://four-ages.com/,,United Kingdom,uk,selectedfirms,web,,,,2026-09-22 15:43
dkc.software,DKC Software,https://www.dkc.software/,,United Kingdom,uk,selectedfirms,ecommerce|web,,,,2026-09-22 15:43
setoo.co,Setoo,https://www.setoo.co/,,United Kingdom,uk,selectedfirms,ecommerce|web,,,,2026-09-22 15:43
emvigotech.com,Emvigo Technologies Ltd,https://emvigotech.com/,,United Kingdom,uk,selectedfirms,web,,,,2026-09-22 15:43
speednetsoftware.com,SPEEDNET,https://speednetsoftware.com/,,United Kingdom,uk,selectedfirms,web,,,,2026-09-22 15:43
corescriptstechnologies.co.uk,CoreScripts Technologies LTD,https://corescriptstechnologies.co.uk/,,United Kingdom,uk,selectedfirms,ecommerce|web,,,,2026-09-22 15:43
pulsion.co.uk,Pulsion Technology,https://www.pulsion.co.uk/,,United Kingdom,uk,selectedfirms,ecommerce|magento|web|wordpress,,,,2026-09-22 15:43
gbmf.tech,GBMF Tech,https://gbmf.tech/,,United Kingdom,uk,selectedfirms,web,,,,2026-09-22 15:43
rvsmedia.co.uk,RVS Media,https://www.rvsmedia.co.uk/,,United Kingdom,uk,selectedfirms,web,,,,2026-09-22 15:43
solidbrain.net,SolidBrain,https://solidbrain.net/,,United Kingdom,uk,selectedfirms,ecommerce|web,,,,2026-09-22 15:43
rafiki.works,Rafiki,https://www.rafiki.works/,,United Kingdom,uk,selectedfirms,web,,,,2026-09-22 15:43
goonline.io,GO ONLINE,https://goonline.io/#home,,United Kingdom,uk,selectedfirms,web,,,,2026-09-22 15:43
sigma.software,Sigma Software,https://sigma.software/,,United Kingdom,uk,selectedfirms,web,,,,2026-09-22 15:43
zenbit.tech,ZenBit Tech,https://zenbit.tech/,,United Kingdom,uk,selectedfirms,web,,,,2026-09-22 15:43
theodo.co.uk,Theodo,https://www.theodo.co.uk/,,United Kingdom,uk,selectedfirms,web,,,,2026-09-22 15:43
lk.agency,LK agency,https://www.lk.agency/,,United Kingdom,uk,selectedfirms,web,,,,2026-09-22 15:43
persistent.com,Persistent Systems,https://www.persistent.com/,,United Kingdom,uk,selectedfirms,web,,,,2026-09-22 15:43
stacksole.com,stacksole,https://stacksole.com/,,United Kingdom,uk,selectedfirms,bigcommerce|ecommerce|magento|web|woocommerce,,,,2026-09-22 15:43
systango.com,Systango Technologies Ltd,https://www.systango.com/,,United Kingdom,uk,selectedfirms,web,,,,2026-09-22 15:43
valuecoders.com,ValueCoders (UK),https://www.valuecoders.com/,,United Kingdom,uk,selectedfirms,ecommerce|magento|web|woocommerce,,,,2026-09-22 15:43
cymetrixsoft.com,Cymetrix Software,https://www.cymetrixsoft.com/,,United Kingdom,uk,selectedfirms,web,,,,2026-09-22 15:43
beyonderissolutions.com,Beyond Eris Solutions,https://beyonderissolutions.com/,,United Kingdom,uk,selectedfirms,bigcommerce|ecommerce|magento|web|wix|woocommerce,,,,2026-09-22 15:43
versatilecommerce.com,Versatile Commerce,https://www.versatilecommerce.com/,,United Kingdom,uk,selectedfirms,ecommerce|magento|web,,,,2026-09-22 15:43
thecodev.co.uk,TheCodeV,https://thecodev.co.uk/,,United Kingdom,uk,selectedfirms,ecommerce|web|woocommerce,,,,2026-09-22 15:43
tulip-tech.com,TulipTech LTD,https://tulip-tech.com/,,United Kingdom,uk,selectedfirms,ecommerce|magento|web|woocommerce,,,,2026-09-22 15:43
garage2global.agency,Garage2Global,https://garage2global.agency/,,United Kingdom,uk,selectedfirms,web|wordpress,,,,2026-09-22 15:43
pcmsystems.co.uk,PCM Systems Ltd,https://www.pcmsystems.co.uk/,,United Kingdom,uk,selectedfirms,web,,,,2026-09-22 15:43
rightebiz.co.uk,RightEBiz,https://rightebiz.co.uk/,,United Kingdom,uk,selectedfirms,ecommerce|web,,,,2026-09-22 15:43
sprint-in.com,Sprint Innovations,https://www.sprint-in.com/,,United Kingdom,uk,selectedfirms,web,,,,2026-09-22 15:43
udevhub.com,UDEV HUB,https://udevhub.com/,,United Kingdom,uk,selectedfirms,web,,,,2026-09-22 15:43
dotsquares.com,Dotsquares,https://www.dotsquares.com/,,United Kingdom,uk,selectedfirms,bigcommerce|ecommerce|magento|web|woocommerce|wordpress,,,,2026-09-22 15:43
cyberbee.dev,Cyber Bee,https://cyberbee.dev/,,United Kingdom,uk,selectedfirms,web,,,,2026-09-22 15:43
tameta.tech,Tameta Tech,https://tameta.tech/,,United Kingdom,uk,selectedfirms,ecommerce|web|wordpress,,,,2026-09-22 15:43
cogniteq.com,Cogniteq,https://www.cogniteq.com/,,United Kingdom,uk,selectedfirms,web,,,,2026-09-22 15:43
planeks.net,PLANEKS,https://www.planeks.net/,,United Kingdom,uk,selectedfirms,web,,,,2026-09-22 15:43
imobisoft.co.uk,Imobisoft,https://www.imobisoft.co.uk/,,United Kingdom,uk,selectedfirms,web,,,,2026-09-22 15:43
devtechnosys.com,Dev Technosys,https://devtechnosys.com/,,United Kingdom,uk,selectedfirms,ecommerce|web,,,,2026-09-22 15:43
altar.io,Altar.io,https://altar.io/,,United Kingdom,uk,selectedfirms,web,,,,2026-09-22 15:43
markupdesigns.com,Markup Designs,https://www.markupdesigns.com/,,United Kingdom,uk,selectedfirms,ecommerce|web,,,,2026-09-22 15:43
softexpoitlimited.co.uk,Softexpoit Pvt. Limited,https://www.softexpoitlimited.co.uk/,,United Kingdom,uk,selectedfirms,web,,,,2026-09-22 15:43
56degrees.co.uk,56 Degrees,https://www.56degrees.co.uk/,,United Kingdom,uk,selectedfirms,ecommerce|web|woocommerce|wordpress,,,,2026-09-22 15:43
runhost.com,RunHost,https://runhost.com/,,United Kingdom,uk,selectedfirms,web,,,,2026-09-22 15:43
believe.digital,believe.digital,https://believe.digital/,,United Kingdom,uk,selectedfirms,web|wordpress,,,,2026-09-22 15:43
weborigo.com,WebOrigo,https://weborigo.com/,,United Kingdom,uk,selectedfirms,web,,,,2026-09-22 15:43
sportsbettingsoft.com,Sports Betting Soft,https://sportsbettingsoft.com/,,United Kingdom,uk,selectedfirms,web,,,,2026-09-22 15:43
vtssoftware.com,VTS Software,https://www.vtssoftware.com/,,United Kingdom,uk,selectedfirms,web,,,,2026-09-22 15:43
internetmate.uk,Internet Mate Ltd,https://www.internetmate.uk/,,United Kingdom,uk,selectedfirms,web,,,,2026-09-22 15:43
moonshot.partners,Moonshot Partners,https://www.moonshot.partners/,,United Kingdom,uk,selectedfirms,web,,,,2026-09-22 15:43
thirdpigsoftware.com,Third Pig Software,https://thirdpigsoftware.com/,,United Kingdom,uk,selectedfirms,web,,,,2026-09-22 15:43
ishango.ai,Ishango.ai,https://ishango.ai/,,United Kingdom,uk,selectedfirms,web,,,,2026-09-22 15:43
fiftyfivetech.uk,FiftyFive Technologies UK,https://fiftyfivetech.uk/,,United Kingdom,uk,selectedfirms,ecommerce|web|wordpress,,,,2026-09-22 15:43
mobitsolutions.com,Mobitsolutions,https://www.mobitsolutions.com/,,United Kingdom,uk,selectedfirms,web|wordpress,,,,2026-09-22 15:43
studiomade.co,Studiomade,https://studiomade.co/,,United Kingdom,uk,selectedfirms,ecommerce|web|woocommerce|wordpress,,,,2026-09-22 15:43
ccq.tech,CCQ Tech,https://ccq.tech/,,United Kingdom,uk,selectedfirms,web,,,,2026-09-22 15:43
indieridge.com,Indie Ridge,https://indieridge.com/,,United Kingdom,uk,selectedfirms,web|wordpress,,,,2026-09-22 15:43
extermedia.com,Exter Media,https://extermedia.com/,,United Kingdom,uk,selectedfirms,web,,,,2026-09-22 15:43
usecodify.com,USECODIFY,https://usecodify.com/,,United Kingdom,uk,selectedfirms,ecommerce|web,,,,2026-09-22 15:43
profound.digital,Profound,https://www.profound.digital/,,United Kingdom,uk,selectedfirms,ecommerce|web|wordpress,,,,2026-09-22 15:43
cabengine.co.uk,Cab Engine | Digital Agency,https://www.cabengine.co.uk/,,United Kingdom,uk,selectedfirms,web,,,,2026-09-22 15:43
dreamztech.com,DreamzTech Solutions,https://dreamztech.com/,,United Kingdom,uk,selectedfirms,web|wordpress,,,,2026-09-22 15:43
eminempire.com,EminEmpire,https://www.eminempire.com/,,United Kingdom,uk,selectedfirms,web,,,,2026-09-22 15:43
prolaxies.com,Prolaxies,https://prolaxies.com/,,United Kingdom,uk,selectedfirms,ecommerce|web|wordpress,,,,2026-09-22 15:43
weassemble.team,WeAssemble,https://weassemble.team/,,United Kingdom,uk,selectedfirms,ecommerce|magento|web|woocommerce,,,,2026-09-22 15:43
kayo.digital,Kayo Digital,https://kayo.digital/,,United Kingdom,uk,selectedfirms,web,,,,2026-09-22 15:43
chickdigital.co.uk,Chick Digital,https://chickdigital.co.uk/,,United Kingdom,uk,selectedfirms,web,,,,2026-09-22 15:43
jdlt.co.uk,JDLT,https://jdlt.co.uk/,,United Kingdom,uk,selectedfirms,web,,,,2026-09-22 15:43
clock.co.uk,Clock Limited,https://www.clock.co.uk/,,United Kingdom,uk,selectedfirms,web,,,,2026-09-22 15:43
incepteo.com,Incepteo,https://www.incepteo.com/,,United Kingdom,uk,selectedfirms,web,,,,2026-09-22 15:43
freestyleinternet.co.uk,Freestyle Internet,https://freestyleinternet.co.uk/,,United Kingdom,uk,selectedfirms,web,,,,2026-09-22 15:43
funel.io,Funel,https://funel.io/,,United Kingdom,uk,selectedfirms,web,,,,2026-09-22 15:43
genesesolution.com,Genese Solution,https://www.genesesolution.com/,,United Kingdom,uk,selectedfirms,web,,,,2026-09-22 15:43
unai.com,Unai Ltd,https://www.unai.com/,,United Kingdom,uk,selectedfirms,web,,,,2026-09-22 15:43
winderon.co.uk,Winderon Software Solutions Ltd,https://www.winderon.co.uk/,,United Kingdom,uk,selectedfirms,web,,,,2026-09-22 15:43
rendmate.com,Rendmate,https://www.rendmate.com/,,United Kingdom,uk,selectedfirms,web,,,,2026-09-22 15:43
innotatzit.co.uk,InnotatzIT Solutions,https://innotatzit.co.uk/,,United Kingdom,uk,selectedfirms,web,,,,2026-09-22 15:43
hrefagency.co.uk,Href,https://hrefagency.co.uk/,,United Kingdom,uk,selectedfirms,ecommerce|squarespace|web|woocommerce|wordpress,,,,2026-09-22 15:43
merisis.com,Merisis,https://www.merisis.com/,,United Kingdom,uk,selectedfirms,web|wordpress,,,,2026-09-22 15:43
astutemyndz.com,Astute Myndz,https://www.astutemyndz.com/,,United Kingdom,uk,selectedfirms,ecommerce|web|wordpress,,,,2026-09-22 15:43
versich.com,Versich,https://www.versich.com/,,United Kingdom,uk,selectedfirms,squarespace|web,,,,2026-09-22 15:43
freshconstruct.com,FreshConstruct,https://www.freshconstruct.com/,,United Kingdom,uk,selectedfirms,web,,,,2026-09-22 15:43
altlabs.co.uk,Alt Labs,https://www.altlabs.co.uk/,,United Kingdom,uk,selectedfirms,web,,,,2026-09-22 15:43
tech.eastsons.com,EastSons' Technologies,https://tech.eastsons.com/,,United Kingdom,uk,selectedfirms,ecommerce|web|wordpress,,,,2026-09-22 15:43
redboxdigital.com,Redbox Digital Limited,https://www.redboxdigital.com,,United Kingdom,uk,selectedfirms,web,,,,2026-09-22 15:43
pixelettetech.co.uk,Pixelette Technologies Ltd,https://www.pixelettetech.co.uk/,,United Kingdom,uk,selectedfirms,web,,,,2026-09-22 15:43
codecomputerlove.com,Code Computerlove,https://www.codecomputerlove.com/,,United Kingdom,uk,selectedfirms,web,,,,2026-09-22 15:43
code-care.com,Code & Care,https://code-care.com/,,United Kingdom,uk,selectedfirms,web,,,,2026-09-22 15:43
wazobia.tech,Wazobia Technologies,https://wazobia.tech/,,United Kingdom,uk,selectedfirms,web,,,,2026-09-22 15:43
smashedcrabsoftware.com,Smashed Crab Software,https://www.smashedcrabsoftware.com/,,United Kingdom,uk,selectedfirms,web,,,,2026-09-22 15:43
waterwhip.co,Waterwhip Labs,https://www.waterwhip.co/,,United Kingdom,uk,selectedfirms,web,,,,2026-09-22 15:43
devioand.com,Devioand Ltd.,https://www.devioand.com/,,United Kingdom,uk,selectedfirms,bigcommerce|ecommerce|web|wordpress,,,,2026-09-22 15:43
passionlab.ai,Passion Lab,https://www.passionlab.ai/,,United Kingdom,uk,selectedfirms,web,,,,2026-09-22 15:43
infini8ai.com,Infini8AI,https://infini8ai.com/,,United Kingdom,uk,selectedfirms,web,,,,2026-09-22 15:43
edinburghinnovationlabs.co.uk,Edinburgh Innovation Labs,https://edinburghinnovationlabs.co.uk/,,United Kingdom,uk,selectedfirms,web,,,,2026-09-22 15:43
4xxi.com,4xxi,https://4xxi.com/,,United Kingdom,uk,selectedfirms,web,,,,2026-09-22 15:43
nebulalabs.co.uk,Nebula Labs,https://nebulalabs.co.uk/,,United Kingdom,uk,selectedfirms,web,,,,2026-09-22 15:43
maatify.com,Maatify,https://www.maatify.com/en/,,United Kingdom,uk,selectedfirms,web,,,,2026-09-22 15:43
wolflogic.co.uk,Wolf Logic,https://wolflogic.co.uk/,,United Kingdom,uk,selectedfirms,web,,,,2026-09-22 15:43
bgosoftware.com,BGO Software,https://www.bgosoftware.com/,,United Kingdom,uk,selectedfirms,web,,,,2026-09-22 15:43
arrows.digital,Arrows Digital,https://arrows.digital/,,United Kingdom,uk,selectedfirms,web,,,,2026-09-22 15:43
infovibes.co.uk,InfoVibes,https://www.infovibes.co.uk/,,United Kingdom,uk,selectedfirms,web,,,,2026-09-22 15:43
cjbwebdevelopment.com,CJB Web Development,https://cjbwebdevelopment.com/,,United Kingdom,uk,selectedfirms,web,,,,2026-09-22 15:43
cygnet.io,Cygnet Digital,https://www.cygnet.io/,,United Kingdom,uk,selectedfirms,web,,,,2026-09-22 15:43
gearedapp.co.uk,GearedApp,https://gearedapp.co.uk/,,United Kingdom,uk,selectedfirms,web,,,,2026-09-22 15:43
orbititech.com,Orbit Itech,https://orbititech.com/,,United Kingdom,uk,selectedfirms,web,,,,2026-09-22 15:43
i4acmmosmedia.com,i4 Acmmosmedia,https://i4acmmosmedia.com/,,United Kingdom,uk,selectedfirms,ecommerce|web,,,,2026-09-22 15:43
confiancebizsol.com,Confiance Bizsol Private Limited,https://confiancebizsol.com/,,United Kingdom,uk,selectedfirms,web,,,,2026-09-22 15:43
bosoutsourcing.com,BoS Outsourcing,https://www.bosoutsourcing.com/,,United Kingdom,uk,selectedfirms,web,,,,2026-09-22 15:43
uttu.global,Uttu,https://uttu.global/,,United Kingdom,uk,selectedfirms,ecommerce|web|wix,,,,2026-09-22 15:43
etondigital.com,Eton Digital,https://www.etondigital.com/,,United Kingdom,uk,selectedfirms,ecommerce|web|wordpress,,,,2026-09-22 15:43
techspaceint.com,Techspace International,https://www.techspaceint.com/,,United Kingdom,uk,selectedfirms,web,,,,2026-09-22 15:43
emstell.com,Emstell Technology Consulting,https://www.emstell.com/,,United Kingdom,uk,selectedfirms,ecommerce|web,,,,2026-09-22 15:43
objectivity.co.uk,Objectivity Ltd.,https://www.objectivity.co.uk/,,United Kingdom,uk,selectedfirms,web,,,,2026-09-22 15:43
gemstoneit.co.uk,Gemstone,https://www.gemstoneit.co.uk/,,United Kingdom,uk,selectedfirms,ecommerce|web,,,,2026-09-22 15:43
applypressure.co.uk,APPly Pressure Developers,https://applypressure.co.uk/,,United Kingdom,uk,selectedfirms,web,,,,2026-09-22 15:43
synetec.co.uk,Synetec,https://www.synetec.co.uk/,,United Kingdom,uk,selectedfirms,web,,,,2026-09-22 15:43
rightsoft.co.uk,Rightsoft LTD,https://rightsoft.co.uk/,,United Kingdom,uk,selectedfirms,web,,,,2026-09-22 15:43
altagency.co.uk,ALT Agency,https://www.altagency.co.uk/,,United Kingdom,uk,selectedfirms,web|wordpress,,,,2026-09-22 15:43
thisissoftware.ai,This Is Software,https://www.thisissoftware.ai/,,United Kingdom,uk,selectedfirms,web,,,,2026-09-22 15:43
monstar-lab.com,Nodes,https://monstar-lab.com/,,United Kingdom,uk,selectedfirms,web,,,,2026-09-22 15:43
webants.io,WebAnts,https://webants.io/,,United Kingdom,uk,selectedfirms,ecommerce|squarespace|web|wix|wordpress,,,,2026-09-22 15:43
innovapixels.com,Innovapixels,https://www.innovapixels.com/,,United Kingdom,uk,selectedfirms,web|wix,,,,2026-09-22 15:43
xinc.digital,Xinc Digital,https://xinc.digital/,,United Kingdom,uk,selectedfirms,web,,,,2026-09-22 15:43
prodo.com,Prodo,https://www.prodo.com/,,United Kingdom,uk,selectedfirms,web,,,,2026-09-22 15:43
adigital.agency,A Digital,https://adigital.agency/,,United Kingdom,uk,selectedfirms,ecommerce|web|wordpress,,,,2026-09-22 15:43
esoftresponse.com,eSoft Response,https://esoftresponse.com/,,United Kingdom,uk,selectedfirms,bigcommerce|ecommerce|web|wordpress,,,,2026-09-22 15:43
priocept.com,Priocept,https://priocept.com/,,United Kingdom,uk,selectedfirms,ecommerce|web,,,,2026-09-22 15:43
dashdevs.com,Dashdevs,https://dashdevs.com/,,United Kingdom,uk,selectedfirms,web,,,,2026-09-22 15:43
allmatics.com,Allmatics,https://allmatics.com/,,United Kingdom,uk,selectedfirms,ecommerce|web,,,,2026-09-22 15:43
thoughtquarter.co.uk,Thought Quarter,https://www.thoughtquarter.co.uk/,,United Kingdom,uk,selectedfirms,web,,,,2026-09-22 15:43
webventuresolutions.com,Webventure Solutions Limited,https://webventuresolutions.com/,,United Kingdom,uk,selectedfirms,web,,,,2026-09-22 15:43
influentialsoftware.com,Influential Software,https://www.influentialsoftware.com/,,United Kingdom,uk,selectedfirms,web,,,,2026-09-22 15:43
thecodest.co,The Codest,https://thecodest.co/,,United Kingdom,uk,selectedfirms,web,,,,2026-09-22 15:43
bladeware.io,Bladeware,https://bladeware.io/,,United Kingdom,uk,selectedfirms,web,,,,2026-09-22 15:43
vector-software.com,Vector Software Ltd,https://vector-software.com/,,United Kingdom,uk,selectedfirms,web,,,,2026-09-22 15:43
geeks.solutions,Geeks Solutions,https://www.geeks.solutions/,,United Kingdom,uk,selectedfirms,web,,,,2026-09-22 15:43
advancewebsoftware.com,Advance Web Software Limited,https://www.advancewebsoftware.com/,,United Kingdom,uk,selectedfirms,web,,,,2026-09-22 15:43
bespokesoftwaredevelopment.com,Schnell Solutions Limited,https://www.bespokesoftwaredevelopment.com/,,United Kingdom,uk,selectedfirms,web,,,,2026-09-22 15:43
steer73.com,Steer73,https://steer73.com/?u,,United Kingdom,uk,selectedfirms,web,,,,2026-09-22 15:43
poweredbycoffee.co.uk,Powered by Coffee,https://poweredbycoffee.co.uk/,,United Kingdom,uk,selectedfirms,web|wordpress,,,,2026-09-22 15:43
claritydx.global,93digital,https://claritydx.global/,,United Kingdom,uk,selectedfirms,web|wordpress,,,,2026-09-22 15:43
neverbland.com,NEVERBLAND,https://neverbland.com/,,United Kingdom,uk,selectedfirms,bigcommerce|ecommerce|web,,,,2026-09-22 15:43
logicful.co.uk,Logicful,https://logicful.co.uk/,,United Kingdom,uk,selectedfirms,web,,,,2026-09-22 15:43
propeltech.co.uk,Propel Tech Ltd,https://propeltech.co.uk/,,United Kingdom,uk,selectedfirms,web,,,,2026-09-22 15:43
infinitusinteractive.com,Infinitus Interactive Ltd,https://infinitusinteractive.com/home,,United Kingdom,uk,selectedfirms,web,,,,2026-09-22 15:43
circlesquare.tech,Circle Square Tech,https://circlesquare.tech/,,United Kingdom,uk,selectedfirms,web,,,,2026-09-22 15:43
bluetel.co.uk,Bluetel,https://www.bluetel.co.uk/,,United Kingdom,uk,selectedfirms,web,,,,2026-09-22 15:43
devitgroup.co.uk,DEVITGROUP LTD,https://devitgroup.co.uk/,,United Kingdom,uk,selectedfirms,web,,,,2026-09-22 15:43
codewizards.co.uk,Code Wizards Ltd,https://www.codewizards.co.uk/,,United Kingdom,uk,selectedfirms,web,,,,2026-09-22 15:43
redegal.com,Redegal,https://www.redegal.com/en,,United Kingdom,uk,selectedfirms,bigcommerce|ecommerce|web,,,,2026-09-22 15:43
outsource2pak.com,Outsource2pak,https://outsource2pak.com/,,United Kingdom,uk,selectedfirms,ecommerce|squarespace|web|wix|wordpress,,,,2026-09-22 15:43
orcadiadesign.co.uk,Orcadia Design Ltd,https://www.orcadiadesign.co.uk/,,United Kingdom,uk,selectedfirms,ecommerce|web|wordpress,,,,2026-09-22 15:43
proitcity.co.uk,Pro IT City Ltd,https://proitcity.co.uk/,,United Kingdom,uk,selectedfirms,ecommerce|web,,,,2026-09-22 15:43
nodlays.com,Nodlays,https://nodlays.com/,,United Kingdom,uk,selectedfirms,ecommerce|web|wordpress,,,,2026-09-22 15:43
oliveit.io,Olive IT,https://oliveit.io/,,United Kingdom,uk,selectedfirms,ecommerce|web|wordpress,,,,2026-09-22 15:43
bentoak.systems,Bent Oak Systems,https://bentoak.systems/,,United Kingdom,uk,selectedfirms,web,,,,2026-09-22 15:43
zonalgo.com,Zonalgo,https://zonalgo.com/,,United Kingdom,uk,selectedfirms,ecommerce|web,,,,2026-09-22 15:43
nextbiz.uk,Nextbiz,https://www.nextbiz.uk/,,United Kingdom,uk,selectedfirms,web,,,,2026-09-22 15:43
flexatal.com,Flexatal,https://www.flexatal.com/,,United Kingdom,uk,selectedfirms,web,,,,2026-09-22 15:43
scaffold.digital,Scaffold Digital,https://www.scaffold.digital/,,United Kingdom,uk,selectedfirms,web,,,,2026-09-22 15:43
cybearsoft.com,CyBearSoft,https://www.cybearsoft.com/,,United Kingdom,uk,selectedfirms,web,,,,2026-09-22 15:43
codevate.com,Codevate,https://www.codevate.com/,,United Kingdom,uk,selectedfirms,web,,,,2026-09-22 15:43
moiotso.com,Moiotso Limited,https://moiotso.com/,,United Kingdom,uk,selectedfirms,web,,,,2026-09-22 15:43
cloudeq.com,cloudEQ,https://cloudeq.com/,,United Kingdom,uk,selectedfirms,web,,,,2026-09-22 15:43
winterwell.com,Winterwell Associates,https://www.winterwell.com/,,United Kingdom,uk,selectedfirms,web,,,,2026-09-22 15:43
yurkol.com,Yurkol LTD,https://yurkol.com/,,United Kingdom,uk,selectedfirms,web,,,,2026-09-22 15:43
leentech.co.uk,LeenTech,https://leentech.co.uk/,,United Kingdom,uk,selectedfirms,web,,,,2026-09-22 15:43
miquido.com,Miquido,https://www.miquido.com/,,United Kingdom,uk,selectedfirms,web,,,,2026-09-22 15:43
flowmo.co,flowmoco,https://flowmo.co/,,United Kingdom,uk,selectedfirms,web,,,,2026-09-22 15:43
equinox.is,Equinox Information Services,https://www.equinox.is/,,United Kingdom,uk,selectedfirms,web,,,,2026-09-22 15:43
moriyama.co.uk,Moriyama,https://moriyama.co.uk/,,United Kingdom,uk,selectedfirms,web,,,,2026-09-22 15:43
unl.solutions,UNL Solutions LTD,https://unl.solutions/,,United Kingdom,uk,selectedfirms,web,,,,2026-09-22 15:43
upstaff.com,Upstaff LTD,https://upstaff.com/,,United Kingdom,uk,selectedfirms,web,,,,2026-09-22 15:43
noukha.in,Noukha Technologies,https://www.noukha.in/,,United Kingdom,uk,selectedfirms,web,,,,2026-09-22 15:43
theconstantmedia.com,The Constant Media,https://www.theconstantmedia.com/,,United Kingdom,uk,selectedfirms,ecommerce|web|wordpress,,,,2026-09-22 15:43
habibtech.co,Habib Tech,https://habibtech.co/,,United Kingdom,uk,selectedfirms,web,,,,2026-09-22 15:43
coders.dev,TalentsFromIndia,https://www.coders.dev/,,United Kingdom,uk,selectedfirms,bigcommerce|ecommerce|web,,,,2026-09-22 15:43
villaextechnologies.com,Villaex Technologies,https://villaextechnologies.com/,,United Kingdom,uk,selectedfirms,web,,,,2026-09-22 15:43
techimo.co,Techimo Transformations,https://techimo.co/,,United Kingdom,uk,selectedfirms,bigcommerce|ecommerce|web|wordpress,,,,2026-09-22 15:43
rankandtrend.com,Rank and Trend,https://www.rankandtrend.com/,,United Kingdom,uk,selectedfirms,ecommerce|squarespace|web|wix|wordpress,,,,2026-09-22 15:43
cocoon.agency,Cocoon,https://cocoon.agency/,,United Kingdom,uk,selectedfirms,ecommerce|squarespace|web,,,,2026-09-22 15:43
softwaredevelopment.co.uk,Software Development UK,https://www.softwaredevelopment.co.uk/,,United Kingdom,uk,selectedfirms,web,,,,2026-09-22 15:43
digital-republic.co.uk,DigitalRepublic,https://www.digital-republic.co.uk/,,United Kingdom,uk,selectedfirms,squarespace|web,,,,2026-09-22 15:43
softech-systems.com,Softech Systems Pvt Limited,https://softech-systems.com/,,United Kingdom,uk,selectedfirms,web,,,,2026-09-22 15:43
hexploits.com,Hexploits,https://www.hexploits.com/,,United Kingdom,uk,selectedfirms,web,,,,2026-09-22 15:43
nexacognition.com,Cognition CRM,https://nexacognition.com/,,United Kingdom,uk,selectedfirms,web,,,,2026-09-22 15:43
thethinksol.com,Think Apps,https://thethinksol.com/,,United Kingdom,uk,selectedfirms,web,,,,2026-09-22 15:43
smartwebagency.co.uk,Smart Web Agency,https://www.smartwebagency.co.uk/,,United Kingdom,uk,selectedfirms,web|wordpress,,,,2026-09-22 15:43
9nexus.com,9NEXUS,https://9nexus.com/,,United Kingdom,uk,selectedfirms,web,,,,2026-09-22 15:43
saqaya.com,Saqaya,https://saqaya.com/,,United Kingdom,uk,selectedfirms,web,,,,2026-09-22 15:43
redantsolutions.com,Red Ant Solutions,https://www.redantsolutions.com/,,United Kingdom,uk,selectedfirms,ecommerce|web|wordpress,,,,2026-09-22 15:43
titanwebtech.co.uk,Titan Webtech Ltd,https://www.titanwebtech.co.uk/,,United Kingdom,uk,selectedfirms,web,,,,2026-09-22 15:43
digi-x.co.uk,Digi-X Marketing ltd,https://digi-x.co.uk/,,United Kingdom,uk,selectedfirms,web|wordpress,,,,2026-09-22 15:43
algorithmic.co,Algorithmic,https://www.algorithmic.co/,,United Kingdom,uk,selectedfirms,web,,,,2026-09-22 15:43
abitgooey.com,Gooey Creative,https://www.abitgooey.com/,,United Kingdom,uk,selectedfirms,ecommerce|web|wordpress,,,,2026-09-22 15:43
old.st,Old.St Labs,https://www.old.st/,,United Kingdom,uk,selectedfirms,web,,,,2026-09-22 15:43
openxcell.com,OpenXcell,https://www.openxcell.com/,,United Kingdom,uk,selectedfirms,web,,,,2026-09-22 15:43
lambertlabs.com,Lambert Labs,https://lambertlabs.com/,,United Kingdom,uk,selectedfirms,web,,,,2026-09-22 15:43
juxt.pro,JUXT,https://www.juxt.pro/,,United Kingdom,uk,selectedfirms,web,,,,2026-09-22 15:43
communicationcrafts.com,Communication Crafts,https://www.communicationcrafts.com/,,United Kingdom,uk,selectedfirms,ecommerce|web,,,,2026-09-22 15:43
devgrid.co.uk,DevGrid,https://devgrid.co.uk/,,United Kingdom,uk,selectedfirms,web,,,,2026-09-22 15:43
advisority.com,Advisority,https://advisority.com/,,United Kingdom,uk,selectedfirms,web,,,,2026-09-22 15:43
bbconsult.co.uk,Blueberry Consultants,https://www.bbconsult.co.uk/,,United Kingdom,uk,selectedfirms,ecommerce|web,,,,2026-09-22 15:43
deazy.com,Deazy,https://www.deazy.com/,,United Kingdom,uk,selectedfirms,web,,,,2026-09-22 15:43
digitalsforhealth.co.uk,Digitals OYT Ltd.,https://digitalsforhealth.co.uk/,,United Kingdom,uk,selectedfirms,web,,,,2026-09-22 15:43
augmetic.co.uk,Augmetic,https://www.augmetic.co.uk/,,United Kingdom,uk,selectedfirms,bigcommerce|ecommerce|web,,,,2026-09-22 15:43
furiousfox.co.uk,Furious Fox Limited,https://furiousfox.co.uk/,,United Kingdom,uk,selectedfirms,ecommerce|web,,,,2026-09-22 15:43
ubistart.com,Ubistart,https://ubistart.com/,,United Kingdom,uk,selectedfirms,web,,,,2026-09-22 15:43
innovensa.co.uk,Innovensa Ltd,https://www.innovensa.co.uk/,,United Kingdom,uk,selectedfirms,web,,,,2026-09-22 15:43
kingitsolutions.net,KingIT Solutions,https://www.kingitsolutions.net/,,United Kingdom,uk,selectedfirms,web,,,,2026-09-22 15:43
web.avrion.hr,Avrion,https://web.avrion.hr/,,United Kingdom,uk,selectedfirms,ecommerce|magento|web,,,,2026-09-22 15:43
apexaitech.com,Apexa Tech,https://apexaitech.com/,,United Kingdom,uk,selectedfirms,web,,,,2026-09-22 15:43
hollowcore.co.uk,HollowCore,https://hollowcore.co.uk/,,United Kingdom,uk,selectedfirms,web,,,,2026-09-22 15:43
thinkdigitally.com,Think Digitally,https://www.thinkdigitally.com/,,United Kingdom,uk,selectedfirms,web,,,,2026-09-22 15:43
exactpro.com,Exactpro,https://exactpro.com/,,United Kingdom,uk,selectedfirms,web,,,,2026-09-22 15:43
ledgerbytes.com,Ledger Bytes,https://www.ledgerbytes.com/,,United Kingdom,uk,selectedfirms,web,,,,2026-09-22 15:43
gavstech.com,GAVS Technologies (Europe) Ltd,https://www.gavstech.com/,,United Kingdom,uk,selectedfirms,web,,,,2026-09-22 15:43
dreamstechnologies.com,Dreams Technologies,https://dreamstechnologies.com/,,United Kingdom,uk,selectedfirms,web,,,,2026-09-22 15:43
techalchemy.com,Tech Alchemy,https://techalchemy.com/,,United Kingdom,uk,selectedfirms,web,,,,2026-09-22 15:43
avamae.co.uk,AVAMAE Software Solutions Ltd,https://www.avamae.co.uk/,,United Kingdom,uk,selectedfirms,web,,,,2026-09-22 15:43
wisevisionllc.com,Wise Vision,https://wisevisionllc.com/,,United Kingdom,uk,selectedfirms,web,,,,2026-09-22 15:43
wearevaliant.com,Valiant,https://wearevaliant.com/,,United Kingdom,uk,selectedfirms,web,,,,2026-09-22 15:43
bluehorntech.co.uk,Blue Horn Technologies,https://bluehorntech.co.uk/,,United Kingdom,uk,selectedfirms,ecommerce|web,,,,2026-09-22 15:43
studio206.dev,Studio 206,https://studio206.dev/,,United Kingdom,uk,selectedfirms,ecommerce|web,,,,2026-09-22 15:43
digitalotters.com,Digital Otters,https://www.digitalotters.com/,,United Kingdom,uk,selectedfirms,ecommerce|web|wordpress,,,,2026-09-22 15:43
infobpo.com,INFO BPO,https://infobpo.com/,,United Kingdom,uk,selectedfirms,ecommerce|web,,,,2026-09-22 15:43
primescaletechnologies.com,Primescale Technologies Limited,https://primescaletechnologies.com/,,United Kingdom,uk,selectedfirms,web,,,,2026-09-22 15:43
keytotech.com,KeyToTech,https://keytotech.com/,,United Kingdom,uk,selectedfirms,web,,,,2026-09-22 15:43
devoasis.co,DevOasis Technologies,https://devoasis.co/,,United Kingdom,uk,selectedfirms,web,,,,2026-09-22 15:43
neurapses.com,Neurapses Technologies,https://www.neurapses.com/,,United Kingdom,uk,selectedfirms,web,,,,2026-09-22 15:43
conqorde.com,Conqorde Ltd,https://conqorde.com/,,United Kingdom,uk,selectedfirms,ecommerce|web,,,,2026-09-22 15:43
spd.tech,SPD Technology,https://spd.tech/,,United Kingdom,uk,selectedfirms,ecommerce|web,,,,2026-09-22 15:43
siliconmint.com,SiliconMint,https://siliconmint.com/,,United Kingdom,uk,selectedfirms,web,,,,2026-09-22 15:43
onetechnologyservices.com,ONE Technology Services,https://onetechnologyservices.com/,,United Kingdom,uk,selectedfirms,web,,,,2026-09-22 15:43
clearpeople.com,ClearPeople,https://www.clearpeople.com/,,United Kingdom,uk,selectedfirms,web,,,,2026-09-22 15:43
technoinfonet.com,Techno Infonet,https://www.technoinfonet.com/,,United Kingdom,uk,selectedfirms,ecommerce|web,,,,2026-09-22 15:43
cogent2.com,Cogent2 Limited,https://www.cogent2.com/,,United Kingdom,uk,selectedfirms,bigcommerce|ecommerce|web,,,,2026-09-22 15:43
getfastr.com,Fastr,https://getfastr.com/,,United Kingdom,uk,selectedfirms,ecommerce|web,,,,2026-09-22 15:43
version1.com,Version 1,https://www.version1.com/,,United Kingdom,uk,selectedfirms,web,,,,2026-09-22 15:43
aleios.com,aleios,https://www.aleios.com/,,United Kingdom,uk,selectedfirms,web,,,,2026-09-22 15:43
zeptosystems.com,Zepto System,https://zeptosystems.com/,,United Kingdom,uk,selectedfirms,web,,,,2026-09-22 15:43
layoutindex.co.uk,LAYOUTindex,https://www.layoutindex.co.uk/,,United Kingdom,uk,selectedfirms,ecommerce|web|wordpress,,,,2026-09-22 15:43
011bq.com,ByteQuest,https://www.011bq.com/,,United Kingdom,uk,selectedfirms,web|wordpress,,,,2026-09-22 15:43
coredevsltd.com,Core Devs Ltd,https://coredevsltd.com/,,United Kingdom,uk,selectedfirms,web,,,,2026-09-22 15:43
weebdigital.com,Weeb Digital,https://weebdigital.com/,,United Kingdom,uk,selectedfirms,web|wordpress,,,,2026-09-22 15:43
mudimedia.co.uk,Mudimedia Software,https://www.mudimedia.co.uk/,,United Kingdom,uk,selectedfirms,web|wordpress,,,,2026-09-22 15:43
7dots.com,7dots,https://www.7dots.com/,,United Kingdom,uk,selectedfirms,bigcommerce|ecommerce|web|wordpress,,,,2026-09-22 15:43
neodigitech.com,NEO DIGITECH,https://www.neodigitech.com/,,United Kingdom,uk,selectedfirms,web|wordpress,,,,2026-09-22 15:43
veksa.co.uk,Veksa Ltd,https://veksa.co.uk/,,United Kingdom,uk,selectedfirms,web|wordpress,,,,2026-09-22 15:43
oscore.io,Oscore Ltd,https://oscore.io/,,United Kingdom,uk,selectedfirms,web,,,,2026-09-22 15:43
teracode.com,TeraCode,https://www.teracode.com/,,United Kingdom,uk,selectedfirms,web,,,,2026-09-22 15:43
tkm-consultants.com,TKM Consultants,https://www.tkm-consultants.com/,,United Kingdom,uk,selectedfirms,ecommerce|web|wordpress,,,,2026-09-22 15:43
rjj-software.co.uk,RJJ Software Ltd,https://rjj-software.co.uk/,,United Kingdom,uk,selectedfirms,web,,,,2026-09-22 15:43
ictnet.uk,Ictnet Limited,https://www.ictnet.uk/,,United Kingdom,uk,selectedfirms,web,,,,2026-09-22 15:43
it247solutions.co.uk,It247 Solutions,https://www.it247solutions.co.uk/,,United Kingdom,uk,selectedfirms,web,,,,2026-09-22 15:43
codewrapsolutions.com,Code Wrap Solutions,https://codewrapsolutions.com/,,United Kingdom,uk,selectedfirms,web,,,,2026-09-22 15:43
doit.software,DOIT Software,https://doit.software/,,United Kingdom,uk,selectedfirms,web,,,,2026-09-22 15:43
internetstars.pl,Internet Stars,https://internetstars.pl/,,United Kingdom,uk,selectedfirms,ecommerce|web,,,,2026-09-22 15:43
novacoredigital.com,Nova Core Digital,https://www.novacoredigital.com/,,United Kingdom,uk,selectedfirms,web,,,,2026-09-22 15:43
foresightmobile.com,Foresight Mobile,https://foresightmobile.com/,,United Kingdom,uk,selectedfirms,web,,,,2026-09-22 15:43
aritsltd.com,ARITS Limited,https://www.aritsltd.com/,,United Kingdom,uk,selectedfirms,web|wordpress,,,,2026-09-22 15:43
techip.ltd,TECHIP,https://www.techip.ltd/,,United Kingdom,uk,selectedfirms,web,,,,2026-09-22 15:43
softwire.com,Softwire,https://www.softwire.com/,,United Kingdom,uk,selectedfirms,web,,,,2026-09-22 15:43
quipglobal.com,Quip Global,https://quipglobal.com/#,,United Kingdom,uk,selectedfirms,bigcommerce|ecommerce|web|wordpress,,,,2026-09-22 15:43
takeaway-reality.com,Takeaway Reality,https://www.takeaway-reality.com/,,United Kingdom,uk,selectedfirms,web,,,,2026-09-22 15:43
muljin.com,Muljin,https://muljin.com/,,United Kingdom,uk,selectedfirms,ecommerce|web,,,,2026-09-22 15:43
branderstudio.com,Brander Studio,https://branderstudio.com/,,United Kingdom,uk,selectedfirms,ecommerce|web,,,,2026-09-22 15:43
zoondia.com,ZOONDIA,https://www.zoondia.com/,,United Kingdom,uk,selectedfirms,web,,,,2026-09-22 15:43
afinitiglobal.com,Afiniti Global,http://afinitiglobal.com/,,United Kingdom,uk,selectedfirms,ecommerce|web|wordpress,,,,2026-09-22 15:43
imaginarycloud.com,Imaginary Cloud,https://www.imaginarycloud.com/,,United Kingdom,uk,selectedfirms,web,,,,2026-09-22 15:43
gorilla360.co.uk,Gorilla360 Ltd,https://gorilla360.co.uk/,,United Kingdom,uk,selectedfirms,ecommerce|web|wordpress,,,,2026-09-22 15:43
wearelexer.com,Lexer Solutions,https://wearelexer.com/,,United Kingdom,uk,selectedfirms,web,,,,2026-09-22 15:43
300brains.com,300Brains,https://300brains.com/,,United Kingdom,uk,selectedfirms,web,,,,2026-09-22 15:43
ibitprogress.com,iBiT Progress,https://ibitprogress.com/,,United Kingdom,uk,selectedfirms,ecommerce|web,,,,2026-09-22 15:43
sarjen.com,Sarjen Systems Pvt. Ltd.,https://www.sarjen.com/,,United Kingdom,uk,selectedfirms,web,,,,2026-09-22 15:43
ssoftwareltd.com,S SOFTWARE LTD,https://ssoftwareltd.com/,,United Kingdom,uk,selectedfirms,squarespace|web|wordpress,,,,2026-09-22 15:43
dogantech.co.uk,Dogantech LTD,https://www.dogantech.co.uk/,,United Kingdom,uk,selectedfirms,ecommerce|web|wix|wordpress,,,,2026-09-22 15:43
ncube.com,nCube,https://ncube.com/,,United Kingdom,uk,selectedfirms,web,,,,2026-09-22 15:43
digiaccounting.co.uk,Digi Accounting,https://digiaccounting.co.uk,,United Kingdom,uk,selectedfirms,web,,,,2026-09-22 15:43
webbuds.co.uk,Web Buds,https://www.webbuds.co.uk/,,United Kingdom,uk,selectedfirms,ecommerce|web|wordpress,,,,2026-09-22 15:43
thecompletemarketingsolution.co.uk,The complete Marketing Solutions,https://thecompletemarketingsolution.co.uk/,,United Kingdom,uk,selectedfirms,bigcommerce|ecommerce|web|wordpress,,,,2026-09-22 15:43
provanta.ai,Provanta,https://provanta.ai,,United Kingdom,uk,selectedfirms,ecommerce|web,,,,2026-09-22 15:43
blockmm.ai,BlockAI,https://blockmm.ai,,United Kingdom,uk,selectedfirms,web,,,,2026-09-22 15:43
nectra.co.uk,Nectra Technologies,https://nectra.co.uk,,United Kingdom,uk,selectedfirms,web,,,,2026-09-22 15:43
akxens.com,Akxens,https://akxens.com/,,United Kingdom,uk,selectedfirms,bigcommerce|ecommerce|web,,,,2026-09-22 15:43
aress.com,Aress Software and Education Technologies,https://www.aress.com/,,United Kingdom,uk,selectedfirms,ecommerce|web,,,,2026-09-22 15:43
ardwelladvisory.com,Ardwell Advisory — AI Automation,https://www.ardwelladvisory.com/,,United Kingdom,uk,selectedfirms,web,,,,2026-09-22 15:43
cosmodigi.com,Cosmo Digi,https://cosmodigi.com/,,United Kingdom,uk,selectedfirms,web,,,,2026-09-22 15:43
sufdigital.com,SUF Digital,https://sufdigital.com,,United Kingdom,uk,selectedfirms,web,,,,2026-09-22 15:43
cabiri.io,Cabiri,https://www.cabiri.io/,,United Kingdom,uk,selectedfirms,ecommerce|web,,,,2026-09-22 15:43
grespi.tech,Grespi Technology,https://www.grespi.tech/,,United Kingdom,uk,selectedfirms,web,,,,2026-09-22 15:43
postjer.agency,Postjer Group,https://www.postjer.agency/,,United Kingdom,uk,selectedfirms,ecommerce|web,,,,2026-09-22 15:43
natural-apptitude.co.uk,Natural Apptitude,https://www.natural-apptitude.co.uk/,,United Kingdom,uk,selectedfirms,web,,,,2026-09-22 15:43
journai.uk,Journai,https://journai.uk/,,United Kingdom,uk,selectedfirms,web,,,,2026-09-22 15:43
infinitytechnologies.pro,Infinity Technologies,https://www.infinitytechnologies.pro/,,United Kingdom,uk,selectedfirms,web,,,,2026-09-22 15:43
icentricagency.com,iCentric Agency,https://icentricagency.com/,,United Kingdom,uk,selectedfirms,web,,,,2026-09-22 15:43
tinderhouse.com,Tinderhouse,https://tinderhouse.com/,,United Kingdom,uk,selectedfirms,web,,,,2026-09-22 15:43
procosoft.co.uk,Procosoft Ltd,https://www.procosoft.co.uk/,,United Kingdom,uk,selectedfirms,web,,,,2026-09-22 15:43
mldatahouse.com,Mldatahouse,https://www.mldatahouse.com/,,United Kingdom,uk,selectedfirms,web,,,,2026-09-22 15:43
nublue.co.uk,NuBlue,https://nublue.co.uk,,United Kingdom,uk,selectedfirms,ecommerce|web,,,,2026-09-22 15:43
pingpongdigital.com,PingPong Digital,https://www.pingpongdigital.com/,,United Kingdom,uk,selectedfirms,ecommerce|web,,,,2026-09-22 15:43
swipeandtap.co.uk,Swipe & Tap,https://swipeandtap.co.uk/,,United Kingdom,uk,selectedfirms,web,,,,2026-09-22 15:43
capecom.co.uk,CAPECOM LTD,https://capecom.co.uk/,,United Kingdom,uk,selectedfirms,ecommerce|web,,,,2026-09-22 15:43
econify.com,Econify,https://www.econify.com/,,United Kingdom,uk,selectedfirms,ecommerce|web,,,,2026-09-22 15:43
seoreforms.com,SEO Reforms,https://seoreforms.com/,,United Kingdom,uk,selectedfirms,web,,,,2026-09-22 15:43
tekscrum.com,TekScrum,https://tekscrum.com/,,United Kingdom,uk,selectedfirms,web,,,,2026-09-22 15:43
apptaura.com,Apptaura,https://apptaura.com/,,United Kingdom,uk,selectedfirms,web,,,,2026-09-22 15:43
oasislimited.co.uk,Oasis Private Limted,https://oasislimited.co.uk/,,United Kingdom,uk,selectedfirms,web,,,,2026-09-22 15:43
cloudfy.com,Cloudfy Inc,https://cloudfy.com/,,United Kingdom,uk,selectedfirms,ecommerce|web,,,,2026-09-22 15:43
mr-digital.co.uk,Mr Digital,https://mr-digital.co.uk/,,United Kingdom,uk,selectedfirms,ecommerce|web|wordpress,,,,2026-09-22 15:43
omnius.so,Omnius,https://www.omnius.so/,,United Kingdom,uk,selectedfirms,web,,,,2026-09-22 15:43
goaltech.co.uk,Goaltech,https://goaltech.co.uk/,,United Kingdom,uk,selectedfirms,web,,,,2026-09-22 15:43
seoimpact.co.uk,SEO Impact,https://seoimpact.co.uk,,United Kingdom,uk,selectedfirms,ecommerce|magento|squarespace|woocommerce|wordpress,,,,2026-09-22 15:43
promaticsindia.com,Promatics Technologies,http://www.promaticsindia.com/,,United Kingdom,uk,selectedfirms,ecommerce,,,,2026-09-22 15:43
shopivogue.com,Shopivogue,https://shopivogue.com/,,United Kingdom,uk,selectedfirms,ecommerce,,,,2026-09-22 15:43
forbytes.com,Forbytes,https://forbytes.com/,,United Kingdom,uk,selectedfirms,ecommerce,,,,2026-09-22 15:43
shinedezigninfonet.com,Shine Dezign Infonet Pvt Ltd,https://shinedezigninfonet.com/,,United Kingdom,uk,selectedfirms,ecommerce,,,,2026-09-22 15:43
rishabhsoft.com,Rishabh Software,https://www.rishabhsoft.com/,,United Kingdom,uk,selectedfirms,ecommerce,,,,2026-09-22 15:43
valuefy.com,Valuefy Solutions,https://valuefy.com/,,United Kingdom,uk,selectedfirms,ecommerce,,,,2026-09-22 15:43
dentalseocompany.com,Dental SEO Company,https://dentalseocompany.com/,,United Kingdom,uk,selectedfirms,bigcommerce|ecommerce,,,,2026-09-22 15:43
onilab.com,Onilab,https://onilab.com/,,United Kingdom,uk,selectedfirms,ecommerce,,,,2026-09-22 15:43
redstage.com,Redstage,https://redstage.com/,,United Kingdom,uk,selectedfirms,ecommerce,,,,2026-09-22 15:43
solveda.com,Solveda,https://www.solveda.com/,,United Kingdom,uk,selectedfirms,ecommerce,,,,2026-09-22 15:43
magebit.com,Magebit,https://magebit.com/,,United Kingdom,uk,selectedfirms,ecommerce|magento,,,,2026-09-22 15:43
bigbusinessagency.com,Big Business Agency,https://bigbusinessagency.com/,,United Kingdom,uk,selectedfirms,ecommerce,,,,2026-09-22 15:43
ukrinsoft.com,UkrInSofT,https://ukrinsoft.com/,,United Kingdom,uk,selectedfirms,ecommerce,,,,2026-09-22 15:43
orbitlift.com,OrbitLift,https://www.orbitlift.com/,,United Kingdom,uk,selectedfirms,ecommerce,,,,2026-09-22 15:43
magecloud.agency,MageCloud,https://magecloud.agency/,,United Kingdom,uk,selectedfirms,ecommerce|magento|woocommerce,,,,2026-09-22 15:43
iweb.co.uk,iWeb,https://www.iweb.co.uk/,,United Kingdom,uk,selectedfirms,ecommerce|magento,,,,2026-09-22 15:43
altdigital.tech,Alt Digital Technologies,https://www.altdigital.tech/,,United Kingdom,uk,selectedfirms,ecommerce,,,,2026-09-22 15:43
rasdigital.uk,RasDigital Agency,https://www.rasdigital.uk/,,United Kingdom,uk,selectedfirms,ecommerce,,,,2026-09-22 15:43
thegreyparrots.com,The Grey Parrots,https://thegreyparrots.com/,,United Kingdom,uk,selectedfirms,ecommerce,,,,2026-09-22 15:43
thesofthub.co.uk,The Soft Hub Ltd,https://thesofthub.co.uk/,,United Kingdom,uk,selectedfirms,ecommerce,,,,2026-09-22 15:43
sproutmedia.co.uk,Sprout Media,https://sproutmedia.co.uk/,,United Kingdom,uk,selectedfirms,bigcommerce|ecommerce|woocommerce,,,,2026-09-22 15:43
shawfiremedia.com,Shawfire Media,https://shawfiremedia.com/,,United Kingdom,uk,selectedfirms,ecommerce,,,,2026-09-22 15:43
whymatters.co.uk,Why Matters,https://whymatters.co.uk/,,United Kingdom,uk,selectedfirms,ecommerce,,,,2026-09-22 15:43
rozeedigital.com,Rozee Digital,https://rozeedigital.com/,,United Kingdom,uk,selectedfirms,ecommerce,,,,2026-09-22 15:43
upment.com,Upment,https://upment.com/,,United Kingdom,uk,selectedfirms,ecommerce|magento,,,,2026-09-22 15:43
impressiondigital.com,Impression,https://www.impressiondigital.com/,,United Kingdom,uk,selectedfirms,ecommerce,,,,2026-09-22 15:43
pixable.co,Pixable,https://pixable.co/,,United Kingdom,uk,selectedfirms,ecommerce|woocommerce|wordpress,,,,2026-09-22 15:43
tmotions.com,TMotions Global Ltd,https://tmotions.com/,,United Kingdom,uk,selectedfirms,ecommerce,,,,2026-09-22 15:43
staydify.com,Staydify Systems,https://www.staydify.com/,,United Kingdom,uk,selectedfirms,ecommerce|wix|wordpress,,,,2026-09-22 15:43
pixelkicks.co.uk,Pixel Kicks,https://www.pixelkicks.co.uk/,,United Kingdom,uk,selectedfirms,ecommerce|woocommerce|wordpress,,,,2026-09-22 15:43
techpods.co,TechPods JSC,https://www.techpods.co/,,United Kingdom,uk,selectedfirms,ecommerce,,,,2026-09-22 15:43
brightminded.com,BrightMinded Ltd,https://brightminded.com/,,United Kingdom,uk,selectedfirms,ecommerce|wordpress,,,,2026-09-22 15:43
realagency.co.uk,Real Agency,https://www.realagency.co.uk/,,United Kingdom,uk,selectedfirms,bigcommerce|ecommerce|magento,,,,2026-09-22 15:43
yyt.dev,YYT,https://yyt.dev/,,United Kingdom,uk,selectedfirms,bigcommerce|ecommerce|magento|woocommerce,,,,2026-09-22 15:43
digitalweblondon.com,Digital Web London,https://www.digitalweblondon.com/,,United Kingdom,uk,selectedfirms,ecommerce,,,,2026-09-22 15:43
kelltontech.com,Kellton Tech Solutions,https://www.kelltontech.com/,,United Kingdom,uk,selectedfirms,ecommerce,,,,2026-09-22 15:43
bingdigital.com,Bing Digital,https://www.bingdigital.com/,,United Kingdom,uk,selectedfirms,ecommerce,,,,2026-09-22 15:43
vervaunt.com,Vervaunt,https://vervaunt.com/,,United Kingdom,uk,selectedfirms,ecommerce|magento,,,,2026-09-22 15:43
multichannelfulfilment.co.uk,MCF,https://multichannelfulfilment.co.uk/,,United Kingdom,uk,selectedfirms,bigcommerce|ecommerce|magento|woocommerce,,,,2026-09-22 15:43
code-mage.com,Code Mage Ltd,https://www.code-mage.com/,,United Kingdom,uk,selectedfirms,bigcommerce|ecommerce|magento,,,,2026-09-22 15:43
pushon.co.uk,PushON,https://www.pushon.co.uk/,,United Kingdom,uk,selectedfirms,ecommerce|magento,,,,2026-09-22 15:43
deltafulfilment.co.uk,Delta Fulfilment,https://deltafulfilment.co.uk/,,United Kingdom,uk,selectedfirms,ecommerce|magento|woocommerce,,,,2026-09-22 15:43
silvertouchtech.co.uk,Silver Touch Technologies Ltd,https://www.silvertouchtech.co.uk/,,United Kingdom,uk,selectedfirms,ecommerce|magento,,,,2026-09-22 15:43
sparksales.online,Spark Sales Online,https://sparksales.online/,,United Kingdom,uk,selectedfirms,ecommerce|woocommerce,,,,2026-09-22 15:43
csimedia.net,CSI Media,https://www.csimedia.net/,,United Kingdom,uk,selectedfirms,ecommerce,,,,2026-09-22 15:43
website-agency.co.uk,Rocket Website Agency Ltd,https://website-agency.co.uk/,,United Kingdom,uk,selectedfirms,ecommerce|magento|wordpress,,,,2026-09-22 15:43
makeagency.co.uk,Make Agency,https://makeagency.co.uk/,,United Kingdom,uk,selectedfirms,ecommerce,,,,2026-09-22 15:43
8thdial.com,8th Dial,https://8thdial.com/,,United Kingdom,uk,selectedfirms,ecommerce,,,,2026-09-22 15:43
venice.co.uk,Little Venice Digital,https://www.venice.co.uk/,,United Kingdom,uk,selectedfirms,ecommerce|magento|wix,,,,2026-09-22 15:43
islandwizards.com,Island wizards,https://islandwizards.com/,,United Kingdom,uk,selectedfirms,ecommerce|wordpress,,,,2026-09-22 15:43
artofdata.com,ArtofData,https://www.artofdata.com/,,United Kingdom,uk,selectedfirms,ecommerce|woocommerce,,,,2026-09-22 15:43
iamitmm.com,I AM IT MM,https://iamitmm.com/,,United Kingdom,uk,selectedfirms,ecommerce|woocommerce,,,,2026-09-22 15:43
rixxo.com,Rixxo - B2B ecommerce,https://www.rixxo.com/,,United Kingdom,uk,selectedfirms,ecommerce,,,,2026-09-22 15:43
chillicommerce.co.uk,chillicommerce limited,https://www.chillicommerce.co.uk/,,United Kingdom,uk,selectedfirms,ecommerce|magento,,,,2026-09-22 15:43
advoxstudio.com,ADVOX Studio,https://www.advoxstudio.com/,,United Kingdom,uk,selectedfirms,ecommerce,,,,2026-09-22 15:43
reddico.co.uk,Reddico,https://reddico.co.uk/,,United Kingdom,uk,selectedfirms,ecommerce,,,,2026-09-22 15:43
koozai.com,Koozai,http://koozai.com/,,United Kingdom,uk,selectedfirms,ecommerce,,,,2026-09-22 15:43
wpnc.agency,WPNC,https://wpnc.agency/,,United Kingdom,uk,selectedfirms,ecommerce,,,,2026-09-22 15:43
asia.redant.com,Red Ant,http://asia.redant.com/,,United Kingdom,uk,selectedfirms,ecommerce,,,,2026-09-22 15:43
rga.com,RGA,https://www.rga.com/,,United Kingdom,uk,selectedfirms,ecommerce,,,,2026-09-22 15:43
wearesocial.com,We Are Social,https://wearesocial.com/uk,,United Kingdom,uk,selectedfirms,ecommerce,,,,2026-09-22 15:43
bertey.com,Bertey Ltd,https://bertey.com/,,United Kingdom,uk,selectedfirms,ecommerce,,,,2026-09-22 15:43
superplural.com,Super Plural,https://superplural.com/s,,United Kingdom,uk,selectedfirms,ecommerce,,,,2026-09-22 15:43
djaonline.co.uk,DJA Online Services,https://www.djaonline.co.uk/,,United Kingdom,uk,selectedfirms,ecommerce|wordpress,,,,2026-09-22 15:43
5874commerce.com,5874 Commerce,https://5874commerce.com/,,United Kingdom,uk,selectedfirms,bigcommerce|ecommerce,,,,2026-09-22 15:43
flairconsultancy.com,Flair Consultancy Limited,https://www.flairconsultancy.com/,,United Kingdom,uk,selectedfirms,bigcommerce|ecommerce,,,,2026-09-22 15:43
icreator.co.uk,iCreator,https://www.icreator.co.uk/,,United Kingdom,uk,selectedfirms,ecommerce|wix|wordpress,,,,2026-09-22 15:43
fingo.co.uk,Fingo,https://www.fingo.co.uk/,,United Kingdom,uk,selectedfirms,ecommerce,,,,2026-09-22 15:43
antropy.co.uk,Antropy,https://www.antropy.co.uk/,,United Kingdom,uk,selectedfirms,ecommerce,,,,2026-09-22 15:43
clickslice.co.uk,ClickSlice,https://www.clickslice.co.uk/,,United Kingdom,uk,selectedfirms,ecommerce,,,,2026-09-22 15:43
designer-websites.co.uk,Designer Websites,https://www.designer-websites.co.uk/,,United Kingdom,uk,selectedfirms,ecommerce,,,,2026-09-22 15:43
tekate.co.uk,Tekate Limited,https://www.tekate.co.uk/,,United Kingdom,uk,selectedfirms,ecommerce,,,,2026-09-22 15:43
digiditta.com,Digiditta,https://www.digiditta.com/,,United Kingdom,uk,selectedfirms,ecommerce,,,,2026-09-22 15:43
protocloudtechnologies.com,Protocloud Technologies Pvt. Ltd.,https://www.protocloudtechnologies.com/,,United Kingdom,uk,selectedfirms,ecommerce,,,,2026-09-22 15:43
osf.digital,oegen,https://osf.digital/,,United Kingdom,uk,selectedfirms,ecommerce,,,,2026-09-22 15:43
metheus.co,Metheus Consultancy Ltd,https://www.metheus.co/,,United Kingdom,uk,selectedfirms,ecommerce,,,,2026-09-22 15:43
cudedesign.co.uk,Cude Design,https://cudedesign.co.uk/,,United Kingdom,uk,selectedfirms,ecommerce|wordpress,,,,2026-09-22 15:43
nerdcow.co.uk,NerdCow,https://nerdcow.co.uk/,,United Kingdom,uk,selectedfirms,ecommerce,,,,2026-09-22 15:43
loudlocal.co.uk,LoudLocal,https://www.loudlocal.co.uk/,,United Kingdom,uk,selectedfirms,ecommerce|wix|wordpress,,,,2026-09-22 15:43
finnpartners.com,FINN Partners UK,https://www.finnpartners.com/uk/,,United Kingdom,uk,selectedfirms,ecommerce|wix|wordpress,,,,2026-09-22 15:43
congruentmarketing.co.uk,Congruent Marketing,https://congruentmarketing.co.uk/,,United Kingdom,uk,selectedfirms,ecommerce|wix|wordpress,,,,2026-09-22 15:43
suttonsilver.co.uk,Sutton Silver,https://www.suttonsilver.co.uk/,,United Kingdom,uk,selectedfirms,ecommerce|wordpress,,,,2026-09-22 15:43
stackdigital.co.uk,Stack Digital Limited,https://stackdigital.co.uk/,,United Kingdom,uk,selectedfirms,ecommerce|wordpress,,,,2026-09-22 15:43
serveradminz.com,ServerAdminz,https://www.serveradminz.com/,,United Kingdom,uk,selectedfirms,ecommerce|wordpress,,,,2026-09-22 15:43
econsultancy.com,Econsultancy,https://econsultancy.com/,,United Kingdom,uk,selectedfirms,ecommerce,,,,2026-09-22 15:43
glcglobe.com,GLC Globe Pvt Ltd,https://www.glcglobe.com/,,United Kingdom,uk,selectedfirms,ecommerce,,,,2026-09-22 15:43
360data.center,360 Data Center,https://www.360data.center/,,United Kingdom,uk,selectedfirms,ecommerce,,,,2026-09-22 15:43
rlaservices.co.uk,RLA Services LTD,https://rlaservices.co.uk/,,United Kingdom,uk,selectedfirms,ecommerce,,,,2026-09-22 15:43
markjrees.co.uk,Mark J Rees LLP,https://www.markjrees.co.uk/,,United Kingdom,uk,selectedfirms,ecommerce,,,,2026-09-22 15:43
data-never-lies.com,Data Never Lies,https://www.data-never-lies.com/,,United Kingdom,uk,selectedfirms,bigcommerce|ecommerce,,,,2026-09-22 15:43
rich-page.com,Rich Page: Website Optimizer,https://www.rich-page.com/,,United Kingdom,uk,selectedfirms,ecommerce,,,,2026-09-22 15:43
ecommercenurse.com,eCommerce Nurse,https://ecommercenurse.com/,,United Kingdom,uk,selectedfirms,ecommerce,,,,2026-09-22 15:43
somarketing.com,SO Marketing,https://www.somarketing.com/,,United Kingdom,uk,selectedfirms,ecommerce,,,,2026-09-22 15:43
silicondales.com,Silicon Dales,https://silicondales.com/,,United Kingdom,uk,selectedfirms,bigcommerce|ecommerce|wordpress,,,,2026-09-22 15:43
elevate-digital-solutions.com,Elevate Digital,https://elevate-digital-solutions.com/,,United Kingdom,uk,selectedfirms,ecommerce|wordpress,,,,2026-09-22 15:43
blockproof.co.uk,blockproof.,https://blockproof.co.uk/,,United Kingdom,uk,selectedfirms,ecommerce,,,,2026-09-22 15:43
findigo.io,Findigo,https://www.findigo.io/,,United Kingdom,uk,selectedfirms,ecommerce,,,,2026-09-22 15:43
wirebox.co.uk,Wirebox Ltd,https://wirebox.co.uk/,,United Kingdom,uk,selectedfirms,ecommerce|wordpress,,,,2026-09-22 15:43
zenibyte.com,Zenibyte Creative Ltd,https://www.zenibyte.com/,,United Kingdom,uk,selectedfirms,ecommerce|wordpress,,,,2026-09-22 15:43
dotnet-ltd.com,dotnet,https://www.dotnet-ltd.com/,,United Kingdom,uk,selectedfirms,ecommerce,,,,2026-09-22 15:43
usphouse.com,USP House,https://www.usphouse.com/,,United Kingdom,uk,selectedfirms,ecommerce,,,,2026-09-22 15:43
braidr.ai,Braidr,https://braidr.ai/,,United Kingdom,uk,selectedfirms,ecommerce,,,,2026-09-22 15:43
wedoalltech.com,WeDoAllTech,https://wedoalltech.com/,,United Kingdom,uk,selectedfirms,ecommerce|wordpress,,,,2026-09-22 15:43
cattlemantech.co.uk,Cattleman Technology Ltd,https://cattlemantech.co.uk/,,United Kingdom,uk,selectedfirms,ecommerce,,,,2026-09-22 15:43
uxdesignexperts.com,UX Design Experts,https://uxdesignexperts.com/,,United Kingdom,uk,selectedfirms,ecommerce|wordpress,,,,2026-09-22 15:43
deeperthanblue.co.uk,DeeperThanBlue,http://deeperthanblue.co.uk/,,United Kingdom,uk,selectedfirms,ecommerce,,,,2026-09-22 15:43
xpertsol.co.uk,Xpertsol Marketing Agency,https://www.xpertsol.co.uk/,,United Kingdom,uk,selectedfirms,bigcommerce|ecommerce|wix|wordpress,,,,2026-09-22 15:43
wildsprout.digital,Wild Sprout,https://wildsprout.digital/,,United Kingdom,uk,selectedfirms,bigcommerce|ecommerce|wordpress,,,,2026-09-22 15:43
explorewebstore.com,DKP Explore Web Pvt Ltd,https://www.explorewebstore.com/,,United Kingdom,uk,selectedfirms,ecommerce,,,,2026-09-22 15:43
codeminers.co.uk,Codeminers Limited,https://www.codeminers.co.uk/,,United Kingdom,uk,selectedfirms,ecommerce|wix|wordpress,,,,2026-09-22 15:43
extserve.com,EXTSERVE LTD.,https://extserve.com/,,United Kingdom,uk,selectedfirms,bigcommerce|ecommerce,,,,2026-09-22 15:43
vtecgroup.co.uk,Vtec Group Ltd,https://vtecgroup.co.uk/,,United Kingdom,uk,selectedfirms,ecommerce,,,,2026-09-22 15:43
strategicgoal.co.uk,Strategic Goal Managment Consulting,https://strategicgoal.co.uk/,,United Kingdom,uk,selectedfirms,ecommerce,,,,2026-09-22 15:43
uncommoncom.co.uk,Uncommon Communication,https://www.uncommoncom.co.uk/,,United Kingdom,uk,selectedfirms,ecommerce,,,,2026-09-22 15:43
reply.com,Data Reply,https://www.reply.com/,,United Kingdom,uk,selectedfirms,ecommerce,,,,2026-09-22 15:43
digitalgenies.co.uk,Digitalgenies,https://digitalgenies.co.uk/,,United Kingdom,uk,selectedfirms,ecommerce,,,,2026-09-22 15:43
trendhijacking.com,Trendhijacking,https://trendhijacking.com/,,United Kingdom,uk,selectedfirms,ecommerce,,,,2026-09-22 15:43
fintecharbor.com,Fintech Harbor Consulting,https://www.fintecharbor.com/,,United Kingdom,uk,selectedfirms,ecommerce,,,,2026-09-22 15:43
evestico.com,Evestico Ltd,https://evestico.com/,,United Kingdom,uk,selectedfirms,ecommerce,,,,2026-09-22 15:43
tweave.tech,Tweave.Tech,https://www.tweave.tech/,,United Kingdom,uk,selectedfirms,ecommerce,,,,2026-09-22 15:43
creativeseohub.com,Creative SEO Hub,https://creativeseohub.com/,,United Kingdom,uk,selectedfirms,ecommerce,,,,2026-09-22 15:43
visionet.com,Visionet Systems,https://www.visionet.com/,,United Kingdom,uk,selectedfirms,ecommerce,,,,2026-09-22 15:43
clairejarrett.com,Claire Jarrett,https://www.clairejarrett.com/,,United Kingdom,uk,selectedfirms,ecommerce,,,,2026-09-22 15:43
customboxesprinting.co.uk,Custom Boxes Printing,https://customboxesprinting.co.uk/,,United Kingdom,uk,selectedfirms,ecommerce,,,,2026-09-22 15:43
jpaccountant.info,J&P Accountants,https://www.jpaccountant.info/,,United Kingdom,uk,selectedfirms,bigcommerce|ecommerce,,,,2026-09-22 15:43
acumenconsulting.ca,Acumen Business Consulting,https://acumenconsulting.ca/,,United Kingdom,uk,selectedfirms,bigcommerce|ecommerce|wordpress,,,,2026-09-22 15:43
bidbat.com,BidBat,https://bidbat.com/,,United Kingdom,uk,selectedfirms,bigcommerce|ecommerce,,,,2026-09-22 15:43
itqcommerce.com,ITQ Commerce,https://www.itqcommerce.com/,,United Kingdom,uk,selectedfirms,ecommerce,,,,2026-09-22 15:43
enapps.com,Enapps,https://enapps.com/,,United Kingdom,uk,selectedfirms,ecommerce,,,,2026-09-22 15:43
vebryx.co.uk,Vebryx,http://vebryx.co.uk/,,United Kingdom,uk,selectedfirms,ecommerce,,,,2026-09-22 15:43
velocity.com.ai,Velocity - AI Development Company,https://www.velocity.com.ai/,,United Kingdom,uk,selectedfirms,ecommerce,,,,2026-09-22 15:43
thecommerceteam.com,The Commerce Team,https://www.thecommerceteam.com,,United Kingdom,uk,selectedfirms,ecommerce,,,,2026-09-22 15:43
verdantspark.co.uk,Verdant Spark Ltd,https://www.verdantspark.co.uk/,,United Kingdom,uk,selectedfirms,bigcommerce|ecommerce|squarespace,,,,2026-09-22 15:43
startwithdata.co.uk,Start With Data,https://startwithdata.co.uk/,,United Kingdom,uk,selectedfirms,ecommerce,,,,2026-09-22 15:43
glassatlas.com,Glass Atlas,https://www.glassatlas.com/,,United Kingdom,uk,selectedfirms,bigcommerce|ecommerce,,,,2026-09-22 15:43
absolutelabs.co,Absolutelabs,https://www.absolutelabs.co/,,United Kingdom,uk,selectedfirms,ecommerce,,,,2026-09-22 15:43
smbbusinesssolution.com,Smb Business solution,https://smbbusinesssolution.com/,,United Kingdom,uk,selectedfirms,wordpress,,,,2026-09-22 15:43
weareaccess.co.uk,Access,https://www.weareaccess.co.uk/,,United Kingdom,uk,selectedfirms,wordpress,,,,2026-09-22 15:43
junkiescoder.com,Junkies Coder,https://www.junkiescoder.com/,,United Kingdom,uk,selectedfirms,wordpress,,,,2026-09-22 15:43
welchmarketing.co.uk,Welch Marketing,https://www.welchmarketing.co.uk/,,United Kingdom,uk,selectedfirms,squarespace|wordpress,,,,2026-09-22 15:43
channeldoubler.com,ChannelDoubler,https://www.channeldoubler.com/,,United Kingdom,uk,selectedfirms,wordpress,,,,2026-09-22 15:43
strategy-plus.net,Strategy Plus,https://www.strategy-plus.net/,,United Kingdom,uk,selectedfirms,wordpress,,,,2026-09-22 15:43
newma.co.uk,New Media Aid,https://www.newma.co.uk/,,United Kingdom,uk,selectedfirms,wordpress,,,,2026-09-22 15:43
barkstreetdigital.co.uk,Bark Street Digital,https://www.barkstreetdigital.co.uk/,,United Kingdom,uk,selectedfirms,squarespace|wordpress,,,,2026-09-22 15:43
keyprinciples.co.uk,Key Principles,https://www.keyprinciples.co.uk/,,United Kingdom,uk,selectedfirms,squarespace|wordpress,,,,2026-09-22 15:43
hcmediagroup.co.uk,HC Media Group,https://hcmediagroup.co.uk/,,United Kingdom,uk,selectedfirms,wix|wordpress,,,,2026-09-22 15:43
codegen.co.uk,CodeGen Limited,https://codegen.co.uk/,,United Kingdom,uk,selectedfirms,wix|wordpress,,,,2026-09-22 15:43
appymonkey.com,Appy Monkey,https://appymonkey.com/,,United Kingdom,uk,selectedfirms,wordpress,,,,2026-09-22 15:43
appoly.co.uk,Appoly,https://www.appoly.co.uk/,,United Kingdom,uk,selectedfirms,wordpress,,,,2026-09-22 15:43
threesixtyinteractive.com,Three Sixty Interactive,https://www.threesixtyinteractive.com/,,United Kingdom,uk,selectedfirms,squarespace,,,,2026-09-22 15:44
progressweb.co.uk,Progress Web Limited,https://www.progressweb.co.uk/,,United Kingdom,uk,selectedfirms,squarespace,,,,2026-09-22 15:44
spaceworks.studio,SpaceWorks,https://spaceworks.studio/,,United Kingdom,uk,selectedfirms,squarespace,,,,2026-09-22 15:44
bond-agency.io,Bond Agency,https://www.bond-agency.io/,,United Kingdom,uk,selectedfirms,wix,,,,2026-09-22 15:44
insignalmedia.co.uk,Insignal Media,https://www.insignalmedia.co.uk/,,United Kingdom,uk,selectedfirms,wix,,,,2026-09-22 15:44
defy-brands.com,DEFY Brands,https://defy-brands.com/,,United Kingdom,uk,selectedfirms,wix,,,,2026-09-22 15:44
vismarketing.co.uk,Vision Marketing,https://www.vismarketing.co.uk/,,United Kingdom,uk,selectedfirms,wix,,,,2026-09-22 15:44
diginest.pro,DigiNest IT Solutions,https://diginest.pro/,,United Kingdom,uk,selectedfirms,wix,,,,2026-09-22 15:44
