domain,name,website,city,country,market,sources,tags,blurb,size,rate,found_at
digitalnomadshq.com.au,Digital Nomads HQ,https://digitalnomadshq.com.au/,Sydney,Australia,australia,semrush,web-design|web-development,Remarkable Marketing,,,2026-09-20 22:07
visualmarketing.com.au,Visual Marketing Australia,https://www.visualmarketing.com.au/,Sydney,Australia,australia,semrush,web-design|web-development,DIGITAL MARKETING MADE SIMPLE,,,2026-09-20 22:07
elev8edmarketing.com.au,Elev8ed Integrated Marketing (E8IM),https://elev8edmarketing.com.au,Sydney,Australia,australia,semrush,web-design|web-development,Get Found. Convert More. Grow Faster,,,2026-09-20 22:07
digitalhitmen.com.au,Digital Hitmen,https://www.digitalhitmen.com.au,Sydney,Australia,australia,semrush,ux|web-design|web-development,Reach your full potential online,,,2026-09-20 22:07
supple.com.au,Supple Digital,https://supple.com.au,Sydney,Australia,australia,semrush,ux|web-design|web-development,Award-winning digital marketing agency,,,2026-09-20 22:07
dnmdigital.com.au,DNM Digital,https://dnmdigital.com.au/,Sydney,Australia,australia,semrush,ux|web-design|web-development,Your premium choice for digital marketing success,,,2026-09-20 22:07
moniquelam.com,Monique Lam Group,https://www.moniquelam.com,Sydney,Australia,australia,semrush,web-design|web-development,Organic Growth. Double Revenue and Brand Value.,,,2026-09-20 22:07
creeddigital.com.au,Creed Digital,https://creeddigital.com.au/,Sydney,Australia,australia,semrush,ux|web-design|web-development,Digital Marketing Does Not Need To Be Difficult!,,,2026-09-20 22:07
soupagency.com.au,SOUP Agency,https://www.soupagency.com.au,Sydney,Australia,australia,semrush,ux|web-design|web-development,A recipe to reach any customer,,,2026-09-20 22:07
bloomdigital.net.au,Bloom Digital,https://www.bloomdigital.net.au/,,Australia,australia,semrush,web-design|web-development,Organically Obsessed,,,2026-09-20 22:07
graphicten.com,Graphicten,https://graphicten.com,Miami,United States,us,semrush,web-design|web-development,Make your business a TEN!,,,2026-09-20 22:08
theslidefactory.com,SLIDEFACTORY,https://www.theslidefactory.com,Portland,United States,us,semrush,web-design|web-development,"Web Development, SEO, GEO, and marketing services.",,,2026-09-20 22:08
ailie.com,Ailie Inc - Marketing & Website Development Agency,https://www.ailie.com,Boston,United States,us,semrush,web-design|web-development,SEE IT. FEEL IT. BE IT.,,,2026-09-20 22:08
blumeagency.com,Blume Agency,https://blumeagency.com/,,United States,us,semrush,ux|web-design|web-development,Rank #1 and Get the Right Customers Calling,,,2026-09-20 22:08
losangelesseoinc.com,Los Angeles SEO Inc,https://losangelesseoinc.com/,Los Angeles,United States,us,semrush,web-design|web-development,Real Growth. Proven SEO. Trusted Results.,,,2026-09-20 22:08
dyre-marketing.com,DYRE Marketing,https://www.dyre-marketing.com,Chicago,United States,us,semrush,web-design|web-development,"Your Success, Our Mission",,,2026-09-20 22:08
sagapixel.com,Sagapixel,https://sagapixel.com,Philadelphia,United States,us,semrush,web-design|web-development,Proven Healthcare Digital Marketing for Growth,,,2026-09-20 22:08
etosconsulting.com,"ETOS Consulting, LLC",https://www.etosconsulting.com,Philadelphia,United States,us,semrush,ux|web-design|web-development,Data - Execution - Results,,,2026-09-20 22:08
anchour.com,Anchour,https://www.anchour.com/,,United States,us,semrush,ux|web-design|web-development,Helping the good ones win.,,,2026-09-20 22:08
mettano.com,Mettano Local SEO & Digital Marketing,https://mettano.com/,New York City,United States,us,semrush,web-design|web-development,We get home service businesses more jobs.,,,2026-09-20 22:08
oyova.com,Oyova,https://www.oyova.com/,Miami,United States,us,semrush,web-design|web-development,More Business For Your Business Is Our Business.™,,,2026-09-20 22:08
wiserootsllc.com,Wise Roots LLC,https://www.wiserootsllc.com,Phoenix,United States,us,semrush,web-design|web-development,Innovative Marketing. Real Solutions. Real Growth.,,,2026-09-20 22:08
pixai.digital,PIXAI DIGITAL,https://pixai.digital,Chicago,United States,us,semrush,ux|web-design|web-development,Launch. Boost. Grow.,,,2026-09-20 22:08
57clicks.com,57 Clicks Marketing Agency,https://www.57clicks.com/,Miami,United States,us,semrush,web-design|web-development,"Fueling Your Growth, One Click at a Time!",,,2026-09-20 22:08
shapesandpages.com,Shapes and Pages,https://shapesandpages.com,Indianapolis,United States,us,semrush,ux|web-design|web-development,SEO & Digital Marketing Growth Specialists,,,2026-09-20 22:08
perfectafternoon.com,Perfect Afternoon,https://www.perfectafternoon.com,,United States,us,semrush,web-design|web-development,Helping your customers find you online.,,,2026-09-20 22:08
saintsandsparrows.com,Saints & Sparrows,https://www.saintsandsparrows.com,,United States,us,semrush,web-design|web-development,Creative meets conversion. Let’s grow your brand.,,,2026-09-20 22:08
searchrevolutions.com,Search Revolutions,https://searchrevolutions.com,Cleveland,United States,us,semrush,web-design|web-development,Elevate Your Brand: Unleashing Digital Excellence,,,2026-09-20 22:08
rad5media.com,Rad5 Media,https://www.rad5media.com,,United States,us,semrush,ux|web-design|web-development,Create | Engage | Optimize,,,2026-09-20 22:08
wdmorgan.com,WD Morgan Solutions,https://wdmorgan.com,Miami,United States,us,semrush,web-design|web-development,Digital Marketing At Its Best,,,2026-09-20 22:08
inbouncy.com,Inbouncy,https://inbouncy.com/,New York City,United States,us,semrush,ux|web-design|web-development,"AI-First, Full Service Inbound Marketing Agency",,,2026-09-20 22:08
ciphersdigital.com,Ciphers Digital Marketing,https://www.ciphersdigital.com,Phoenix,United States,us,semrush,ux|web-design|web-development,AI-Powered SEO. Human Results.,,,2026-09-20 22:08
npws.net,New Perspective Marketing,https://www.npws.net,Boston,United States,us,semrush,ux|web-design|web-development,Driving growth for innovative B2B brands,,,2026-09-20 22:08
konstructdigital.com,Konstruct Digital,https://www.konstructdigital.com,Phoenix,United States,us,semrush,ux|web-design|web-development,Go-To-Revenue Agency for Industrial Growth,,,2026-09-20 22:08
m16marketing.com,M16 Marketing - Atlanta Web Design and SEO Company,https://m16marketing.com,Atlanta,United States,us,semrush,ux|web-design|web-development,Better Strategy. Better Leads. Better Growth.™,,,2026-09-20 22:08
fastdigital.ae,Fast Digital Marketing,https://www.fastdigital.ae,Miami,United States,us,semrush,web-design|web-development,We Get It Done,,,2026-09-20 22:08
happytohelpmarketing.com,Happy To Help Marketing!!,https://happytohelpmarketing.com/,Indianapolis,United States,us,semrush,web-design|web-development,"The Experience You Need, The Partner You Deserve",,,2026-09-20 22:08
straightnorth.com,Straight North,https://www.straightnorth.com/,Atlanta,United States,us,semrush,ux|web-design|web-development,Hire Your Last Agency,,,2026-09-20 22:08
swarmdigital.io,Swarm Digital Marketing,https://www.swarmdigital.io,New York City,United States,us,semrush,ux|web-design|web-development,SEO that works || SEO-first web design || USA,,,2026-09-20 22:08
levyonline.com,Levy Online,https://levyonline.com,Las Vegas,United States,us,semrush,ux|web-design|web-development,Comprehensive Digital Marketing Solutions,,,2026-09-20 22:08
ecoyork.com,Eco York LLC,https://www.ecoyork.com/,Philadelphia,United States,us,semrush,ux|web-design|web-development,Developing Solutions that Save Time and Money,,,2026-09-20 22:08
estesmedia.com,Estes Media,https://www.estesmedia.com,Miami,United States,us,semrush,ux|web-design|web-development,The marketing team as a service agency,,,2026-09-20 22:08
worldsynergy.com,World Synergy,https://worldsynergy.com,Cleveland,United States,us,semrush,ux|web-design|web-development,Taking Your Business from Thought to Thrive,,,2026-09-20 22:08
completeseo.com,Complete SEO,https://completeseo.com/,Austin,United States,us,semrush,web-design|web-development,Smart SEO. Real Results.,,,2026-09-20 22:08
smartsites.com,SmartSites💡Award Winning Digital Marketing Agency,https://www.smartsites.com/,,United States,us,semrush,ux|web-design|web-development,Think Web. Think Smart.,,,2026-09-20 22:08
3h-i.com,3 Horizons Interactive (3Hi),https://www.3h-i.com/,Los Angeles,United States,us,semrush,ux|web-design|web-development,Helping brands increase their digital presence,,,2026-09-20 22:08
vincentbrandgo.com,Vincent Brand Go,https://www.vincentbrandgo.com,Austin,United States,us,semrush,ux|web-design|web-development,Marketing Your Brand with Style,,,2026-09-20 22:08
devenup.com,Devenup SEO,https://devenup.com,New York City,United States,us,semrush,ux|web-design|web-development,Multi-Platform SEO Agency for your business growth,,,2026-09-20 22:08
seoprofy.com,SeoProfy: SEO Company That Delivers Results,https://seoprofy.com/,Chicago,United States,us,semrush,ux|web-design|web-development,Strategic SEO Partner,,,2026-09-20 22:08
elatre.com,Elatre Creative Digital Marketing Agency,https://elatre.com/,Austin,United States,us,semrush,ux|web-design|web-development,"AI Marketing, SEO, GEO, Paid Ads, Software",,,2026-09-20 22:08
visionpoint360marketing.com,VisionPoint 360 Marketing,https://visionpoint360marketing.com,Miami,United States,us,semrush,web-design|web-development,Florida trades marketing that makes the phone ring,,,2026-09-20 22:08
rocksaltmarketing.com,Rock Salt Marketing Cooperative,https://rocksaltmarketing.com/,,United States,us,semrush,ux|web-design|web-development,Helping Businesses Reach Peak Performance Online,,,2026-09-20 22:08
guardiansolutionsllc.com,Guardian Solutions LLC,https://guardiansolutionsllc.com,Denver,United States,us,semrush,web-design|web-development,Visibility Fuels Business Success,,,2026-09-20 22:08
seoimage.com,SEO Image - SEO & Reputation Management,https://seoimage.com,New York City,United States,us,semrush,web-design|web-development,We Keep Clients for Decades!,,,2026-09-20 22:08
pomoroi.com,POMOROI,https://pomoroi.com/,Austin,United States,us,semrush,ux|web-design|web-development,Driving Success Through Experience & Innovation.,,,2026-09-20 22:08
lacedmedia.com,Laced Media - Digital Marketing,https://www.lacedmedia.com,Los Angeles,United States,us,semrush,web-design|web-development,Innovative & Effective SEO That Get Results.,,,2026-09-20 22:08
seolocale.com,SEO Locale,https://seolocale.com,Philadelphia,United States,us,semrush,ux|web-design|web-development,A Digital Marketing Agency You Can Trust,,,2026-09-20 22:08
viacon.io,Viacon,https://viacon.io/,Los Angeles,United States,us,semrush,ux|web-design|web-development,Full-service digital agency that delivers engaging,,,2026-09-20 22:08
tremgroup.com,The Real Estate Marketing Group (TREMGroup),https://www.tremgroup.com/,Miami,United States,us,semrush,web-design|web-development,"Increase Your Sales,Grow Your Real Estate Business",,,2026-09-20 22:08
risemkg.com,Rise Marketing Group - Led by Former Googler,https://www.risemkg.com,Boston,United States,us,semrush,ux|web-design|web-development,Your Full Service Marketing Team,,,2026-09-20 22:08
topnotchdezigns.com,Top Notch Dezigns®,https://www.topnotchdezigns.com,Los Angeles,United States,us,semrush,ux|web-design|web-development,Top Rated Web Design + Digital Marketing Agency,,,2026-09-20 22:08
nextleft.com,NextLeft,https://nextleft.com/,Los Angeles,United States,us,semrush,ux|web-design|web-development,🌟 Transformative SEO & Content Marketing,,,2026-09-20 22:08
mjimarketing.com,MJI Marketing Agency,https://mjimarketing.com/,,United States,us,semrush,ux|web-design|web-development,Simply Better,,,2026-09-20 22:08
werkbot.com,Werkbot Studios,https://www.werkbot.com,Philadelphia,United States,us,semrush,ux|web-design|web-development,Digital Solutions that Werk,,,2026-09-20 22:08
muonmarketing.com,Muon Marketing,https://muonmarketing.com/,Cleveland,United States,us,semrush,ux|web-design|web-development,Get Found. Get Customers. Grow Local.,,,2026-09-20 22:08
unravel.com,Unravel,https://unravel.com/,Las Vegas,United States,us,semrush,ux|web-design|web-development,Data-Driven Stunning Results,,,2026-09-20 22:09
coalitiontechnologies.com,Coalition Technologies,https://coalitiontechnologies.com/,Philadelphia,United States,us,semrush,ux|web-design|web-development,Your revenue-driven digital marketing agency,,,2026-09-20 22:09
2pointagency.com,2POINT | Scaling Brands to $100M+,https://www.2pointagency.com,Austin,United States,us,semrush,ux|web-design|web-development,Helping Brands Reach New Heights Since 2006,,,2026-09-20 22:09
vitadigital.io,Vita Digital,https://vitadigital.io,,United States,us,semrush,web-design|web-development,Human-Crafted SEO: Evolving Your Digital Presence,,,2026-09-20 22:09
ioisolutions.com,IOI Solutions,https://ioisolutions.com,Los Angeles,United States,us,semrush,web-design|web-development,Automotive Performance Marketing 🚗📈,,,2026-09-20 22:09
searchxpro.com,SearchX | Charleston SEO Agency,https://www.searchxpro.com,Austin,United States,us,semrush,ux|web-design|web-development,Turning AI Overviews into Customers,,,2026-09-20 22:09
acuteseo.com,Acute SEO & Web Design,https://acuteseo.com/,Las Vegas,United States,us,semrush,ux|web-design|web-development,We Get Results Online to Improve Your Bottomline!,,,2026-09-20 22:09
kova.team,Kova Team,https://kova.team/,Los Angeles,United States,us,semrush,web-design|web-development,Kova Team: Transparency. Integrity. Results.,,,2026-09-20 22:09
chitchatmarketingllc.com,ChitChat Marketing LLC,https://chitchatmarketingllc.com,,United States,us,semrush,web-design|web-development,Don't know where to start? We do.,,,2026-09-20 22:09
krausgroupmarketing.com,Kraus Marketing,https://krausgroupmarketing.com/,Miami,United States,us,semrush,ux|web-design|web-development,Make a Brand Impact™,,,2026-09-20 22:09
loungelizard.com,Lounge Lizard Worldwide,https://www.loungelizard.com/,Austin,United States,us,semrush,ux|web-design|web-development,360° digital marketing and branding experts.,,,2026-09-20 22:09
advertisingbusiness.org,Elite Web Professionals,https://www.advertisingbusiness.org,Atlanta,United States,us,semrush,web-design|web-development,"Turn Searches to Customers, Clicks to Conversions",,,2026-09-20 22:09
ljbmarketingagency.com,LJB Marketing Agency,https://ljbmarketingagency.com/,,United States,us,semrush,web-design|web-development,Michigan's #1 Digital Marketing Agency,,,2026-09-20 22:09
vmsdata.com,"VMS Data, LLC",https://www.vmsdata.com/,Phoenix,United States,us,semrush,ux|web-design|web-development,"""Enhance your online presence.""",,,2026-09-20 22:09
localandqualified.com,Local & Qualified - Digital Mastered,https://www.localandqualified.com,Charlotte,United States,us,semrush,ux|web-design|web-development,Local & Qualified: Digital Mastered,,,2026-09-20 22:09
bullseyeinternet.com,BullsEye Internet Marketing,https://bullseyeinternet.com,Miami,United States,us,semrush,ux|web-design|web-development,The No-BS Digital Marketing Agency,,,2026-09-20 22:09
nmgtechnologies.com,NMG Technologies,https://www.nmgtechnologies.com,Las Vegas,United States,us,semrush,ux|web-design|web-development,Process based Advanced SEO and Web Development,,,2026-09-20 22:09
onlinemarketinggurus.com.au,Online Marketing Gurus,https://www.onlinemarketinggurus.com.au,Austin,United States,us,semrush,ux|web-design|web-development,"Global SEO Agency Of 2025, Trusted by 1,000+",,,2026-09-20 22:09
bluebear.digital,Blue Bear Digital,https://www.bluebear.digital,New York City,United States,us,semrush,ux|web-design|web-development,Your Digital Growth Partner,,,2026-09-20 22:09
enlightworks.com,EnlightWorks Managed Websites,https://www.enlightworks.com,Los Angeles,United States,us,semrush,web-design|web-development,Helping businesses grow their businesses online,,,2026-09-20 22:09
webfor.com,Webfor,https://webfor.com/,Portland,United States,us,semrush,web-design|web-development,Your Trusted Strategic SEO Partner!,,,2026-09-20 22:09
boostmediagroup.com,Boost Media Group,https://boostmediagroup.com/,Los Angeles,United States,us,semrush,ux|web-design|web-development,Boost your company to the next level,,,2026-09-20 22:09
bluetuskr.com,BlueTuskr,https://bluetuskr.com,Miami,United States,us,semrush,ux|web-design|web-development,DATA-DRIVEN DIGITAL MARKETING AT IT'S FINEST 🐘,,,2026-09-20 22:09
actuatemedia.com,Actuate Media,https://www.actuatemedia.com,Miami,United States,us,semrush,ux|web-design|web-development,A Data-Driven Digital Agency,,,2026-09-20 22:09
edesigninteractive.com,eDesign Interactive,https://edesigninteractive.com,,United States,us,semrush,ux|web-design|web-development,Interactive designs that inspire your audience,,,2026-09-20 22:09
skyfielddigital.com,Skyfield Digital,https://skyfielddigital.com/,,United States,us,semrush,web-design|web-development,Because Your Business Deserves Better,,,2026-09-20 22:09
brentonway.com,Brenton Way,https://www.brentonway.com,Los Angeles,United States,us,semrush,web-design|web-development,🧪 Results-Driven Growth Marketing Agency,,,2026-09-20 22:09
c3digitus.com,c3digitus,https://c3digitus.com/,Philadelphia,United States,us,semrush,web-design|web-development,Making Digital Marketing Human,,,2026-09-20 22:09
slaterockautomation.com,Slaterock Automation,https://www.slaterockautomation.com,Miami,United States,us,semrush,web-design|web-development,"Ai Optimized SEO, PPC and Adaptive Outreach",,,2026-09-20 22:09
rivalmind.com,RivalMind,https://www.rivalmind.com,Chicago,United States,us,semrush,ux|web-design|web-development,We Exist to Help Companies Thrive.,,,2026-09-20 22:09
veatechnologies.com,VEA Technologies,https://www.veatechnologies.com,Denver,United States,us,semrush,ux|web-design|web-development,Your Success Is Our Business,,,2026-09-20 22:09
growthmarketingpro.com,Growth Marketing Pro,https://growthmarketingpro.com,Boston,United States,us,semrush,ux|web-design|web-development,Get More Customers,,,2026-09-20 22:09
digitaldrewsem.com,Digital Drew SEM,https://www.digitaldrewsem.com,New York City,United States,us,semrush,web-design|web-development,Full Service Digital Marketing Solutions,,,2026-09-20 22:09
krakenusa.com,Kraken Media LLC,https://www.krakenusa.com,Miami,United States,us,semrush,web-design|web-development,Would you pay me $1K if I got you $10k in 30 days?,,,2026-09-20 22:09
creativeclickmedia.com,Creative Click Media,https://creativeclickmedia.com/,,United States,us,semrush,ux|web-design|web-development,Success is just one click away,,,2026-09-20 22:09
adcetera.com,Adcetera,https://www.adcetera.com/,Austin,United States,us,semrush,ux|web-design|web-development,A Digital and Creative Marketing Agency,,,2026-09-20 22:09
gobluemedia.com,Blue Media Marketing Inc.,https://www.gobluemedia.com/,Los Angeles,United States,us,semrush,web-design|web-development,"More Phone Calls, Form Fills & Grow Your Business",,,2026-09-20 22:09
fivechannels.com,Five Channels,https://fivechannels.com,Miami,United States,us,semrush,ux|web-design|web-development,Done For You Digital Marketing. Guaranteed ROI.,,,2026-09-20 22:09
digitaldynamollc.com,Digital Dynamo,https://digitaldynamollc.com/,Denver,United States,us,semrush,web-design|web-development,The digital engine that keeps your pipeline full.,,,2026-09-20 22:09
firestarterseo.com,Firestarter SEO,https://www.firestarterseo.com,Denver,United States,us,semrush,web-design|web-development,We Help Denver Companies Grow,,,2026-09-20 22:09
webology.io,Webology,https://webology.io/,,United States,us,semrush,ux|web-design|web-development,All Results No Contracts Clear Communication,,,2026-09-20 22:09
premiermarketingus.com,Premier Marketing,https://premiermarketingus.com/,Charlotte,United States,us,semrush,web-design|web-development,Your full service digital marketing solution,,,2026-09-20 22:09
digitaldot.com,Digital Dot,https://digitaldot.com,New York City,United States,us,semrush,ux|web-design|web-development,Connecting the Dots to Your Digital Success,,,2026-09-20 22:09
liftedwebsites.com,Lifted Websites,https://liftedwebsites.com/,Phoenix,United States,us,semrush,web-design|web-development,Advanced SEO & High-Converting Websites,,,2026-09-20 22:09
curiodigital.io,Curio Digital,https://www.curiodigital.io/,Chicago,United States,us,semrush,ux|web-design|web-development,Get Found. Get Understood. Get Chosen.,,,2026-09-20 22:09
waypointmc.com,WayPoint Marketing Communications,https://waypointmc.com,,United States,us,semrush,web-design|web-development,We'll Show You the Way To Marketing Success,,,2026-09-20 22:09
connectivewebdesign.com,Connective Web Design,https://connectivewebdesign.com/,Austin,United States,us,semrush,ux|web-design|web-development,The non-agency agency you need in your corner.,,,2026-09-20 22:09
theabbiagency.com,The Abbi Agency,https://theabbiagency.com/,Las Vegas,United States,us,semrush,web-design|web-development,"The Abbi Agency is an outcome-obsessed, full-servi",,,2026-09-20 22:09
digitalmarketinggilbertaz.com,Diamond Arrow Digital Marketing Agency,https://digitalmarketinggilbertaz.com,Phoenix,United States,us,semrush,web-design|web-development,The Agency That Aims Before It Shoots.,,,2026-09-20 22:09
riveravenuedigital.com,River Avenue Digital,https://riveravenuedigital.com/,Miami,United States,us,semrush,ux|web-design|web-development,We take marketing off your to-do list!,,,2026-09-20 22:09
seoguruatlanta.com,"SEO Guru Atlanta, LLC",https://www.seoguruatlanta.com/,Atlanta,United States,us,semrush,web-design|web-development,Atlanta SEO That Wins in Google and AI Search,,,2026-09-20 22:09
octivdigital.com,Octiv Digital,https://www.octivdigital.com,,United States,us,semrush,web-design|web-development,Keep Your Digital Marketing In Tune,,,2026-09-20 22:09
allegiantdigital.com,Allegiant Digital Marketing,https://allegiantdigital.com/,Austin,United States,us,semrush,ux|web-design|web-development,ROI Based Digital Marketing that Delivers Results!,,,2026-09-20 22:09
wallaroomedia.com,Wallaroo Media,https://wallaroomedia.com,,United States,us,semrush,ux|web-design|web-development,AI-Enhanced Growth Transforming eCommerce Brands,,,2026-09-20 22:09
altavistasp.com,AltaVista Strategic Partners,https://www.altavistasp.com/,,United States,us,semrush,ux|web-design|web-development,The Nation's Leading Contractor Marketing Company,,,2026-09-20 22:09
nuvoagency.com,Nuvo Agency,https://nuvoagency.com/,,United States,us,semrush,ux|web-design|web-development,We Work Hard to Help You Succeed,,,2026-09-20 22:09
pbjmarketing.com,PBJ Marketing,https://pbjmarketing.com/,New York City,United States,us,semrush,ux|web-design|web-development,🏆 Where Strategy Meets Measurable Impact 🚀,,,2026-09-20 22:10
ignitevisibility.com,Ignite Visibility,https://ignitevisibility.com/,Los Angeles,United States,us,semrush,web-design|web-development,ROI-Driven Digital Marketing Agency ✔️,,,2026-09-20 22:10
fifthcolor.com,FifthColor,https://fifthcolor.com/,,United States,us,semrush,ux|web-design|web-development,All the Experts Under One Roof,,,2026-09-20 22:10
voyagermark.com,Voyager Marketing,https://voyagermark.com,,United States,us,semrush,ux|web-design|web-development,Digital Marketing with results.,,,2026-09-20 22:10
blennd.com,Blennd,https://blennd.com/,Denver,United States,us,semrush,ux|web-design|web-development,Award-Winning Web Design+Digital Marketing Agency,,,2026-09-20 22:10
dijgtal.com,DIJGTAL,https://www.dijgtal.com,Los Angeles,United States,us,semrush,ux|web-design|web-development,A global collective of strategic tacticians.,,,2026-09-20 22:10
getrocketship.com,Rocketship Marketing & Website Design Agency,https://www.getrocketship.com,Seattle,United States,us,semrush,ux|web-design|web-development,"Scrappy, Friendly, Results-Driven Agency",,,2026-09-20 22:10
tagteamdesign.com,Tag Team Design,https://www.tagteamdesign.com,Denver,United States,us,semrush,ux|web-design|web-development,Denver Web Design & SEO,,,2026-09-20 22:10
lydondesign.com,Lydon & Associates LLC,https://www.lydondesign.com,Chicago,United States,us,semrush,web-design|web-development,Five decades of empowering clients to DO AMAZING!,,,2026-09-20 22:10
coalescemarketing.com,Coalesce Marketing & Design,https://www.coalescemarketing.com,,United States,us,semrush,ux|web-design|web-development,"To grow, together.",,,2026-09-20 22:10
wagento.com,Wagento Creative LLC,https://www.wagento.com/,Minneapolis,United States,us,semrush,ux|web-design|web-development,The Code of Commerce,,,2026-09-20 22:10
kihanmarketing.com,Kihan Marketing,https://kihanmarketing.com/,Seattle,United States,us,semrush,web-design|web-development,Enterprise Strategy. Small Business Heart.,,,2026-09-20 22:10
skyway.media,Skyway Media,https://skyway.media/,Miami,United States,us,semrush,ux|web-design|web-development,The digital marketing agency bred for todays needs,,,2026-09-20 22:10
unifiedinfotech.net,Unified Infotech Inc,https://www.unifiedinfotech.net,New York City,United States,us,semrush,ux|web-design|web-development,"Empowering Your Digital Journey, One Innovation at",,,2026-09-20 22:10
edgewebware.com,Edge Webware,https://www.edgewebware.com/,Cleveland,United States,us,semrush,ux|web-design|web-development,We offer insight and advice as well as solutions,,,2026-09-20 22:10
thinkpodagency.com,ThinkPod,https://www.thinkpodagency.com,Miami,United States,us,semrush,ux|web-design|web-development,Real Thinking. Real Results.,,,2026-09-20 22:10
kjmarketinggroup.com,"KJ Marketing Group, LLC",https://www.kjmarketinggroup.com,Austin,United States,us,semrush,ux|web-design|web-development,We are with you every step of the way,,,2026-09-20 22:10
theeverstudios.com,Ever Studios,https://www.theeverstudios.com,,United States,us,semrush,web-design|web-development,Predictable Leads. Real Growth. No Guesswork.,,,2026-09-20 22:10
wolfpackadvising.com,WolfPack Advising,https://wolfpackadvising.com/,Miami,United States,us,semrush,ux|web-design|web-development,Save Time. Earn More. Become Alpha.,,,2026-09-20 22:10
digitalrebelmarketing.com,Digital Rebel Marketing,https://www.digitalrebelmarketing.com/,Austin,United States,us,semrush,web-design|web-development,Be the Answer,,,2026-09-20 22:10
2tenmarketing.com,2ten Marketing & Media,https://www.2tenmarketing.com,Austin,United States,us,semrush,ux|web-design|web-development,WE EXECUTE. LEADERS DON'T COME FROM CHECKING BOXES,,,2026-09-20 22:10
matnelsonppc.com,"Matnelsonppc.com, LLC",https://www.matnelsonppc.com/,Los Angeles,United States,us,semrush,web-design|web-development,Where Expertise Meets Innovation,,,2026-09-20 22:10
griffindigital.com,Griffin Digital,https://griffindigital.com/,Denver,United States,us,semrush,ux|web-design|web-development,Digital Marketing Built Strategically For You,,,2026-09-20 22:10
tmgmarketingpartners.com,TMG Marketing Partners,https://www.tmgmarketingpartners.com,Denver,United States,us,semrush,ux|web-design|web-development,Strategic Marketing & Brand Building Services,,,2026-09-20 22:10
waivium.io,Waivium,https://www.waivium.io/,Chicago,United States,us,semrush,web-design|web-development,Outwork Average,,,2026-09-20 22:10
simplyworks.agency,Simply Works Agency,https://simplyworks.agency,Chicago,United States,us,semrush,ux|web-design|web-development,Elevate Your Brand with Simply Works Agency,,,2026-09-20 22:10
cloudmellow.com,Cloudmellow,https://cloudmellow.com/,Austin,United States,us,semrush,ux|web-design|web-development,Delivering Exceptional Results,,,2026-09-20 22:10
momentummarketing.me,Momentum Marketing,https://www.momentummarketing.me,,United States,us,semrush,ux|web-design|web-development,Custom Digital Strategy. Real Measurable Growth.,,,2026-09-20 22:10
ontheoutskirt.com,On The Outskirt Marketing Company,https://www.ontheoutskirt.com/,Austin,United States,us,semrush,web-design|web-development,We help local businesses grow leads & sales,,,2026-09-20 22:10
madmindstudios.com,Mad Mind Studios,https://madmindstudios.com/,Los Angeles,United States,us,semrush,web-design|web-development,Maximize Your Growth and Result,,,2026-09-20 22:10
yourspear.com,Spearhead Sales & Marketing,https://yourspear.com,Indianapolis,United States,us,semrush,web-design|web-development,"Data-Driven Insights, Creative Success",,,2026-09-20 22:10
riversagency.com,Rivers Agency,https://riversagency.com/,Charlotte,United States,us,semrush,ux|web-design|web-development,Simplicity is Our Superpower.,,,2026-09-20 22:10
studiohawk.com.au,StudioHawk,https://studiohawk.com.au,Atlanta,United States,us,semrush,web-design|web-development,"Dedicated SEO Specialists, no lock-in contracts.",,,2026-09-20 22:10
websitegenii.com,Website Genii,https://websitegenii.com,Atlanta,United States,us,semrush,ux|web-design|web-development,Where Geniuses Make Magic,,,2026-09-20 22:10
agence-web-cbs.fr,Cloud Business Software,https://agence-web-cbs.fr/,New York City,United States,us,semrush,web-design|web-development,"Optimisation web, performance garantie",,,2026-09-20 22:10
aletheiadigital.com,Aletheia Digital,https://www.aletheiadigital.com,Atlanta,United States,us,semrush,web-design|web-development,Make It Better. Serve Well. Grow Together.,,,2026-09-20 22:10
human-element.com,Human Element,https://www.human-element.com/,,United States,us,semrush,ux|web-design|web-development,Building digital experiences that sell,,,2026-09-20 22:10
ft.media,FT Media,https://www.ft.media,Phoenix,United States,us,semrush,ux|web-design|web-development,Our clients saw an 86.5% increase in leads,,,2026-09-20 22:10
webserv.io,Webserv,https://webserv.io,Austin,United States,us,semrush,ux|web-design|web-development,Where innovation meets predictable growth.,,,2026-09-20 22:10
activatedigitalmedia.com,Activate Digital Media,https://activatedigitalmedia.com/,Austin,United States,us,semrush,ux|web-design|web-development,Grow Your Traffic Leads & Sales,,,2026-09-20 22:10
marketingdirection.com,Marketing Direction,https://www.marketingdirection.com/,Miami,United States,us,semrush,web-design|web-development,Outsourced Marketing Experts™,,,2026-09-20 22:10
taglinegroup.com,Tagline Media,https://taglinegroup.com/,Phoenix,United States,us,semrush,ux|web-design|web-development,Where GRIT Drives Creativity,,,2026-09-20 22:10
m-2.media,MII Media & Marketing,https://www.m-2.media,Las Vegas,United States,us,semrush,web-design|web-development,Build a Presence. Become Known.,,,2026-09-20 22:10
sagepath-reply.com,Sagepath Reply,https://sagepath-reply.com,Atlanta,United States,us,semrush,ux|web-design|web-development,"Building Toward Your Goals, Together",,,2026-09-20 22:10
funnelboostmedia.net,Funnel Boost Media,https://www.funnelboostmedia.net,Austin,United States,us,semrush,ux|web-design|web-development,Design. Rank. Grow 🚀,,,2026-09-20 22:10
frontrowsales.com,Front Row,https://frontrowsales.com/,Minneapolis,United States,us,semrush,ux|web-design|web-development,"Fueling Growth, Powering Success.",,,2026-09-20 22:10
kodeak.com,Kodeak Digital Marketing Experts,https://kodeak.com,Phoenix,United States,us,semrush,ux|web-design|web-development,Over a decade of digital marketing expertise.,,,2026-09-20 22:10
bluehuki.com,BlueHuki Marketing,https://www.bluehuki.com,New York City,United States,us,semrush,ux|web-design|web-development,Propel Your Business Up Online,,,2026-09-20 22:10
evereffect.com,EverEffect,https://www.evereffect.com,Indianapolis,United States,us,semrush,ux|web-design|web-development,"Digital Marketing Delivering Profits, Not Promises",,,2026-09-20 22:10
royalinkdesign.com,Royal Ink,https://royalinkdesign.com/,Las Vegas,United States,us,semrush,web-design|web-development,A Creative Marketing and Advertising Agency,,,2026-09-20 22:10
offset-digital.com,Offset Digital - SEO Agency,https://offset-digital.com/,,United States,us,semrush,web-design|web-development,"SEO isn't cheap, but it can be affordable.",,,2026-09-20 22:10
flight.agency,Flight,https://flight.agency,,United States,us,semrush,web-design|web-development,Taking brands to new heights.™,,,2026-09-20 22:10
joinstratosphere.com,Stratosphere,https://www.joinstratosphere.com/,Los Angeles,United States,us,semrush,web-design|web-development,Digital Growth for Insurance Agencies,,,2026-09-20 22:10
victorycto.com,Victory CTO,https://victorycto.com/,Austin,United States,us,semrush,web-design|web-development,Digital Transformation & Business Evolution,,,2026-09-20 22:10
trebletree.co,Trebletree,https://trebletree.co/,,United States,us,semrush,ux|web-design|web-development,Grow Boldly with Scalable SEO & Custom Websites,,,2026-09-20 22:10
mojaveseo.com,MojaveSEO,https://www.mojaveseo.com/,Las Vegas,United States,us,semrush,web-design|web-development,Affordable SEO Strategies - No Contract,,,2026-09-20 22:11
plannedgrowth.com,Planned Growth,https://www.plannedgrowth.com,Miami,United States,us,semrush,ux|web-design|web-development,Success is a Planned Event,,,2026-09-20 22:11
horizontwolabs.com,Horizon Two Labs,https://horizontwolabs.com,Cleveland,United States,us,semrush,ux|web-design|web-development,Defining the Adjacent Possible,,,2026-09-20 22:11
lobsterferret.com,Lobster Ferret: A Digital Marketing Firm,https://www.lobsterferret.com/,Austin,United States,us,semrush,ux|web-design|web-development,"Home Services Marketing. Booked Jobs, Not Clicks.",,,2026-09-20 22:11
smartboost.com,smartboost,https://smartboost.com/,Las Vegas,United States,us,semrush,ux|web-design|web-development,"Drive Growth, Boost Results with Smartboost!",,,2026-09-20 22:11
labyrinthbrandco.com,Labyrinth Brand Co,https://labyrinthbrandco.com/,Austin,United States,us,semrush,ux|web-design|web-development,Unlocking the mysteries of online visibility,,,2026-09-20 22:11
ifactory.com,iFactory,https://www.ifactory.com/,,United States,us,semrush,ux|web-design|web-development,Expanding reach.,,,2026-09-20 22:11
wickedmodernwebsites.com,Wicked Modern Websites,https://wickedmodernwebsites.com/,Boston,United States,us,semrush,web-design|web-development,We Do the Hard Stuff You Don’t Want To Do,,,2026-09-20 22:11
mannixmarketing.com,Mannix Marketing,https://www.mannixmarketing.com/,,United States,us,semrush,web-design|web-development,Success Measured,,,2026-09-20 22:11
stratedia.com,Stratedia,https://stratedia.com/,,United States,us,semrush,ux|web-design|web-development,Create .Inform. Engage,,,2026-09-20 22:11
aptimized.com,Aptimized LLC,https://www.aptimized.com,,United States,us,semrush,ux|web-design|web-development,Modern Solutions for the Intelligent Enterprise,,,2026-09-20 22:11
tandem.buzz,Tandem.Buzz,https://tandem.buzz/,Miami,United States,us,semrush,ux|web-design|web-development,Building a buzz for your business online,,,2026-09-20 22:11
a2bdigitalmarketing.com,"A2B Digital Matketing, Inc.",https://www.a2bdigitalmarketing.com,,United States,us,semrush,ux|web-design|web-development,Your Digital Marketing Gurus,,,2026-09-20 22:11
livingproofcreative.com,Living Proof Creative,https://livingproofcreative.com/,Austin,United States,us,semrush,ux|web-design|web-development,Handcrafted Digital Experiences,,,2026-09-20 22:11
proofdigital.com,Proof Digital,https://proofdigital.com/,Indianapolis,United States,us,semrush,ux|web-design|web-development,Attention You Deserve,,,2026-09-20 22:11
stolber.com,STOLBER Digital Marketing Agency,https://stolber.com,Minneapolis,United States,us,semrush,web-design|web-development,Search Engineering,,,2026-09-20 22:11
brandstardigital.com,BrandStar Digital,https://brandstardigital.com,Miami,United States,us,semrush,ux|web-design|web-development,Creative approach to performance-driven media.,,,2026-09-20 22:11
focuspointsolutions.com,FocusPoint Solutions,https://www.focuspointsolutions.com,Portland,United States,us,semrush,web-design|web-development,"Built by Advisors, for Advisors",,,2026-09-20 22:11
agilemarketinginc.com,Agile Marketing Group,https://agilemarketinginc.com,Miami,United States,us,semrush,ux|web-design|web-development,Tactical Digital Marketing for Healthcare,,,2026-09-20 22:11
kmarketingco.com,K Marketing Co,https://kmarketingco.com,Philadelphia,United States,us,semrush,web-design|web-development,We create marketing strategies that drive action.,,,2026-09-20 22:11
cybertegic.com,Cybertegic,https://www.cybertegic.com/,Los Angeles,United States,us,semrush,ux|web-design|web-development,Data-driven and results-focused,,,2026-09-20 22:11
clicktrackmarketing.com,Click Track Marketing - AI Marketing Agency SD,https://www.clicktrackmarketing.com,Los Angeles,United States,us,semrush,ux|web-design|web-development,AI-Structured Websites Built for the New Era of Se,,,2026-09-20 22:11
sparkcade.com,Sparkcade Marketing,https://www.sparkcade.com,,United States,us,semrush,ux|web-design|web-development,"We put the ""fun"" in marketing funnel.",,,2026-09-20 22:11
ksand.com,KSA&D,https://www.ksand.com,Philadelphia,United States,us,semrush,ux|web-design|web-development,Bringing Brands to Life with Creativity & Strategy,,,2026-09-20 22:11
livemediadigital.com,LMD - LiveMediaDigital,https://www.livemediadigital.com,Miami,United States,us,semrush,ux|web-design|web-development,"Sharp Strategies, Serious Results",,,2026-09-20 22:11
clyint.com,CLYint - Creative Communication,https://www.clyint.com,Phoenix,United States,us,semrush,ux|web-design|web-development,Creatively minded & strategy led,,,2026-09-20 22:11
melleka.com,Melleka Marketing,https://www.melleka.com,Los Angeles,United States,us,semrush,web-design|web-development,A Top Digital Marketing Agency,,,2026-09-20 22:11
foundlocalmarketing.com,Found Local Marketing,https://foundlocalmarketing.com,,United States,us,semrush,web-design|web-development,"Local SEO Experts, Amplify Your Reach",,,2026-09-20 22:11
directdevelopment.com,Direct Development,https://www.directdevelopment.com/,,United States,us,semrush,ux|web-design|web-development,We Help Davids Beat Goliaths,,,2026-09-20 22:11
upwardengine.com,Upward Engine,https://upwardengine.com,,United States,us,semrush,ux|web-design|web-development,A Transparent SEO Agency,,,2026-09-20 22:11
dragonhorseagency.com,Dragon Horse Agency,https://www.dragonhorseagency.com,Los Angeles,United States,us,semrush,ux|web-design|web-development,Multi-Award-Winning Business Marketing Services,,,2026-09-20 22:11
emerymarketing.com,Emery Marketing,https://emerymarketing.com,,United States,us,semrush,ux|web-design|web-development,Integrity. Experience. Results.,,,2026-09-20 22:11
peaksdigitalmarketing.com,Peaks Digital Marketing,https://www.peaksdigitalmarketing.com,Denver,United States,us,semrush,ux|web-design|web-development,Enterprise SEO | B2B | Reach Your Summit.,,,2026-09-20 22:11
leadgear.com,Lead Gear,https://leadgear.com,Austin,United States,us,semrush,ux|web-design|web-development,B2B Digital Marketing and Web Design Solutions,,,2026-09-20 22:11
welcomehomesocial.com,Welcome Home Social,https://welcomehomesocial.com/,Austin,United States,us,semrush,web-design|web-development,"Don't Just Be Found Online, Be Chosen!",,,2026-09-20 22:11
reklam5.com,Reklam5 Digital Marketing Agency,https://www.reklam5.com,New York City,United States,us,semrush,ux|web-design|web-development,Award-Winning Digital Marketing Agency,,,2026-09-20 22:11
rocketmedia.com,Rocket Media,https://rocketmedia.com,Phoenix,United States,us,semrush,ux|web-design|web-development,he Take-Charge Marketing Team That Gets Results,,,2026-09-20 22:11
jackpinemedia.com,Jack Pine Media,https://www.jackpinemedia.com/,Seattle,United States,us,semrush,ux|web-design|web-development,"When our partners succeed, we succeed.",,,2026-09-20 22:11
lasso-up.com,Lasso Up,https://lasso-up.com,Miami,United States,us,semrush,ux|web-design|web-development,Growth marketing systems for ambitious brands,,,2026-09-20 22:11
clickmonster.com,ClickMonster,https://www.clickmonster.com,Seattle,United States,us,semrush,web-design|web-development,Digital Marketing for Growing Businesses,,,2026-09-20 22:11
digitalrelativity.com,Digital Relativity,https://digitalrelativity.com,,United States,us,semrush,ux|web-design|web-development,Let's Get Awesome,,,2026-09-20 22:11
talkingmonkeymedia.com,Talking Monkey Media,https://talkingmonkeymedia.com/,,United States,us,semrush,ux|web-design|web-development,We BOLDLY share your message with the your world,,,2026-09-20 22:11
bonsaimediagroup.com,Bonsai Media Group,https://bonsaimediagroup.com/,Seattle,United States,us,semrush,ux|web-design|web-development,Creating Digital Experiences,,,2026-09-20 22:11
noboundaries.marketing,No Boundaries Marketing Group,https://www.noboundaries.marketing,Phoenix,United States,us,semrush,web-design|web-development,Your Business. Our Forte.,,,2026-09-20 22:11
lucidadvertising.com,Lucid Advertising,https://www.lucidadvertising.com/,Miami,United States,us,semrush,web-design|web-development,Your success is the award we're chasing.,,,2026-09-20 22:11
consumrbuzz.com,Consumr Buzz,https://consumrbuzz.com,Miami,United States,us,semrush,ux|web-design|web-development,Get Your Business Buzzin',,,2026-09-20 22:11
thirteen05.com,Thirteen05 Creative,https://thirteen05.com/,Miami,United States,us,semrush,web-design|web-development,Award-Winning Web Design & Digital Marketing,,,2026-09-20 22:11
vervecreative.studio,Verve Creative Studio,https://vervecreative.studio,,United States,us,semrush,web-design|web-development,Define and transform your brand.,,,2026-09-20 22:11
phoenixsolutionsgroup.net,Phoenix Solutions Group,https://phoenixsolutionsgroup.net/,,United States,us,semrush,ux|web-design|web-development,Marketing solutions for the underdog.,,,2026-09-20 22:11
ikusamarketing.com,Ikusa Marketing,https://ikusamarketing.com/,Portland,United States,us,semrush,ux|web-design|web-development,Experienced Ethical Search Marketing Consulting,,,2026-09-20 22:11
goodrep.media,Good Rep Media,https://www.goodrep.media,,United States,us,semrush,web-design|web-development,"You run your business, we'll handle your rep.",,,2026-09-20 22:11
9marketing.net,9Marketing Inc,https://9marketing.net/,Miami,United States,us,semrush,ux|web-design|web-development,YOUR ONE-STOP SHOP FOR DIGITAL MARKETING,,,2026-09-20 22:11
digitalinkco.com,Digital Ink,https://www.digitalinkco.com,Los Angeles,United States,us,semrush,ux|web-design|web-development,Make an Impression,,,2026-09-20 22:11
1stopmarketingsolutions.com,1 Stop Marketing Solutions - Digital Marketing,https://www.1stopmarketingsolutions.com,Miami,United States,us,semrush,ux|web-design|web-development,Your 1 Stop Solution to Digital Marketing,,,2026-09-20 22:11
brightspot.com,Brightspot,https://www.brightspot.com/,,United States,us,semrush,ux|web-design|web-development,Brightspot CMS moves your business forward,,,2026-09-20 22:11
striderseo.com,Strider,https://striderseo.com,,United States,us,semrush,ux|web-design|web-development,"Small team, select clients. Your success=Our goal",,,2026-09-20 22:11
154i.com,154i,https://154i.com,,United States,us,semrush,web-design|web-development,Grow online.,,,2026-09-20 22:12
bluefrogdm.com,Blue Frog,https://www.bluefrogdm.com/,,United States,us,semrush,ux|web-design|web-development,A strategic partner dedicated to expanding success,,,2026-09-20 22:12
jrcmo.com,JRcmo - Fractional CMO,https://www.jrcmo.com,Austin,United States,us,semrush,ux|web-design|web-development,Get the Information Free - Pay for our execution,,,2026-09-20 22:12
rwest.com,R\West,https://rwest.com/,Portland,United States,us,semrush,ux|web-design|web-development,One Agency. Multiple Specialties.,,,2026-09-20 22:12
clarity.global,Clarity Global,https://clarity.global/,New York City,United States,us,semrush,ux|web-design|web-development,Global Digital Marketing & Communications Agency,,,2026-09-20 22:12
niftyfiftysolutions.com,Nifty Fifty Solutions,https://www.niftyfiftysolutions.com,Austin,United States,us,semrush,web-design|web-development,Building Businesses Through Building Brands,,,2026-09-20 22:12
mixedhanded.com,Mixed Handed Branding,https://www.mixedhanded.com,Portland,United States,us,semrush,ux|web-design|web-development,Mixed Handed Branding - D.A.R.E to Succeed,,,2026-09-20 22:12
mytechanalyst.net,"Principal Consulting, LLC",https://mytechanalyst.net,New York City,United States,us,semrush,ux|web-design|web-development,"insightful, technical digital marketing",,,2026-09-20 22:12
kcwebspecialists.com,KC Web Specialists,https://kcwebspecialists.com/,,United States,us,semrush,ux|web-design|web-development,5876 Edgewater Drive,,,2026-09-20 22:12
yellowwebmonkey.com,YellowWebMonkey,https://yellowwebmonkey.com,Miami,United States,us,semrush,web-design|web-development,Your Long-Term Partner In Digital Marketing,,,2026-09-20 22:12
marketing.trialguides.com,Trial Guides Digital Marketing,https://marketing.trialguides.com/,Portland,United States,us,semrush,ux|web-design|web-development,"For Lawyers, By Lawyers",,,2026-09-20 22:12
bassomarketingagency.com,Basso Marketing Agency,https://www.bassomarketingagency.com,,United States,us,semrush,ux|web-design|web-development,Crafting brand addiction,,,2026-09-20 22:12
marketeeringgroup.com,Marketeering Group,https://marketeeringgroup.com,Seattle,United States,us,semrush,ux|web-design|web-development,Find the Right Customers to Grow Your Business,,,2026-09-20 22:12
designli.co,Designli,https://designli.co/,,United States,us,semrush,ux|web-design|web-development,Building apps is hard... when you're distracted.,,,2026-09-20 22:12
lindendigitalmarketing.com,Linden Digital Marketing,https://lindendigitalmarketing.com/,New York City,United States,us,semrush,ux|web-design|web-development,Defining your place in the digital world.,,,2026-09-20 22:12
atlasokc.com,Atlas,https://www.atlasokc.com,,United States,us,semrush,ux|web-design|web-development,We build brands people can rally behind.,,,2026-09-20 22:12
padulamedia.com,Padula Media,https://padulamedia.com/,Philadelphia,United States,us,semrush,ux|web-design|web-development,"Imagine, capture, inspire.",,,2026-09-20 22:12
sembyotic.com,Sembyotic,https://sembyotic.com/,Los Angeles,United States,us,semrush,ux|web-design|web-development,Turning bright ideas into digital realities.,,,2026-09-20 22:12
wd-strategies.com,WD Strategies,https://www.wd-strategies.com,Philadelphia,United States,us,semrush,ux|web-design|web-development,Build a Powerful Digital Footprint,,,2026-09-20 22:12
vantagep.com,VantagePoint Marketing,https://vantagep.com,,United States,us,semrush,ux|web-design|web-development,Insight. Ideas. Impact.,,,2026-09-20 22:12
rookieinnovations.com,Rookie Innovations,https://www.rookieinnovations.com,Atlanta,United States,us,semrush,ux|web-design|web-development,Advance forward digitally,,,2026-09-20 22:12
fahlgrenmortine.com,Fahlgren Mortine,https://www.fahlgrenmortine.com/,Cleveland,United States,us,semrush,ux|web-design|web-development,We Help Brands Get To Precisely What Matters,,,2026-09-20 22:12
crimsonagility.us,Crimson Agility,https://crimsonagility.us,Phoenix,United States,us,semrush,ux|web-design|web-development,Ecommerce Digital Marketing Experts,,,2026-09-20 22:12
marketveep.com,Market Veep,https://www.marketveep.com/,Boston,United States,us,semrush,web-design|web-development,Marketing Made Human,,,2026-09-20 22:12
toplinemediagroup.com,TopLine Media Group,https://www.toplinemediagroup.com/,Atlanta,United States,us,semrush,ux|web-design|web-development,We Help Companies Grow,,,2026-09-20 22:12
mediajunction.com,media junction®,https://www.mediajunction.com,Los Angeles,United States,us,semrush,ux|web-design|web-development,we build websites that get results,,,2026-09-20 22:12
stephaniemariedelgado.com,Stephanie Marie Delgado,https://www.stephaniemariedelgado.com/,,United States,us,semrush,ux|web-design|web-development,"Sr. Content Strategist, Digital Authority Leader",,,2026-09-20 22:12
echoinnovateit.com,Echoinnovate IT,https://echoinnovateit.com/,Minneapolis,United States,us,semrush,ux|web-design|web-development,Crafting Tomorrow’s Digital Solutions Today,,,2026-09-20 22:12
305spin.com,"305 Spin, Inc.",https://www.305spin.com,Denver,United States,us,semrush,ux|web-design|web-development,Providing Technology Solutions Since 1993,,,2026-09-20 22:12
consultwebs.com,Consultwebs,https://www.consultwebs.com/,Charlotte,United States,us,semrush,ux|web-design|web-development,Consultwebs legal marketing beyond the camapaign.,,,2026-09-20 22:12
webservicesct.com,Web Services CT,https://www.webservicesct.com/,,United States,us,semrush,web-design|web-development,Small Business Digital Marketing,,,2026-09-20 22:12
seapoint.digital,Seapoint Digital,https://seapoint.digital/,,United States,us,semrush,ux|web-design|web-development,Digital Marketing at its best.,,,2026-09-20 22:12
mandr-group.com,M&R Marketing,https://www.mandr-group.com/,Atlanta,United States,us,semrush,ux|web-design|web-development,Want More.,,,2026-09-20 22:12
keomarketing.com,KEO Marketing,https://www.keomarketing.com,Phoenix,United States,us,semrush,ux|web-design|web-development,B2B Marketing Agency,,,2026-09-20 22:12
trajectorywebdesign.com,Trajectory Web Design,https://www.trajectorywebdesign.com,Atlanta,United States,us,semrush,ux|web-design|web-development,"Atlanta web design for B2B, nonprofits, and gov",,,2026-09-20 22:12
i7marketing.com,i7 Marketing,https://www.i7marketing.com/,Portland,United States,us,semrush,web-design|web-development,Innovative Marketing - Exponential Results,,,2026-09-20 22:12
beson4.com,Beson4,https://beson4.com,Miami,United States,us,semrush,ux|web-design|web-development,Increase traffic. Boost conversions. Grow sales.,,,2026-09-20 22:12
pixel506.com,Pixel506 by 10Pearls,https://www.pixel506.com,New York City,United States,us,semrush,ux|web-design|web-development,We Simplify Technology By Design,,,2026-09-20 22:12
aimg.com,Amplify Industrial Marketing + Guidance,https://www.aimg.com,New York City,United States,us,semrush,ux|web-design|web-development,"You don't need marketing, you need sales.",,,2026-09-20 22:12
robintek.com,Robintek,https://www.robintek.com,Cleveland,United States,us,semrush,ux|web-design|web-development,We'll Help Grow Your Business Today!,,,2026-09-20 22:12
fishbat.com,fishbat Media Digital Marketing Agency,https://fishbat.com,Charlotte,United States,us,semrush,ux|web-design|web-development,"We don't run from waves, we make them.",,,2026-09-20 22:12
seoplus.com,seoplus+,https://seoplus.com,New York City,United States,us,semrush,ux|web-design|web-development,Not your typical digital agency.,,,2026-09-20 22:12
redsharkdigital.com,Red Shark Digital,https://www.redsharkdigital.com/,Charlotte,United States,us,semrush,ux|web-design|web-development,Award-Winning SEO Agency + Webflow Development,,,2026-09-20 22:12
planleft.com,Plan Left,https://planleft.com/,,United States,us,semrush,ux|web-design|web-development,"Detail, Discipline, and Discernment",,,2026-09-20 22:12
riselymarketing.com,Risely,https://riselymarketing.com/,Austin,United States,us,semrush,ux|web-design|web-development,We help local businesses grow leads & revenue,,,2026-09-20 22:12
cicormarketing.com,CICOR Marketing,https://cicormarketing.com,Tampa,United States,us,semrush,web-design|web-development,Creative Intelligence Changes Our Results,,,2026-09-20 22:12
uptickmarketing.com,Uptick Marketing,https://uptickmarketing.com/,,United States,us,semrush,ux|web-design|web-development,Marketing That Finally Makes Sense,,,2026-09-20 22:12
atomicdc.com,Atomic Design & Consulting,https://www.atomicdc.com/,Austin,United States,us,semrush,ux|web-design|web-development,Powerful marketing relationships that click!,,,2026-09-20 22:12
strategicamerica.com,Strategic America,https://www.strategicamerica.com,,United States,us,semrush,ux|web-design|web-development,"Find a Better Way, Always.",,,2026-09-20 22:12
exposure.com,Exposure,https://www.exposure.com,,United States,us,semrush,ux|web-design|web-development,Don't settle for less from an agency. Get more.,,,2026-09-20 22:12
backyardstudios.com,Backyard Studios,https://backyardstudios.com,Austin,United States,us,semrush,ux|web-design|web-development,The Digital Marketing Pros You've Been Looking For,,,2026-09-20 22:12
greenhaveninteractive.com,"GreenHaven Interactive, LLC",https://greenhaveninteractive.com,Seattle,United States,us,semrush,ux|web-design|web-development,You're Amazing! We Want The World To Know It!,,,2026-09-20 22:12
redbear.tv,RedBear Films & Digital Marketing,https://redbear.tv,San Diego,United States,us,semrush,ux|web-design|web-development,Hollywood. Marketing. Digital.,,,2026-09-20 22:12
northwestmediacollective.com,Northwest Media Collective,https://northwestmediacollective.com/,Seattle,United States,us,semrush,ux|web-design|web-development,Dedicated team of digital problem solvers.,,,2026-09-20 22:12
massimpact.com,MASS IMPACT™,https://massimpact.com,Miami,United States,us,semrush,ux|web-design|web-development,Igniting Digital Excellence℠,,,2026-09-20 22:12
baadigi.com,BaaDigi,https://www.baadigi.com/,,United States,us,semrush,web-design|web-development,The Predictable Work Engine™ for contractors.,,,2026-09-20 22:13
vizergy.com,Vizergy Digital Marketing,https://www.vizergy.com,,United States,us,semrush,web-design|web-development,Hospitality-focused and results-obsessed.,,,2026-09-20 22:13
inquisitek.com,Inquisitek,https://www.inquisitek.com,Seattle,United States,us,semrush,ux|web-design|web-development,We help people find you.,,,2026-09-20 22:13
hammerseed.com,Hammerseed,https://hammerseed.com,Charlotte,United States,us,semrush,ux|web-design|web-development,We help you Build and Grow your business,,,2026-09-20 22:13
advancreative.com,advancreative,https://www.advancreative.com,Cleveland,United States,us,semrush,ux|web-design|web-development,"Ready to Outrank, Outperform, Outgrow? Call us.",,,2026-09-20 22:13
clickready.com,ClickReady Marketing,https://www.clickready.com,Atlanta,United States,us,semrush,ux|web-design|web-development,Local SEO Services That Will Grow Your Business!,,,2026-09-20 22:13
lav1.com,LAv1,https://lav1.com/,Los Angeles,United States,us,semrush,web-design|web-development,"LAv1: LA-based Marketing Agency - SEO, PPC, AI",,,2026-09-20 22:13
royaltywebdesign.com,Royalty Web Design,https://royaltywebdesign.com/,,United States,us,semrush,web-design|web-development,"Brand Building, Design, Hosting, SEO Audits.",,,2026-09-20 22:13
collective42.com,Collective42,https://collective42.com/,San Diego,United States,us,semrush,web-design|web-development,We are on a mission to help you reach your goals,,,2026-09-20 22:13
mavlers.agency,Mavlers,https://mavlers.agency/,,United States,us,semrush,web-design|web-development,Full-service digital marketing & technology agency,,,2026-09-20 22:13
contellect.com,CONTELLECT TECHNOLOGIES INC.,https://contellect.com,Austin,United States,us,semrush,web-design|web-development,AI-powered ECM & CSP platform enabling intelligent,,,2026-09-20 22:13
reibarmarketing.com,Reibar Marketing,https://reibarmarketing.com,,United States,us,semrush,web-design|web-development,Turnkey Seller Lead Gen for Real Estate Investors,,,2026-09-20 22:13
gobig.systems,"GoBIG Systems, Inc.",https://gobig.systems/,,United States,us,semrush,web-design|web-development,The Agency Your Competitors Hope You Never Find.,,,2026-09-20 22:13
vatikcreative.com,VATIK Marketing,https://vatikcreative.com/,,United States,us,semrush,web-design|web-development,Less Talk. More Results,,,2026-09-20 22:13
binaryanvil.com,Binary Anvil,https://www.binaryanvil.com,Seattle,United States,us,semrush,ux|web-design|web-development,Awarding Winning E-commerce Solutions,,,2026-09-20 22:13
strategyinteractiveagency.com,Strategy Interactive,https://strategyinteractiveagency.com/,,United States,us,semrush,web-design|web-development,Lead your company to new levels of growth,,,2026-09-20 22:13
highervisibility.com,HigherVisibility,https://www.highervisibility.com/,,United States,us,semrush,ux|web-design|web-development,Generating customers for your business!,,,2026-09-20 22:13
optisearchdigital.com,OptiSearch Digital Marketing,https://optisearchdigital.com/,Chicago,United States,us,semrush,web-design|web-development,Outrank. Outshine. Outperform.,,,2026-09-20 22:13
onlineoptimism.com,Online Optimism,https://www.onlineoptimism.com/,,United States,us,semrush,ux|web-design|web-development,Get optimistic about your marketing.,,,2026-09-20 22:13
webryact.com,Webryact,https://webryact.com,,United States,us,semrush,ux|web-design|web-development,Your One Stop Digital Shop,,,2026-09-20 22:13
saffronedge.com,Saffron Edge,https://www.saffronedge.com/,,United States,us,semrush,ux|web-design|web-development,Delivering Excellence Through Technology,,,2026-09-20 22:13
socialmedia55.com,Social Media 55,https://socialmedia55.com,Los Angeles,United States,us,semrush,web-design|web-development,"Digital Marketing, Social Media, SEO, Web Design",,,2026-09-20 22:13
superbadads.com,Super Bad Ads,https://superbadads.com,Austin,United States,us,semrush,web-design|web-development,"Know Bad Marketing, From Good Marketing",,,2026-09-20 22:13
bluehatmarketing.com,BlueHat Marketing,https://www.bluehatmarketing.com,New York City,United States,us,semrush,web-design|web-development,Ranked #1 SEO company in Canada & USA for 18 years,,,2026-09-20 22:13
lyfemarketing.com,LYFE Marketing,https://www.lyfemarketing.com,Atlanta,United States,us,semrush,ux|web-design|web-development,Helping Small Businesses Grow Since 2011,,,2026-09-20 22:13
heartbeepmarketingnh.com,HeartBeep Marketing NH | #1 SEO in New England,https://heartbeepmarketingnh.com/,Boston,United States,us,semrush,ux|web-design|web-development,Get a FREE No Obligation SEO Audit,,,2026-09-20 22:13
rothbright.com,Rothbright,https://www.rothbright.com,Atlanta,United States,us,semrush,ux|web-design|web-development,The future is bright when working with Rothbright.,,,2026-09-20 22:13
thriveagency.com,Thrive Internet Marketing Agency,https://thriveagency.com/,Austin,United States,us,semrush,ux|web-design|web-development,Top-Ranked SEO & AI Visibility Agency | 20+ Years,,,2026-09-20 22:13
earnedmedia.com.au,Earned Media,https://www.earnedmedia.com.au/,Los Angeles,United States,us,semrush,ux|web-design|web-development,An AI SEO Agency Built for Where Search is Going.,,,2026-09-20 22:13
moderndrivenmedia.com,Modern Driven Media,https://www.moderndrivenmedia.com,Philadelphia,United States,us,semrush,ux|web-design|web-development,"Steer with Curiosity, Fueled by Results",,,2026-09-20 22:13
raincross.com,Raincross,https://raincross.com,Los Angeles,United States,us,semrush,ux|web-design|web-development,Behind every search there is a person.,,,2026-09-20 22:13
nustreammarketing.com,NuStream,https://nustreammarketing.com/,New York City,United States,us,semrush,ux|web-design|web-development,"Big Enough To Matter, Small Enough To Care",,,2026-09-20 22:13
magnificentleadmachine.com,The Magnificent Lead Machine,https://magnificentleadmachine.com/,,United States,us,semrush,web-design|web-development,I feel the need for leads.,,,2026-09-20 22:13
valveandmeter.com,Valve+Meter Performance Marketing,https://valveandmeter.com,Indianapolis,United States,us,semrush,web-design|web-development,"Repeatable, Scalable and Profitable Results.",,,2026-09-20 22:13
outdooit.com,Outdooit,https://www.outdooit.com,,United States,us,semrush,web-design|web-development,Marketing Built Exclusively for Contractors,,,2026-09-20 22:13
monsterlinkmarketing.com,Monster Link Marketing,https://monsterlinkmarketing.com,Dallas,United States,us,semrush,ux|web-design|web-development,Taking the fear out of online marketing.,,,2026-09-20 22:13
stackdigital.com,Stack Digital,https://www.stackdigital.com,,United States,us,semrush,ux|web-design|web-development,Simply Smarter Digital Solutions,,,2026-09-20 22:13
siro.agency,SIRO Digital Agency,https://siro.agency/,Austin,United States,us,semrush,ux|web-design|web-development,Vast Industry Expertise You Can Rely On,,,2026-09-20 22:13
zagfirst.com,ZAG FIRST B2B Marketing,https://www.zagfirst.com,,United States,us,semrush,ux|web-design|web-development,Marketing Results That Matter,,,2026-09-20 22:13
altosagency.com,Altos,https://altosagency.com,,United States,us,semrush,ux|web-design|web-development,Digital-first design & marketing agency,,,2026-09-20 22:13
thegreenhousestudios.com,The Greenhouse Studios,https://thegreenhousestudios.com/,Atlanta,United States,us,semrush,web-design|web-development,Good Work Grows Here,,,2026-09-20 22:13
activewebgroup.com,Active Web Group,https://www.activewebgroup.com,,United States,us,semrush,web-design|web-development,online results for your business,,,2026-09-20 22:13
elashdesign.com,Elash Design Studio LLC,https://elashdesign.com/,Los Angeles,United States,us,semrush,ux|web-design|web-development,Great UX & visibility of business is our GOAL,,,2026-09-20 22:13
row.net,Row Business Solutions,https://www.row.net/,Dallas,United States,us,semrush,ux|web-design|web-development,Affordable Digital Marketing,,,2026-09-20 22:13
compassmkg.com,Compass Marketing,https://www.compassmkg.com,Indianapolis,United States,us,semrush,web-design|web-development,Clear Guidance. Real Results.,,,2026-09-20 22:13
blendworksdigital.com,BlendWorks Digital Marketing,https://blendworksdigital.com/,Denver,United States,us,semrush,ux|web-design|web-development,"We ""blend"" marketing to increase your Google Rank",,,2026-09-20 22:13
weichie.com,Weichie.com,https://www.weichie.com,New York City,United States,us,semrush,ux|web-design|web-development,We make your business shine online!,,,2026-09-20 22:13
virtualalchemy.com,Virtual Alchemy,https://virtualalchemy.com,,United States,us,semrush,web-design|web-development,Communicating Your Virtue,,,2026-09-20 22:13
brillitydigital.com,Brillity Digital,https://brillitydigital.com/,Denver,United States,us,semrush,ux|web-design|web-development,Ambitious goals and bold digital strategy.,,,2026-09-20 22:13
loudr.agency,Loudr Agency,https://loudr.agency,Denver,United States,us,semrush,ux|web-design|web-development,Disruptively Different Advertising,,,2026-09-20 22:13
recesscreative.com,Recess Creative,https://www.recesscreative.com/,Cleveland,United States,us,semrush,ux|web-design|web-development,"If it's fun, it's not work.",,,2026-09-20 22:13
nerdrush.com,Nerd Rush,https://nerdrush.com/,,United States,us,semrush,ux|web-design|web-development,We Build Websites You Can Be Proud Of,,,2026-09-20 22:13
digisquid.com,DigiSquid,https://digisquid.com/,,United States,us,semrush,web-design|web-development,We create personalized digital marketing solutions,,,2026-09-20 22:13
wd23.com,WD23,https://wd23.com/,New York City,United States,us,semrush,ux|web-design|web-development,YOUR DIGITAL PARTNER,,,2026-09-20 22:13
twenty8marketing.com,Twenty8 Marketing,https://www.twenty8marketing.com/,Las Vegas,United States,us,semrush,ux|web-design|web-development,Let us do the dirty work,,,2026-09-20 22:13
pearlwhitemedia.com,Pearl White Media,https://www.pearlwhitemedia.com/,Miami,United States,us,semrush,ux|web-design|web-development,Leading Web Design & Digital Marketing Agency,,,2026-09-20 22:13
birchway.com,Birchway,https://www.birchway.com,Charlotte,United States,us,semrush,ux|web-design|web-development,Deep. Digital. Roots.,,,2026-09-20 22:13
digidrub.com,Aninda Bose,https://www.digidrub.com,,United States,us,semrush,ux|web-design|web-development,Branding and Market Making 2.0,,,2026-09-20 22:13
marketeery.com,Marketeery,https://www.marketeery.com,Seattle,United States,us,semrush,ux|web-design|web-development,Marketing Science That Drives Results,,,2026-09-20 22:14
anjdigital.com,ANJ Digital,https://www.anjdigital.com/,Seattle,United States,us,semrush,web-design|web-development,Digital Strategy. Built Around Your Business.,,,2026-09-20 22:14
elevatemybrand.com,Elevate My Brand,https://www.elevatemybrand.com,Los Angeles,United States,us,semrush,ux|web-design|web-development,"Driven by data, inspired by creative.",,,2026-09-20 22:14
customdigitalsolutions.co,Custom Digital Solutions,https://customdigitalsolutions.co/,,United States,us,semrush,web-design|web-development,Your Trusted Search & SEO Partner Agency,,,2026-09-20 22:14
webpulsemedia.com,Web Pulse Media,https://www.webpulsemedia.com,Cleveland,United States,us,semrush,web-design|web-development,Keep A Pulse On Your Digital Assets,,,2026-09-20 22:14
owdt.com,OWDT,https://owdt.com,Denver,United States,us,semrush,ux|web-design|web-development,Rendering Your Visions Into Tangible Advancements,,,2026-09-20 22:14
brandastic.com,Brandastic,https://brandastic.com,Los Angeles,United States,us,semrush,ux|web-design|web-development,Where Strategy Meets Creativity — Full-Service Dig,,,2026-09-20 22:14
pickbold.com,Bold Media Marketing,https://pickbold.com,,United States,us,semrush,ux|web-design|web-development,"Pick Bold, Get More",,,2026-09-20 22:14
jhspecialty.com,JH Specialty,https://www.jhspecialty.com/,Indianapolis,United States,us,semrush,web-design|web-development,A partner you can rely on,,,2026-09-20 22:14
cornerstone.studio,Cornerstone Web Studio,https://cornerstone.studio/,Portland,United States,us,semrush,web-design|web-development,"Website Design, SEO, Google Ads, & Social Media",,,2026-09-20 22:14
myvcmo.com,Maennche Virtual CMO,https://myvcmo.com,,United States,us,semrush,ux|web-design|web-development,"Adapting to the Future, One Strategy at a Time.",,,2026-09-20 22:14
ims.net,IMS.net,https://ims.net/,Chicago,United States,us,semrush,ux|web-design|web-development,Grow Smarter with Sustainable SEO That Lasts,,,2026-09-20 22:14
seota.com,Seota Digital Marketing,https://seota.com,,United States,us,semrush,web-design|web-development,"Better Strategy, Better Process, Better Results",,,2026-09-20 22:14
mbproservicesaz.com,M B Professional Services,https://www.mbproservicesaz.com,Phoenix,United States,us,semrush,web-design|web-development,"Your Vision, Our Creation",,,2026-09-20 22:14
dreamlocal.com,Dream Local Digital,https://dreamlocal.com/,,United States,us,semrush,ux|web-design|web-development,We thrive on solving digital marketing problems fo,,,2026-09-20 22:14
scmarketingtechnologies.com,SC Marketing Technologies,https://www.scmarketingtechnologies.com,,United States,us,semrush,web-design|web-development,SEO and AI Search Optimization Solutions,,,2026-09-20 22:14
metricmarketing.com,Metric Marketing,https://www.metricmarketing.com/,,United States,us,semrush,ux|web-design|web-development,Your Full-Service Digital Marketing Partner,,,2026-09-20 22:14
franklindigital.co,Franklin Digital,https://www.franklindigital.co/,Philadelphia,United States,us,semrush,web-design|web-development,Design Focused and Data Driven Digital Marketing,,,2026-09-20 22:14
dezerv.co,Dezerv.Co,https://www.dezerv.co,Tampa,United States,us,semrush,ux|web-design|web-development,The Fractional Team Your Never Knew Your Needed.,,,2026-09-20 22:14
personalseo.com,Personal SEO,https://personalseo.com/,,United States,us,semrush,web-design|web-development,Organic SEO Done Naturally,,,2026-09-20 22:14
cazbah.net,Cazbah,https://www.cazbah.net/,New York City,United States,us,semrush,ux|web-design|web-development,Total Internet Marketing Solution,,,2026-09-20 22:14
getbrandedtoday.com,BRANDED INTERNET MARKETING AGENCY LLC,https://www.getbrandedtoday.com,,United States,us,semrush,web-design|web-development,IT’S ALL ABOUT WINNING.,,,2026-09-20 22:14
enx2marketing.com,ENX2 Legal Marketing,https://enx2marketing.com,Los Angeles,United States,us,semrush,ux|web-design|web-development,Firm on the rise.☀️,,,2026-09-20 22:14
cyberspyder.net,CyberSpyder Marketing Service,https://www.cyberspyder.net,,United States,us,semrush,web-design|web-development,Marketing that GROWS Your Business,,,2026-09-20 22:14
mightybytes.com,Mightybytes,https://www.mightybytes.com/services/,Chicago,United States,us,semrush,ux|web-design|web-development,Assist clients with measurable marketing results,,,2026-09-20 22:14
magneticcreative.com,MAGNETIC,https://magneticcreative.com/,Los Angeles,United States,us,semrush,ux|web-design|web-development,Where Ideas Attract,,,2026-09-20 22:14
newmedia.com,NEWMEDIA.COM,https://newmedia.com,New York City,United States,us,semrush,ux|web-design|web-development,NEWMEDIA.COM - We Scale Brands.®,,,2026-09-20 22:14
karmamarketingandmedia.com,Karma Marketing + Media,https://www.karmamarketingandmedia.com,Miami,United States,us,semrush,ux|web-design|web-development,Getting websites to the top of Google since 2003,,,2026-09-20 22:14
sooner.marketing,Sooner Marketing,https://sooner.marketing/,,United States,us,semrush,ux|web-design|web-development,Marketing Solutions That Deliver Sooner Results!,,,2026-09-20 22:14
cleardigital.com,Clear Digital,https://www.cleardigital.com,Los Angeles,United States,us,semrush,ux|web-design|web-development,Digital experiences B2B brands can build on.,,,2026-09-20 22:14
bytes.co,Bytes.co,https://bytes.co/,,United States,us,semrush,ux|web-design|web-development,Crafting Digital Experiences That Matter,,,2026-09-20 22:14
upfrontmktg.com,"UPFRONT MKTG, LLC",https://www.upfrontmktg.com/,Philadelphia,United States,us,semrush,web-design|web-development,"Find Your Customers, Online",,,2026-09-20 22:14
goodgiant.com,Good Giant,https://www.goodgiant.com/,,United States,us,semrush,ux|web-design|web-development,"If you play to win, it's game on.",,,2026-09-20 22:14
globalreach.com,"Global Reach Internet Productions, LLC.",https://www.globalreach.com,,United States,us,semrush,ux|web-design|web-development,The possibilities are.™,,,2026-09-20 22:14
gogoodjuju.com,Goodjuju Marketing,https://gogoodjuju.com/,,United States,us,semrush,web-design|web-development,The Property Management Marketers,,,2026-09-20 22:14
datastreetmarketing.com,Data Street Marketing,https://www.datastreetmarketing.com/,,United States,us,semrush,ux|web-design|web-development,A digital marketing agency made up of online lead,,,2026-09-20 22:14
dreamvast.agency,Dreamvast Agency SEO,https://dreamvast.agency/,,United States,us,semrush,ux|web-design|web-development,Tried & True Search Strategies,,,2026-09-20 22:14
techtonicmkt.com,Techtonic Marketing,https://www.techtonicmkt.com,,United States,us,semrush,web-design|web-development,Visibility that moves,,,2026-09-20 22:14
brickmarketing.com,Brick Marketing - Digital Marketing Agency,https://www.brickmarketing.com/,Boston,United States,us,semrush,ux|web-design|web-development,"Since 2005. Services, Training & Consulting.",,,2026-09-20 22:14
visioseo.com,Visio SEO,https://www.visioseo.com,Chicago,United States,us,semrush,web-design|web-development,SEO Redefined With Clarity,,,2026-09-20 22:14
refractroi.com,RefractROI,https://www.refractroi.com,Denver,United States,us,semrush,ux|web-design|web-development,Make Marketing Drive Revenue,,,2026-09-20 22:14
epidemic-marketing.com,Epidemic Marketing,https://www.epidemic-marketing.com/san-diego-seo-company/,Denver,United States,us,semrush,ux|web-design|web-development,The Last SEO Agency You Will Ever Hire,,,2026-09-20 22:14
growbizlocally.com,Grow Biz Locally,https://growbizlocally.com/,,United States,us,semrush,web-design|web-development,White Label Local SEO Services for Agencies,,,2026-09-20 22:14
truperformance.us,Tru Performance Inc,https://www.truperformance.us,,United States,us,semrush,ux|web-design|web-development,Empowering Organizations With Digital Innovations,,,2026-09-20 22:14
1digitalagency.com,1Digital Agency | eCommerce Agency,https://www.1digitalagency.com,Philadelphia,United States,us,semrush,web-design|web-development,The Art of eCommerce,,,2026-09-20 22:14
newpathdigital.com,New Path Digital,https://newpathdigital.com/,Charlotte,United States,us,semrush,ux|web-design|web-development,We've got your back. To the Future.,,,2026-09-20 22:14
hotdogmarketing.net,Hot Dog Marketing,https://hotdogmarketing.net,,United States,us,semrush,web-design|web-development,Leave Your Mark,,,2026-09-20 22:14
unifeyed.com,Unifeyed LLC,https://unifeyed.com,Philadelphia,United States,us,semrush,web-design|web-development,Empowering Your Digital Journey with Limitless Pos,,,2026-09-20 22:14
digitaltransformationmanagement.ai,Digital Transformation Management,https://digitaltransformationmanagement.ai/,Miami,United States,us,semrush,ux|web-design|web-development,We Help You with Digital Transformation,,,2026-09-20 22:14
humanitymedia.net,Humanity Media Inc,https://humanitymedia.net,San Diego,United States,us,semrush,ux|web-design|web-development,A Purpose Driven Creative Agency,,,2026-09-20 22:14
revver.com,Revver Digital,https://www.revver.com,Atlanta,United States,us,semrush,ux|web-design|web-development,Revver Digital: Accelerating Success in the Marine,,,2026-09-20 22:14
dotsquares.com,Dotsquares,https://www.dotsquares.com,,United States,us,semrush,ux|web-design|web-development,Make your vision a reality!,,,2026-09-20 22:14
fuelwebmarketing.com,Fuel Web Marketing,https://www.fuelwebmarketing.com/,,United States,us,semrush,web-design|web-development,Marketing Dollars Should Work as Hard as You Do,,,2026-09-20 22:14
creart.media,Creart Media Group,https://www.creart.media,,United States,us,semrush,ux|web-design|web-development,We seamlessly manage every facet of your marketing,,,2026-09-20 22:14
bsllc.biz,"BS LLC • Branding, Strategy, Marketing",https://bsllc.biz,Cleveland,United States,us,semrush,ux|web-design|web-development,Growth from the inside out.,,,2026-09-20 22:14
noblestudios.com,Noble Studios,https://noblestudios.com/,Las Vegas,United States,us,semrush,ux|web-design|web-development,Creative Digital Performance Marketing,,,2026-09-20 22:15
upliftmedia.us,Uplift Media,https://www.upliftmedia.us,Indianapolis,United States,us,semrush,web-design|web-development,Making Digital Simple,,,2026-09-20 22:15
sagefrog.com,Sagefrog Marketing Group,https://www.sagefrog.com/,Boston,United States,us,semrush,web-design|web-development,Accelerate Your Success,,,2026-09-20 22:15
good2bsocial.com,Good2bSocial,https://good2bsocial.com,New York City,United States,us,semrush,ux|web-design|web-development,Results Driven Marketing,,,2026-09-20 22:15
blackkitemarketing.com,Black Kite Marketing,https://blackkitemarketing.com/,,United States,us,semrush,ux|web-design|web-development,Local SEO & Content Marketing,,,2026-09-20 22:15
growthskills.co,Growth Skills,https://growthskills.co/,New York City,United States,us,semrush,ux|web-design|web-development,Grow your revenue & customer value,,,2026-09-20 22:15
mysmallbusinesssidekick.com,Small Business Sidekick,https://mysmallbusinesssidekick.com/,,United States,us,semrush,web-design|web-development,"What works best, works together.",,,2026-09-20 22:15
gorbmedia.com,GorbMedia,https://www.gorbmedia.com/,Seattle,United States,us,semrush,ux|web-design|web-development,Growth Solutions For Construction Companies,,,2026-09-20 22:15
nativerank.com,"Native Rank, Inc.",https://www.nativerank.com/,Denver,United States,us,semrush,ux|web-design|web-development,Target Interested Customers,,,2026-09-20 22:15
cubecreative.design,Cube Creative Design,https://cubecreative.design,Charlotte,United States,us,semrush,ux|web-design|web-development,Thinking Outside The Box,,,2026-09-20 22:15
variable.systems,VARIABLE,https://variable.systems/,,United States,us,semrush,web-design|web-development,"Maximize Success, Unleash Growth.",,,2026-09-20 22:15
sachsmarketinggroup.com,Sachs Marketing Group,https://sachsmarketinggroup.com/,Los Angeles,United States,us,semrush,ux|web-design|web-development,Data-driven strategies and sustainable results,,,2026-09-20 22:15
junction-creative.com,Junction Creative,https://www.junction-creative.com,Atlanta,United States,us,semrush,ux|web-design|web-development,Strategy. Impact. Results.,,,2026-09-20 22:15
the-dms.com,The Digital Marketing Specialists,https://www.the-dms.com,Seattle,United States,us,semrush,ux|web-design|web-development,Specializing in ROI and User Experience,,,2026-09-20 22:15
thinkdm2.com,Thinkdm2,https://thinkdm2.com/,,United States,us,semrush,ux|web-design|web-development,B2B Digital Marketing and Branding,,,2026-09-20 22:15
perrill.com,Perrill,https://www.perrill.com/,Minneapolis,United States,us,semrush,web-design|web-development,"Digital Solutions, Transparent Results",,,2026-09-20 22:15
resultfirst.com,ResultFirst,https://www.resultfirst.com,Los Angeles,United States,us,semrush,ux|web-design|web-development,Award Winning SEO Strategies for Ambitious Brands,,,2026-09-20 22:15
fabcomlive.com,FabCom | Unrivaled Strategic Marketing Agency,https://www.fabcomlive.com,Phoenix,United States,us,semrush,ux|web-design|web-development,Unrivaled Strategic Marketing,,,2026-09-20 22:15
symphonix.agency,Symphonix,https://symphonix.agency,Charlotte,United States,us,semrush,ux|web-design|web-development,Your Full-service Brand Marketing Partner,,,2026-09-20 22:15
fratzkemedia.com,Fratzke,https://www.fratzkemedia.com/,,United States,us,semrush,web-design|web-development,We help brands spark growth,,,2026-09-20 22:15
nextleveltechmarketing.com,Next Level Tech Marketing LLC,https://nextleveltechmarketing.com/,Miami,United States,us,semrush,ux|web-design|web-development,Proven Lead Generation Marketing Services,,,2026-09-20 22:15
kpsocialmedia.com,KPSM,https://kpsocialmedia.com,Philadelphia,United States,us,semrush,web-design|web-development,A boutique digital marketing agency,,,2026-09-20 22:15
play-media.org,Play Media,https://play-media.org,Miami,United States,us,semrush,web-design|web-development,Choose the right course with Play Media!,,,2026-09-20 22:15
lionandpanda.com,Lion+ Panda,https://lionandpanda.com/,Cleveland,United States,us,semrush,ux|web-design|web-development,"Where Agencies End, We Begin.",,,2026-09-20 22:15
astoundz.com,ASTOUNDZ - SEO | WEB | PPC | SOCIAL,https://www.astoundz.com,Houston,United States,us,semrush,ux|web-design|web-development,Guaranteed SEO Results - Best Internet Marketing!,,,2026-09-20 22:15
digitalmarketinggroup.com,Digital Marketing Group,https://digitalmarketinggroup.com/,Portland,United States,us,semrush,ux|web-design|web-development,ELEVATE YOUR BUSINESS,,,2026-09-20 22:15
channelvmedia.com,Channel V Media,https://channelvmedia.com/,New York City,United States,us,semrush,web-design|web-development,Rise to the top of crowded markets,,,2026-09-20 22:15
thscreative.com,THS Creative,https://www.thscreative.com,Charlotte,United States,us,semrush,ux|web-design|web-development,We Know Problem Solving,,,2026-09-20 22:15
composite.global,Composite,https://www.composite.global/,New York City,United States,us,semrush,ux|web-design|web-development,Performance-Focused Design & Webflow Development,,,2026-09-20 22:15
bearbytestudios.com,Bear Byte Studios,https://www.bearbytestudios.com/,,United States,us,semrush,web-design|web-development,We generate sales not just metrics.,,,2026-09-20 22:15
robbdigital.com,Robb Digital Marketing,https://robbdigital.com,,United States,us,semrush,web-design|web-development,Make It Happen,,,2026-09-20 22:15
hmpsn.studio,hmpsn studio,https://www.hmpsn.studio,Austin,United States,us,semrush,web-design|web-development,We help businesses reach new heights,,,2026-09-20 22:15
kometa.digital,Kometa Digital,https://kometa.digital/,,United States,us,semrush,web-design|web-development,Performance,,,2026-09-20 22:15
buzztower.com,Buzztower,https://buzztower.com,Phoenix,United States,us,semrush,web-design|web-development,The Home Services Secret Weapon,,,2026-09-20 22:15
stgeorgedesign.com,St. George Design & Marketing,https://stgeorgedesign.com,,United States,us,semrush,web-design|web-development,Affordable Solutions with Spectacular Results!,,,2026-09-20 22:15
trellismktg.com,Trellis Marketing,https://trellismktg.com,,United States,us,semrush,web-design|web-development,Local SEO that actually moves the needle.,,,2026-09-20 22:15
americancreative.com,American Creative,https://www.americancreative.com,,United States,us,semrush,web-design|web-development,Helping Businesses Do More Business,,,2026-09-20 22:15
builderdesigns.com,Builder Designs,https://www.builderdesigns.com,,United States,us,semrush,ux|web-design|web-development,Creative to Code,,,2026-09-20 22:15
seonursery.com,SEO Nursery,https://seonursery.com,Cleveland,United States,us,semrush,web-design|web-development,We help you grow.,,,2026-09-20 22:15
thejustdesigngroup.com,"The Just Design Group, Inc",https://thejustdesigngroup.com/,,United States,us,semrush,web-design|web-development,Building relationships - What it's all about,,,2026-09-20 22:15
kelp.agency,Kelp,https://www.kelp.agency,Miami,United States,us,semrush,ux|web-design|web-development,Central Florida's Award Winning Creative Agency,,,2026-09-20 22:15
crawforddesigns.co,Crawford Designs,https://crawforddesigns.co/,,United States,us,semrush,ux|web-design|web-development,Skyrocket Your Brand's Digital Presence,,,2026-09-20 22:15
searchrpm.com,SearchRPM,https://www.searchrpm.com/,Austin,United States,us,semrush,web-design|web-development,Data driven SEO,,,2026-09-20 22:15
heyitswil.com,heyitswil SEO & Content Marketing,https://heyitswil.com,,United States,us,semrush,web-design|web-development,SEO strategies that fuel business growth.,,,2026-09-20 22:15
tbgdigitalmarketing.com,Eugene Bonanno,https://www.tbgdigitalmarketing.com,Cleveland,United States,us,semrush,web-design|web-development,"Measure Twice, Cut Once",,,2026-09-20 22:15
quillenmarketing.com,Quillen Marketing,https://quillenmarketing.com/,,United States,us,semrush,web-design|web-development,"A Team of Web, SEO, and Marketing Professionals.",,,2026-09-20 22:15
oodle.io,Oodle,https://www.oodle.io,Cleveland,United States,us,semrush,web-design|web-development,We Build Better Outcomes,,,2026-09-20 22:15
cindtoro.com,Cindtoro,https://cindtoro.com/,,United States,us,semrush,web-design|web-development,"Built with Passion, Driven by Results.",,,2026-09-20 22:15
aroeffect.com,ARO Effect Marketing,https://www.aroeffect.com,Philadelphia,United States,us,semrush,web-design|web-development,Innovative AI Marketing Meets Strategic Consulting,,,2026-09-20 22:15
thirdandgrove.com,Third and Grove,https://www.thirdandgrove.com/,Boston,United States,us,semrush,ux|web-design|web-development,"Building delightful, award-winning experiences.",,,2026-09-20 22:15
wattsmedia.com,Watts Media,https://wattsmedia.com/,Denver,United States,us,semrush,ux|web-design|web-development,Marketing For The People,,,2026-09-20 22:15
altabos.com,Altabos,https://altabos.com,Cleveland,United States,us,semrush,ux|web-design|web-development,"We design, develop, and deliver solutions.",,,2026-09-20 22:15
signalpointmedia.com,SignalPoint Media Group LLC,https://signalpointmedia.com,Philadelphia,United States,us,semrush,web-design|web-development,From invisible to inevitable.,,,2026-09-20 22:15
leadspruce.com,Celerify LLC / LeadSpruce,https://www.leadspruce.com,Philadelphia,United States,us,semrush,ux|web-design|web-development,Building businesses. Click by click.,,,2026-09-20 22:15
digitalskyrocket.com,Digital Skyrocket,https://digitalskyrocket.com,,United States,us,semrush,web-design|web-development,Leave Your Competition in a Cloud of Smoke,,,2026-09-20 22:15
wowebsites.com,WOWebsites,https://www.wowebsites.com,,United States,us,semrush,ux|web-design|web-development,Creators of the Basic Website Package,,,2026-09-20 22:15
lform.com,Lform Design,https://www.lform.com/,,United States,us,semrush,web-design|web-development,Work That Works,,,2026-09-20 22:15
objectiveui.com,"Objective UI, LLC",https://www.objectiveui.com,,United States,us,semrush,ux|web-design|web-development,More Traffic. More Leads. More Sales.,,,2026-09-20 22:15
fishnetmedia.com,Fishnet Media,https://www.fishnetmedia.com,,United States,us,semrush,ux|web-design|web-development,Confidence Created.,,,2026-09-20 22:15
mower.com,Mower,https://www.mower.com,,United States,us,semrush,ux|web-design|web-development,Brand as Friend,,,2026-09-20 22:16
revenueriver.co,Revenue River,https://www.revenueriver.co/,Denver,United States,us,semrush,ux|web-design|web-development,Digital Expertise You Can Trust,,,2026-09-20 22:16
laughingsamurai.com,Laughing Samurai,https://laughingsamurai.com,Miami,United States,us,semrush,ux|web-design|web-development,Expect Awesome,,,2026-09-20 22:16
popseo.com,POP SEO,https://popseo.com/,Los Angeles,United States,us,semrush,ux|web-design|web-development,"SEO for Law Firms, Nonprofits & Small Businesses",,,2026-09-20 22:16
inclind.com,Inclind,https://www.inclind.com/,,United States,us,semrush,ux|web-design|web-development,Master Builders of Content Management Systems,,,2026-09-20 22:16
saltrank.com,Salt Rank,https://www.saltrank.com,,United States,us,semrush,ux|web-design|web-development,Seasoned Digital Marketing,,,2026-09-20 22:16
builditdigitalmarketing.com,BuildIt Digital Marketing,https://www.builditdigitalmarketing.com,,United States,us,semrush,web-design|web-development,SEO agency specializing in data-driven strategies,,,2026-09-20 22:16
centerline.net,Centerline Digital,https://www.centerline.net,Charlotte,United States,us,semrush,ux|web-design|web-development,Digital Marketing & Creative for Technology Brands,,,2026-09-20 22:16
builtbyworkhorse.com,Workhorse,https://www.builtbyworkhorse.com/,Austin,United States,us,semrush,ux|web-design|web-development,Helping Organizations Build World-Class Websites,,,2026-09-20 22:16
speedsquare.co,Speedsquare,https://www.speedsquare.co,Austin,United States,us,semrush,ux|web-design|web-development,For the love of local.,,,2026-09-20 22:16
gavlmarketing.com,GAVL Marketing,https://www.gavlmarketing.com/,Philadelphia,United States,us,semrush,web-design|web-development,We help law firms sign more cases.,,,2026-09-20 22:16
deepfootprint.com,Deep Footprint,https://www.deepfootprint.com/,Chicago,United States,us,semrush,ux|web-design|web-development,We take better care of our clients and it shows.,,,2026-09-20 22:16
4bmarketing.com,4B Marketing,https://www.4bmarketing.com,Denver,United States,us,semrush,web-design|web-development,Business-Focused Marketing with an Edge,,,2026-09-20 22:16
smashel.com,"Smashel Digital Marketing, Inc",https://www.smashel.com,Miami,United States,us,semrush,ux|web-design|web-development,Bring Order to the Chaos,,,2026-09-20 22:16
vsfmarketing.com,VSFmarketing,https://www.vsfmarketing.com,Tampa,United States,us,semrush,ux|web-design|web-development,"Let's Grow Your Business, the VSF Way!",,,2026-09-20 22:16
intuitivewebsites.com,Intuitive Websites,https://intuitivewebsites.com,Denver,United States,us,semrush,ux|web-design|web-development,Are you ready to rock your digital marketing,,,2026-09-20 22:16
studiotwo.com,Kevin Sprague,https://studiotwo.com,Miami,United States,us,semrush,ux|web-design|web-development,Branding by Design,,,2026-09-20 22:16
boylanpoint.com,Boylan Point Agency,https://boylanpoint.com,Los Angeles,United States,us,semrush,ux|web-design|web-development,Traditional and Digital Marketing That Works,,,2026-09-20 22:16
l7creative.com,L7 Creative,https://www.l7creative.com/,San Diego,United States,us,semrush,ux|web-design|web-development,Legendary brands made here,,,2026-09-20 22:16
agencyjet.com,Agency Jet,https://www.agencyjet.com/,Minneapolis,United States,us,semrush,web-design|web-development,We offer guaranteed results to all customers.,,,2026-09-20 22:16
beanstalkwebsolutions.com,Beanstalk Web Solutions,https://www.beanstalkwebsolutions.com,,United States,us,semrush,ux|web-design|web-development,Your Expertise Turned Into Online Success,,,2026-09-20 22:16
sonoritygroup.com,Sonority Group,https://www.sonoritygroup.com,,United States,us,semrush,ux|web-design|web-development,"Be Authentic, Cut Through The Clutter, and Grow",,,2026-09-20 22:16
visualfizz.com,VisualFizz,https://www.visualfizz.com,Chicago,United States,us,semrush,ux|web-design|web-development,THINK OF US AS AN EXTENSION OF YOUR TEAM,,,2026-09-20 22:16
westcounty.com,West County Net,https://www.westcounty.com,Los Angeles,United States,us,semrush,ux|web-design|web-development,Creativity. Strategy. Technology.,,,2026-09-20 22:16
plastixmarketing.com,Plastix Marketing,https://plastixmarketing.com,,United States,us,semrush,ux|web-design|web-development,Grow the right way with Plastix.,,,2026-09-20 22:16
avalanchegr.com,Avalanche Creative,https://avalanchegr.com/,,United States,us,semrush,ux|web-design|web-development,Building Momentum for Your Business,,,2026-09-20 22:16
d3corp.com,D3,https://www.d3corp.com,,United States,us,semrush,ux|web-design|web-development,Creative Minds. Proven Results.,,,2026-09-20 22:16
bluelynxmarketing.com,Blue Lynx Marketing,https://bluelynxmarketing.com/,Miami,United States,us,semrush,ux|web-design|web-development,The Difference Between Being A Client or Being A P,,,2026-09-20 22:16
neonmoth.com,Neon Moth (formerly ThirdSide),https://neonmoth.com,Chicago,United States,us,semrush,ux|web-design|web-development,It's time to get the attention you deserve.,,,2026-09-20 22:16
brandextract.com,BrandExtract,https://www.brandextract.com/,Houston,United States,us,semrush,ux|web-design|web-development,"We inspire people to create, transform and grow.",,,2026-09-20 22:16
alloycrew.com,Alloy,https://alloycrew.com/,Atlanta,United States,us,semrush,ux|web-design|web-development,Stand Out From the Crowd,,,2026-09-20 22:16
k2analytics.com,K2 Analytics INC,https://www.k2analytics.com,Las Vegas,United States,us,semrush,ux|web-design|web-development,WE STUDY & WORK HARDER TO REACH OUR CLIENTS GOAL,,,2026-09-20 22:16
dirigiblestudio.com,Dirigible Studio,https://www.dirigiblestudio.com,,United States,us,semrush,ux|web-design|web-development,WordPress Experts,,,2026-09-20 22:16
worldwideriches.com,worldwideRiches Web Design and SEO,https://www.worldwideriches.com,,United States,us,semrush,ux|web-design|web-development,Websites Designed To Be Found!,,,2026-09-20 22:16
m3agency.com,M3 Agency,https://www.m3agency.com/,Atlanta,United States,us,semrush,ux|web-design|web-development,M3 POINTS THE WAY,,,2026-09-20 22:16
97switch.com,97 Switch,https://97switch.com,Chicago,United States,us,semrush,ux|web-design|web-development,Marketing · Design · Strategy,,,2026-09-20 22:16
geekpoweredstudios.com,Geek Powered Studios,https://www.geekpoweredstudios.com/,Austin,United States,us,semrush,ux|web-design|web-development,We Geek. You Profit.,,,2026-09-20 22:16
wcndigital.com,WCN Digital,https://www.wcndigital.com,Indianapolis,United States,us,semrush,ux|web-design|web-development,Indianapolis Digital Marketing Agency,,,2026-09-20 22:16
roadsidedentalmarketing.com,Roadside Dental Marketing,https://www.roadsidedentalmarketing.com,Seattle,United States,us,semrush,ux|web-design|web-development,Fill Your Schedule with Dream Patients,,,2026-09-20 22:16
gaugedigitalmedia.com,Gauge Digital Media,https://gaugedigitalmedia.com/baltimore-digital-marketing-agency/,,United States,us,semrush,ux|web-design|web-development,Break Through The Clutter,,,2026-09-20 22:16
detroitinternetmarketing.com,Detroit Internet Marketing,https://www.detroitinternetmarketing.com,,United States,us,semrush,web-design|web-development,Better Service. Better Results.,,,2026-09-20 22:16
sundownmarketing.com,Sundown Marketing Group,https://www.sundownmarketing.com,,United States,us,semrush,ux|web-design|web-development,Speed. Power. Precision. Grace,,,2026-09-20 22:16
captivate.agency,Captivate Agency,https://captivate.agency,Atlanta,United States,us,semrush,ux|web-design|web-development,It Starts With Search®,,,2026-09-20 22:16
talenalexander.com,TalenAlexander,https://talenalexander.com/,Charlotte,United States,us,semrush,ux|web-design|web-development,Creative Marketing & Consulting Agency,,,2026-09-20 22:16
brandetize.com,Brandetize,https://brandetize.com/,San Diego,United States,us,semrush,ux|web-design|web-development,Brand.Build.Monetize,,,2026-09-20 22:16
directom.com,Direct Online Marketing,https://www.directom.com/,Philadelphia,United States,us,semrush,ux|web-design|web-development,Grow Confidently Online,,,2026-09-20 22:16
suncityadvising.com,SunCity Advising,https://suncityadvising.com/,San Diego,United States,us,semrush,ux|web-design|web-development,A La Jolla based digital marketing agency.,,,2026-09-20 22:16
node-marketing.com,Node Marketing,https://node-marketing.com,,United States,us,semrush,ux|web-design|web-development,Optimization is our obsession,,,2026-09-20 22:16
teamlewis.com,TEAM LEWIS,https://www.teamlewis.com/,San Diego,United States,us,semrush,ux|web-design|web-development,Global Integrated Marketing Agency,,,2026-09-20 22:16
fidelitasdevelopment.com,Fidelitas Development,https://www.fidelitasdevelopment.com,San Diego,United States,us,semrush,ux|web-design|web-development,Your Strategic Partner for Better Brand Loyalty,,,2026-09-20 22:16
mmiagency.com,MMI Agency,https://mmiagency.com,Houston,United States,us,semrush,ux|web-design|web-development,"A full-service agency, by design.",,,2026-09-20 22:16
smilemultimedia.com,Smile MEDIA,https://www.smilemultimedia.com,Boston,United States,us,semrush,ux|web-design|web-development,web empowered applications,,,2026-09-20 22:16
azurodigital.com,Azuro Digital,https://azurodigital.com/,,United States,us,semrush,web-design|web-development,"Web Design, SEO & AI Search Optimization Agency",,,2026-09-20 22:16
obeliskinfotech.com,Obelisk Infotech,https://www.obeliskinfotech.com,,United States,us,semrush,web-design|web-development,Your Growth Partner,,,2026-09-20 22:16
bytedigital.com,Byte Digital,https://www.bytedigital.com,,United States,us,semrush,web-design|web-development,Driving Revenue for Shopify Brands,,,2026-09-20 22:17
ozrit.com,OZRIT,https://ozrit.com,,United States,us,semrush,ux|web-design|web-development,Solutions Through Innovation,,,2026-09-20 22:17
clickspire.com,Clickspire SEO,https://clickspire.com,,United States,us,semrush,web-design|web-development,Services Designed to Help Your Company Grow,,,2026-09-20 22:17
growacc.com,Growth Accelerators,https://growacc.com/,,United States,us,semrush,web-design|web-development,Trusted SEO and AI SEO for Small Business Globally,,,2026-09-20 22:17
cswebsolutions.ca,CS Web Solutions,https://www.cswebsolutions.ca,,United States,us,semrush,web-design|web-development,Digital Transformation with Innovative Web Service,,,2026-09-20 22:17
vineetkukreti.com,Vineet Kukreti,https://vineetkukreti.com/,,United States,us,semrush,web-design|web-development,SEO that compounds: technical + AI content ops,,,2026-09-20 22:17
cosmikcarrot.com,Cosmik Carrot,https://www.cosmikcarrot.com,Sydney,United States,us,semrush,ux|web-design|web-development,Still Here When Everyone Else Has Moved On,,,2026-09-20 22:17
purposepath.ca,Purpose Path,https://www.purposepath.ca,,United States,us,semrush,web-design,We have no bullshit marketing solutions.,,,2026-09-20 22:17
parachutedesign.ca,Parachute Design Group Inc.,https://parachutedesign.ca,Sydney,United States,us,semrush,ux|web-design|web-development,An award-winning web design agency in Canada.,,,2026-09-20 22:17
brandconn.com,Brandconn Digital,https://www.brandconn.com/,Sydney,United States,us,semrush,web-design,Connecting the dots between You and Your Customers,,,2026-09-20 22:18
mimvi.com,Mimvi | #1 SEO Agency NYC - Dominate The Search ✅,https://www.mimvi.com/,Boston,United States,us,semrush,web-development,Dominate The Search - #1 SEO Agency,,,2026-09-20 22:18
netsitemarketing.com,Net Site Marketing,https://www.netsitemarketing.com,Charlotte,United States,us,semrush,web-development,World Class SEO/AEO Agency 25+ Years of Experience,,,2026-09-20 22:18
netvolution.com,"Netvolution - SEO, Web Dev & Digital Marketing",https://netvolution.com,Los Angeles,United States,us,semrush,web-development,Outrank in Search. Outrank in AI.,,,2026-09-20 22:18
touchstoneinfotech.com,Touchstone Infotech,https://www.touchstoneinfotech.com,Philadelphia,United States,us,semrush,web-development,Marketing Automation for your Business,,,2026-09-20 22:18
greenlanemarketing.com,Greenlane Marketing,https://www.greenlanemarketing.com,Philadelphia,United States,us,semrush,ux|web-development,Developing Paid Search & SEO campaigns since 2005,,,2026-09-20 22:18
intrepidonline.com,Intrepid Digital,https://www.intrepidonline.com,Los Angeles,United States,us,semrush,ux|web-development,Delivering Growth for the Largest Brands Online,,,2026-09-20 22:18
anonmktg.com,Anonymous Marketing,https://anonmktg.com,,United States,us,semrush,web-development,NO B.S. Just Results.,,,2026-09-20 22:18
online-sales-marketing.com,The Spectrum Group Online,https://online-sales-marketing.com/,Los Angeles,United States,us,semrush,web-development,Make Marketing Decisions Driven by Data.,,,2026-09-20 22:18
seoeliteagency.com,SEO Elite Agency,https://www.seoeliteagency.com,Miami,United States,us,semrush,web-development,SEO Elite Agency: SEO & Voice Search Experts,,,2026-09-20 22:18
360elevated.com,360 ELEVATED® Marketing. Advertising,https://www.360elevated.com,,United States,us,semrush,web-development,BUILDING BRANDS SINCE 1999,,,2026-09-20 22:18
tidewaterwebsites.com,Tidewater Website Solutions,https://tidewaterwebsites.com/,,United States,us,semrush,web-development,"Expert Digital Marketing, Proven Results",,,2026-09-20 22:18
mcmedias.com,MC MEDIAS LLC - Digital Marketing Agency,https://mcmedias.com,,United States,us,semrush,web-development,Your growth becomes our mission,,,2026-09-20 22:18
onlinevisibilitypros.com,Online Visibility Pros,https://onlinevisibilitypros.com/,Phoenix,United States,us,semrush,web-development,Turning Clicks into Customers,,,2026-09-20 22:18
inboxarmy.com,InboxArmy,https://www.inboxarmy.com/,Austin,United States,us,semrush,ux|web-development,One-stop shop for all your email marketing needs,,,2026-09-20 22:18
rentamira.com,"Rentamira, Inc.",https://www.rentamira.com,Austin,United States,us,semrush,web-development,Guaranteed SEO Results for Vacation Rentals,,,2026-09-20 22:18
crimsonparkdigital.com,Crimson Park Digital,https://www.crimsonparkdigital.com,Charlotte,United States,us,semrush,web-development,Bespoke Marketing for Bold Brands,,,2026-09-20 22:18
silverbackstrategies.com,Silverback Strategies,https://www.silverbackstrategies.com/,,United States,us,semrush,web-development,Performance Marketing That Actually Performs,,,2026-09-20 22:18
lawfirmmarketingcompany.com,Advisory Concepts Evolvers,https://www.lawfirmmarketingcompany.com/,Philadelphia,United States,us,semrush,web-development,Do Your Law Firm Justice,,,2026-09-20 22:18
arcanemarketing.com,Arcane Marketing,https://www.arcanemarketing.com,,United States,us,semrush,web-development,"Solving Issues, Growing Revenue, & Building Brands",,,2026-09-20 22:18
gtu.com,Geek Town USA Digital Marketing & Web Design,https://www.gtu.com/,,United States,us,semrush,web-development,AI-DRIVEN MARKETING OF TOMORROW AT YOUR FINGERTIPS,,,2026-09-20 22:18
onemarketingroup.com,One Marketing Group,https://onemarketingroup.com/,,United States,us,semrush,ux|web-development,"One Click, think, Create and Innovate",,,2026-09-20 22:18
millsmarketing.com,Mills Marketing,https://www.millsmarketing.com,,United States,us,semrush,web-development,We Know Banking | We Love Marketing,,,2026-09-20 22:18
guardianowldigital.com,Guardian Owl Digital,https://www.guardianowldigital.com,,United States,us,semrush,web-development,Soar Higher,,,2026-09-20 22:18
makemodelmarketing.com,Make & Model Marketing,https://www.makemodelmarketing.com,Cleveland,United States,us,semrush,web-development,Your Friend in Automotive Digital Marketing,,,2026-09-20 22:18
clickheredigital.com,Click Here Digital,https://www.clickheredigital.com,,United States,us,semrush,ux|web-development,Highest Rated Digital Marketing Agency in America,,,2026-09-20 22:18
mkgmarketinginc.com,MKG Marketing,https://mkgmarketinginc.com/,,United States,us,semrush,ux|web-development,"Meaningful relationships, measurable results.",,,2026-09-20 22:18
zerocompany.com,Zero Company Performance Marketing,https://www.zerocompany.com,Portland,United States,us,semrush,web-development,Win customers at their decision-making moment.,,,2026-09-20 22:18
peersalesagency.com,Peer Sales Agency,https://peersalesagency.com,,United States,us,semrush,web-development,Helping small sales teams find and close more deal,,,2026-09-20 22:18
csquaredbrands.com,C² Brands,https://csquaredbrands.com/,,United States,us,semrush,web-development,Get found. Get results. Grow with C² Brands.,,,2026-09-20 22:18
myamazonguy.com,My Amazon Guy,https://myamazonguy.com/,Atlanta,United States,us,semrush,web-development,Your One-stop Full Service Amazon Agency,,,2026-09-20 22:18
peytonave.com,Peyton Ave Corporation,https://www.peytonave.com,Minneapolis,United States,us,semrush,web-development,Working Hard For Your Company's Success,,,2026-09-20 22:18
tiltedchair.co,Tilted Chair,https://tiltedchair.co,Austin,United States,us,semrush,web-development,Helping brands find their What’s Next?,,,2026-09-20 22:18
ironstridemarketing.com,IronStride Marketing & Digital Co,https://www.ironstridemarketing.com/,Charlotte,United States,us,semrush,web-development,"We are not just an agency, we are your advocate!",,,2026-09-20 22:18
dytatek.com,Dytatek,https://dytatek.com,Boston,United States,us,semrush,web-development,Unlock your business’s online potential,,,2026-09-20 22:18
tellmeyourgoal.com,Tell Me Your Goal,https://www.tellmeyourgoal.com,,United States,us,semrush,ux|web-development,Where Your Goal is Our Mission,,,2026-09-20 22:18
smallbusinessfanatics.com,Small Business Fanatics,https://smallbusinessfanatics.com/,,United States,us,semrush,web-development,Rank Higher. Get More Leads.,,,2026-09-20 22:18
gamep.org,GaMEP,https://gamep.org,Atlanta,United States,us,semrush,web-development,Advancing Georgia Manufacturing,,,2026-09-20 22:19
textconnects.com,Text Connects,https://www.textconnects.com,,United States,us,semrush,web-development,Text Connects is an e-commerce development agency,,,2026-09-20 22:19
imissioninstitute.org,iMission Institute Inc,https://www.imissioninstitute.org,,United States,us,semrush,web-development,Social Social Sector Marketing for the Digital Age,,,2026-09-20 22:19
growrilladigital.com,Growrilla Digital,https://growrilladigital.com,New York City,United States,us,semrush,web-development,Lets Grow!,,,2026-09-20 22:19
digitalcurrent.com,Digital Current,https://www.digitalcurrent.com,Phoenix,United States,us,semrush,ux|web-development,Driving Digital Marketing Results Since 2003,,,2026-09-20 22:19
actbold.com,Act Bold,https://www.actbold.com,Miami,United States,us,semrush,web-development,Standout in the Sea of Competition,,,2026-09-20 22:19
ravedigital.agency,Rave Digital,https://www.ravedigital.agency/,,United States,us,semrush,web-development,Top Rated Full-Service eCommerce Growth Partner,,,2026-09-20 22:19
cleanmediamarketing.com,Clean Media,https://www.cleanmediamarketing.com/,Miami,United States,us,semrush,web-development,Proven SEO Expertise,,,2026-09-20 22:19
35creatives.com,3:5 Creative[s] - Digital Marketing Agency,https://35creatives.com,New York City,United States,us,semrush,web-development,Transforming Businesses With Unparalleled Strategy,,,2026-09-20 22:19
gravitydental.com,Gravity Dental Marketing,https://www.gravitydental.com,Cleveland,United States,us,semrush,web-development,Dental Marketing Agency Behind Top Practicess 🏆📈,,,2026-09-20 22:19
dch.com,Digital Community Holdings,https://www.dch.com,,United States,us,semrush,web-development,Keep It Local,,,2026-09-20 22:19
moxiimarketingsolutions.com,Moxii Marketing Solutions,https://moxiimarketingsolutions.com/,Chicago,United States,us,semrush,web-development,Empowering Business Success in a Changing World,,,2026-09-20 22:19
groundwrk.com,Groundwrk,https://www.groundwrk.com,Denver,United States,us,semrush,ux|web-development,Follow the white rabbit.,,,2026-09-20 22:19
yemora.com,Yemora,https://www.yemora.com,,United States,us,semrush,web-development,Strategy. Technology. Transformation.,,,2026-09-20 22:19
searchcommander.com,"Search Commander, Inc.",https://www.searchcommander.com,Portland,United States,us,semrush,web-development,Free introductory phone call with no sales pitch!,,,2026-09-20 22:19
dataxgrowth.com,Data X Growth,https://www.dataxgrowth.com,,United States,us,semrush,web-development,Data X Growth - Growth Marketing Agency,,,2026-09-20 22:19
digitalmarketingfuel.com,Digital Marketing Fuel LLC,https://www.digitalmarketingfuel.com,,United States,us,semrush,web-development,We add the fuel to your traffic generation,,,2026-09-20 22:19
seo-web-consulting.com,SEO Web Consulting,https://www.seo-web-consulting.com,Philadelphia,United States,us,semrush,ux|web-development,"Without SEO, your business is lost. Get Found.",,,2026-09-20 22:19
forwardslashmarketing.com,Forward Slash Marketing,https://www.forwardslashmarketing.com,Minneapolis,United States,us,semrush,ux|web-development,Data First Search Marketing Experts,,,2026-09-20 22:19
websiteenergizers.com,Website Energizers,https://websiteenergizers.com/,,United States,us,semrush,web-development,"Your trusted team for powerful, growth‑focused SEO",,,2026-09-20 22:19
searchenginepeople.com,Search Engine People,https://www.searchenginepeople.com,,United States,us,semrush,ux,Leading SEO & PPC Solution Providers,,,2026-09-20 22:20
arkeagency.com,Arke Agency,https://arkeagency.com,Sydney,United States,us,semrush,ux|web-design,The UK's Most Effective Agency,,,2026-09-20 22:20
groupfractal.com,GroupFractal Inc.,https://groupfractal.com/,,United States,us,semrush,ux,We Increase Your Revenue Not Just Ranking!,,,2026-09-20 22:20
reachecomm.com,Reach Ecomm - Strategy and Marketing,https://www.reachecomm.com,,United States,us,semrush,ux,"Sell More, Get Leads, Win Online",,,2026-09-20 22:20
stackdecode.com,Stack Decode Web And IT Solutions,https://stackdecode.com,Sydney,United States,us,semrush,ux,Websites That Drive Business Growth,,,2026-09-20 22:21
envydesign.co,Envy Design Co.,https://www.envydesign.co,,United States,us,semrush,ux,"Distinctive brands, thoughtfully built.",,,2026-09-20 22:21
cloudcartel.com.au,Cloud Cartel,https://www.cloudcartel.com.au/,,Australia,australia,semrush,web-design|web-development,Digital made simple.,,,2026-09-20 22:22
gordondigital.com.au,Gordon Digital,https://gordondigital.com.au/,,Australia,australia,semrush,web-design|web-development,Brisbane's No.1 Digital Marketing Agency for SME's,,,2026-09-20 22:22
ionline.com.au,iOnline Digital Marketing Agency,https://ionline.com.au/,,Australia,australia,semrush,ux|web-design|web-development,Where Strategy Meets Substance,,,2026-09-20 22:22
netfusiontechnology.com,Net Fusion Technology,https://www.netfusiontechnology.com,Sydney,Australia,australia,semrush,ux|web-design|web-development,Exceed business expectations,,,2026-09-20 22:22
smartrobbie.com.au,Smart Robbie,https://smartrobbie.com.au,Sydney,Australia,australia,semrush,ux|web-design|web-development,Build websites the smart way,,,2026-09-20 22:22
omnihyper.com,OmniHyper,https://omnihyper.com/,Sydney,Australia,australia,semrush,ux|web-design|web-development,Hyper-Charge Your Digital Assets,,,2026-09-20 22:22
blanktheory.com.au,Blank Theory,https://www.blanktheory.com.au/,Melbourne,Australia,australia,semrush,ux|web-design|web-development,It all begins with a blank canvas,,,2026-09-20 22:22
awddigital.com.au,AWD Digital,https://awddigital.com.au/,Melbourne,Australia,australia,semrush,ux|web-design|web-development,Transforming ideas into creative digital products.,,,2026-09-20 22:22
manifestwebsitedesign.com.au,Manifest Website Design,https://manifestwebsitedesign.com.au/,,Australia,australia,semrush,web-design|web-development,Manifest more traffic,,,2026-09-20 22:22
temeritydigital.com.au,Temerity Digital,https://www.temeritydigital.com.au/,Melbourne,Australia,australia,semrush,ux|web-design|web-development,build a bolder online presence,,,2026-09-20 22:22
thestart.com.au,The Start,https://thestart.com.au/,,Australia,australia,semrush,web-design|web-development,Never Stop Starting™,,,2026-09-20 22:22
pixite.com.au,Pixite,https://pixite.com.au,Sydney,Australia,australia,semrush,web-design|web-development,Let's Grow Together,,,2026-09-20 22:22
aekmedia.com.au,AEK Media,https://aekmedia.com.au/,Sydney,Australia,australia,semrush,ux|web-design|web-development,Creating Compelling Digital Growth Stories,,,2026-09-20 22:22
mindesigns.com.au,Mindesigns,https://mindesigns.com.au,Sydney,Australia,australia,semrush,ux|web-design|web-development,"Full-Toolbox Agency SEO, CRO and PPC",,,2026-09-20 22:22
8020.digital,80/20 Digital,https://8020.digital/,Melbourne,Australia,australia,semrush,ux|web-design|web-development,Results-Driven Marketing,,,2026-09-20 22:22
redherring.net.au,Red Herring Digital,https://www.redherring.net.au,Melbourne,Australia,australia,semrush,web-design|web-development,Multi-Channel Marketing Specialists,,,2026-09-20 22:22
odindigital.com.au,Odin Digital,https://www.odindigital.com.au,Melbourne,Australia,australia,semrush,web-design|web-development,Growth through clarity and performance,,,2026-09-20 22:22
bsodigital.com.au,BSO Digital,https://bsodigital.com.au/,Melbourne,Australia,australia,semrush,ux|web-design|web-development,BSO Digital is a long-standing digital agency,,,2026-09-20 22:22
leapfrogger.com.au,Leapfrogger,https://leapfrogger.com.au/,Melbourne,Australia,australia,semrush,ux|web-design|web-development,"seo, web development, social media marketing",,,2026-09-20 22:22
dobetterdigital.com.au,Do Better Digital,https://dobetterdigital.com.au/,,Australia,australia,semrush,web-design|web-development,Helping businesses increase their online presence.,,,2026-09-20 22:22
chilligroup.com.au,Chilli,https://www.chilligroup.com.au,,Australia,australia,semrush,web-design|web-development,Creative Intelligent Marketing,,,2026-09-20 22:22
justwebops.au,Just WebOps,http://justwebops.au/,,Australia,australia,semrush,web-design|web-development,Empower Your Digital Presence,,,2026-09-20 22:22
siteclicks.com.au,Site Clicks,https://www.siteclicks.com.au,Sydney,Australia,australia,semrush,ux|web-design|web-development,Our Business Exists to Build Yours,,,2026-09-20 22:22
blackboxdesign.com.au,Blackbox Design,https://www.blackboxdesign.com.au/,Melbourne,Australia,australia,semrush,ux|web-design|web-development,"Blackbox: a premium digital, brand & design agency",,,2026-09-20 22:22
heliummarketing.agency,Helium Marketing Agency,https://www.heliummarketing.agency,,Australia,australia,semrush,web-design|web-development,Things Are Looking Up,,,2026-09-20 22:22
rankrise.com.au,RankRise,https://www.rankrise.com.au,Melbourne,Australia,australia,semrush,ux|web-design|web-development,Webflow SEO done at scale,,,2026-09-20 22:22
donohueconsultancy.com.au,Donohue Consultancy,https://www.donohueconsultancy.com.au,,Australia,australia,semrush,ux|web-design|web-development,Your Digital Growth Partner For Online Success.,,,2026-09-20 22:22
kirklloyd.com.au,KirkLloyd,https://kirklloyd.com.au,Sydney,Australia,australia,semrush,ux|web-design|web-development,Technical SEO that works,,,2026-09-20 22:22
megaphonemarketing.com.au,Megaphone Marketing,https://megaphonemarketing.com.au/,Melbourne,Australia,australia,semrush,ux|web-design|web-development,Better digital marketing,,,2026-09-20 22:22
ewebdigital.com.au,E-Web Digital,https://www.ewebdigital.com.au/,Sydney,Australia,australia,semrush,web-design|web-development,Powered By HSF,,,2026-09-20 22:22
saltandfuessel.com.au,Salt & Fuessel,https://www.saltandfuessel.com.au,Melbourne,Australia,australia,semrush,ux|web-design|web-development,Committed to results and transparency,,,2026-09-20 22:22
bambrick.com.au,BAMBRICK,https://bambrick.com.au,,Australia,australia,semrush,ux|web-design|web-development,Brisbane SEO & Digital Marketing Agency,,,2026-09-20 22:22
qagency.com.au,Q Agency,https://qagency.com.au,Sydney,Australia,australia,semrush,web-design|web-development,Scaled from $20k to $500k per month. Ecomm SEO,,,2026-09-20 22:22
thinkcreativeagency.com.au,Think Creative Agency,https://www.thinkcreativeagency.com.au,Sydney,Australia,australia,semrush,web-design|web-development,"Branding, Creative & Digital Marketing Agency",,,2026-09-20 22:22
localiq.au,LocaliQ ANZ,https://localiq.au/,Sydney,Australia,australia,semrush,web-design|web-development,Digital advertising for local businesses,,,2026-09-20 22:22
weboracle.com.au,WebOracle,https://weboracle.com.au,Melbourne,Australia,australia,semrush,web-design|web-development,"Big or small, we build brands that grow!",,,2026-09-20 22:22
yoghurtdigital.com.au,Yoghurt Digital,https://www.yoghurtdigital.com.au,Sydney,Australia,australia,semrush,ux|web-design|web-development,A love affair with data. Not opinions.,,,2026-09-20 22:22
roughideadigital.com.au,Roughidea Digital,https://www.roughideadigital.com.au,,Australia,australia,semrush,ux|web-design|web-development,"We're not like the other agencies, by design.",,,2026-09-20 22:22
pixelportal.com.au,Pixel Portal,https://www.pixelportal.com.au,,Australia,australia,semrush,ux|web-design|web-development,We build websites that work,,,2026-09-20 22:22
onlinepath.com.au,Online Path Digital Marketing,https://onlinepath.com.au,,Australia,australia,semrush,ux|web-design|web-development,Transparent Marketing. Measurable Results.,,,2026-09-20 22:22
rocketagency.com.au,Rocket Agency,https://www.rocketagency.com.au/,Sydney,Australia,australia,semrush,ux|web-design|web-development,Award-winning digital marketing experts,,,2026-09-20 22:22
swoopdigital.com.au,Swoop Digital,https://www.swoopdigital.com.au,Melbourne,Australia,australia,semrush,ux|web-design|web-development,AN AGENCY WHO'S ON YOUR TEAM,,,2026-09-20 22:22
juggler.com.au,Juggler Design,https://juggler.com.au,Melbourne,Australia,australia,semrush,ux|web-design|web-development,IDEAS HAVE CONSEQUENCES,,,2026-09-20 22:23
splashdevelopments.com.au,Splash Developments,https://www.splashdevelopments.com.au,Sydney,Australia,australia,semrush,web-design|web-development,Splash Yourself Online!,,,2026-09-20 22:23
eurisko.com.au,Eurisko,https://www.eurisko.com.au/,,Australia,australia,semrush,web-design|web-development,Your Architects for Digital Growth,,,2026-09-20 22:23
omdigigroup.com.au,OMDIGI Group,https://www.omdigigroup.com.au,Sydney,Australia,australia,semrush,ux|web-design|web-development,Get More with OMDIGI Group!,,,2026-09-20 22:23
8bm.com.au,Shen Lam,https://www.8bm.com.au,,Australia,australia,semrush,ux|web-design|web-development,"Google Ads, SEO, Website, Email Campaigns",,,2026-09-20 22:23
okmg.com,OKMG,https://okmg.com/,,Australia,australia,semrush,ux|web-design|web-development,Australia's Fastest Growing Clients,,,2026-09-20 22:23
sydneydigitalmarketing.com.au,Sydney Digital Marketing Agency,https://sydneydigitalmarketing.com.au/,Sydney,Australia,australia,semrush,ux|web-design|web-development,Digital Marketing For Predictable Business Growth,,,2026-09-20 22:23
mindmethods.com.au,Mind Methods,https://mindmethods.com.au/,Sydney,Australia,australia,semrush,ux|web-design|web-development,Fundamental marketing with captivating creative.,,,2026-09-20 22:23
clixpert.com.au,Clixpert Pty Ltd,https://www.clixpert.com.au/,Sydney,Australia,australia,semrush,ux|web-design|web-development,Digital Marketing Made Simple.,,,2026-09-20 22:23
webbuzz.com.au,Webbuzz,https://webbuzz.com.au,Sydney,Australia,australia,semrush,ux|web-design|web-development,Transform your digital. Get sales flying.,,,2026-09-20 22:23
18thdigitech.com.au,18th Digitech,https://www.18thdigitech.com.au,Sydney,Australia,australia,semrush,ux|web-design|web-development,Connect - Engage - Convert,,,2026-09-20 22:23
clearwateragency.com.au,Clearwater Agency,https://clearwateragency.com.au,Melbourne,Australia,australia,semrush,ux|web-design|web-development,We exist to grow brands into market leaders,,,2026-09-20 22:23
twotwosixdigital.com.au,TwoTwoSix Pty Ltd,https://twotwosixdigital.com.au,Melbourne,Australia,australia,semrush,ux|web-design|web-development,We take an audience first approach to marketing,,,2026-09-20 22:23
pn.com.au,PN Digital,https://www.pn.com.au,Melbourne,Australia,australia,semrush,ux|web-design|web-development,digital marketing support for not for profits,,,2026-09-20 22:23
creativefosters.com.au,Creative Fosters,https://creativefosters.com.au,Melbourne,Australia,australia,semrush,web-design|web-development,Web Design & Development with AI-Digital Marketing,,,2026-09-20 22:23
engineroom.com.au,EngineRoom,https://www.engineroom.com.au,Melbourne,Australia,australia,semrush,ux|web-design|web-development,Never waste a marketing dollar again.,,,2026-09-20 22:23
wynnedigital.com,Wynne Digital,https://wynnedigital.com,Melbourne,Australia,australia,semrush,ux|web-design|web-development,Turning Digital Marketing up to 11,,,2026-09-20 22:23
brightlabs.com.au,Bright Labs,https://www.brightlabs.com.au,Melbourne,Australia,australia,semrush,ux|web-design|web-development,Creating moments of magic,,,2026-09-20 22:23
infomaxdigital.com.au,Infomax Digital,https://www.infomaxdigital.com.au,,Australia,australia,semrush,web-development,SEO SEO Strategies Built for Sustainable Growth,,,2026-09-20 22:23
cascadedigital.com.au,Cascade Digital,https://cascadedigital.com.au/,,Australia,australia,semrush,ux|web-development,Building Rocket Fueled Sales Funnels.,,,2026-09-20 22:23
adhesive.com.au,ADhesive Communication,https://www.adhesive.com.au,,Australia,australia,semrush,ux|web-development,Communication That Connects,,,2026-09-20 22:23
nomaddesigns.com.au,Nomad Designs Pty Ltd,https://www.nomaddesigns.com.au,,Australia,australia,semrush,ux|web-development,Wandering beyond the impossible,,,2026-09-20 22:23
lollipopdigital.com.au,Lollipop Digital,https://www.lollipopdigital.com.au,,Australia,australia,semrush,web-development,The Best Small Digital Marketing Agency in Perth,,,2026-09-20 22:23
livingonline.com.au,Living Online,https://www.livingonline.com.au,,Australia,australia,semrush,ux|web-development,Take Your Digital Marketing To The Next Level.,,,2026-09-20 22:23
exportaccelerator.com.au,Export Accelerator,https://exportaccelerator.com.au/,,Australia,australia,semrush,web-development,Do Better Online,,,2026-09-20 22:23
picassomedia.com.au,Picasso Media,https://picassomedia.com.au,,Australia,australia,semrush,web-development,SEO and Web for Local Business. Not just a number,,,2026-09-20 22:23
dilate.com.au,Dilate Digital,https://www.dilate.com.au/,,Australia,australia,semrush,ux|web-development,We create business. Better everyday.,,,2026-09-20 22:23
riseseo.com.au,Rise SEO,https://riseseo.com.au,,Australia,australia,semrush,ux|web-development,"Finally, A Digital Marketing Agency That Cares",,,2026-09-20 22:23
adelaideseomarketing.com.au,Adelaide SEO Marketing,https://www.adelaideseomarketing.com.au,,Australia,australia,semrush,ux|web-development,Start Outranking Your Competitors!,,,2026-09-20 22:23
searcht.au,Searcht,https://searcht.au,,Australia,australia,semrush,web-development,Building brands for growth in an era of AI search,,,2026-09-20 22:23
webintelligenz.com,Web Intelligenz,https://webintelligenz.com,Melbourne,Australia,australia,semrush,web-development,Boutique Full Stack Digital & Development Agency,,,2026-09-20 22:23
copperscreen.co,CopperScreen.co,https://www.copperscreen.co/,Sydney,Australia,australia,semrush,web-development,Revenue growth over vanity SEO metrics.,,,2026-09-20 22:23
pixelbird.com.au,PIXELBIRD™,https://www.pixelbird.com.au,,Australia,australia,semrush,web-development,We're With You,,,2026-09-20 22:23
seopremier.com,PREM,https://www.seopremier.com,Sydney,Australia,australia,semrush,web-development,Huge wealth of International SEO experience,,,2026-09-20 22:23
dsrpt.com.au,DSRPT,https://dsrpt.com.au/,Sydney,Australia,australia,semrush,web-development,Made to disrupt.,,,2026-09-20 22:23
submerge.digital,Submerge,https://submerge.digital,Sydney,Australia,australia,semrush,ux,Powerful SEO and authentic content marketing,,,2026-09-20 22:23
overflowcafe.com,Overflow Cafe,https://overflowcafe.com,Sydney,Australia,australia,semrush,ux,Be seen everywhere. Gain new customers.,,,2026-09-20 22:23
forge.co.nz,Forge Creative,https://forge.co.nz/,Melbourne,Australia,australia,semrush,ux,Always Thinking,,,2026-09-20 22:23
