domain,name,website,city,country,market,sources,tags,blurb,size,rate,found_at
akunatech.com,Akuna Technologies,https://www.akunatech.com/,Sydney,Australia,australia,shopify,shopify,,,,2026-09-20 22:01
echic.com.au,eChic.com.au,https://echic.com.au/,Sydney,Australia,australia,shopify,shopify,,,,2026-09-20 22:01
endlessdigital.com.au,Endless Digital - Ecom/D2C Growth Marketing & Development Experts,https://endlessdigital.com.au/,Melbourne,Australia,australia,shopify,shopify,,,,2026-09-20 22:01
jaboo.io,Jaboo Media,https://jaboo.io/,Sydney,Australia,australia,shopify,shopify,,,,2026-09-20 22:01
insidermedia.com.au,Insider Media Group,https://www.insidermedia.com.au/,Port Melbourne,Australia,australia,shopify,shopify,,,,2026-09-20 22:01
hhp-design.com.au,HHP Design,https://hhp-design.com.au/,North Ryde,Australia,australia,shopify,shopify,,,,2026-09-20 22:01
dacdesign.au,DAC DESIGN,https://dacdesign.au/,Surry Hills,Australia,australia,shopify,shopify,,,,2026-09-20 22:01
deadwood.com.au,Deadwood Digital,https://deadwood.com.au/,Murrumbeena,Australia,australia,shopify,shopify,,,,2026-09-20 22:01
concise.digital,Concise Digital (Spring Web),https://www.concise.digital/,Perth,Australia,australia,shopify,shopify,,,,2026-09-20 22:01
inspiresmallbusiness.com,Inspire Small Business,https://www.inspiresmallbusiness.com/,Sydney,Australia,australia,shopify,shopify,,,,2026-09-20 22:01
kasun.com.au,Kasun Senaratne,https://www.kasun.com.au/,Carlingford,Australia,australia,shopify,shopify,,,,2026-09-20 22:01
itgeeks.com,IT-Geeks,https://itgeeks.com/?utm_source=sref,SALT LAKE CITY,United States,us,shopify,shopify,,,,2026-09-20 22:08
mandasatech.com,Mandasa Technologies,https://www.mandasatech.com/,Dover,United States,us,shopify,shopify,,,,2026-09-20 22:08
ebiztrait.com,eBizTrait Inc,https://ebiztrait.com/,Laguna Beach,United States,us,shopify,shopify,,,,2026-09-20 22:08
mlveda.com,MLVeda,https://www.mlveda.com/work-insights,Raleigh,United States,us,shopify,shopify,,,,2026-09-20 22:08
thedesignarchitechs.com,"The Design Archi-Techs, Inc",https://thedesignarchitechs.com/,Monrovia,United States,us,shopify,shopify,,,,2026-09-20 22:08
adexlabs.com,Adex Labs,https://adexlabs.com/,Dallas,United States,us,shopify,shopify,,,,2026-09-20 22:08
rnrmediagrp.com,RNR Digital Media Group LLC,https://rnrmediagrp.com/,Thornwood,United States,us,shopify,shopify,,,,2026-09-20 22:08
ecomswiftllc.com,Ecom Swift LLC,https://ecomswiftllc.com/,Sheridan,United States,us,shopify,shopify,,,,2026-09-20 22:08
theblinc.com,Blinc Design,https://www.theblinc.com/,Los Angeles,United States,us,shopify,shopify,,,,2026-09-20 22:08
adamshrum.com,Adam Shrum,https://www.adamshrum.com/,Houston,United States,us,shopify,shopify,,,,2026-09-20 22:08
shugert.com.mx,Shugert Marketing,https://shugert.com.mx/,New York,United States,us,shopify,shopify,,,,2026-09-20 22:08
savvyprogrammers.com,Savvy Programmers,https://www.savvyprogrammers.com/,Tarrytown,United States,us,shopify,shopify,,,,2026-09-20 22:08
expertvillagemedia.com,Expert Village Media Technologies,https://www.expertvillagemedia.com/,Long Island City,United States,us,shopify,shopify,,,,2026-09-20 22:08
hippiechickdesign.com,Hippie Chick Design,https://hippiechickdesign.com/,Sherman,United States,us,shopify,shopify,,,,2026-09-20 22:08
wearewebsitedesigners.com,wearewebsitedesigners™,https://www.wearewebsitedesigners.com/,Dallas,United States,us,shopify,shopify,,,,2026-09-20 22:08
webbimonks.com,WebbiMonks,https://webbimonks.com/,Kearny,United States,us,shopify,shopify,,,,2026-09-20 22:08
oxyecom.com,Helen Vella | Web Designer & SEO Expert,https://oxyecom.com/,Live Oak,United States,us,shopify,shopify,,,,2026-09-20 22:08
eshopgenius.com,eShop Genius,https://www.eshopgenius.com/,Santa Clarita,United States,us,shopify,shopify,,,,2026-09-20 22:08
quedevelopers.com,Que Developer's,https://quedevelopers.com/,Austin,United States,us,shopify,shopify,,,,2026-09-20 22:08
sesquare.com,SE Square LLP,https://sesquare.com/,san francisco,United States,us,shopify,shopify,,,,2026-09-20 22:08
charlestonwebbuilder.com,Charleston WebBuilder,https://www.charlestonwebbuilder.com/,Summerville,United States,us,shopify,shopify,,,,2026-09-20 22:08
launchcoast.net,Launch Coast,https://launchcoast.net/,Topanga,United States,us,shopify,shopify,,,,2026-09-20 22:08
ouxp.com,"OUXP(Outstanding Experience) | Theme, App & Troubleshooting, CRO Experts — AI-Ac",https://ouxp.com/,Los Angeles,United States,us,shopify,shopify,,,,2026-09-20 22:08
mastroke.com,Mastroke,https://www.mastroke.com/,Torrance,United States,us,shopify,shopify,,,,2026-09-20 22:08
developerscapital.net,Developers Capital Net,https://developerscapital.net/,ST Petersburg,United States,us,shopify,shopify,,,,2026-09-20 22:08
aesoffices.com,AES Office,https://www.aesoffices.com/,Atlanta,United States,us,shopify,shopify,,,,2026-09-20 22:08
fakhar-ali.com,"Fakhar Ali | US-Based eCommerce Expert | Store Design, Migration, Product Resear",https://www.fakhar-ali.com/,AUSTIN,United States,us,shopify,shopify,,,,2026-09-20 22:08
storefix.co,"StoreFix | Seamless Migration: WooCommerce, BigCommerce, Magento, Wix, Square & ",https://storefix.co/,Torrance,United States,us,shopify,shopify,,,,2026-09-20 22:08
jadepuma.com,JadePuma,https://jadepuma.com/,San Diego,United States,us,shopify,shopify,,,,2026-09-20 22:08
dekstech.com,dekstech,https://www.dekstech.com/,Maumee,United States,us,shopify,shopify,,,,2026-09-20 22:08
thevisiontech.com,Thevisiontech,https://www.thevisiontech.com/,Boston,United States,us,shopify,shopify,,,,2026-09-20 22:08
centous.com,Centous Solutions,https://www.centous.com/,Newark,United States,us,shopify,shopify,,,,2026-09-20 22:08
lanternsol.com,Lantern Sol,https://lanternsol.com/,Cincinnati,United States,us,shopify,shopify,,,,2026-09-20 22:08
proactivocommerce.com,Proactivo Commerce,https://proactivocommerce.com/,Minneapolis,United States,us,shopify,shopify,,,,2026-09-20 22:08
importantlabs.com,"Important Labs, LLC",http://www.importantlabs.com/,Los Angeles,United States,us,shopify,shopify,,,,2026-09-20 22:08
cronkstudios.com,Ben Edmund - Cronk Studios - 5 person team based in the United States,https://cronkstudios.com/,New York,United States,us,shopify,shopify,,,,2026-09-20 22:08
rajimulislamjoy.com,Rajimul I.,https://rajimulislamjoy.com/,New York,United States,us,shopify,shopify,,,,2026-09-20 22:08
cedcommerce.com,CedCommerce,https://cedcommerce.com/services,Sheridan,United States,us,shopify,shopify,,,,2026-09-20 22:08
tracysailors.com,Tracy Sailors,http://www.tracysailors.com/,Gretna,United States,us,shopify,shopify,,,,2026-09-20 22:08
calendly.com,FORTYDOLLARDEAL®| Your Partner In Boosting your store’s conversion by 70% in 7 d,https://calendly.com/envylords/fortydollardeal,Harrison,United States,us,shopify,shopify,,,,2026-09-20 22:08
c2-digital.com,"C2 Digital | Setup, Build, Migration, Redesign, Branding, Maintenance, Customiza",https://c2-digital.com/,Miami,United States,us,shopify,shopify,,,,2026-09-20 22:08
2friendsdesigns.com,"2 Friends Designs, LLC",https://www.2friendsdesigns.com/,Eugene,United States,us,shopify,shopify,,,,2026-09-20 22:08
ecomgraduates.com,EcomGraduates LLC,https://ecomgraduates.com/,wilmette,United States,us,shopify,shopify,,,,2026-09-20 22:08
code2commerce.com,Code2Commerce,https://www.code2commerce.com/,Chicago,United States,us,shopify,shopify,,,,2026-09-20 22:08
theindiecollab.com,The Indie Collab,https://www.theindiecollab.com/,Phoenix,United States,us,shopify,shopify,,,,2026-09-20 22:08
sharonmoskal.com,Sharon Moskal,https://sharonmoskal.com/,Brooklyn,United States,us,shopify,shopify,,,,2026-09-20 22:08
govedia.com,"GoVedia – Store Design, Development & Migration | Automotive, Retail, B2B, Whole",https://govedia.com/,Cypress,United States,us,shopify,shopify,,,,2026-09-20 22:08
luisdevstudio.com,Luis Gonzalez,https://luisdevstudio.com/,Miami,United States,us,shopify,shopify,,,,2026-09-20 22:08
techmacdigital.com,TechMac Digital Solutions,https://techmacdigital.com/,San Jose,United States,us,shopify,shopify,,,,2026-09-20 22:08
thefoldtech.com,"The Fold Tech – Plus Store Design, Migration & CRO Experts",https://thefoldtech.com/,Kalispell,United States,us,shopify,shopify,,,,2026-09-20 22:09
arcticgrey.com,Arctic Grey,https://arcticgrey.com/,New York,United States,us,shopify,shopify,,,,2026-09-20 22:09
simplistic.com,simplistic,https://simplistic.com/,New York,United States,us,shopify,shopify,,,,2026-09-20 22:09
bigfolio.co,Bigfolio LLC,https://www.bigfolio.co/pd,Los Angeles,United States,us,shopify,shopify,,,,2026-09-20 22:09
friction.studio,Friction Studio,https://www.friction.studio/,Los Angeles,United States,us,shopify,shopify,,,,2026-09-20 22:09
pasilobus.com,Pasilobus,https://www.pasilobus.com/,Seattle,United States,us,shopify,shopify,,,,2026-09-20 22:09
pogodan.com,Pogodan,https://pogodan.com/?utm_source=partner_directory,Charlotte,United States,us,shopify,shopify,,,,2026-09-20 22:09
davymartel.com,Rising Commerce,https://davymartel.com/,Santa Clara,United States,us,shopify,shopify,,,,2026-09-20 22:09
rialtopartners.com,Rialto Partners,https://rialtopartners.com/,Albuquerque,United States,us,shopify,shopify,,,,2026-09-20 22:09
randrcreativeco.com,R and R Creative Co.,https://www.randrcreativeco.com/,Parker,United States,us,shopify,shopify,,,,2026-09-20 22:09
lucentinnovation.com,Lucent Innovation - Data Driven Growth Partner,https://www.lucentinnovation.com/pages/ecommerce-website-development-services,Oceanside,United States,us,shopify,shopify,,,,2026-09-20 22:09
ecomzier.com,ECOMZIER LLC - Store Migration & Redesign Experts,https://ecomzier.com/,Petersburg,United States,us,shopify,shopify,,,,2026-09-20 22:09
silvercarts.com,Silver Carts,https://silvercarts.com/,Dallas,United States,us,shopify,shopify,,,,2026-09-20 22:09
yellowwebmonkey.com,YellowWebMonkey,https://www.yellowwebmonkey.com/ecommerce/,Melbourne,United States,us,shopify,shopify,,,,2026-09-20 22:09
designingfresh.com,Designing Fresh,https://designingfresh.com/,Spokane,United States,us,shopify,shopify,,,,2026-09-20 22:09
xeecreatives.com,"XEE CREATIVE'S® - Your Trusted Partner for Higher Conversions | Store Redesigns,",https://xeecreatives.com/,Salt Lake City,United States,us,shopify,shopify,,,,2026-09-20 22:09
techstriker.com,Tech Striker,https://www.techstriker.com/,san francisco,United States,us,shopify,shopify,,,,2026-09-20 22:09
caribasocialstudio.com,Cariba Social Studio,https://www.caribasocialstudio.com/,Camuy,United States,us,shopify,shopify,,,,2026-09-20 22:09
uncap.com,Uncap,https://www.uncap.com/,Chicago,United States,us,shopify,shopify,,,,2026-09-20 22:09
businesist.com,Businessist - Theme Upgrade & Store Migration Expert | 1000+ Stores | 10+ Years,https://www.businesist.com/,Omaha,United States,us,shopify,shopify,,,,2026-09-20 22:09
speedplus.us,Speed Plus,https://www.speedplus.us/,Brooklyn,United States,us,shopify,shopify,,,,2026-09-20 22:09
pixelatedarts.com,Pixelated Arts,https://www.pixelatedarts.com/,Laguna Hills,United States,us,shopify,shopify,,,,2026-09-20 22:09
axiswebart.us,Axis Web Art,https://www.axiswebart.us/,New York,United States,us,shopify,shopify,,,,2026-09-20 22:09
redplugdesign.com,Red Plug Design Co.,https://www.redplugdesign.com/,Virginia Beach,United States,us,shopify,shopify,,,,2026-09-20 22:09
solomediagroup.com,SOLO MEDIA GROUP,https://www.solomediagroup.com/,New York,United States,us,shopify,shopify,,,,2026-09-20 22:09
58clicks.com,58 CLICKS,http://www.58clicks.com/,Coral Gables,United States,us,shopify,shopify,,,,2026-09-20 22:09
thegenielab.com,TheGenieLab LLC,https://www.thegenielab.com/,Coral Gables,United States,us,shopify,shopify,,,,2026-09-20 22:09
totalcommerce.partners,Total Commerce,https://totalcommerce.partners/,New York,United States,us,shopify,shopify,,,,2026-09-20 22:09
cirklestudio.co,Cirkle Studio LLC,https://www.cirklestudio.co/,New York,United States,us,shopify,shopify,,,,2026-09-20 22:09
sugoidigital.co,Sugoi Digital,https://www.sugoidigital.co/,Katy,United States,us,shopify,shopify,,,,2026-09-20 22:09
iceesocial.com,ICEE Social,https://iceesocial.com/,Smithtown,United States,us,shopify,shopify,,,,2026-09-20 22:09
modernevolutiondesign.com,The Modern Evolution,https://modernevolutiondesign.com/,WHEAT RIDGE,United States,us,shopify,shopify,,,,2026-09-20 22:09
aeolidia.com,Aeolidia,https://aeolidia.com/contact/,Seattle,United States,us,shopify,shopify,,,,2026-09-20 22:09
rubydigitalagency.com,Ruby Digital Agency,https://rubydigitalagency.com/,West Jordan,United States,us,shopify,shopify,,,,2026-09-20 22:09
whirlwind-ecommerce.com,"## Whirlwind eCommerce ""Easier to buy, easier to sell""",https://whirlwind-ecommerce.com/?utm_source=shpfy-partners,Bethesda,United States,us,shopify,shopify,,,,2026-09-20 22:09
markloops.com,Markloops,https://markloops.com/,Pinedale,United States,us,shopify,shopify,,,,2026-09-20 22:09
websensepro.com,WebSensePro,https://websensepro.com/,New York,United States,us,shopify,shopify,,,,2026-09-20 22:09
webcontrive.com,WebContrive,https://webcontrive.com/?utm_source=partner_directory&utm_medium=directory,,United States,us,shopify,shopify,,,,2026-09-20 22:09
yourstorewizards.com,Your Store Wizards,https://www.yourstorewizards.com/,Ladera Ranch,United States,us,shopify,shopify,,,,2026-09-20 22:09
kurlicodes.com,Kurli Codes Inc.,https://kurlicodes.com/,Los Angeles,United States,us,shopify,shopify,,,,2026-09-20 22:09
hotmesshustle.com,Hot Mess Consulting,http://www.hotmesshustle.com/,Santa Rosa,United States,us,shopify,shopify,,,,2026-09-20 22:09
nivara.co,"Nivara Commerce ™ - CRO, AOV & funnel optimization for eCom brands.",https://nivara.co/,Sheridan,United States,us,shopify,shopify,,,,2026-09-20 22:09
seedcms.com,SeedCMS,https://seedcms.com/,Irvine,United States,us,shopify,shopify,,,,2026-09-20 22:09
polarbearcommerce.com,Polar Bear Commerce,https://polarbearcommerce.com/,Lansing,United States,us,shopify,shopify,,,,2026-09-20 22:09
danielwebb.dev,"DW Solutions | Setup, Build, Migration, Redesign, Branding, Maintenance, Customi",https://danielwebb.dev/,Baltimore,United States,us,shopify,shopify,,,,2026-09-20 22:09
peterdong.com,Peter Dong,https://www.peterdong.com/,New York City,United States,us,shopify,shopify,,,,2026-09-20 22:09
monsoonautomation.com,Monsoon,https://www.monsoonautomation.com/,Portland,United States,us,shopify,shopify,,,,2026-09-20 22:09
metizsoft.com,Metizsoft,https://www.metizsoft.com/,Sheridan,United States,us,shopify,shopify,,,,2026-09-20 22:09
mean3.com,Mean3 LLC,https://mean3.com/,new york,United States,us,shopify,shopify,,,,2026-09-20 22:09
hardage-hardage.com,Hardage + Hardage,https://www.hardage-hardage.com/,Los Ranchos,United States,us,shopify,shopify,,,,2026-09-20 22:09
electriceye.io,Electric Eye,http://www.electriceye.io/,Columbus,United States,us,shopify,shopify,,,,2026-09-20 22:09
zettlerdigital.com,Zettler Digital,https://zettlerdigital.com/,Franklin Lakes,United States,us,shopify,shopify,,,,2026-09-20 22:10
ethercycle.com,Ethercycle,https://ethercycle.com/,Skokie,United States,us,shopify,shopify,,,,2026-09-20 22:10
shopafree.me,ShopaFree,https://shopafree.me/,Warren,United States,us,shopify,shopify,,,,2026-09-20 22:10
vasta.me,Vasta Inc,https://www.vasta.me/,Long Beach,United States,us,shopify,shopify,,,,2026-09-20 22:10
ecomqueens.com,Ecom Queens Inc.,https://ecomqueens.com/,Tucson,United States,us,shopify,shopify,,,,2026-09-20 22:10
neonblend.ai,Neon Blend,https://www.neonblend.ai/,Greenville,United States,us,shopify,shopify,,,,2026-09-20 22:10
midknightgenius.com,Midknight Genius,https://www.midknightgenius.com/,Huntington,United States,us,shopify,shopify,,,,2026-09-20 22:10
spur-i-t.com,SpurIT LLC,https://spur-i-t.com/,Middletown,United States,us,shopify,shopify,,,,2026-09-20 22:10
pacificiq.com,Pacific IQ,https://www.pacificiq.com/,Irvine,United States,us,shopify,shopify,,,,2026-09-20 22:10
custombrandservice.com,Custom Brand Service,https://custombrandservice.com/,Bantam,United States,us,shopify,shopify,,,,2026-09-20 22:10
envision.io,Envision,https://www.envision.io/,Greenville,United States,us,shopify,shopify,,,,2026-09-20 22:10
cremedlc.co,Crème de la crème,https://cremedlc.co/,Los Angeles,United States,us,shopify,shopify,,,,2026-09-20 22:10
minionmade.com,Minion,https://minionmade.com/,Saint James,United States,us,shopify,shopify,,,,2026-09-20 22:10
ecartatlanta.com,"eCart - The #1 Recommended Experts | Atlanta, GA (Los Angeles, California, New Y",https://ecartatlanta.com/,Atlanta,United States,us,shopify,shopify,,,,2026-09-20 22:10
mezodology.com,Mezodology,https://www.mezodology.com/,Laguna Niguel,United States,us,shopify,shopify,,,,2026-09-20 22:10
praella.com,Praella,https://www.praella.com/?utm_source=ShopifyPlusPartnerDirectory,Chicago,United States,us,shopify,shopify,,,,2026-09-20 22:10
coalitiontechnologies.com,Coalition SEO,https://coalitiontechnologies.com/,Los Angeles,United States,us,shopify,shopify,,,,2026-09-20 22:10
shoptrade.co,ShopTrade,https://shoptrade.co/?utm_source=partners_directory&utm_medium=directory_link&utm_campaign=shoptrade_partner_referral&utm_content=shoptrade_profile,Tampa,United States,us,shopify,shopify,,,,2026-09-20 22:10
gloross.com,Gloross,https://gloross.com/,Lewes,United States,us,shopify,shopify,,,,2026-09-20 22:10
20northmarketing.com,20North Marketing,https://www.20northmarketing.com/,Atlanta,United States,us,shopify,shopify,,,,2026-09-20 22:10
conspireagency.com,Conspire Agency,https://conspireagency.com/,Los Angeles,United States,us,shopify,shopify,,,,2026-09-20 22:10
blackbeltcommerce.com,BLACKBELT COMMERCE,https://www.blackbeltcommerce.com/,New York,United States,us,shopify,shopify,,,,2026-09-20 22:10
textconnects.com,Text Connects,https://textconnects.com/,Danielson,United States,us,shopify,shopify,,,,2026-09-20 22:10
nine15.com,NINE15,https://nine15.com/,San Diego,United States,us,shopify,shopify,,,,2026-09-20 22:10
dreamstolifellc.com,Dreams To Life,https://dreamstolifellc.com/,Seattle,United States,us,shopify,shopify,,,,2026-09-20 22:10
qnacreative.com,Q&A Creative,https://qnacreative.com/,Los Angeles,United States,us,shopify,shopify,,,,2026-09-20 22:10
carlowseo.com,CarlowSEO - Helping Small & Midsize businesses grow for 13+ Years!,https://carlowseo.com/,Pottstown,United States,us,shopify,shopify,,,,2026-09-20 22:10
ecorn.agency,ECORN,https://ecorn.agency/,New York,United States,us,shopify,shopify,,,,2026-09-20 22:10
glitzymothercoder.com,Glitzy,https://glitzymothercoder.com/,Coolidge,United States,us,shopify,shopify,,,,2026-09-20 22:10
royalretailer.com,Emrah Gunel - Theme customization | Store build or redesign | Store migration | ,https://www.royalretailer.com/,Schaumburg,United States,us,shopify,shopify,,,,2026-09-20 22:10
digitalflagship.com,"Digital Flagship | Trusted by Grammy winners, Olympic athletes & fast-growing ec",https://digitalflagship.com/,Dallas,United States,us,shopify,shopify,,,,2026-09-20 22:10
fuelmade.com,Fuel Made,https://fuelmade.com/,Colbert,United States,us,shopify,shopify,,,,2026-09-20 22:10
ultrafade.com,Ultrafade,https://www.ultrafade.com/,Charlotte,United States,us,shopify,shopify,,,,2026-09-20 22:10
ecommercepro.com,Ecommerce Pro,https://www.ecommercepro.com/,San Francisco,United States,us,shopify,shopify,,,,2026-09-20 22:10
webecommercepros.com,Web Ecommerce Pros,https://webecommercepros.com/,Cheyenne,United States,us,shopify,shopify,,,,2026-09-20 22:10
presidiodev.com,Presidio,https://presidiodev.com/,Mill Valley,United States,us,shopify,shopify,,,,2026-09-20 22:10
cartcoders.com,CartCoders,https://cartcoders.com/,SCOTTSDALE,United States,us,shopify,shopify,,,,2026-09-20 22:10
dcodehq.com,"dCodeHQ | Store build & Redesign, Store Migration, Redesign, CRO, Accessibility,",https://dcodehq.com/,Sheridan,United States,us,shopify,shopify,,,,2026-09-20 22:10
realmwebdesign.com,Realm,https://realmwebdesign.com/,Duluth,United States,us,shopify,shopify,,,,2026-09-20 22:10
prcapps.com,PRC Applications,https://www.prcapps.com/,Asheville,United States,us,shopify,shopify,,,,2026-09-20 22:10
mobikasa.com,Mobikasa,https://www.mobikasa.com/,Miami,United States,us,shopify,shopify,,,,2026-09-20 22:10
katewilson.us,KWMGMT.co,https://www.katewilson.us/,Los Angeles,United States,us,shopify,shopify,,,,2026-09-20 22:10
onecreativepixel.com,One Creative Pixel,https://www.onecreativepixel.com/,Los Angeles,United States,us,shopify,shopify,,,,2026-09-20 22:10
vaulted-oak.com,Vaulted Oak,https://vaulted-oak.com/,New York,United States,us,shopify,shopify,,,,2026-09-20 22:10
sunnyroad.co,Sunny Road,https://sunnyroad.co/,jacksonville,United States,us,shopify,shopify,,,,2026-09-20 22:10
seamonsterstudios.com,SeaMonster Studios,https://www.seamonsterstudios.com/,Brier,United States,us,shopify,shopify,,,,2026-09-20 22:10
synapseindia.com,SynapseIndia,https://www.synapseindia.com/,Portland,United States,us,shopify,shopify,,,,2026-09-20 22:10
nextplus.store,NEXT,https://www.nextplus.store/,Georgia,United States,us,shopify,shopify,,,,2026-09-20 22:10
fyresite.com,Fyresite,https://www.fyresite.com/?utm_source=ShopifyPlusPartnerDirectory,Tempe,United States,us,shopify,shopify,,,,2026-09-20 22:11
zestard.com,Zestard Technologies,https://www.zestard.com/,Santa Clara,United States,us,shopify,shopify,,,,2026-09-20 22:11
tinabar.com,Tina Bar: eCommerce Consulting & Strategy,https://www.tinabar.com/,Raleigh,United States,us,shopify,shopify,,,,2026-09-20 22:11
emersoft.co,Emersoft,https://emersoft.co/,Las Vegas,United States,us,shopify,shopify,,,,2026-09-20 22:11
ambaum.com,Ambaum,https://ambaum.com/,Burien,United States,us,shopify,shopify,,,,2026-09-20 22:11
foxecom.com,FOXECOM,https://foxecom.com/,San Jose,United States,us,shopify,shopify,,,,2026-09-20 22:11
99ecommerceexperts.com,99 Ecommerce Experts,https://99ecommerceexperts.com/,Los Angeles,United States,us,shopify,shopify,,,,2026-09-20 22:11
bloom.wine,Bloom,https://bloom.wine/,Seattle,United States,us,shopify,shopify,,,,2026-09-20 22:11
chicagoweb.co,The Chicago Web Co.,https://www.chicagoweb.co/,Chicago,United States,us,shopify,shopify,,,,2026-09-20 22:11
patanecreative.com,PATANE,https://patanecreative.com/,Brooklyn,United States,us,shopify,shopify,,,,2026-09-20 22:11
benrummel.com,"Ben Rummel, LLC",https://www.benrummel.com/,Woodbury,United States,us,shopify,shopify,,,,2026-09-20 22:11
9sleek.com,9sleek IT Solutions LLC,https://9sleek.com/,Kalispell,United States,us,shopify,shopify,,,,2026-09-20 22:11
flavorcloud.com,FlavorCloud INC,http://www.flavorcloud.com/,Seattle,United States,us,shopify,shopify,,,,2026-09-20 22:11
harttcommerce.com,Hartt Commerce,https://harttcommerce.com/,Los Angeles,United States,us,shopify,shopify,,,,2026-09-20 22:11
meghbalika.xyz,Meghbalika Tech,https://meghbalika.xyz/,The Woodlands,United States,us,shopify,shopify,,,,2026-09-20 22:11
riessgroup.com,Riess Group,https://riessgroup.com/,Chicago,United States,us,shopify,shopify,,,,2026-09-20 22:11
mote.agency,M O T E,https://mote.agency/,Los Angeles,United States,us,shopify,shopify,,,,2026-09-20 22:11
monumental.is,Monumental,https://monumental.is/?partners,Zionsville,United States,us,shopify,shopify,,,,2026-09-20 22:11
bluesoftdesign.com,Bluesoft Design,https://www.bluesoftdesign.com/,South Plainfield,United States,us,shopify,shopify,,,,2026-09-20 22:11
activeedgecommerce.com,Active Edge Commerce,https://activeedgecommerce.com/,Bakersfield,United States,us,shopify,shopify,,,,2026-09-20 22:11
quixsites.com,Quix Sites,https://www.quixsites.com/,Las Vegas,United States,us,shopify,shopify,,,,2026-09-20 22:11
tourmalineagency.com,The Tourmaline Agency,https://tourmalineagency.com/,El Cajon,United States,us,shopify,shopify,,,,2026-09-20 22:11
taskhusky.com,TaskHusky,https://www.taskhusky.com/,Kalamazoo,United States,us,shopify,shopify,,,,2026-09-20 22:11
netalico.com,Netalico,https://netalico.com/,Miami,United States,us,shopify,shopify,,,,2026-09-20 22:11
ecommerce.folio3.com,Folio3 eCommerce - B2B Enterprise Commerce & ERP Integration Experts,https://ecommerce.folio3.com/store-development-partner/,Belmont,United States,us,shopify,shopify,,,,2026-09-20 22:11
encyphers.com,ENCYPHERS LLC,https://encyphers.com/,New York,United States,us,shopify,shopify,,,,2026-09-20 22:11
ecommercestorez.us,CRO & Revenue Growth Experts | Ecommerce Storez,https://www.ecommercestorez.us/,Washington,United States,us,shopify,shopify,,,,2026-09-20 22:11
haleywangportfolio.com,Haley Wang,https://www.haleywangportfolio.com/,Rockingham,United States,us,shopify,shopify,,,,2026-09-20 22:11
udundi.com,Udundi,https://www.udundi.com/,Austin,United States,us,shopify,shopify,,,,2026-09-20 22:11
ard-creative.com,ARD Creative,http://ard-creative.com/,Santa Barbara,United States,us,shopify,shopify,,,,2026-09-20 22:11
evesitedesign.com,Eve Site,https://evesitedesign.com/,New York,United States,us,shopify,shopify,,,,2026-09-20 22:11
tm5150.com,TRADEMARK 5150 Inc.,https://tm5150.com/,San Diego,United States,us,shopify,shopify,,,,2026-09-20 22:11
reliced.com,RELICED Digital,https://www.reliced.com/,Atlanta,United States,us,shopify,shopify,,,,2026-09-20 22:11
kuvinnovation.com,Key Unique Virtual Innovation,https://www.kuvinnovation.com/,Sheridan,United States,us,shopify,shopify,,,,2026-09-20 22:11
notchsolutions.com,Notch Solutions,https://notchsolutions.com/,Coral Springs,United States,us,shopify,shopify,,,,2026-09-20 22:11
sleeplessmedia.com,Sleepless Media,https://www.sleeplessmedia.com/,Scotts Valley,United States,us,shopify,shopify,,,,2026-09-20 22:11
contact.trennder.com,Jorge G. | Miami Based - CRO Designer & Developer 🧩,https://contact.trennder.com/schedule-a-call,Miami,United States,us,shopify,shopify,,,,2026-09-20 22:11
firstwireapp.com,FirstWire Apps,https://firstwireapp.com/,San Jose,United States,us,shopify,shopify,,,,2026-09-20 22:11
thinsquare.com,Thinsquare Inc,https://www.thinsquare.com/,Newark,United States,us,shopify,shopify,,,,2026-09-20 22:11
optimizers.studio,Optimizers,https://optimizers.studio/,Austin,United States,us,shopify,shopify,,,,2026-09-20 22:11
txtcart.ai,TxtCart,https://txtcart.ai/,New York,United States,us,shopify,shopify,,,,2026-09-20 22:11
ecomx.co,eComX,https://ecomx.co/,Denver,United States,us,shopify,shopify,,,,2026-09-20 22:11
spliit.us,Spliit,https://www.spliit.us/,Little Elm,United States,us,shopify,shopify,,,,2026-09-20 22:11
webinnovate.dev,Webinnovate,https://webinnovate.dev/,Lexington,United States,us,shopify,shopify,,,,2026-09-20 22:11
ed-digital.com,ED Digital,https://ed-digital.com/,Miami,United States,us,shopify,shopify,,,,2026-09-20 22:11
rivascreative.co,Rivas Creative,https://www.rivascreative.co/,Rancho Santa Margarita,United States,us,shopify,shopify,,,,2026-09-20 22:11
jerinlab.com,"JerinLab - Apps, Stores, Themes & B2B | 10+ Years, 5,000+ Builds",https://jerinlab.com/,Sheridan,United States,us,shopify,shopify,,,,2026-09-20 22:11
storemindz.com,StoreMindz - Store Migration & Store Build | Store Redesign Expert,https://storemindz.com/,Miami,United States,us,shopify,shopify,,,,2026-09-20 22:11
plugdigital.io,Plug Digital Inc.,https://plugdigital.io/,Denver,United States,us,shopify,shopify,,,,2026-09-20 22:11
sunriseintegration.com,Sunrise Integration,https://www.sunriseintegration.com/,Pasadena,United States,us,shopify,shopify,,,,2026-09-20 22:11
digitalsuits.co,DigitalSuits,https://digitalsuits.co/?utm_source=shopfy.com&utm_medium=referral&utm_campaign=partners,Miami,United States,us,shopify,shopify,,,,2026-09-20 22:11
smartagesolutions.com,Smart Age Solutions,https://smartagesolutions.com/,Hoboken,United States,us,shopify,shopify,,,,2026-09-20 22:11
brodsolutions.com,Brod Solutions,https://brodsolutions.com/,Kalamazoo,United States,us,shopify,shopify,,,,2026-09-20 22:12
avexdesigns.com,Avex,https://www.avexdesigns.com/,New York,United States,us,shopify,shopify,,,,2026-09-20 22:12
blueswitch.com,BlueSwitch,https://www.blueswitch.com/?utm_source=partner&utm_medium=referral,New York,United States,us,shopify,shopify,,,,2026-09-20 22:12
gowebbaby.com,Gowebbaby LLC,https://www.gowebbaby.com/,Long Island City,United States,us,shopify,shopify,,,,2026-09-20 22:12
janzendesigns.com,Janzen Designs,https://janzendesigns.com/,Tulsa,United States,us,shopify,shopify,,,,2026-09-20 22:12
pthreemedia.com,P3 Media,https://pthreemedia.com/,Edgewater,United States,us,shopify,shopify,,,,2026-09-20 22:12
getmesa.com,ShopPad Inc.,https://www.getmesa.com/,San Francisco,United States,us,shopify,shopify,,,,2026-09-20 22:12
digitalretailpartners.com,Digital Retail Partners,https://digitalretailpartners.com/,Darien,United States,us,shopify,shopify,,,,2026-09-20 22:12
coldsmoke.co,Coldsmoke Creative,https://coldsmoke.co/,Snowmass Village,United States,us,shopify,shopify,,,,2026-09-20 22:12
digitalsauna.com,Digital Sauna | Interactive Web Design | LAX-NYC-PDX,https://digitalsauna.com/,Los Angeles,United States,us,shopify,shopify,,,,2026-09-20 22:12
latechfactory.com,LATECH | Florida | Miami | Brickell | Pompano Beach | Fort Lauderdale | West Pal,https://latechfactory.com/,Miami Beach,United States,us,shopify,shopify,,,,2026-09-20 22:12
knack-marketing.com,Knack Marketing,https://www.knack-marketing.com/,Palm Harbor,United States,us,shopify,shopify,,,,2026-09-20 22:12
logo.media,Logo Media,https://logo.media/,Miami,United States,us,shopify,shopify,,,,2026-09-20 22:12
favsolution.com,FAV Solution,https://favsolution.com/?utm_source=ShopifyPlusPartnerDirectory,Miami Beach,United States,us,shopify,shopify,,,,2026-09-20 22:12
buildgrowscale.com,Build Grow Scale,https://buildgrowscale.com/,Deerfield Beach,United States,us,shopify,shopify,,,,2026-09-20 22:12
americaneagle.com,Americaneagle.com,https://www.americaneagle.com/,Des Plaines,United States,us,shopify,shopify,,,,2026-09-20 22:12
mhmediaagency.com,Mh Media,https://mhmediaagency.com/,lakewood,United States,us,shopify,shopify,,,,2026-09-20 22:12
thecommerceshop.com,CommerceShop,http://thecommerceshop.com/,Atlanta,United States,us,shopify,shopify,,,,2026-09-20 22:12
bahiadesigns.com,Bahia Designs,http://bahiadesigns.com/,Los Angeles,United States,us,shopify,shopify,,,,2026-09-20 22:12
nextbracket.io,nextbracket,https://nextbracket.io/,Lakewood,United States,us,shopify,shopify,,,,2026-09-20 22:12
studio239design.com,"Studio 239 Design | US-Based, No Outsourcing. Setup, Build, Redesign, Customizat",https://studio239design.com/,Mount Dora,United States,us,shopify,shopify,,,,2026-09-20 22:12
slicedbread.agency,Slicedbread Agency,https://www.slicedbread.agency/,Los Angeles,United States,us,shopify,shopify,,,,2026-09-20 22:12
ultramarketinggroup.com,Ultra Marketing Group,https://www.ultramarketinggroup.com/,Southbury,United States,us,shopify,shopify,,,,2026-09-20 22:12
freemannyc.com,Freeman NYC,https://freemannyc.com/,Rutherford,United States,us,shopify,shopify,,,,2026-09-20 22:12
furnituremarketingpros.com,Furniture Marketing Pros,https://furnituremarketingpros.com/,woodland park,United States,us,shopify,shopify,,,,2026-09-20 22:12
imagineretailer.com,Imagine Retailer,https://www.imagineretailer.com/,Berkeley Lake,United States,us,shopify,shopify,,,,2026-09-20 22:12
3iwebexperts.com,3i webexperts pvt ltd,https://www.3iwebexperts.com/,Decatur,United States,us,shopify,shopify,,,,2026-09-20 22:12
nacollectives.com,N&A Collective,http://www.nacollectives.com/,Newark,United States,us,shopify,shopify,,,,2026-09-20 22:12
growyourboutique.com,Knitted Belle Boutique LLC,https://growyourboutique.com/,Overland Park,United States,us,shopify,shopify,,,,2026-09-20 22:12
ezomfy.com,"Ezomfy — eCommerce Development, Custom Themes, Apps, Mobile Apps & Speed Optimiz",https://ezomfy.com/,Albuquerque,United States,us,shopify,shopify,,,,2026-09-20 22:12
mediaspace.co,Mediaspace,https://mediaspace.co/,San Antonio,United States,us,shopify,shopify,,,,2026-09-20 22:12
algoritmollc.com,ALGORITMO LLC,https://algoritmollc.com/,San Juan,United States,us,shopify,shopify,,,,2026-09-20 22:12
dcrayons.app,Dcrayons Inc,https://dcrayons.app/,Sheridan,United States,us,shopify,shopify,,,,2026-09-20 22:12
lusciousleopard.com,LUSCIOUS LEOPARD Pvt. Ltd.,https://www.lusciousleopard.com/,Houston,United States,us,shopify,shopify,,,,2026-09-20 22:12
web2market.com,"Web2Market, Inc.",https://web2market.com/,Austin,United States,us,shopify,shopify,,,,2026-09-20 22:12
sellerdriveglobal.com,Seller Drive Global,https://www.sellerdriveglobal.com/,Fletcher,United States,us,shopify,shopify,,,,2026-09-20 22:12
brytdesigns.com,Bryt Designs,https://brytdesigns.com/,Temecula,United States,us,shopify,shopify,,,,2026-09-20 22:12
turnaroundcommerce.com,Turnaround,https://turnaroundcommerce.com/,Sheridan,United States,us,shopify,shopify,,,,2026-09-20 22:12
jastechnology.com,JAS Technology,https://www.jastechnology.com/,Somerville,United States,us,shopify,shopify,,,,2026-09-20 22:12
gammawaves.io,Gamma Waves,http://www.gammawaves.io/,Temecula,United States,us,shopify,shopify,,,,2026-09-20 22:12
webstylemarketing.com,Web Style Marketing,http://www.webstylemarketing.com/,Newport Beach,United States,us,shopify,shopify,,,,2026-09-20 22:12
jonahlmadeya.com,The Cool Agency LLC,https://www.jonahlmadeya.com/,Los Angeles,United States,us,shopify,shopify,,,,2026-09-20 22:12
brainvire.com,Brainvire,https://www.brainvire.com/,Irving,United States,us,shopify,shopify,,,,2026-09-20 22:12
nxtagency.net,NXTAgency,https://nxtagency.net/,Inglewood,United States,us,shopify,shopify,,,,2026-09-20 22:12
webexp.dev,"Webexp, LLC",http://www.webexp.dev/,Dickinson,United States,us,shopify,shopify,,,,2026-09-20 22:12
meetdomaine.com,Domaine Studio,https://meetdomaine.com/studio/,New York,United States,us,shopify,shopify,,,,2026-09-20 22:12
four13.co,Four13 Digital,https://four13.co/,Shoreview,United States,us,shopify,shopify,,,,2026-09-20 22:12
jillgaynor.com,Jill and Co,https://www.jillgaynor.com/,Boca Raton,United States,us,shopify,shopify,,,,2026-09-20 22:12
rofuss.com,Rofuss,https://www.rofuss.com/,Sheridan,United States,us,shopify,shopify,,,,2026-09-20 22:12
thehdg.biz,The Hauser Design Group,https://thehdg.biz/,Ottawa,United States,us,shopify,shopify,,,,2026-09-20 22:12
vccreativestudio.com,VC Creative Studio,https://vccreativestudio.com/,Tucker,United States,us,shopify,shopify,,,,2026-09-20 22:12
raymondmatthew.com,Raymond Matthew,https://www.raymondmatthew.com/,Los Angeles,United States,us,shopify,shopify,,,,2026-09-20 22:13
weberous.com,Weberous Web Design,https://www.weberous.com/,Los Angeles,United States,us,shopify,shopify,,,,2026-09-20 22:13
d2cdevelopers.com,D2C Developers,https://d2cdevelopers.com/,Evergreen,United States,us,shopify,shopify,,,,2026-09-20 22:13
irishtitan.com,Irish Titan,https://irishtitan.com/,St. Louis Park,United States,us,shopify,shopify,,,,2026-09-20 22:13
pjgomez.com,El Guru de Marketing,https://pjgomez.com/,Guaynabo,United States,us,shopify,shopify,,,,2026-09-20 22:13
traversedesign.co,Traverse: A Theme Development Studio,https://traversedesign.co/,Fort Collins,United States,us,shopify,shopify,,,,2026-09-20 22:13
workingweekends.co,Working Weekends,https://workingweekends.co/,United States,United States,us,shopify,shopify,,,,2026-09-20 22:13
codal.com,Codal,https://www.codal.com/,Chicago,United States,us,shopify,shopify,,,,2026-09-20 22:13
ecomflight.com,ECOMflight,https://ecomflight.com/,Long Beach,United States,us,shopify,shopify,,,,2026-09-20 22:13
fishbucket.com,"Fishbucket, Inc.",https://www.fishbucket.com/,Brooklyn,United States,us,shopify,shopify,,,,2026-09-20 22:13
scriptandtheory.com,Script & Theory,https://scriptandtheory.com/,Houston,United States,us,shopify,shopify,,,,2026-09-20 22:13
softlimit.com,Softlimit,https://softlimit.com/,New York,United States,us,shopify,shopify,,,,2026-09-20 22:13
829studios.com,829 Studios,https://www.829studios.com/,Boston,United States,us,shopify,shopify,,,,2026-09-20 22:13
coozmoo.com,Coozmoo Digital Solutions,https://coozmoo.com/,Pearland,United States,us,shopify,shopify,,,,2026-09-20 22:13
tomphillips.dev,Tom Phillips,https://www.tomphillips.dev/,Riverside,United States,us,shopify,shopify,,,,2026-09-20 22:13
cynvio.com,Cynvio,https://cynvio.com/,New York,United States,us,shopify,shopify,,,,2026-09-20 22:13
actsecond.com,Act Second,https://actsecond.com/,New York,United States,us,shopify,shopify,,,,2026-09-20 22:13
craftandcode.io,"Craft & Code, LLC",https://craftandcode.io/,Dawsonville,United States,us,shopify,shopify,,,,2026-09-20 22:13
wmdagency.com,WMD Agency,https://wmdagency.com/,Miami Beach,United States,us,shopify,shopify,,,,2026-09-20 22:13
xapprika.com,"Xapprika, Inc",https://xapprika.com/,New York,United States,us,shopify,shopify,,,,2026-09-20 22:13
wlcr.io,WLCR,https://wlcr.io/,PORTLAND,United States,us,shopify,shopify,,,,2026-09-20 22:13
pluginuseful.com,Plug in Useful,http://www.pluginuseful.com/,Sharon,United States,us,shopify,shopify,,,,2026-09-20 22:13
handhugs.com,Hand Hugs Design,https://handhugs.com/,Boulder,United States,us,shopify,shopify,,,,2026-09-20 22:13
gemfind.com,GemFind Digital Solutions,https://gemfind.com/,Newport Beach,United States,us,shopify,shopify,,,,2026-09-20 22:13
addisonapplications.com,Addison Applications,https://addisonapplications.com/,Los Angeles,United States,us,shopify,shopify,,,,2026-09-20 22:13
codeyard.app,Codeyard,https://www.codeyard.app/,Sheridan,United States,us,shopify,shopify,,,,2026-09-20 22:13
swoonworthydesigns.com,Swoonworthy Designs,https://swoonworthydesigns.com/,Greensboro,United States,us,shopify,shopify,,,,2026-09-20 22:13
noah.la,Noah La,https://www.noah.la/,Austin,United States,us,shopify,shopify,,,,2026-09-20 22:13
maisonmrkt.com,Maison MRKT,https://www.maisonmrkt.com/,new york,United States,us,shopify,shopify,,,,2026-09-20 22:13
micromerch.com,Micromerch,https://www.micromerch.com/,Cincinnati,United States,us,shopify,shopify,,,,2026-09-20 22:13
xgentech.net,XgenTech,https://xgentech.net/,Huntington Station,United States,us,shopify,shopify,,,,2026-09-20 22:13
cqlcorp.com,CQL,https://www.cqlcorp.com/,Chicago,United States,us,shopify,shopify,,,,2026-09-20 22:13
sodaspoon.com,Soda Spoon Marketing Agency,https://www.sodaspoon.com/products/book-now,Draper,United States,us,shopify,shopify,,,,2026-09-20 22:13
digitlhaus.com,DigitlHaus Agency,https://digitlhaus.com/,Santa Rosa Beach,United States,us,shopify,shopify,,,,2026-09-20 22:13
venturawebdesign.com,Ventura Web Design,https://www.venturawebdesign.com/,Tampa,United States,us,shopify,shopify,,,,2026-09-20 22:13
electricorangecreative.com,Electric Orange Creative,https://electricorangecreative.com/?utm_source=SPlusPartnerDirectory,Brooklyn,United States,us,shopify,shopify,,,,2026-09-20 22:13
nebuladept.com,Nebula Dept.,https://www.nebuladept.com/,Yucca Valley,United States,us,shopify,shopify,,,,2026-09-20 22:13
varfaj.com,Varfaj,https://varfaj.com/?utm_source=ShopifyPlusPartnerDirectory,Miami,United States,us,shopify,shopify,,,,2026-09-20 22:13
aheadtech360.com,AheadTech360,https://aheadtech360.com/,Sheridon,United States,us,shopify,shopify,,,,2026-09-20 22:13
revodesigns.com,REVO Designs,http://revodesigns.com/,Columbus,United States,us,shopify,shopify,,,,2026-09-20 22:13
veronicajeans.com,Veronica Jeans (Topflyte Global Team),https://veronicajeans.com/,Seabrook,United States,us,shopify,shopify,,,,2026-09-20 22:13
launchlabstudiopr.com,Launch Lab Studio,https://launchlabstudiopr.com/,Hatillo,United States,us,shopify,shopify,,,,2026-09-20 22:13
pelicancommerce.com,Pelican Commerce,https://www.pelicancommerce.com/,Windermere,United States,us,shopify,shopify,,,,2026-09-20 22:13
outcareyourcompetition.com,MM eCommerce,https://outcareyourcompetition.com/ecommerce,Denver,United States,us,shopify,shopify,,,,2026-09-20 22:13
blkdg.com,BLKDG,https://www.blkdg.com/,Denver,United States,us,shopify,shopify,,,,2026-09-20 22:13
strongerecommerce.com,Stronger eCommerce,https://strongerecommerce.com/,Lakewood,United States,us,shopify,shopify,,,,2026-09-20 22:13
kamarilabs.com,Kamari Labs Los Angeles,https://kamarilabs.com/,Los Angeles,United States,us,shopify,shopify,,,,2026-09-20 22:13
bubbleup.net,BubbleUp,https://www.bubbleup.net/,The Woodlands,United States,us,shopify,shopify,,,,2026-09-20 22:13
shopfab.dev,ShopFab - Pros for MFG & B2B,https://shopfab.dev/,Alexandria,United States,us,shopify,shopify,,,,2026-09-20 22:13
heyjessromero.com,Jess Romero,https://heyjessromero.com/,cooper city,United States,us,shopify,shopify,,,,2026-09-20 22:14
haydastudios.com,Hayda Studios,https://haydastudios.com/,Los Angeles,United States,us,shopify,shopify,,,,2026-09-20 22:14
shopping-cart-migration.com,Cart2Cart,https://www.shopping-cart-migration.com/,San Diego,United States,us,shopify,shopify,,,,2026-09-20 22:14
blinixsolutions.com,Blinix Solutions,https://blinixsolutions.com/,Austin,United States,us,shopify,shopify,,,,2026-09-20 22:14
shop.paywhirl.com,PayWhirl Inc.,https://shop.paywhirl.com/,Ventura,United States,us,shopify,shopify,,,,2026-09-20 22:14
ecomency.com,Ecomency,https://ecomency.com/,Sheridan,United States,us,shopify,shopify,,,,2026-09-20 22:14
allpointretail.com,All Point Retail,https://www.allpointretail.com/,Sarasota,United States,us,shopify,shopify,,,,2026-09-20 22:14
99medialab.com,99MediaLab,https://99medialab.com/,Falls Church,United States,us,shopify,shopify,,,,2026-09-20 22:14
brandography.com,Brandography,https://www.brandography.com/,Minneapolis,United States,us,shopify,shopify,,,,2026-09-20 22:14
objects.ws,Objects,https://objects.ws/,Claymont,United States,us,shopify,shopify,,,,2026-09-20 22:14
siardigital.com,SIAR Digital,https://siardigital.com/,New York,United States,us,shopify,shopify,,,,2026-09-20 22:14
superfans.io,Superfans.io,https://www.superfans.io/,Irving,United States,us,shopify,shopify,,,,2026-09-20 22:14
vaangroup.com,The Vaan Group,http://www.vaangroup.com/services?utm_source=ShopifyPlusPartnerDirectory,Albany,United States,us,shopify,shopify,,,,2026-09-20 22:14
wemotif.com,MOTIF® – Not a Platinum Partner. Badges Don’t Build Brands. “Motif” Do! (Profit-,https://wemotif.com/,New York,United States,us,shopify,shopify,,,,2026-09-20 22:14
roswell.nyc,Roswell NYC,https://roswell.nyc/,New York,United States,us,shopify,shopify,,,,2026-09-20 22:14
dyode.com,DYODE Inc.,https://www.dyode.com/,Fullerton,United States,us,shopify,shopify,,,,2026-09-20 22:14
ecomfixr.com,eComFixR,https://ecomfixr.com/,Sheridan,United States,us,shopify,shopify,,,,2026-09-20 22:14
marqade.com,Marqade,https://marqade.com/,Dover,United States,us,shopify,shopify,,,,2026-09-20 22:14
qodequay.com,Qodequay,https://www.qodequay.com/,Lewes,United States,us,shopify,shopify,,,,2026-09-20 22:14
badentrepreneur.com,Carol Nogueira Consulting,http://www.badentrepreneur.com/,Los Angeles,United States,us,shopify,shopify,,,,2026-09-20 22:14
axiabits.com,Axiabits,https://axiabits.com/,Margarate,United States,us,shopify,shopify,,,,2026-09-20 22:14
cc101studios.com,CC101 Studios,http://www.cc101studios.com/,Los Angeles,United States,us,shopify,shopify,,,,2026-09-20 22:14
stevesailab.com,StevesAILab,https://stevesailab.com/,Edison,United States,us,shopify,shopify,,,,2026-09-20 22:14
moosemay.com,Moose May,https://moosemay.com/,ROCHESTER HILLS,United States,us,shopify,shopify,,,,2026-09-20 22:14
aitrillion.com,AiTrillion,https://www.aitrillion.com/,CLAYMONT,United States,us,shopify,shopify,,,,2026-09-20 22:14
bit.ly,Rezolutions Design,https://bit.ly/RezDesign,Aventura,United States,us,shopify,shopify,,,,2026-09-20 22:14
smartnetworkpr.com,Smart Network PR,https://www.smartnetworkpr.com/,San Juan,United States,us,shopify,shopify,,,,2026-09-20 22:14
chosen6.com,Chosen6 Digital Agency,https://www.chosen6.com/,Miami,United States,us,shopify,shopify,,,,2026-09-20 22:14
materialretail.com,Material Retail,https://www.materialretail.com/,brooklyn,United States,us,shopify,shopify,,,,2026-09-20 22:14
impression-studios.com,Impression Studios,https://www.impression-studios.com/,Los Angeles,United States,us,shopify,shopify,,,,2026-09-20 22:14
domaineworldwide.com,Domaine,https://domaineworldwide.com/,New York,United States,us,shopify,shopify,,,,2026-09-20 22:14
binaery.com,Binaery ™,https://www.binaery.com/,Austin,United States,us,shopify,shopify,,,,2026-09-20 22:14
dovrmedia.com,DoVR Media,https://www.dovrmedia.com/,East Brunswick,United States,us,shopify,shopify,,,,2026-09-20 22:14
yourfactotum.com,Your Factotum,http://yourfactotum.com/,Saint Louis,United States,us,shopify,shopify,,,,2026-09-20 22:14
supliful.com,Brand On Demand Inc.,http://www.supliful.com/,Arvada,United States,us,shopify,shopify,,,,2026-09-20 22:14
brandingfolk.com,Jacob Parnell | The Branding Folk,https://brandingfolk.com/,Athens,United States,us,shopify,shopify,,,,2026-09-20 22:14
bulltheme.com,BullTheme - ⭐ Store build or redesign /⭐ Store migration /⭐ Theme customization ,https://bulltheme.com/,New York,United States,us,shopify,shopify,,,,2026-09-20 22:14
makkpress.com,MakkPress - Scaling D2C Brands - CRO & Marketing,https://makkpress.com/,Sheridan,United States,us,shopify,shopify,,,,2026-09-20 22:14
bluestout.com,Blue Stout,https://bluestout.com/,Portland,United States,us,shopify,shopify,,,,2026-09-20 22:14
naturality.io,Naturality Digital - Creative. Passionate. Data-driven.,https://naturality.io/,Sheridan,United States,us,shopify,shopify,,,,2026-09-20 22:14
penguinecommerce.com,Penguin E-Commerce,https://www.penguinecommerce.com/,Wheaton,United States,us,shopify,shopify,,,,2026-09-20 22:14
gapsoedigital.com,Gapsoe Digital Inc.,https://gapsoedigital.com/,New York,United States,us,shopify,shopify,,,,2026-09-20 22:14
powr.io,POWR.io,https://www.powr.io/,San Rafael,United States,us,shopify,shopify,,,,2026-09-20 22:14
simplylynnscreative.com,Cassidy | Simply Lynn's Creative,https://www.simplylynnscreative.com/,McPherson,United States,us,shopify,shopify,,,,2026-09-20 22:14
trailblazemedia.com,Trailblaze Media,https://www.trailblazemedia.com/,Kansas City,United States,us,shopify,shopify,,,,2026-09-20 22:14
wallaroomedia.com,Wallaroo Media,https://wallaroomedia.com/,Provo,United States,us,shopify,shopify,,,,2026-09-20 22:14
anatta.io,Anatta,https://anatta.io/?utm_source=partner-directory,Austin,United States,us,shopify,shopify,,,,2026-09-20 22:15
commercepundit.com,CommercePundit Technologies LLC,https://www.commercepundit.com/,Duluth,United States,us,shopify,shopify,,,,2026-09-20 22:15
onedovelabs.com,onedovelabs,https://www.onedovelabs.com/,Orlando,United States,us,shopify,shopify,,,,2026-09-20 22:15
gomage.com,GoMage,https://www.gomage.com/,Dover,United States,us,shopify,shopify,,,,2026-09-20 22:15
fiperformance.com,FI Performance Web Services,https://fiperformance.com/collections/fip-web-development-services,Fairfieild,United States,us,shopify,shopify,,,,2026-09-20 22:15
staylime.com,Staylime,https://staylime.com/,Claymont,United States,us,shopify,shopify,,,,2026-09-20 22:15
vdbapp.com,VDB - Virtual Diamond Boutique | Jewelry Commerce Technology,https://www.vdbapp.com/,New York,United States,us,shopify,shopify,,,,2026-09-20 22:15
emberwebs.com,Ember Webs,https://emberwebs.com/,Rogers,United States,us,shopify,shopify,,,,2026-09-20 22:15
hiddengears.com,Hidden Gears,https://www.hiddengears.com/,Albany,United States,us,shopify,shopify,,,,2026-09-20 22:15
intelligems.io,Intelligems,https://www.intelligems.io/,New York,United States,us,shopify,shopify,,,,2026-09-20 22:15
goldendigital.co,Golden Digital,https://www.goldendigital.co/,Norristown,United States,us,shopify,shopify,,,,2026-09-20 22:15
cobaltcoffindesign.com,Cobalt Coffin Design,http://www.cobaltcoffindesign.com/,Carthage,United States,us,shopify,shopify,,,,2026-09-20 22:15
briskcodes.com,Brisk Codes,https://briskcodes.com/,New York,United States,us,shopify,shopify,,,,2026-09-20 22:15
view-source.com,View Source,https://view-source.com/,Brooklyn,United States,us,shopify,shopify,,,,2026-09-20 22:15
hazil.studio,Hazil Studios | New York,https://hazil.studio/,New York City,United States,us,shopify,shopify,,,,2026-09-20 22:15
solvercollective.com,Solver Collective,https://solvercollective.com/,PORTLAND,United States,us,shopify,shopify,,,,2026-09-20 22:15
tomorrowsdesigns.com,Tomorrows Designs,https://tomorrowsdesigns.com/,N Richland Hills,United States,us,shopify,shopify,,,,2026-09-20 22:15
bluedgeusa.com,Bluedge USA,https://bluedgeusa.com/,Los Angeles,United States,us,shopify,shopify,,,,2026-09-20 22:15
lionfashionagency.it,Lion Fashion Agency,https://lionfashionagency.it/,Sheridan,United States,us,shopify,shopify,,,,2026-09-20 22:15
mtnhaus.co,MTN Haus Digital,https://mtnhaus.co/?utm_source=ShopifyPlusPartnerDirectory,Denver,United States,us,shopify,shopify,,,,2026-09-20 22:15
barrelny.com,Barrel,https://www.barrelny.com/,New York,United States,us,shopify,shopify,,,,2026-09-20 22:15
shopdogsupport.com,ShopDog,https://www.shopdogsupport.com/,Broomfield,United States,us,shopify,shopify,,,,2026-09-20 22:15
superpath.com,Superpath,https://superpath.com/,Birmingham,United States,us,shopify,shopify,,,,2026-09-20 22:15
sdg.la,SDG,https://www.sdg.la/,Los Angeles,United States,us,shopify,shopify,,,,2026-09-20 22:15
activ8commerce.com,"Activ8 Commerce by Active Club Solutions, Inc.",https://activ8commerce.com/,Pleasanton,United States,us,shopify,shopify,,,,2026-09-20 22:15
seeed.us,Seeed LLC,https://seeed.us/,Miami,United States,us,shopify,shopify,,,,2026-09-20 22:15
helix-solutions.ai,Helix Solutions,https://helix-solutions.ai/,Jackson,United States,us,shopify,shopify,,,,2026-09-20 22:15
digitalcubed.com,Digital Cubed,https://www.digitalcubed.com/,Peekskill,United States,us,shopify,shopify,,,,2026-09-20 22:15
fortifiedagency.com,Fortify Your Business,http://www.fortifiedagency.com/,Atlanta,United States,us,shopify,shopify,,,,2026-09-20 22:15
gildgroup.com,Gild Group,https://gildgroup.com/,Charleston,United States,us,shopify,shopify,,,,2026-09-20 22:15
myprojectsolution.net,My Project Solution,http://www.myprojectsolution.net/,Simpsonville,United States,us,shopify,shopify,,,,2026-09-20 22:15
webuildbrand.com,Webuildbrand™,https://webuildbrand.com/,Houston,United States,us,shopify,shopify,,,,2026-09-20 22:15
acadia.io,Acadia.io LLC,https://acadia.io/,Atlanta,United States,us,shopify,shopify,,,,2026-09-20 22:15
moonrise.agency,Moonrise Agency,https://moonrise.agency/,Myakka City,United States,us,shopify,shopify,,,,2026-09-20 22:15
thepagesmedia.com,The Pages Media,https://www.thepagesmedia.com/,Ashland,United States,us,shopify,shopify,,,,2026-09-20 22:15
buck98.com,Buck98™,https://buck98.com/,Kalispell,United States,us,shopify,shopify,,,,2026-09-20 22:15
enkomion.com,Enkomion,https://enkomion.com/,Sheridan,United States,us,shopify,shopify,,,,2026-09-20 22:15
curiousthemes.com,Curious Themes,https://curiousthemes.com/,Lawrenceburg,United States,us,shopify,shopify,,,,2026-09-20 22:15
wowsolutionsagency.com,Wow Solutions,https://www.wowsolutionsagency.com/,New York,United States,us,shopify,shopify,,,,2026-09-20 22:15
imagyn.co,Imagyn Studios,https://imagyn.co/,San Diego,United States,us,shopify,shopify,,,,2026-09-20 22:15
ebizondigital.com,EbizON Digital,https://www.ebizondigital.com/ecommerce/,Middletown,United States,us,shopify,shopify,,,,2026-09-20 22:15
alwaysopencommerce.com,Always Open Commerce,https://alwaysopencommerce.com/,Orlando,United States,us,shopify,shopify,,,,2026-09-20 22:15
sltwtr.com,SLTWTR,https://sltwtr.com/,Santa Barbara,United States,us,shopify,shopify,,,,2026-09-20 22:15
ecommerceify.com,SearchBoxed,https://ecommerceify.com/,Newark,United States,us,shopify,shopify,,,,2026-09-20 22:15
blueboltsolutions.com,"BlueBolt, Inc.",https://www.blueboltsolutions.com/partners,Chicago,United States,us,shopify,shopify,,,,2026-09-20 22:15
lexim.net,Lexim,https://lexim.net/,Stanton,United States,us,shopify,shopify,,,,2026-09-20 22:16
ehousestudio.com,ehouse,https://www.ehousestudio.com/services,Charleston,United States,us,shopify,shopify,,,,2026-09-20 22:16
shipperhq.com,ShipperHQ,https://shipperhq.com/s-plus?utm_campaign=core-tracking-external-partner-pages&utm_source=spd&utm_medium=referral,Bee Cave,United States,us,shopify,shopify,,,,2026-09-20 22:16
monkedia.com,Monkedia,https://www.monkedia.com/,Keller,United States,us,shopify,shopify,,,,2026-09-20 22:16
logicalgecko.com,Logical Gecko | Google Ads & Conversion Tracking Experts,https://logicalgecko.com/,Salt Lake City,United States,us,shopify,shopify,,,,2026-09-20 22:16
multiinsight.com,Multiinsight,https://www.multiinsight.com/,Plano,United States,us,shopify,shopify,,,,2026-09-20 22:16
sodawebmedia.com,Soda Web Media | Atlanta E-Commerce Agency,https://www.sodawebmedia.com/?utm_source=expertdirectory,Atlanta,United States,us,shopify,shopify,,,,2026-09-20 22:16
clarity.fm,AJ Hauser,https://clarity.fm/ajhauser,Ottawa,United States,us,shopify,shopify,,,,2026-09-20 22:16
tybo.agency,TYBO Agency LLC,https://tybo.agency/,Windermere,United States,us,shopify,shopify,,,,2026-09-20 22:16
skigen.digital,Skigen Digital Services LLC,https://skigen.digital/,Lakewood,United States,us,shopify,shopify,,,,2026-09-20 22:16
shopxcommerce.com,ShopX Commerce,https://shopxcommerce.com/,Newark,United States,us,shopify,shopify,,,,2026-09-20 22:16
blackthornpublishing.com,Blackthorn Publishing,https://blackthornpublishing.com/,reseda,United States,us,shopify,shopify,,,,2026-09-20 22:16
thirdandgrove.com,Third and Grove,https://www.thirdandgrove.com/?utm_source=Sh0pifyPlusPartnerDirectory,Boston,United States,us,shopify,shopify,,,,2026-09-20 22:16
instrumental.net,Instrumental,https://www.instrumental.net/,Golden,United States,us,shopify,shopify,,,,2026-09-20 22:16
ascendmarketingatl.com,Ascend Marketing ATL,https://ascendmarketingatl.com/,Atlanta,United States,us,shopify,shopify,,,,2026-09-20 22:16
forgedigitalmarketing.com,"Forge Digital Marketing, LLC",https://forgedigitalmarketing.com/,Bolingbrook,United States,us,shopify,shopify,,,,2026-09-20 22:16
freshwater.dev,Freshwater,https://freshwater.dev/,Austin,United States,us,shopify,shopify,,,,2026-09-20 22:16
pxlsupply.co,PXL Supply Co.,https://pxlsupply.co/,Nashville,United States,us,shopify,shopify,,,,2026-09-20 22:16
codup.co,Codup,https://codup.co/,Houston,United States,us,shopify,shopify,,,,2026-09-20 22:16
monlatic.com,MONLATIC LLC,https://monlatic.com/,East Hartford,United States,us,shopify,shopify,,,,2026-09-20 22:16
manufactur.co,Manufactur,https://manufactur.co/,Los Angeles,United States,us,shopify,shopify,,,,2026-09-20 22:16
grapevinelocalmarketing.com,Grapevine Local Food Marketing,https://www.grapevinelocalmarketing.com/,Grand Junction,United States,us,shopify,shopify,,,,2026-09-20 22:16
human-element.com,Human Element,https://www.human-element.com/,Ann Arbor,United States,us,shopify,shopify,,,,2026-09-20 22:16
crookedyouth.co,Crooked Youth,https://crookedyouth.co/,Westminster,United States,us,shopify,shopify,,,,2026-09-20 22:16
asimahmad.us,Asim Ahmad,https://asimahmad.us/,PHOENIX,United States,us,shopify,shopify,,,,2026-09-20 22:16
plandico.com,Plandico,http://plandico.com/,Kingston,United States,us,shopify,shopify,,,,2026-09-20 22:16
artefactor.co,ArteFactor | B2B Wholesale | Migration | Agentic Commerce for Legacy Platforms |,https://www.artefactor.co/,Ashland,United States,us,shopify,shopify,,,,2026-09-20 22:16
icepop.co,icepop,https://icepop.co/,Beverly Hills,United States,us,shopify,shopify,,,,2026-09-20 22:16
shapetechsolutions.com,Shapetech,https://shapetechsolutions.com/,Sarasota,United States,us,shopify,shopify,,,,2026-09-20 22:16
nuthaus.agency,Nuthaüs Agency,https://nuthaus.agency/,PEMBROKE PINES,United States,us,shopify,shopify,,,,2026-09-20 22:16
maltertech.com,MalterTech LLC,https://maltertech.com/,Armonk,United States,us,shopify,shopify,,,,2026-09-20 22:16
co-curator.com,Co-Curator,https://www.co-curator.com/,San Francisco,United States,us,shopify,shopify,,,,2026-09-20 22:16
minddigitalbusiness.com,Mind Corp,https://minddigitalbusiness.com/,Royal Palm Beach,United States,us,shopify,shopify,,,,2026-09-20 22:16
kwik.com,Kwik,https://kwik.com/,Bountiful,United States,us,shopify,shopify,,,,2026-09-20 22:16
253media.com,253 Media,https://www.253media.com/,Salt Lake City,United States,us,shopify,shopify,,,,2026-09-20 22:16
truenorthsocial.com,True North Social,https://truenorthsocial.com/e-commerce-website-design-company/,Culver City,United States,us,shopify,shopify,,,,2026-09-20 22:16
dropbuild.com,Dropbuild,https://www.dropbuild.com/,Sheridan,United States,us,shopify,shopify,,,,2026-09-20 22:16
darkroomagency.com,Darkroom,https://www.darkroomagency.com/,New York,United States,us,shopify,shopify,,,,2026-09-20 22:16
wren-digital.com,Wren Digital,https://wren-digital.com/,Des Moines,United States,us,shopify,shopify,,,,2026-09-20 22:16
bearbranded.com,Bear Branded,https://www.bearbranded.com/,Oceanside,United States,us,shopify,shopify,,,,2026-09-20 22:16
thetaproom.com,The Taproom,https://thetaproom.com/,Smyrna,United States,us,shopify,shopify,,,,2026-09-20 22:16
rocket.enterprises,rocket enterprises,http://rocket.enterprises/,Indianapolis,United States,us,shopify,shopify,,,,2026-09-20 22:16
platter.com,Platter,https://platter.com/,New York,United States,us,shopify,shopify,,,,2026-09-20 22:16
bitbranding.co,BitBranding,https://www.bitbranding.co/,,United States,us,shopify,shopify,,,,2026-09-20 22:16
corcommerce.com,COR Commerce,https://corcommerce.com/,Gilbert,United States,us,shopify,shopify,,,,2026-09-20 22:16
sambarrante.com,Sam Barrante,https://www.sambarrante.com/,Goshen,United States,us,shopify,shopify,,,,2026-09-20 22:16
polishedcode.com,Polished Code,https://www.polishedcode.com/,Valparaiso,United States,us,shopify,shopify,,,,2026-09-20 22:16
datmos.com,Datmos,https://datmos.com/,Whitefish,United States,us,shopify,shopify,,,,2026-09-20 22:17
ecomdepartment.com,ECOM DEPARTMENT,http://www.ecomdepartment.com/,Newport Beach,United States,us,shopify,shopify,,,,2026-09-20 22:17
candela.io,Candela,https://candela.io/,Fayetteville,United States,us,shopify,shopify,,,,2026-09-20 22:17
openthinkgroup.com,"Open Think Group, Inc.",https://openthinkgroup.com/,Salt Lake City,United States,us,shopify,shopify,,,,2026-09-20 22:17
ablecanyon.com,"Able Canyon, LLC",https://www.ablecanyon.com/,Cumberland,United States,us,shopify,shopify,,,,2026-09-20 22:17
portal.jessunlimited.com,Jess Unlimited,https://portal.jessunlimited.com/public/jess-unlimited/experts,Chicago Heights,United States,us,shopify,shopify,,,,2026-09-20 22:17
solocreativeny.com,Solo Creative,https://solocreativeny.com/,Monroe,United States,us,shopify,shopify,,,,2026-09-20 22:17
debutify.com,Debutify,https://www.debutify.com/,Syracuse,United States,us,shopify,shopify,,,,2026-09-20 22:17
uncommonagency.co,UN/COMMON,https://www.uncommonagency.co/,Philadelphia,United States,us,shopify,shopify,,,,2026-09-20 22:17
maybiswebdesign.com,Maybis Web Design,https://maybiswebdesign.com/,Tampa,United States,us,shopify,shopify,,,,2026-09-20 22:17
rmgmedia.com,RMG,https://www.rmgmedia.com/,New York,United States,us,shopify,shopify,,,,2026-09-20 22:17
orangewebgroup.com,Orange Web Group,https://orangewebgroup.com/,Orange,United States,us,shopify,shopify,,,,2026-09-20 22:17
eniture.com,Eniture Technology,https://eniture.com/,Fayetteville,United States,us,shopify,shopify,,,,2026-09-20 22:17
whiteunicornagency.com,White Unicorn Agency,https://whiteunicornagency.com/,Dallas,United States,us,shopify,shopify,,,,2026-09-20 22:17
aims360.com,AIMS360 Fashion Software ERP,http://www.aims360.com/,Beverly Hills,United States,us,shopify,shopify,,,,2026-09-20 22:17
doemedia.com,DOE Media,https://doemedia.com/,Chicago,United States,us,shopify,shopify,,,,2026-09-20 22:17
kylelewisdesigns.com,Kyle Lewis Designs,https://kylelewisdesigns.com/,Santa Barbara,United States,us,shopify,shopify,,,,2026-09-20 22:17
keiththompson.studio,Keith Thompson Studio LLC,https://keiththompson.studio/,San Diego,United States,us,shopify,shopify,,,,2026-09-20 22:17
coloredbyte.com,Colored Byte,https://www.coloredbyte.com/,Orlando,United States,us,shopify,shopify,,,,2026-09-20 22:17
appjetty.com,AppJetty,https://www.appjetty.com/,Burbank,United States,us,shopify,shopify,,,,2026-09-20 22:17
avalonsolution.com,Avalon Solution,https://www.avalonsolution.com/,New York,United States,us,shopify,shopify,,,,2026-09-20 22:17
abconvert.io,Kairos Labs,https://www.abconvert.io/,New York,United States,us,shopify,shopify,,,,2026-09-20 22:17
smartsites.com,SmartSites,http://www.smartsites.com/,Paramus,United States,us,shopify,shopify,,,,2026-09-20 22:17
wolfpointagency.com,Wolfpoint Agency,https://www.wolfpointagency.com/,New York,United States,us,shopify,shopify,,,,2026-09-20 22:17
uplone.com,UPLONE,https://uplone.com/,Gap,United States,us,shopify,shopify,,,,2026-09-20 22:17
on-sight.co,on / Sight,https://on-sight.co/,Denver,United States,us,shopify,shopify,,,,2026-09-20 22:17
graydian.com,Graydian Technologies + Design,https://graydian.com/,East Canton,United States,us,shopify,shopify,,,,2026-09-20 22:17
amplifymediastrategies.com,Amplify Media Strategies,https://www.amplifymediastrategies.com/,Houston,United States,us,shopify,shopify,,,,2026-09-20 22:17
cardinal.agency,Cardinal Creative Agency,https://cardinal.agency/,Shepherdstown,United States,us,shopify,shopify,,,,2026-09-20 22:17
studiofulchi.com,Studio Fulchi,https://studiofulchi.com/,Miami,United States,us,shopify,shopify,,,,2026-09-20 22:17
shhstudios.com,ShhStudios,https://www.shhstudios.com/,NY,United States,us,shopify,shopify,,,,2026-09-20 22:17
allurecommerce.com,Allure Commerce,https://www.allurecommerce.com/,New york,United States,us,shopify,shopify,,,,2026-09-20 22:17
zooomyapps.com,Zooomy,https://zooomyapps.com/,columbus,United States,us,shopify,shopify,,,,2026-09-20 22:17
powercommerce.com,Power Commerce,https://www.powercommerce.com/,Chicago,United States,us,shopify,shopify,,,,2026-09-20 22:17
prestigepromedia.com,Prestige Pro Media,http://www.prestigepromedia.com/,Columbus,United States,us,shopify,shopify,,,,2026-09-20 22:17
snapshotdesign.com,Snapshot Design,https://www.snapshotdesign.com/,St Clair Shores,United States,us,shopify,shopify,,,,2026-09-20 22:17
rundtc.com,RunDTC,https://www.rundtc.com/,Dana Point,United States,us,shopify,shopify,,,,2026-09-20 22:17
bamboodigital.io,Bamboo Digital,https://bamboodigital.io/,Austin,United States,us,shopify,shopify,,,,2026-09-20 22:17
narvar.com,Narvar,https://www.narvar.com/?utm_source=ShopifyPlusPartnerDirectory,San Mateo,United States,us,shopify,shopify,,,,2026-09-20 22:17
atwebtechnology.com,Adriana Samra,https://atwebtechnology.com/home,Palm Coast,United States,us,shopify,shopify,,,,2026-09-20 22:17
vibedigital.marketing,Vibe Digital Marketing,https://vibedigital.marketing/,Denton,United States,us,shopify,shopify,,,,2026-09-20 22:17
ecdigitalstrategy.com,ECD Digital Strategy,https://www.ecdigitalstrategy.com/,Niskayuna,United States,us,shopify,shopify,,,,2026-09-20 22:17
companybe.com,companyBE,http://www.companybe.com/,Lakewood,United States,us,shopify,shopify,,,,2026-09-20 22:17
loudr.agency,Loudr Agency,https://loudr.agency/,Denver,United States,us,shopify,shopify,,,,2026-09-20 22:17
acadaca.com,Acadaca,https://www.acadaca.com/,New York,United States,us,shopify,shopify,,,,2026-09-20 22:17
modeofproduction.com,Mode of Production,https://modeofproduction.com/,Bowman,United States,us,shopify,shopify,,,,2026-09-20 22:17
wollson.co,Wollson,https://www.wollson.co/,New York,United States,us,shopify,shopify,,,,2026-09-20 22:17
brightpearlcommerce.com,BrightPearl Commerce,https://brightpearlcommerce.com/,Austin,United States,us,shopify,shopify,,,,2026-09-20 22:17
riseonlinemarketing.com,RISE ONLINE MARKETING,https://www.riseonlinemarketing.com/,Lehi,United States,us,shopify,shopify,,,,2026-09-20 22:17
spase.io,"Spase, Inc.",https://spase.io/,San Francisco,United States,us,shopify,shopify,,,,2026-09-20 22:17
dusoftllc.com,Logos Digital,https://dusoftllc.com/,Cypress,United States,us,shopify,shopify,,,,2026-09-20 22:18
autods.com,AutoDS Dropshipping Tools,https://www.autods.com/,Denver,United States,us,shopify,shopify,,,,2026-09-20 22:18
handwovenindustries.com,Handwoven Industries,https://www.handwovenindustries.com/,Portland,United States,us,shopify,shopify,,,,2026-09-20 22:18
designbybold.com,Design by Bold,https://www.designbybold.com/,New York,United States,us,shopify,shopify,,,,2026-09-20 22:18
shopform.io,ShopForm,https://shopform.io/,Ojai,United States,us,shopify,shopify,,,,2026-09-20 22:18
hawkemedia.com,Hawke Media,http://www.hawkemedia.com/?utm_source=ShopifyPlusPartnerDirectory,Santa Monica,United States,us,shopify,shopify,,,,2026-09-20 22:18
webmedia.ai,Webmedia AI,https://webmedia.ai/,Dover,United States,us,shopify,shopify,,,,2026-09-20 22:18
bigredjelly.com,Big Red Jelly,https://bigredjelly.com/?utm_source=shop-marketplace,Provo,United States,us,shopify,shopify,,,,2026-09-20 22:18
digitaldezk.com,Digital Dezk INC,https://digitaldezk.com/,California,United States,us,shopify,shopify,,,,2026-09-20 22:18
pointerflow.com,PointerFlow - Better than most of Premier Agency - B2B & DTC Agency,https://pointerflow.com/,Sheridan,United States,us,shopify,shopify,,,,2026-09-20 22:18
webyaam.com,Webyaam,https://webyaam.com/,Sheridan,United States,us,shopify,shopify,,,,2026-09-20 22:18
thebeyondgroup.la,The Beyond Group,https://thebeyondgroup.la/?utm_source=ShopifyPlusPartnerDirectory,West Hollywood,United States,us,shopify,shopify,,,,2026-09-20 22:18
thecurateculture.com,Daniella Gershon,https://www.thecurateculture.com/,Hallandale Beach,United States,us,shopify,shopify,,,,2026-09-20 22:18
westcodepr.com,"WestCode, LLC",https://westcodepr.com/,Mayaguez,United States,us,shopify,shopify,,,,2026-09-20 22:18
briandesposito.com,Brian D'Esposito,https://briandesposito.com/,Pompano Beach,United States,us,shopify,shopify,,,,2026-09-20 22:18
weblew.com,Weblew solutions,https://weblew.com/,spring valley,United States,us,shopify,shopify,,,,2026-09-20 22:18
intelligentecom.com,intelligentECOM,https://intelligentecom.com/,Raleigh,United States,us,shopify,shopify,,,,2026-09-20 22:18
vpv.co,Verbal+Visual,https://vpv.co/,New York,United States,us,shopify,shopify,,,,2026-09-20 22:18
magnetoitsolutions.com,Magneto IT Solutions LLC,https://magnetoitsolutions.com/,Austin,United States,us,shopify,shopify,,,,2026-09-20 22:18
rcwebsitedesigncompany.com,RC Website Design Company,https://rcwebsitedesigncompany.com/,Cypress,United States,us,shopify,shopify,,,,2026-09-20 22:18
perfectevolution.com,Perfect Evolution,https://www.perfectevolution.com/,Westerly,United States,us,shopify,shopify,,,,2026-09-20 22:18
pinkwiresociety.com,Pink Wire Society,https://www.pinkwiresociety.com/,Cheyenne,United States,us,shopify,shopify,,,,2026-09-20 22:18
fulfil.io,Fulfil.IO Inc.,https://www.fulfil.io/,COVINA,United States,us,shopify,shopify,,,,2026-09-20 22:18
wearepeachy.com,Peachy,https://www.wearepeachy.com/,New York,United States,us,shopify,shopify,,,,2026-09-20 22:18
themediagale.com,The MediaGale LLC,https://themediagale.com/,New York,United States,us,shopify,shopify,,,,2026-09-20 22:18
tuapoyovirtual.com,Tu Apoyo Virtual,https://www.tuapoyovirtual.com/,,United States,us,shopify,shopify,,,,2026-09-20 22:18
rsmus.com,RSM US LLP,https://www.rsmus.com/services.html,Chicago,United States,us,shopify,shopify,,,,2026-09-20 22:18
emberandgrid.com,Ember and Grid,https://emberandgrid.com/,Chicago,United States,us,shopify,shopify,,,,2026-09-20 22:18
lemonade.nyc,Lemonade Creative,https://lemonade.nyc/,Gilboa,United States,us,shopify,shopify,,,,2026-09-20 22:18
devsplus.com,devsPlus,https://devsplus.com/,Goodlettsville,United States,us,shopify,shopify,,,,2026-09-20 22:18
pkpioneers.com,PK Pioneers,https://pkpioneers.com/,Centereach,United States,us,shopify,shopify,,,,2026-09-20 22:18
bloomreach.com,Bloomreach,http://www.bloomreach.com/,Mountain View,United States,us,shopify,shopify,,,,2026-09-20 22:18
surfandsnowcollective.com,Surf and Snow Collective,https://surfandsnowcollective.com/,Seattle,United States,us,shopify,shopify,,,,2026-09-20 22:18
sparky.us,Sparky,http://www.sparky.us/,Boston,United States,us,shopify,shopify,,,,2026-09-20 22:18
ecommchamps.com,Ecom Champs MM LLC,https://www.ecommchamps.com/high-ticket-branded-store,Philadelphia,United States,us,shopify,shopify,,,,2026-09-20 22:18
metacake.com,Metacake,https://metacake.com/,Franklin,United States,us,shopify,shopify,,,,2026-09-20 22:18
gridandpixel.com,Grid & Pixel,https://gridandpixel.com/,Arlington,United States,us,shopify,shopify,,,,2026-09-20 22:18
apc-pli.com,APC,https://www.apc-pli.com/,East Rutherford,United States,us,shopify,shopify,,,,2026-09-20 22:18
translatorhq.net,TranslatorHQ,https://translatorhq.net/,Boston,United States,us,shopify,shopify,,,,2026-09-20 22:18
pivotmade.com,PIVOT,https://pivotmade.com/?utm_source=PartnerDirectory,Mission Viejo,United States,us,shopify,shopify,,,,2026-09-20 22:18
1ecommerceagency.com,1eCommerce Agency,https://1ecommerceagency.com/,Houston,United States,us,shopify,shopify,,,,2026-09-20 22:18
wickcreative.com,Wick Creative,https://wickcreative.com/,Denver,United States,us,shopify,shopify,,,,2026-09-20 22:18
audreydigital.co,Audrey Digital,https://www.audreydigital.co/,Dover,United States,us,shopify,shopify,,,,2026-09-20 22:18
revampco.com,Revamp,https://www.revampco.com/development/,Minneapolis,United States,us,shopify,shopify,,,,2026-09-20 22:18
endaramedia.com,Endara Media,https://endaramedia.com/,Albuquerque,United States,us,shopify,shopify,,,,2026-09-20 22:19
conversionbear.com,Conversion Bear,https://www.conversionbear.com/,Boston,United States,us,shopify,shopify,,,,2026-09-20 22:19
baggy.studio,Baggy,https://baggy.studio/,Milwaukee,United States,us,shopify,shopify,,,,2026-09-20 22:19
boostertheme.com,Booster Support,https://boostertheme.com/,West Hazleton,United States,us,shopify,shopify,,,,2026-09-20 22:19
bayhavendigital.com,BAY HAVEN DIGITAL,https://www.bayhavendigital.com/,Sheridan,United States,us,shopify,shopify,,,,2026-09-20 22:19
contara.com,Contara,https://www.contara.com/,CHICAGO,United States,us,shopify,shopify,,,,2026-09-20 22:19
builtbest.co,Built Best,https://builtbest.co/,Atlanta,United States,us,shopify,shopify,,,,2026-09-20 22:19
frengee.com,Frengee,https://www.frengee.com/,Glendora,United States,us,shopify,shopify,,,,2026-09-20 22:19
videowise.com,Videowise,https://videowise.com/,Dover,United States,us,shopify,shopify,,,,2026-09-20 22:19
w3affinity.com,W3 Affinity,https://w3affinity.com/,Carrollton,United States,us,shopify,shopify,,,,2026-09-20 22:19
arcticleaf.io,Arctic Leaf Inc.,https://www.arcticleaf.io/,Meridian,United States,us,shopify,shopify,,,,2026-09-20 22:19
skuagency.com,SKU Agency,http://www.skuagency.com/,Austin,United States,us,shopify,shopify,,,,2026-09-20 22:19
disputifier.com,Disputifier,https://www.disputifier.com/,Clayton,United States,us,shopify,shopify,,,,2026-09-20 22:19
gs3.io,GS3 WEB,https://gs3.io/,Beverly Hills,United States,us,shopify,shopify,,,,2026-09-20 22:19
decimal.io,Decimal Enterprise: Shipping Rules & Rates | Delivery Dates | Shipping Cost Arbi,https://decimal.io/,Rancho Santa Margarita,United States,us,shopify,shopify,,,,2026-09-20 22:19
avenuez.com,Avenue Z,https://avenuez.com/,Miami,United States,us,shopify,shopify,,,,2026-09-20 22:19
livearf.com,LIVEARf - LIVEly Art Framing,https://livearf.com/,Sunnyvale,United States,us,shopify,shopify,,,,2026-09-20 22:19
themazegroup.com,Maze,http://www.themazegroup.com/?utm_source=ShopifyPlusPartnerDirectory,New York,United States,us,shopify,shopify,,,,2026-09-20 22:19
upsellplus.com,UpsellPlus,https://www.upsellplus.com/,Brooklyn,United States,us,shopify,shopify,,,,2026-09-20 22:19
speedboostr.com,Speed Boostr Services,https://speedboostr.com/,Conyngham,United States,us,shopify,shopify,,,,2026-09-20 22:19
oowlish.com,Oowlish,https://www.oowlish.com/services/e-commerce,sheridan,United States,us,shopify,shopify,,,,2026-09-20 22:19
blackandblackcreative.com,Black & Black,https://www.blackandblackcreative.com/,New York,United States,us,shopify,shopify,,,,2026-09-20 22:19
firstpier.com,First Pier,https://www.firstpier.com/,Portland,United States,us,shopify,shopify,,,,2026-09-20 22:19
graybox.co,GRAYBOX,https://graybox.co/,Portland,United States,us,shopify,shopify,,,,2026-09-20 22:19
buildwithamplify.com,DRINKS AMPLIFY,https://buildwithamplify.com/,Glendale,United States,us,shopify,shopify,,,,2026-09-20 22:19
shipaid.com,ShipAid,https://shipaid.com/,Dover,United States,us,shopify,shopify,,,,2026-09-20 22:19
beargroup.com,Bear,https://www.beargroup.com/?utm_source=ShopifyPlusPartnerDirectory,Charleston,United States,us,shopify,shopify,,,,2026-09-20 22:19
freestategroup.com,Free State Group,https://freestategroup.com/,Overland Park,United States,us,shopify,shopify,,,,2026-09-20 22:19
prismfly.com,Prismfly,https://prismfly.com/,Oklahoma City,United States,us,shopify,shopify,,,,2026-09-20 22:19
aryacreativeco.com,Arya Creative,https://aryacreativeco.com/,Charlotte,United States,us,shopify,shopify,,,,2026-09-20 22:19
qdlagency.com,QDL Agency,http://www.qdlagency.com/?utm_source=ShopifyPlusPartnerDirectory,Coto De Caza,United States,us,shopify,shopify,,,,2026-09-20 22:19
launchparty.live,Launch Party,https://launchparty.live/,Oviedo,United States,us,shopify,shopify,,,,2026-09-20 22:19
unrestrainedcommerce.com,Unrestrained Commerce,https://www.unrestrainedcommerce.com/,Denver,United States,us,shopify,shopify,,,,2026-09-20 22:19
getroster.com,Roster Technologies,https://www.getroster.com/,Lehi,United States,us,shopify,shopify,,,,2026-09-20 22:19
human-nyc.com,"Human NYC, LLC.",https://human-nyc.com/,New York,United States,us,shopify,shopify,,,,2026-09-20 22:19
couturecommerce.com,Couture Commerce,https://couturecommerce.com/,Malvern,United States,us,shopify,shopify,,,,2026-09-20 22:19
buzzbassador.com,Buzzbassador,https://buzzbassador.com/,Dallas,United States,us,shopify,shopify,,,,2026-09-20 22:19
thundertech.com,thunder::tech,https://www.thundertech.com/,Cleveland,United States,us,shopify,shopify,,,,2026-09-20 22:19
inspiregsm.com,Inspire Graphic Solution & Marketing Services,https://inspiregsm.com/,PEMBROKE PINES,United States,us,shopify,shopify,,,,2026-09-20 22:19
enormapps.com,EnormApps,https://www.enormapps.com/,Farmington hills,United States,us,shopify,shopify,,,,2026-09-20 22:19
wonderful.io,Wonderful Collective,https://wonderful.io/,El Segundo,United States,us,shopify,shopify,,,,2026-09-20 22:19
cranktank.net,CrankTank,https://cranktank.net/,Ketchum,United States,us,shopify,shopify,,,,2026-09-20 22:19
newthink.com,Newthink,https://www.newthink.com/,Los Angeles,United States,us,shopify,shopify,,,,2026-09-20 22:19
keithhardisty.com,Keith Hardisty,https://www.keithhardisty.com/,Austin,United States,us,shopify,shopify,,,,2026-09-20 22:19
resourcifi.com,Resourcifi Inc.,https://www.resourcifi.com/,Wilmington,United States,us,shopify,shopify,,,,2026-09-20 22:19
ontwelvemgmt.com,On Twelve Management & Consulting,http://www.ontwelvemgmt.com/,Atlanta,United States,us,shopify,shopify,,,,2026-09-20 22:19
akersdigital.com,Akers Digital,https://akersdigital.com/,Park City,United States,us,shopify,shopify,,,,2026-09-20 22:20
alleyoopco.com,Alleyoop,http://www.alleyoopco.com/,Los Angeles,United States,us,shopify,shopify,,,,2026-09-20 22:20
striderseo.com,Strider,https://striderseo.com/,Wilmington,United States,us,shopify,shopify,,,,2026-09-20 22:20
swiftotter.com,SwiftOtter,https://swiftotter.com/,Olathe,United States,us,shopify,shopify,,,,2026-09-20 22:20
nknwebdesign.com,NKN Web Design LLC,https://nknwebdesign.com/,North Haledon,United States,us,shopify,shopify,,,,2026-09-20 22:20
wearemage.com,Mage,https://wearemage.com/,San Francisco,United States,us,shopify,shopify,,,,2026-09-20 22:20
amst.com,Alt Media Studios,https://www.amst.com/,Chagrin Falls,United States,us,shopify,shopify,,,,2026-09-20 22:20
expo86.co,Expo 86 Design Co.,http://expo86.co/,Chattanooga,United States,us,shopify,shopify,,,,2026-09-20 22:20
visualquizbuilder.com,Personalized Product Quiz,https://www.visualquizbuilder.com/,Los Angeles,United States,us,shopify,shopify,,,,2026-09-20 22:20
talentpop.co,TalentPop,https://www.talentpop.co/,Los Angeles,United States,us,shopify,shopify,,,,2026-09-20 22:20
vividfront.com,VividFront,https://vividfront.com/,Cleveland,United States,us,shopify,shopify,,,,2026-09-20 22:20
findcanary.com,FindCanary,https://findcanary.com/,Plymouth,United States,us,shopify,shopify,,,,2026-09-20 22:20
culturalrelevance.com,Cultural Relevance,https://culturalrelevance.com/,Tamarac,United States,us,shopify,shopify,,,,2026-09-20 22:20
theneworder.co,The New Order LLC,https://theneworder.co/,Austin,United States,us,shopify,shopify,,,,2026-09-20 22:20
skratch.co,SKRATCH,https://skratch.co/,Los Angeles,United States,us,shopify,shopify,,,,2026-09-20 22:20
boostengo.com,Boostengo,https://www.boostengo.com/,Austin,United States,us,shopify,shopify,,,,2026-09-20 22:20
popnod.com,POPNOD - Marketing Studio for Women-Led Brands,https://www.popnod.com/,Vienna,United States,us,shopify,shopify,,,,2026-09-20 22:20
digitorm.com,DIGITORM LLC,https://www.digitorm.com/,Sheridan,United States,us,shopify,shopify,,,,2026-09-20 22:20
publicissapient.com,Publicis Sapient,https://www.publicissapient.com/,New York City,United States,us,shopify,shopify,,,,2026-09-20 22:20
commandc.com,Command C,https://www.commandc.com/,Carrboro,United States,us,shopify,shopify,,,,2026-09-20 22:20
dpl.company,Digital Product Labs,https://www.dpl.company/,Newark,United States,us,shopify,shopify,,,,2026-09-20 22:20
agwop.com,AGWOP,https://agwop.com/,LAUDERHILL,United States,us,shopify,shopify,,,,2026-09-20 22:20
aaronkantrowitz.com,"A. Kantrowitz Consulting, LLC.",https://aaronkantrowitz.com/,Vista,United States,us,shopify,shopify,,,,2026-09-20 22:20
tectonic.so,Tectonic Technologies Inc,https://tectonic.so/,Oakland,United States,us,shopify,shopify,,,,2026-09-20 22:20
swedenunlimited.com,Sweden Unlimited,http://www.swedenunlimited.com/,New York,United States,us,shopify,shopify,,,,2026-09-20 22:20
govalo.com,Govalo,https://govalo.com/,Columbus,United States,us,shopify,shopify,,,,2026-09-20 22:20
designsonthego.store,Designs On The Go LLC,https://www.designsonthego.store/,Box Elder,United States,us,shopify,shopify,,,,2026-09-20 22:20
forixcommerce.com,Forix,https://forixcommerce.com/,Beaverton,United States,us,shopify,shopify,,,,2026-09-20 22:20
brandstack.co,BrandStack,http://www.brandstack.co/,Kuna,United States,us,shopify,shopify,,,,2026-09-20 22:20
tangent.ai,Tangent,https://tangent.ai/,San Francisco,United States,us,shopify,shopify,,,,2026-09-20 22:20
try.sirge.com,Sirge Inc.,https://try.sirge.com/,Forth Worth,United States,us,shopify,shopify,,,,2026-09-20 22:20
vrset.com,Fashion Photographer Los Angeles,https://vrset.com/,Los Angeles,United States,us,shopify,shopify,,,,2026-09-20 22:20
proteusdigitallab.com,"Proteus Digital Lab, LLC",https://proteusdigitallab.com/,Colorado Springs,United States,us,shopify,shopify,,,,2026-09-20 22:20
accenture.com,Accenture,https://www.accenture.com/us-en/about/accenture-song-index,San Diego,United States,us,shopify,shopify,,,,2026-09-20 22:20
lightspace.com,Lightspace,https://lightspace.com/,San Diego,United States,us,shopify,shopify,,,,2026-09-20 22:20
formfactory.dev,Form Factory,https://www.formfactory.dev/,Redding,United States,us,shopify,shopify,,,,2026-09-20 22:20
techtic.com,Techtic Solutions Inc,https://www.techtic.com/,New York,United States,us,shopify,shopify,,,,2026-09-20 22:20
dtcpages.com,DTC Pages,https://www.dtcpages.com/,New York,United States,us,shopify,shopify,,,,2026-09-20 22:20
brookscreativestudio.com,Brooks Creative,https://brookscreativestudio.com/,Steamboat Springs,United States,us,shopify,shopify,,,,2026-09-20 22:20
madebylakeside.com,"Lakeside Marketing, LLC",https://madebylakeside.com/,Lake In The Hills,United States,us,shopify,shopify,,,,2026-09-20 22:20
remiah.com,Design Baton Rouge,https://www.remiah.com/,Baton Rouge,United States,us,shopify,shopify,,,,2026-09-20 22:20
shipdudes.com,ShipDudes,https://www.shipdudes.com/,North Bergen,United States,us,shopify,shopify,,,,2026-09-20 22:20
shorturl.at,Apptile,https://shorturl.at/7SYx3,Bellevue,United States,us,shopify,shopify,,,,2026-09-20 22:20
tedia.consulting,Tedia Inc,https://www.tedia.consulting/,Eatontown,United States,us,shopify,shopify,,,,2026-09-20 22:21
aswebdesigner.com,AS Web Designer,https://aswebdesigner.com/,Delaware,United States,us,shopify,shopify,,,,2026-09-20 22:21
avatria.com,"Avatria, a TransPerfect Company",https://www.avatria.com/,Chicago,United States,us,shopify,shopify,,,,2026-09-20 22:21
fanandfuel.com,Fan & Fuel,https://www.fanandfuel.com/,San Marcos,United States,us,shopify,shopify,,,,2026-09-20 22:21
alturainnovation.com,Altura Innovation,https://www.alturainnovation.com/,Cedarburg,United States,us,shopify,shopify,,,,2026-09-20 22:21
stormbrain.com,Storm Brain,https://stormbrain.com/,Carlsbad,United States,us,shopify,shopify,,,,2026-09-20 22:21
ppwd.com,ProProducts Web Development,https://www.ppwd.com/,Smithfield,United States,us,shopify,shopify,,,,2026-09-20 22:21
mossecommerce.com,Moss Ecommerce Management,https://mossecommerce.com/,New Orleans,United States,us,shopify,shopify,,,,2026-09-20 22:21
85sixty.com,85SIXTY,https://www.85sixty.com/,San Diego,United States,us,shopify,shopify,,,,2026-09-20 22:21
sonicdigitalmarketing.com,Sonic Digital Marketing,https://www.sonicdigitalmarketing.com/,Bolingbrook,United States,us,shopify,shopify,,,,2026-09-20 22:21
basica.us,Basica Latam LLC,https://basica.us/,Boca Raton,United States,us,shopify,shopify,,,,2026-09-20 22:21
elumynt.com,Elumynt,https://www.elumynt.com/,Stillwater,United States,us,shopify,shopify,,,,2026-09-20 22:21
ateliercommerce.com,Atelier Commerce,https://ateliercommerce.com/,New York,United States,us,shopify,shopify,,,,2026-09-20 22:21
syvantis.com,"Syvantis Technologies, Inc",https://www.syvantis.com/,Baxter,United States,us,shopify,shopify,,,,2026-09-20 22:21
attnagency.com,ATTN Agency,https://www.attnagency.com/,San Diego,United States,us,shopify,shopify,,,,2026-09-20 22:21
twistystudios.com,TWISTY STUDIOS LLC,http://twistystudios.com/,CATSKILL,United States,us,shopify,shopify,,,,2026-09-20 22:21
iconcommerce.com,Icon Commerce,https://iconcommerce.com/,COVINGTON,United States,us,shopify,shopify,,,,2026-09-20 22:21
studio.sl,Spevack Loeb,https://studio.sl/,New York,United States,us,shopify,shopify,,,,2026-09-20 22:21
dailymentor.co,Daily Mentor,https://dailymentor.co/,Raleigh,United States,us,shopify,shopify,,,,2026-09-20 22:21
taw.vision,taw vision,https://taw.vision/,New York,United States,us,shopify,shopify,,,,2026-09-20 22:21
ldainteractive.com,LDA Interactive Design & Development,https://ldainteractive.com/,Studio City,United States,us,shopify,shopify,,,,2026-09-20 22:21
getricardo.com,David Ricardo Inc,https://getricardo.com/,North Hollywood,United States,us,shopify,shopify,,,,2026-09-20 22:21
futureholidays.co,Future Holidays,http://futureholidays.co/,San Diego,United States,us,shopify,shopify,,,,2026-09-20 22:21
forestcitydigital.com,Forest City Digital,https://forestcitydigital.com/,Brecksville,United States,us,shopify,shopify,,,,2026-09-20 22:21
maxburst.com,MAXBURST,https://www.maxburst.com/,New York,United States,us,shopify,shopify,,,,2026-09-20 22:21
1r.agency,1r Agency,https://1r.agency/,Miami,United States,us,shopify,shopify,,,,2026-09-20 22:21
mwwared.com,Mwwared,https://mwwared.com/en,Casper,United States,us,shopify,shopify,,,,2026-09-20 22:21
cedarsphere.com,Cedarsphere,https://www.cedarsphere.com/,Waco,United States,us,shopify,shopify,,,,2026-09-20 22:21
razorcreativelabs.com,Razor Creative Labs,http://www.razorcreativelabs.com/,Brooklyn,United States,us,shopify,shopify,,,,2026-09-20 22:21
culturainteractive.com,Cultura Interactive,https://culturainteractive.com/,Coral Springs,United States,us,shopify,shopify,,,,2026-09-20 22:21
ezcommerce.us,EZCommerce,https://ezcommerce.us/,Irvine,United States,us,shopify,shopify,,,,2026-09-20 22:21
channelwill.com,Channelwill,https://www.channelwill.com/,KENT,United States,us,shopify,shopify,,,,2026-09-20 22:21
apptage.com,"Apptage, LLC",https://www.apptage.com/,South Jordan,United States,us,shopify,shopify,,,,2026-09-20 22:21
kensium.com,Kensium,https://www.kensium.com/,Chicago,United States,us,shopify,shopify,,,,2026-09-20 22:21
refersion.com,"Refersion, Inc.",https://www.refersion.com/?utm_source=SPlusPartnerDirectory,Alamo,United States,us,shopify,shopify,,,,2026-09-20 22:21
creatorsecom.com,Creators Ecommerce,https://www.creatorsecom.com/,St Louis Park,United States,us,shopify,shopify,,,,2026-09-20 22:21
llamacommerce.io,Llama Commerce LLC,https://llamacommerce.io/,New York,United States,us,shopify,shopify,,,,2026-09-20 22:21
brand.co,Brand.co,https://brand.co/,Los Angeles,United States,us,shopify,shopify,,,,2026-09-20 22:21
angelswhohustle.com,Angelswhohustle,https://www.angelswhohustle.com/,Fayetteville,United States,us,shopify,shopify,,,,2026-09-20 22:22
bywinnie.co,Jessica Winnie,https://bywinnie.co/,Rancho Cucamonga,United States,us,shopify,shopify,,,,2026-09-20 22:22
levitatefoundry.com,Levitate Foundry,https://levitatefoundry.com/?utm_source=ShopifyPlusPartnerDirectory,AUSTIN,United States,us,shopify,shopify,,,,2026-09-20 22:22
ecommerceaccelerators.com,Ecommerce Accelerators,https://ecommerceaccelerators.com/,Honolulu,United States,us,shopify,shopify,,,,2026-09-20 22:22
lot22media.com,Lot 22 Media,https://www.lot22media.com/,Birmingham,United States,us,shopify,shopify,,,,2026-09-20 22:22
anchordbc.com,Anchor,https://www.anchordbc.com/,Royal Oak,United States,us,shopify,shopify,,,,2026-09-20 22:22
axented.com,Axented,https://www.axented.com/,New York,United States,us,shopify,shopify,,,,2026-09-20 22:22
searchauto.app,"Search Auto, LLC",https://searchauto.app/,Ocala,United States,us,shopify,shopify,,,,2026-09-20 22:22
cotique.media,Cotique Media,https://cotique.media/,Brooklyn,United States,us,shopify,shopify,,,,2026-09-20 22:22
ottit.com,Ottit Inc.,https://www.ottit.com/,Costa Mesa,United States,us,shopify,shopify,,,,2026-09-20 22:22
plus972.com,Plus972,https://plus972.com/,Great Neck,United States,us,shopify,shopify,,,,2026-09-20 22:22
intevity.com,Intevity,https://www.intevity.com/,Franklin,United States,us,shopify,shopify,,,,2026-09-20 22:22
bluetuskr.com,BlueTuskr,https://www.bluetuskr.com/,Westtown,United States,us,shopify,shopify,,,,2026-09-20 22:22
aesymmetric.xyz,Aesymmetric,https://aesymmetric.xyz/,Avon,United States,us,shopify,shopify,,,,2026-09-20 22:22
codeandspade.com,Code & Spade,https://www.codeandspade.com/,Lakewood,United States,us,shopify,shopify,,,,2026-09-20 22:22
42technologies.com,42,https://www.42technologies.com/?utm_source=ShopPartnerDirectory,San Francisco,United States,us,shopify,shopify,,,,2026-09-20 22:22
ecomswiftllc.store,Ecom Swift Solutions,https://ecomswiftllc.store/,New York,United States,us,shopify,shopify,,,,2026-09-20 22:22
ecomdreamz.com,eComDreamz,https://ecomdreamz.com/,Austin,United States,us,shopify,shopify,,,,2026-09-20 22:22
theheartscreative.com,The Hearts Creative,https://theheartscreative.com/,Springer,United States,us,shopify,shopify,,,,2026-09-20 22:22
driver-digital.com,Driver Digital,http://www.driver-digital.com/,,United States,us,shopify,shopify,,,,2026-09-20 22:22
digicorns.com,Digicorns Technologies,https://digicorns.com/,San Mateo,United States,us,shopify,shopify,,,,2026-09-20 22:22
caracas2go.co,Saul Bretto,http://www.caracas2go.co/,Miami,United States,us,shopify,shopify,,,,2026-09-20 22:22
bungalowcreative.co,Bungalow Creative,https://www.bungalowcreative.co/,Southbury,United States,us,shopify,shopify,,,,2026-09-20 22:22
eastmontdigital.com,Eastmont Digital,https://eastmontdigital.com/,Atlanta,United States,us,shopify,shopify,,,,2026-09-20 22:22
midsummer-studio.com,Midsummer Studio,http://midsummer-studio.com/,Swannanoa,United States,us,shopify,shopify,,,,2026-09-20 22:22
insightdesigns.com,Insight Designs Web Solutions,https://insightdesigns.com/,Boulder,United States,us,shopify,shopify,,,,2026-09-20 22:22
accountfully.com,Accountfully,https://www.accountfully.com/,Roswell,United States,us,shopify,shopify,,,,2026-09-20 22:22
atmosol.com,atmosol,https://atmosol.com/,Chandler,United States,us,shopify,shopify,,,,2026-09-20 22:22
roirevolution.com,ROI Revolution,http://www.roirevolution.com/?utm_source=ShopifyPlusPartnerDirectory,Raleigh,United States,us,shopify,shopify,,,,2026-09-20 22:22
kondasoft.com,KondaSoft,https://www.kondasoft.com/,Worcester,United States,us,shopify,shopify,,,,2026-09-20 22:22
onemagnify.com,OneMagnify,https://www.onemagnify.com/,Manhattan Beach,United States,us,shopify,shopify,,,,2026-09-20 22:22
omnycode.com,Omnycode,https://omnycode.com/,New York,United States,us,shopify,shopify,,,,2026-09-20 22:22
36.agency,36creative,https://36.agency/,Windham,United States,us,shopify,shopify,,,,2026-09-20 22:22
chameleoncollabo.com,Chameleon Collabo,https://chameleoncollabo.com/,Los Angeles,United States,us,shopify,shopify,,,,2026-09-20 22:22
zero.nyc,Zero Studios,https://zero.nyc/,Milwaukee,United States,us,shopify,shopify,,,,2026-09-20 22:22
technopulse.co,TechnoPulse,https://technopulse.co/,Sherman Oaks,United States,us,shopify,shopify,,,,2026-09-20 22:22
bf.inc,Bondfire Inc.,https://www.bf.inc/,Ojai,United States,us,shopify,shopify,,,,2026-09-20 22:22
onlysolutionsllc.com,Only Solutions LLC,https://www.onlysolutionsllc.com/,Minneapolis,United States,us,shopify,shopify,,,,2026-09-20 22:22
channelize.io,Channelize.io,https://channelize.io/,Holly Springs,United States,us,shopify,shopify,,,,2026-09-20 22:22
useaquila.dev,Aquila Development,https://useaquila.dev/,Raleigh,United States,us,shopify,shopify,,,,2026-09-20 22:22
sufidigitals.com,Sufidigitals,http://www.sufidigitals.com/,Barnala,United States,us,shopify,shopify,,,,2026-09-20 22:22
launchsupply.com,Launch Supply,https://launchsupply.com/,Dallas,United States,us,shopify,shopify,,,,2026-09-20 22:22
perficient.com,Perficient,https://www.perficient.com/,St.Louis,United States,us,shopify,shopify,,,,2026-09-20 22:22
adquadrant.com,adQuadrant,https://www.adquadrant.com/?utm_source=ShopifyPlusPartnerDirectory,Costa Mesa,United States,us,shopify,shopify,,,,2026-09-20 22:22
malt.fr,DigitalUp,https://www.malt.fr/profile/nicolasperpette,Sheridan,United States,us,shopify,shopify,,,,2026-09-20 22:22
hypewell.com,Hypewell,https://www.hypewell.com/,Irvine,United States,us,shopify,shopify,,,,2026-09-20 22:23
trellis.co,Trellis,https://trellis.co/,Malden,United States,us,shopify,shopify,,,,2026-09-20 22:23
ryansilvabuilt.com,Ryan Silva,https://ryansilvabuilt.com/,Rockvale,United States,us,shopify,shopify,,,,2026-09-20 22:23
rafteltech.com,Raftel Tech,https://rafteltech.com/,Pembroke Pines,United States,us,shopify,shopify,,,,2026-09-20 22:23
retaildimensions.com,Retail Dimensions Inc,https://retaildimensions.com/,Beaverton,United States,us,shopify,shopify,,,,2026-09-20 22:23
digitalnomaddesigns.com,Digital Nomad Designs,https://digitalnomaddesigns.com/,Los Angeles,United States,us,shopify,shopify,,,,2026-09-20 22:23
bykinful.com,Kinful,https://bykinful.com/,Charleston,United States,us,shopify,shopify,,,,2026-09-20 22:23
classyllama.com,Classy Llama,https://classyllama.com/,Springfield,United States,us,shopify,shopify,,,,2026-09-20 22:23
digitalindustry.co,Digital Industry,https://digitalindustry.co/,Newport Beach,United States,us,shopify,shopify,,,,2026-09-20 22:23
silkcommerce.com,Silk Commerce,https://www.silkcommerce.com/,Irvine,United States,us,shopify,shopify,,,,2026-09-20 22:23
getscalo.com,Steven Anglin | Scalo,https://www.getscalo.com/,Dover,United States,us,shopify,shopify,,,,2026-09-20 22:23
effigy.agency,Effigy Agency,https://effigy.agency/,Astoria,United States,us,shopify,shopify,,,,2026-09-20 22:23
plutoniostudio.com,Plutonio Studio®,https://plutoniostudio.com/,winter park,United States,us,shopify,shopify,,,,2026-09-20 22:23
alright.studio,Alright Studio,https://alright.studio/,Brooklyn,United States,us,shopify,shopify,,,,2026-09-20 22:23
dtcgrowthpartners.com,Marketing Launch Partners LLC,https://dtcgrowthpartners.com/,Crisfield,United States,us,shopify,shopify,,,,2026-09-20 22:23
deckdmedia.com,Deck'd Media,http://www.deckdmedia.com/,Brooklyn,United States,us,shopify,shopify,,,,2026-09-20 22:23
shopmakergroup.com,Shop Maker Group,https://www.shopmakergroup.com/,Seattle,United States,us,shopify,shopify,,,,2026-09-20 22:23
dotarus.com,Dotarus,https://www.dotarus.com/,Bixby,United States,us,shopify,shopify,,,,2026-09-20 22:23
endertech.com,Endertech,https://endertech.com/,Los Angeles,United States,us,shopify,shopify,,,,2026-09-20 22:23
statbid.com,StatBid,https://statbid.com/,Reno,United States,us,shopify,shopify,,,,2026-09-20 22:23
exhibea.com,Exhibea,https://exhibea.com/,,United States,us,shopify,shopify,,,,2026-09-20 22:23
cosmatify.com,"Cosmatify LLC • CRO, UX Optimization, Store Redesigns and Migration | New York C",https://www.cosmatify.com/,New York,United States,us,shopify,shopify,,,,2026-09-20 22:23
ziffity.com,Ziffity Solutions LLC,https://www.ziffity.com/,,United States,us,shopify,shopify,,,,2026-09-20 22:23
revampdmarketing.com,Michelle at Revamp'd,http://www.revampdmarketing.com/,Trinity,United States,us,shopify,shopify,,,,2026-09-20 22:23
fmdevelopment.com,FM Development,https://www.fmdevelopment.com/,Orange,United States,us,shopify,shopify,,,,2026-09-20 22:23
thinkomdigital.com,Thinkom Digital,https://thinkomdigital.com/,Debary,United States,us,shopify,shopify,,,,2026-09-20 22:23
integralparts.com,Integral Parts,https://integralparts.com/,Columbus,United States,us,shopify,shopify,,,,2026-09-20 22:23
digitalpeaks.net,Digital Peaks,https://digitalpeaks.net/,Nampa,United States,us,shopify,shopify,,,,2026-09-20 22:23
striveenterprise.com,Strive Enterprise,https://striveenterprise.com/,Las Vegas,United States,us,shopify,shopify,,,,2026-09-20 22:23
mhtmedia.com,MHT Media,https://www.mhtmedia.com/,Austin,United States,us,shopify,shopify,,,,2026-09-20 22:23
crawford.cc,Crawford AI and Web,https://crawford.cc/,Post Falls,United States,us,shopify,shopify,,,,2026-09-20 22:23
techandaz.com,Tech Andaz Inc,https://techandaz.com/,Melbourne,United States,us,shopify,shopify,,,,2026-09-20 22:23
zaelab.com,Zaelab,https://www.zaelab.com/,Wesport CT,United States,us,shopify,shopify,,,,2026-09-20 22:23
tattooprojects.com,"Tattoo Projects Advertising, LLC",https://tattooprojects.com/,Charlotte,United States,us,shopify,shopify,,,,2026-09-20 22:23
agenciawmglobal.com,Web Marketing Global LLC,http://www.agenciawmglobal.com/,Miami,United States,us,shopify,shopify,,,,2026-09-20 22:23
studio31.io,Studio 31,https://www.studio31.io/,Sheridan,United States,us,shopify,shopify,,,,2026-09-20 22:23
datalabssols.com,DATALABS SOLUTIONS - Bohemia New York,https://datalabssols.com/,Bohemia,United States,us,shopify,shopify,,,,2026-09-20 22:23
elisanellis.com,Elisa N. Ellis,https://elisanellis.com/ecom/,Los Angeles,United States,us,shopify,shopify,,,,2026-09-20 22:23
teamwil.co,wilco.web,https://teamwil.co/,New York,United States,us,shopify,shopify,,,,2026-09-20 22:23
optimum7.com,Optimum7,https://www.optimum7.com/,Coral Gables,United States,us,shopify,shopify,,,,2026-09-20 22:23
abunchofcreators.com,A Bunch of Creators,https://www.abunchofcreators.com/,New York,United States,us,shopify,shopify,,,,2026-09-20 22:23
editionstudios.com,Edition Studios,https://editionstudios.com/,Minneapolis,United States,us,shopify,shopify,,,,2026-09-20 22:23
cjcdynamicsolutions.com,CJC Dynamic Solutions,https://www.cjcdynamicsolutions.com/,Wasilla,United States,us,shopify,shopify,,,,2026-09-20 22:23
lighthousecommerce.com,Lighthouse Commerce,https://lighthousecommerce.com/,Jackson,United States,us,shopify,shopify,,,,2026-09-20 22:23
ecommercepartners.com,Ecommerce Partners,https://ecommercepartners.com/,englewood,United States,us,shopify,shopify,,,,2026-09-20 22:23
afpistudio.com,AFPI Studio,http://afpistudio.com/,Brooklyn,United States,us,shopify,shopify,,,,2026-09-20 22:23
arc4.com,Arc4,https://www.arc4.com/,Evanston,United States,us,shopify,shopify,,,,2026-09-20 22:24
mcfadyen.com,McFadyen Digital,https://mcfadyen.com/,Vienna,United States,us,shopify,shopify,,,,2026-09-20 22:24
twincitiesprint.com,Mitch Reaume,http://twincitiesprint.com/,Crystal,United States,us,shopify,shopify,,,,2026-09-20 22:24
moxiesozo.com,Moxie Sozo Design + Advertising,https://moxiesozo.com/,Boulder,United States,us,shopify,shopify,,,,2026-09-20 22:24
whitelabeledmedia.com,Whitelabeled,http://whitelabeledmedia.com/,Scottsdale,United States,us,shopify,shopify,,,,2026-09-20 22:24
braundesign.co,Braun Design Co,https://braundesign.co/,Austin,United States,us,shopify,shopify,,,,2026-09-20 22:24
anchour.com,Anchour,https://www.anchour.com/,New Gloucester,United States,us,shopify,shopify,,,,2026-09-20 22:24
teknoteksolutions.com,Teknotek Solutions,https://www.teknoteksolutions.com/,New York,United States,us,shopify,shopify,,,,2026-09-20 22:24
golim.com,LIM,https://golim.com/,New York,United States,us,shopify,shopify,,,,2026-09-20 22:24
impremis.com,Impremis Marketing,https://impremis.com/,Raleigh,United States,us,shopify,shopify,,,,2026-09-20 22:24
vtnetzwelt.com,VT Netzwelt,https://www.vtnetzwelt.com/,New York,United States,us,shopify,shopify,,,,2026-09-20 22:24
ittd.com,If This Then Data,https://ittd.com/,MIAMI,United States,us,shopify,shopify,,,,2026-09-20 22:24
lmgo.com,Lynch Mueffelmann,https://lmgo.com/,Wayzata,United States,us,shopify,shopify,,,,2026-09-20 22:24
p1commerce.com,P1 Commerce - Digital Marketing Firm for eCommerce Growth,https://p1commerce.com/,Los Angeles,United States,us,shopify,shopify,,,,2026-09-20 22:24
novoid.com,Novoid,https://www.novoid.com/,Long Island,United States,us,shopify,shopify,,,,2026-09-20 22:24
hour51.com,Hour51,https://hour51.com/,Johnson City,United States,us,shopify,shopify,,,,2026-09-20 22:24
createcx.co,Create CX,https://www.createcx.co/,Larchmont,United States,us,shopify,shopify,,,,2026-09-20 22:24
qodespace.com,Qode Space,https://qodespace.com/,Los Angeles,United States,us,shopify,shopify,,,,2026-09-20 22:24
deptagency.com,DEPT® US,https://www.deptagency.com/solutions/commerce/,Denver,United States,us,shopify,shopify,,,,2026-09-20 22:24
tatumdesignstudios.com,Tatum Design Studios,https://www.tatumdesignstudios.com/,Peoria,United States,us,shopify,shopify,,,,2026-09-20 22:24
seota.com,Seota Digital Marketing,https://seota.com/,FRISCO,United States,us,shopify,shopify,,,,2026-09-20 22:24
handstand.codes,Handstand,https://handstand.codes/,Pittsburgh,United States,us,shopify,shopify,,,,2026-09-20 22:24
crushsuite.com,CrushSuite,https://crushsuite.com/,Dallas,United States,us,shopify,shopify,,,,2026-09-20 22:24
deloittedigital.com,Deloitte Digital,https://www.deloittedigital.com/us/en.html,San Francisco,United States,us,shopify,shopify,,,,2026-09-20 22:24
skematic.nyc,Skematic NYC Digital Solutions,https://www.skematic.nyc/,Commack,United States,us,shopify,shopify,,,,2026-09-20 22:24
locallea.com,Locallea,https://www.locallea.com/,Palo Alto,United States,us,shopify,shopify,,,,2026-09-20 22:24
studio-otto.com,Studio Otto,https://studio-otto.com/,Los Angeles,United States,us,shopify,shopify,,,,2026-09-20 22:24
thebullseye.agency,Bullseye Agency,https://thebullseye.agency/,Austin,United States,us,shopify,shopify,,,,2026-09-20 22:24
ninjatemplates.com,NinjaTemplates,https://ninjatemplates.com/,Portland,United States,us,shopify,shopify,,,,2026-09-20 22:24
thenevarmoore.com,The Nevar Moore,http://www.thenevarmoore.com/,Upper Marlboro,United States,us,shopify,shopify,,,,2026-09-20 22:24
anchorgroup.tech,Anchor Group,https://www.anchorgroup.tech/,Sun Prairie,United States,us,shopify,shopify,,,,2026-09-20 22:24
levelfiveten.com,Level 510,https://levelfiveten.com/,Kennewick,United States,us,shopify,shopify,,,,2026-09-20 22:24
canesta.com,Canesta,https://www.canesta.com/,Los Angeles,United States,us,shopify,shopify,,,,2026-09-20 22:24
tmg.io,TMG (now a part of Zaelab),http://www.tmg.io/,Oakbrook Terrace,United States,us,shopify,shopify,,,,2026-09-20 22:24
ocdesignsonline.com,"OCDesignsonline, LLC",https://www.ocdesignsonline.com/,Marmora,United States,us,shopify,shopify,,,,2026-09-20 22:24
tavanoteam.com,Tavano Team | NetSuite eCommerce Agency,https://tavanoteam.com/,Miami,United States,us,shopify,shopify,,,,2026-09-20 22:24
ilanadavis.com,Ilana Davis LLC,https://www.ilanadavis.com/,Henderson,United States,us,shopify,shopify,,,,2026-09-20 22:24
fisher-technology.com,Fisher Technology,http://www.fisher-technology.com/,Boca Raton,United States,us,shopify,shopify,,,,2026-09-20 22:24
sherocommerce.com,Shero Commerce,https://sherocommerce.com/,Red Hook,United States,us,shopify,shopify,,,,2026-09-20 22:24
allyourducks.com,All Your Ducks - Connect to Microsoft Dynamics and other ERP,https://allyourducks.com/,,United States,us,shopify,shopify,,,,2026-09-20 22:24
fullstackshop.com,Full Stack Shop,https://fullstackshop.com/,San Diego,United States,us,shopify,shopify,,,,2026-09-20 22:24
digital.teamwass.com,Wasserman Digital,http://digital.teamwass.com/,Boston,United States,us,shopify,shopify,,,,2026-09-20 22:24
gapstow.co,Gapstow,https://www.gapstow.co/,Strongsville,United States,us,shopify,shopify,,,,2026-09-20 22:24
topshelfbrands.io,Top Shelf Brands LLC,https://topshelfbrands.io/,FALLBROOK,United States,us,shopify,shopify,,,,2026-09-20 22:24
brandname.is,(brandname)™,https://brandname.is/,Brooklyn,United States,us,shopify,shopify,,,,2026-09-20 22:25
phillymarketinglabs.com,Philly Marketing Labs,http://www.phillymarketinglabs.com/,King Of Prussia,United States,us,shopify,shopify,,,,2026-09-20 22:25
peakactivity.com,PeakActivity,https://peakactivity.com/,Boynton Beach,United States,us,shopify,shopify,,,,2026-09-20 22:25
visionet.com,"VISIONET SYSTEMS, INC",https://www.visionet.com/,Cranbury,United States,us,shopify,shopify,,,,2026-09-20 22:25
goodness.inc,"Goodness, Inc.",https://www.goodness.inc/,Sacramento,United States,us,shopify,shopify,,,,2026-09-20 22:25
fracturedigital.com,Fracture Digital,https://fracturedigital.com/,Leciester,United States,us,shopify,shopify,,,,2026-09-20 22:25
hugeinc.com,Huge,https://www.hugeinc.com/,Chicago,United States,us,shopify,shopify,,,,2026-09-20 22:25
redvanworkshop.com,Red Van,https://www.redvanworkshop.com/,Longmont,United States,us,shopify,shopify,,,,2026-09-20 22:25
cbidigital.com,CB/I DIGITAL INC,https://www.cbidigital.com/,New York,United States,us,shopify,shopify,,,,2026-09-20 22:25
mariaventosa.com,Maria Ventosa,https://www.mariaventosa.com/,houston,United States,us,shopify,shopify,,,,2026-09-20 22:25
getmason.io,Mason,https://getmason.io/,Sunnyvale,United States,us,shopify,shopify,,,,2026-09-20 22:25
1digitalagency.com,1Digital Agency,https://www.1digitalagency.com/,Philadelphia,United States,us,shopify,shopify,,,,2026-09-20 22:25
southerlydigital.com,Southerly Digital,https://www.southerlydigital.com/,Spring Hill,United States,us,shopify,shopify,,,,2026-09-20 22:25
axis80.com,Axis 80 Interactive,https://www.axis80.com/,FREDERICK,United States,us,shopify,shopify,,,,2026-09-20 22:25
mavendigitalagency.com,Ecommerce Maven LLC,https://mavendigitalagency.com/,Greenlawn,United States,us,shopify,shopify,,,,2026-09-20 22:25
immaculate.dev,IMMACULATE,https://immaculate.dev/,Seattle,United States,us,shopify,shopify,,,,2026-09-20 22:25
emotive.io,Emotive,https://emotive.io/?utm_source=ShopifyPlusPartnerDirectory,Boston,United States,us,shopify,shopify,,,,2026-09-20 22:25
emiliemartinez.com,EM Marketing LLC,https://emiliemartinez.com/,Leander,United States,us,shopify,shopify,,,,2026-09-20 22:25
work.thecharisculture.com,THE CHARIS CULTURE,https://work.thecharisculture.com/,MIAMI,United States,us,shopify,shopify,,,,2026-09-20 22:25
kadybrandwein.com,Kady Brandwein,https://www.kadybrandwein.com/,Portland,United States,us,shopify,shopify,,,,2026-09-20 22:25
genpact.com,Genpact,https://www.genpact.com/services/experience,New York,United States,us,shopify,shopify,,,,2026-09-20 22:25
sunnysidecalifornia.com,Sunnyside,https://www.sunnysidecalifornia.com/,Costa Mesa,United States,us,shopify,shopify,,,,2026-09-20 22:25
theethosteam.com,The Ethos Team,https://www.theethosteam.com/,Ann Arbor,United States,us,shopify,shopify,,,,2026-09-20 22:25
bowst.com,Bowst,https://www.bowst.com/,Portsmouth,United States,us,shopify,shopify,,,,2026-09-20 22:25
hellorep.ai,Rep AI Technologies Inc.,https://hellorep.ai/,New York,United States,us,shopify,shopify,,,,2026-09-20 22:25
elevated-ecommerce.com,elevated e-commerce,https://www.elevated-ecommerce.com/,New York,United States,us,shopify,shopify,,,,2026-09-20 22:25
firstandthird.com,First and Third,https://firstandthird.com/shopify/?utm_source=ShopifyPlusPartnerDirectory,Redondo Beach,United States,us,shopify,shopify,,,,2026-09-20 22:25
getbrandedd.com,Brandedd Creative Studio,https://www.getbrandedd.com/,Jersey City,United States,us,shopify,shopify,,,,2026-09-20 22:25
carvercreative.co,Carver,http://www.carvercreative.co/,Decatur,United States,us,shopify,shopify,,,,2026-09-20 22:25
lowercross.com,Lower Cross,https://lowercross.com/,Greenwich,United States,us,shopify,shopify,,,,2026-09-20 22:25
madebydas.com,Made By DAS,https://www.madebydas.com/,Mineola,United States,us,shopify,shopify,,,,2026-09-20 22:25
twinoakstech.com,Twin Oaks Technology,https://www.twinoakstech.com/,Union City,United States,us,shopify,shopify,,,,2026-09-20 22:25
studioseagraves.com,Studio Seagraves,https://studioseagraves.com/,St. Louis,United States,us,shopify,shopify,,,,2026-09-20 22:25
negativespace.dev,"Negative Space - Lean, Value-focused Development Partner",https://negativespace.dev/,Jacksonville,United States,us,shopify,shopify,,,,2026-09-20 22:25
robinleeinnovations.com,Robin Lee Innovations,https://www.robinleeinnovations.com/,Los Angeles,United States,us,shopify,shopify,,,,2026-09-20 22:25
britecode.io,britecode,https://britecode.io/,Boynton Beach,United States,us,shopify,shopify,,,,2026-09-20 22:25
dibbledevelopment.com,DibLabs,https://www.dibbledevelopment.com/,Watkinsville,United States,us,shopify,shopify,,,,2026-09-20 22:25
thecapeconsulting.com,CAPE Consulting & Companies LLC,https://www.thecapeconsulting.com/,,United States,us,shopify,shopify,,,,2026-09-20 22:25
digitallofts.com,Digital Lofts,https://digitallofts.com/,Chicago,United States,us,shopify,shopify,,,,2026-09-20 22:25
epam.com,EPAM,https://www.epam.com/,Newtown,United States,us,shopify,shopify,,,,2026-09-20 22:25
iovista.com,ioVista,https://www.iovista.com/,Dallas,United States,us,shopify,shopify,,,,2026-09-20 22:25
aumcore.com,Aumcore,https://www.aumcore.com/,New York,United States,us,shopify,shopify,,,,2026-09-20 22:25
syndelltech.com,Syndell Inc,https://syndelltech.com/,Middletown,United States,us,shopify,shopify,,,,2026-09-20 22:25
ldxmarketing.com,LDX Marketing,https://ldxmarketing.com/,Gilbert,United States,us,shopify,shopify,,,,2026-09-20 22:25
springsdigital.com,Springs Digital,https://springsdigital.com/,Miami,United States,us,shopify,shopify,,,,2026-09-20 22:25
stephcorrigan.com,Steph Corrigan Design,https://stephcorrigan.com/,Philadelphia,United States,us,shopify,shopify,,,,2026-09-20 22:26
commence.studio,Commence Commerce,https://commence.studio/,Reno,United States,us,shopify,shopify,,,,2026-09-20 22:26
sameeranand.com,"Sameer (""Sammy"") Anand",https://sameeranand.com/,New York,United States,us,shopify,shopify,,,,2026-09-20 22:26
outcodesoftware.com,OutCode Software,https://www.outcodesoftware.com/,Draper,United States,us,shopify,shopify,,,,2026-09-20 22:26
veeqo.com,Veeqo,https://www.veeqo.com/integrations/shopify-plus?utm_source=ShopifyPlusPartnerDirectory,Seattle,United States,us,shopify,shopify,,,,2026-09-20 22:26
pixelnamics.com,PixelNamics,http://pixelnamics.com/,Dublin,United States,us,shopify,shopify,,,,2026-09-20 22:26
bemeir.com,Bemeir,https://bemeir.com/,Brooklyn,United States,us,shopify,shopify,,,,2026-09-20 22:26
dlynthebrand.com,Danie Lyn The Brand,https://www.dlynthebrand.com/,Chicago,United States,us,shopify,shopify,,,,2026-09-20 22:26
ixhault.com,iXhault LLC,https://www.ixhault.com/,Columbia,United States,us,shopify,shopify,,,,2026-09-20 22:26
tauruscreative.us,Taurus Creative,http://www.tauruscreative.us/,Orlando,United States,us,shopify,shopify,,,,2026-09-20 22:26
electricenjin.com,Electric Enjin,https://electricenjin.com/,Norwalk,United States,us,shopify,shopify,,,,2026-09-20 22:26
merchantsuccessplus.com,Merchant Success Plus,https://merchantsuccessplus.com/,Marco Island,United States,us,shopify,shopify,,,,2026-09-20 22:26
weareenvoy.com,"Envoy Group, LLC",https://www.weareenvoy.com/services/commerce,Irvine,United States,us,shopify,shopify,,,,2026-09-20 22:26
sellfromanywhere.com,Sell From Anywhere,https://sellfromanywhere.com/,Leesburg,United States,us,shopify,shopify,,,,2026-09-20 22:26
cognizant.com,Cognizant Technology Solutions,https://www.cognizant.com/in/en,Teaneck,United States,us,shopify,shopify,,,,2026-09-20 22:26
halopowered.com,HALO,https://halopowered.com/,New York,United States,us,shopify,shopify,,,,2026-09-20 22:26
coretechlab.us,Jato Enterprises Inc,https://coretechlab.us/,Miami,United States,us,shopify,shopify,,,,2026-09-20 22:26
renegadeexperts.com,Renegade Experts,https://www.renegadeexperts.com/,WHITE MARSH,United States,us,shopify,shopify,,,,2026-09-20 22:26
pioneerbev.com,Pioneer BevCom,http://www.pioneerbev.com/,Northampton,United States,us,shopify,shopify,,,,2026-09-20 22:26
dezerv.co,Dezerv.Co,https://www.dezerv.co/,Brandon,United States,us,shopify,shopify,,,,2026-09-20 22:26
gafaro.co,Gafaro,https://gafaro.co/,Sheridan,United States,us,shopify,shopify,,,,2026-09-20 22:26
captainsandcowboys.com,Captains & Cowboys,https://captainsandcowboys.com/,Bozeman,United States,us,shopify,shopify,,,,2026-09-20 22:26
longislandseo.marketing,Conversion Hunters | Long Island SEO & Marketing,https://longislandseo.marketing/,Massapequa,United States,us,shopify,shopify,,,,2026-09-20 22:26
buena-suerte.studio,Buena Suerte LLC,https://buena-suerte.studio/,Chicago,United States,us,shopify,shopify,,,,2026-09-20 22:26
thedesignqueen.com,Design Queen Beviyan,http://thedesignqueen.com/,Los Angeles,United States,us,shopify,shopify,,,,2026-09-20 22:26
builtwithsunny.com,Sunny Verma | Web Designer & Ecommerce Expert,https://www.builtwithsunny.com/,SALT LAKE CITY,United States,us,shopify,shopify,,,,2026-09-20 22:26
sobefy.com,Sobefy eCommerce Agency,https://www.sobefy.com/,Miami Beach,United States,us,shopify,shopify,,,,2026-09-20 22:26
neversettle.it,Never Settle™,https://www.neversettle.it/,Lakewood,United States,us,shopify,shopify,,,,2026-09-20 22:26
ycs-consultants.com,YCS Consultants | NetSuite Connector Integration,https://ycs-consultants.com/,Long Beach,United States,us,shopify,shopify,,,,2026-09-20 22:26
iskpro.com,"ISKPRO, INC",https://www.iskpro.com/,,United States,us,shopify,shopify,,,,2026-09-20 22:26
papertiger.com,Paper Tiger,https://papertiger.com/,Ridgewood,United States,us,shopify,shopify,,,,2026-09-20 22:26
virid.com,Virid,https://www.virid.com/?utm_source=ShopifyPlusPartnerDirectory,Reston,United States,us,shopify,shopify,,,,2026-09-20 22:26
youtechagency.com,Youtech,https://www.youtechagency.com/,Lisle,United States,us,shopify,shopify,,,,2026-09-20 22:26
privy.com,Privy,https://www.privy.com/,Boston,United States,us,shopify,shopify,,,,2026-09-20 22:26
huemor.rocks,Huemor,https://huemor.rocks/services/shopify-website-design/?utm_source=ShopifyPlusPartnerDirectory,Pittsburgh,United States,us,shopify,shopify,,,,2026-09-20 22:26
borderguru.io,Hermes NexTec dba BorderGuru,https://borderguru.io/,Bentonville,United States,us,shopify,shopify,,,,2026-09-20 22:26
aptimized.com,Aptimized LLC.,https://www.aptimized.com/,Wayne,United States,us,shopify,shopify,,,,2026-09-20 22:26
mintlanestudio.com,Mint Lane,https://mintlanestudio.com/,Huntersville,United States,us,shopify,shopify,,,,2026-09-20 22:26
wearetwofold.com,Twofold Media LLC,https://wearetwofold.com/,Overland Park,United States,us,shopify,shopify,,,,2026-09-20 22:26
citizensofthesky.com,Citizens of the Sky,https://citizensofthesky.com/,Boise,United States,us,shopify,shopify,,,,2026-09-20 22:26
fredlundincpa.com,Fred Lundin CPA LLC,https://www.fredlundincpa.com/,Chicago,United States,us,shopify,shopify,,,,2026-09-20 22:26
alidropstore.com,AliDrop Store,https://alidropstore.com/,Portland,United States,us,shopify,shopify,,,,2026-09-20 22:26
growthscalers.com,Growth Scalers,https://growthscalers.com/,,United States,us,shopify,shopify,,,,2026-09-20 22:26
alloracro.com,Allora CRO,https://alloracro.com/,Cambridge,United States,us,shopify,shopify,,,,2026-09-20 22:26
dotcomweavers.com,DotcomWeavers,https://www.dotcomweavers.com/,Morristown,United States,us,shopify,shopify,,,,2026-09-20 22:26
westmountsolutions.com,"Westmount Solutions, Inc.",https://westmountsolutions.com/,New York,United States,us,shopify,shopify,,,,2026-09-20 22:26
whateverindustries.com,Whatever Industries,https://www.whateverindustries.com/,Portland,United States,us,shopify,shopify,,,,2026-09-20 22:26
axacraft.com,Axacraft,https://www.axacraft.com/,Meridian,United States,us,shopify,shopify,,,,2026-09-20 22:26
theevolution7.com,TheEvolution7 Creative Agency,https://theevolution7.com/,Honolulu,United States,us,shopify,shopify,,,,2026-09-20 22:27
ecommercearcade.com,Ecommerce Arcade,https://ecommercearcade.com/,Astoria,United States,us,shopify,shopify,,,,2026-09-20 22:27
47pixels.com,Jonny Hicks,https://47pixels.com/,Pelham,United States,us,shopify,shopify,,,,2026-09-20 22:27
thinknerve.com,Thinknerve | Custom E-Commerce Solutions,https://thinknerve.com/,Brooklyn,United States,us,shopify,shopify,,,,2026-09-20 22:27
permalightnyc.com,Permalight NYC,https://permalightnyc.com/,Brooklyn,United States,us,shopify,shopify,,,,2026-09-20 22:27
i95dev.com,i95Dev Inc.,https://www.i95dev.com/,Newark,United States,us,shopify,shopify,,,,2026-09-20 22:27
builtresponsive.com,Responsive Web Solutions LLC,https://builtresponsive.com/,St. Augustine,United States,us,shopify,shopify,,,,2026-09-20 22:27
qcmmedia.com,QCM Media | Strategic Advisory and Technical Partner,https://qcmmedia.com/,Camano,United States,us,shopify,shopify,,,,2026-09-20 22:27
crimsonagility.us,Crimson Agility,https://crimsonagility.us/,Gilbert,United States,us,shopify,shopify,,,,2026-09-20 22:27
impressiontech.co,Impression Technologies LLC,https://www.impressiontech.co/,Scotch Plains,United States,us,shopify,shopify,,,,2026-09-20 22:27
clearwavecommerce.com,Clearwave Commerce,https://clearwavecommerce.com/,Oceanside,United States,us,shopify,shopify,,,,2026-09-20 22:27
synov-systems.com,Synov-Systems,https://synov-systems.com/,New Yotk,United States,us,shopify,shopify,,,,2026-09-20 22:27
newelevation.com,New Elevation,https://www.newelevation.com/,Lafayette,United States,us,shopify,shopify,,,,2026-09-20 22:27
grin.co,"Grin, Inc.",https://grin.co/?utm_source=ShopifyPlusPartnerDirectory,Sacramento,United States,us,shopify,shopify,,,,2026-09-20 22:27
fulcrumdigital.com,Fulcrum Digital,https://fulcrumdigital.com/,New York,United States,us,shopify,shopify,,,,2026-09-20 22:27
unleaded.digital,Unleaded.Digital,https://www.unleaded.digital/,Denver,United States,us,shopify,shopify,,,,2026-09-20 22:27
samanthacrawford.co,Samantha Crawford Designs,http://www.samanthacrawford.co/,Aubrey,United States,us,shopify,shopify,,,,2026-09-20 22:27
ooak.group,OOAK Group,https://ooak.group/,Boca Raton,United States,us,shopify,shopify,,,,2026-09-20 22:27
aliado.studio,Aliado Studio,http://www.aliado.studio/,Detroit,United States,us,shopify,shopify,,,,2026-09-20 22:27
thoughtfulwebsites.com,Thoughtful Websites,https://thoughtfulwebsites.com/,Brooklyn,United States,us,shopify,shopify,,,,2026-09-20 22:27
brandster.com,"Brandster, Inc.",https://brandster.com/,Stuart,United States,us,shopify,shopify,,,,2026-09-20 22:27
acumatica.com,Acumatica,https://www.acumatica.com/,Bellevue,United States,us,shopify,shopify,,,,2026-09-20 22:27
vitalinteractive.com,"Vital Interactive, Inc.",https://www.vitalinteractive.com/,Huntington Beach,United States,us,shopify,shopify,,,,2026-09-20 22:27
alliclough.com,Alli Clough,https://alliclough.com/,Lantana,United States,us,shopify,shopify,,,,2026-09-20 22:27
koombea.com,Koombea Inc.,http://www.koombea.com/shopify-plus-partner/?utm_source=ShopifyPlusPartnerDirectory,Miami,United States,us,shopify,shopify,,,,2026-09-20 22:27
number5.com,Number 5,https://number5.com/,Los Angeles,United States,us,shopify,shopify,,,,2026-09-20 22:27
cascadiamarquee.com,Cascadia Marquee,https://www.cascadiamarquee.com/,Portland,United States,us,shopify,shopify,,,,2026-09-20 22:27
celerant.com,Celerant,https://www.celerant.com/,Iselin,United States,us,shopify,shopify,,,,2026-09-20 22:27
chargezen.com,Chargezen Inc,https://chargezen.com/,Los Angeles,United States,us,shopify,shopify,,,,2026-09-20 22:27
kadro.com,Kadro Solutions,https://kadro.com/,Raleigh,United States,us,shopify,shopify,,,,2026-09-20 22:27
namebrandhq.com,Name Brand Commerce,https://www.namebrandhq.com/,Boise,United States,us,shopify,shopify,,,,2026-09-20 22:27
boomkintech.com,Boomkin Tech,https://www.boomkintech.com/,Dover,United States,us,shopify,shopify,,,,2026-09-20 22:27
aojohnson.com,AO Johnson Design,https://aojohnson.com/,Maplewood,United States,us,shopify,shopify,,,,2026-09-20 22:27
magehd.com,Mage H.D. Inc.,https://magehd.com/,Tampa,United States,us,shopify,shopify,,,,2026-09-20 22:27
chameleoncollective.com,Chameleon Collective,https://chameleoncollective.com/,Davie,United States,us,shopify,shopify,,,,2026-09-20 22:27
keonnab-studio.square.site,Keonna B. Studio,https://keonnab-studio.square.site/,Houston,United States,us,shopify,shopify,,,,2026-09-20 22:27
bridgeight.com,"Bridgeight, LLC",https://bridgeight.com/,Middletown,United States,us,shopify,shopify,,,,2026-09-20 22:27
thisispattern.com,Pattern,https://www.thisispattern.com/,Berkeley,United States,us,shopify,shopify,,,,2026-09-20 22:27
torosachi.com,ToroSachi,https://torosachi.com/,Saratoga Springs,United States,us,shopify,shopify,,,,2026-09-20 22:27
hootcommerce.com,Hoot Commerce,https://hootcommerce.com/,San Diego,United States,us,shopify,shopify,,,,2026-09-20 22:27
rekonretail.com,rekon Retail,http://www.rekonretail.com/,Astoria,United States,us,shopify,shopify,,,,2026-09-20 22:27
geminisestudio.cl,Géminis Estudio,http://www.geminisestudio.cl/,Bainbridge Island,United States,us,shopify,shopify,,,,2026-09-20 22:27
eyefulmedia.com,Eyeful Media,https://www.eyefulmedia.com/?utm_source=ShopifyPlusPartnerDirectory,Dallas,United States,us,shopify,shopify,,,,2026-09-20 22:28
unlockcommerce.co,UnlockCommerce | B2B NetSuite eCommerce Experts,https://unlockcommerce.co/,Fort Lauderdale,United States,us,shopify,shopify,,,,2026-09-20 22:28
greenline.nyc,Green Line Digital LLC,https://greenline.nyc/,Madison,United States,us,shopify,shopify,,,,2026-09-20 22:28
wanton.is,3.ZERO/VSBLE,https://www.wanton.is/,Chicago,United States,us,shopify,shopify,,,,2026-09-20 22:28
milestonecommerce.com,Milestone Commerce,https://milestonecommerce.com/,Lakeside,United States,us,shopify,shopify,,,,2026-09-20 22:28
c1632.com,C1632 LTD,https://c1632.com/,Columbus,United States,us,shopify,shopify,,,,2026-09-20 22:28
skool.com,Sellery,https://www.skool.com/sellery-central/about,Haverstraw,United States,us,shopify,shopify,,,,2026-09-20 22:28
merkle.com,Merkle,https://www.merkle.com/,Allen,United States,us,shopify,shopify,,,,2026-09-20 22:28
nogin.com,Nogin Partners,http://www.nogin.com?utm_source=ShopifyPlusPartnerDirectory,costa mesa,United States,us,shopify,shopify,,,,2026-09-20 22:28
etg.digital,ETG Digital,https://etg.digital/,Plano,United States,us,shopify,shopify,,,,2026-09-20 22:28
deysend.com,Dey's End Consulting,https://deysend.com/?utm_source=ShopifyPlusPartnerDirectory,Santa Monica,United States,us,shopify,shopify,,,,2026-09-20 22:28
fusionary.com,Fusionary,https://fusionary.com/,Grand Rapids,United States,us,shopify,shopify,,,,2026-09-20 22:28
path.dev,"Path Systems, Inc.",https://path.dev/,Austin,United States,us,shopify,shopify,,,,2026-09-20 22:28
yktechsolutions.com,Yk Tech,https://yktechsolutions.com/,Brooklyn,United States,us,shopify,shopify,,,,2026-09-20 22:28
pundecommerce.com,Punde Commerce,https://pundecommerce.com/,Newark,United States,us,shopify,shopify,,,,2026-09-20 22:28
within.co,WITHIN,https://within.co/lets-talk?utm_source=partnerships&utm_medium=shopdirectory,Long Island City,United States,us,shopify,shopify,,,,2026-09-20 22:28
fahrenheitmarketing.com,Fahrenheit Marketing,https://www.fahrenheitmarketing.com/,Austin,United States,us,shopify,shopify,,,,2026-09-20 22:28
batinstudio.com,Batin Studio,https://batinstudio.com/,Sheridan,United States,us,shopify,shopify,,,,2026-09-20 22:28
artbyedu.com,Edu Herrera - Art & Design,https://artbyedu.com/design,Houston,United States,us,shopify,shopify,,,,2026-09-20 22:28
mentiscollective.com,Mentis Collective,https://www.mentiscollective.com/,Norristown,United States,us,shopify,shopify,,,,2026-09-20 22:28
sharmabrands.com,Sharma Brands,https://www.sharmabrands.com/?utm_source=ShopifyPlusPartnerDirectory,New York,United States,us,shopify,shopify,,,,2026-09-20 22:28
celigo.com,"Celigo, Inc.",https://www.celigo.com/,San Mateo,United States,us,shopify,shopify,,,,2026-09-20 22:28
allanhillman.com,Allan's Web Work LLC,https://allanhillman.com/,Austin,United States,us,shopify,shopify,,,,2026-09-20 22:28
bkthemes.design,BKThemes,https://bkthemes.design/,Ontario,United States,us,shopify,shopify,,,,2026-09-20 22:28
specialoffer.inc,"SPECIAL OFFER, Inc.",https://specialoffer.inc/,NEW YORK,United States,us,shopify,shopify,,,,2026-09-20 22:28
growthspark.com,Growth Spark,https://growthspark.com/,Malden,United States,us,shopify,shopify,,,,2026-09-20 22:28
getvendo.com,Vendo Connect Inc.,https://www.getvendo.com/marketplace-platform,Dover,United States,us,shopify,shopify,,,,2026-09-20 22:28
vincit.com,Vincit,https://www.vincit.com/,Irvine,United States,us,shopify,shopify,,,,2026-09-20 22:28
mkpsoftware.com,MKP Software,https://www.mkpsoftware.com/,Marlborough,United States,us,shopify,shopify,,,,2026-09-20 22:28
nexuscommerce.co,Nexus Commerce,http://www.nexuscommerce.co/,Oakland,United States,us,shopify,shopify,,,,2026-09-20 22:28
echidna.co,"Echidna, Inc.",https://echidna.co/,North Chappaqua,United States,us,shopify,shopify,,,,2026-09-20 22:28
burntbaconwebdesign.com,Burnt Bacon Web Design,https://burntbaconwebdesign.com/,South Jordan,United States,us,shopify,shopify,,,,2026-09-20 22:28
kingandpartners.com,King and Partners,https://www.kingandpartners.com/?utm_source=ShopifyPlusPartnerDirectory,New York,United States,us,shopify,shopify,,,,2026-09-20 22:28
valtira.com,Valtira,http://www.valtira.com/shopifyplus?utm_source=ShopifyPlusPartnerDirectory,Minneapolis,United States,us,shopify,shopify,,,,2026-09-20 22:28
blossomlab.com,Blossom Lab Marketing,https://www.blossomlab.com/,Redding,United States,us,shopify,shopify,,,,2026-09-20 22:28
blueacornici.com,Blue Acorn iCi,https://www.blueacornici.com/?utm_source=ShopifyPlusPartnerDirectory,Charleston,United States,us,shopify,shopify,,,,2026-09-20 22:28
reamaze.com,Reamaze,https://www.reamaze.com/apps/shopifyplus?utm_source=ShopifyPlusPartnerDirectory,Tempe,United States,us,shopify,shopify,,,,2026-09-20 22:28
pricedigitalsolutions.com,Price Digital Solutions,https://pricedigitalsolutions.com/,Caledonia,United States,us,shopify,shopify,,,,2026-09-20 22:28
instituteofwebdesign.com,Institute of Web Design,https://www.instituteofwebdesign.com/,Miami,United States,us,shopify,shopify,,,,2026-09-20 22:28
gravoc.com,GraVoc,https://www.gravoc.com/,Peabody,United States,us,shopify,shopify,,,,2026-09-20 22:28
atakinteractive.com,"ATAK INTERACTIVE, INC.",https://www.atakinteractive.com/,Los Angeles,United States,us,shopify,shopify,,,,2026-09-20 22:28
holleywoodconsulting.com,HolleyWood Consulting,https://holleywoodconsulting.com/,Lodi,United States,us,shopify,shopify,,,,2026-09-20 22:28
abovethefray.io,Above The Fray,https://abovethefray.io/,Portland,United States,us,shopify,shopify,,,,2026-09-20 22:28
100codes.com,"100 Codes Technologies, LLC",https://100codes.com/,Miami,United States,us,shopify,shopify,,,,2026-09-20 22:28
fireandspark.com,Fire&Spark,https://www.fireandspark.com/,Boston,United States,us,shopify,shopify,,,,2026-09-20 22:28
moduet.com,MoDuet,https://moduet.com/solutions/ecommerce/,Louisville,United States,us,shopify,shopify,,,,2026-09-20 22:28
metajive.com,metajive,https://www.metajive.com/,Encinitas,United States,us,shopify,shopify,,,,2026-09-20 22:28
saara.ai,Saara Inc,https://saara.ai/,Fremont,United States,us,shopify,shopify,,,,2026-09-20 22:29
justuno.com,Justuno,https://www.justuno.com/?utm_campaign=Shopify+Plus+Listing&utm_medium=App+Store&utm_source=Partner,Fairfax,United States,us,shopify,shopify,,,,2026-09-20 22:29
winstonstudio.com,Winston Studio,https://winstonstudio.com/,Charleston,United States,us,shopify,shopify,,,,2026-09-20 22:29
adroll.com,AdRoll,https://www.adroll.com/?utm_medium=Shopfy&utm_source=Plus-Directory-Listing,San Francisco,United States,us,shopify,shopify,,,,2026-09-20 22:29
jamersan.com,Jamersan,https://jamersan.com/,Opelika,United States,us,shopify,shopify,,,,2026-09-20 22:29
socialhustle.com,Social Hustle,https://socialhustle.com/,Idaho Falls,United States,us,shopify,shopify,,,,2026-09-20 22:29
jakelylephoto.com,Jake Lyle Photo,http://www.jakelylephoto.com/,Canoga Park,United States,us,shopify,shopify,,,,2026-09-20 22:29
teamgetz.com,Team Getz,https://www.teamgetz.com/,Charlotte,United States,us,shopify,shopify,,,,2026-09-20 22:29
onelive.com,ONELIVE,https://www.onelive.com/shopify-partner?utm_source=ShopifyPlusPartnerDirectory,Austin,United States,us,shopify,shopify,,,,2026-09-20 22:29
kairapatrick.com,Kaira L Patrick,https://www.kairapatrick.com/,Middletown,United States,us,shopify,shopify,,,,2026-09-20 22:29
ens.enterprises,ENS Services Inc,https://www.ens.enterprises/,Secausus,United States,us,shopify,shopify,,,,2026-09-20 22:29
bgagroup.com,BGA Media Group Inc,https://www.bgagroup.com/?utm_source=ShopifyPlusPartnerDirectory,Miami,United States,us,shopify,shopify,,,,2026-09-20 22:29
kristenbaileydesign.com,Kristen Bailey Design,http://www.kristenbaileydesign.com/,Vestavia,United States,us,shopify,shopify,,,,2026-09-20 22:29
kasamadigital.com,Kasama,https://www.kasamadigital.com/,Acton,United States,us,shopify,shopify,,,,2026-09-20 22:29
heliumadvisory.com,Helium,http://www.heliumadvisory.com/,Peachtree Corners,United States,us,shopify,shopify,,,,2026-09-20 22:29
helpflymarketing.com,HELPFLY LLC,https://helpflymarketing.com/,Cheyenne,United States,us,shopify,shopify,,,,2026-09-20 22:29
magecom.net,Magecom - We build e-commerce websites that sell more,https://www.magecom.net/,Maplewood,United States,us,shopify,shopify,,,,2026-09-20 22:29
nicolewilliamspr.com,"Nicole Williams Collective, LLC",https://nicolewilliamspr.com/,Lawrenceville,United States,us,shopify,shopify,,,,2026-09-20 22:29
wearezinc.com,ZINC,https://www.wearezinc.com/,Costa Mesa,United States,us,shopify,shopify,,,,2026-09-20 22:29
mongoosemedia.us,Mongoose Media,https://mongoosemedia.us/,Orlando,United States,us,shopify,shopify,,,,2026-09-20 22:29
ravedigital.agency,Rave Digital,https://www.ravedigital.agency/,Parkland,United States,us,shopify,shopify,,,,2026-09-20 22:29
usablenet.com,UsableNet,https://usablenet.com/,New York,United States,us,shopify,shopify,,,,2026-09-20 22:29
aaxis.io,AAXIS,https://www.aaxis.io/,Los Angeles,United States,us,shopify,shopify,,,,2026-09-20 22:29
wagento.com,Wagento Creative LLC,https://www.wagento.com/,McLean,United States,us,shopify,shopify,,,,2026-09-20 22:29
happycog.com,Happy Cog,https://www.happycog.com/,Port Washington,United States,us,shopify,shopify,,,,2026-09-20 22:29
thelinestudios.nyc,The Line Studios,https://thelinestudios.nyc/,Long Island City,United States,us,shopify,shopify,,,,2026-09-20 22:29
renaissancedm.com,Renaissance Digital Marketing,https://renaissancedm.com/,Tampa,United States,us,shopify,shopify,,,,2026-09-20 22:29
luminoslabs.com,Luminos Labs,https://www.luminoslabs.com/,Brookfield,United States,us,shopify,shopify,,,,2026-09-20 22:29
mykrowdcontrol.com,Krowd Control LLC,https://www.mykrowdcontrol.com/,ST LOUIS,United States,us,shopify,shopify,,,,2026-09-20 22:29
inventureit.com,Inventure IT,https://www.inventureit.com/,Savannah,United States,us,shopify,shopify,,,,2026-09-20 22:29
greatmatter.com,Great Matter,https://greatmatter.com/,Los Angeles,United States,us,shopify,shopify,,,,2026-09-20 22:29
kristineneil.com,Kristine Neil,https://kristineneil.com/,Vancouver,United States,us,shopify,shopify,,,,2026-09-20 22:29
royalcyber.com,Royal Cyber Inc.,https://www.royalcyber.com/,Naperville,United States,us,shopify,shopify,,,,2026-09-20 22:29
biz.openinapp.com,Listed Inc,https://biz.openinapp.com/roasbooster,Wilmington,United States,us,shopify,shopify,,,,2026-09-20 22:29
netformic.com,NETFORMIC USA,https://netformic.com/us,New York,United States,us,shopify,shopify,,,,2026-09-20 22:29
ideallythis.com,Ideally This,https://www.ideallythis.com/?utm_source=ShopifyPlusPartnerDirectory,Chicago,United States,us,shopify,shopify,,,,2026-09-20 22:29
tresl.co,Tresl Inc.,https://www.tresl.co/?utm_source=ShopifyPlusPartnerDirectory,Palo Alto,United States,us,shopify,shopify,,,,2026-09-20 22:29
smartlemon.io,SmartLemon,https://www.smartlemon.io/,Redding,United States,us,shopify,shopify,,,,2026-09-20 22:29
sigmasolve.com,Sigma Solve Inc,https://sigmasolve.com/,Sunrise,United States,us,shopify,shopify,,,,2026-09-20 22:29
horizontaldigital.com,Horizontal Digital,https://www.horizontaldigital.com/,Saint Louis Park,United States,us,shopify,shopify,,,,2026-09-20 22:29
insidethebyte.com,Inside The Byte,https://www.insidethebyte.com/,Costa Mesa,United States,us,shopify,shopify,,,,2026-09-20 22:29
metricboom.com,Metric Boom,https://www.metricboom.com/,Las Vegas,United States,us,shopify,shopify,,,,2026-09-20 22:29
blayzer.com,Blayzer Digital,http://www.blayzer.com/,St Louis,United States,us,shopify,shopify,,,,2026-09-20 22:29
elsiecalocreative.com,Elsie Calo Creative,http://www.elsiecalocreative.com/,Orlando,United States,us,shopify,shopify,,,,2026-09-20 22:30
claspo.io,CLASPO INC.,https://claspo.io/,WILMINGTON,United States,us,shopify,shopify,,,,2026-09-20 22:30
soona.co,soona,https://www.soona.co/,Denver,United States,us,shopify,shopify,,,,2026-09-20 22:30
camna.com,"Camna, LLC",https://www.camna.com/,Locust Grove,United States,us,shopify,shopify,,,,2026-09-20 22:30
pivotal-consulting-group.com,Pivotal Consulting Group,https://www.pivotal-consulting-group.com/,Evesham,United States,us,shopify,shopify,,,,2026-09-20 22:30
7rockmarketing.com,7Rock Marketing,https://www.7rockmarketing.com/,Glendale,United States,us,shopify,shopify,,,,2026-09-20 22:30
nvine.net,Nvine,https://nvine.net/,New York,United States,us,shopify,shopify,,,,2026-09-20 22:30
saturdayrepublic.com,Saturday Republic,https://www.saturdayrepublic.com/,Victor,United States,us,shopify,shopify,,,,2026-09-20 22:30
chetu.com,"Chetu, Inc.",https://www.chetu.com/lp/retail/eshop.php,Sunrise,United States,us,shopify,shopify,,,,2026-09-20 22:30
iwdagency.com,IWD Agency,https://www.iwdagency.com/,Austin,United States,us,shopify,shopify,,,,2026-09-20 22:30
rdadigital.com,RDA,https://www.rdadigital.com/,Hunt Valley,United States,us,shopify,shopify,,,,2026-09-20 22:30
nvinc.com,Sales Tax System by Verified Expansion,https://nvinc.com/ceo-blueprint/,Las Vegas,United States,us,shopify,shopify,,,,2026-09-20 22:30
deque.com,Deque Systems,https://www.deque.com/shopify/?utm_source=ShopifyPlusPartnerDirectory,Herndon,United States,us,shopify,shopify,,,,2026-09-20 22:30
trinetsolutions.com,"Trinet Internet Solutions, Inc.",https://www.trinetsolutions.com/,Irvine,United States,us,shopify,shopify,,,,2026-09-20 22:30
incrediblevisibility.com,Incredible Visibility,https://www.incrediblevisibility.com/,Parkland,United States,us,shopify,shopify,,,,2026-09-20 22:30
nestosh.com,NESTOSH LLC,https://nestosh.com/,Chicago,United States,us,shopify,shopify,,,,2026-09-20 22:30
us.nttdata.com,NTT DATA,https://us.nttdata.com/en/,Plano,United States,us,shopify,shopify,,,,2026-09-20 22:30
ecommerceplacement.com,eCommerce Placement,https://www.ecommerceplacement.com/,Millburn,United States,us,shopify,shopify,,,,2026-09-20 22:30
steadyrain.com,SteadyRain,https://www.steadyrain.com/,Saint Louis,United States,us,shopify,shopify,,,,2026-09-20 22:30
ndsoft.tech,NDSOFT LLC,https://www.ndsoft.tech/,dover,United States,us,shopify,shopify,,,,2026-09-20 22:30
liquid.media,Liquid Media,https://liquid.media/,Oklahoma City,United States,us,shopify,shopify,,,,2026-09-20 22:30
nextrow.com,nextrow,https://www.nextrow.com/,Schaumburg,United States,us,shopify,shopify,,,,2026-09-20 22:30
vibrantbrands.com,Vibrant Brands,https://www.vibrantbrands.com/,Latham,United States,us,shopify,shopify,,,,2026-09-20 22:30
tgid.solutions,Cosletienne Group LLC,https://www.tgid.solutions/,Miramar,United States,us,shopify,shopify,,,,2026-09-20 22:30
webforce5.com,Web Force 5 USA,https://www.webforce5.com/,Philadelphia,United States,us,shopify,shopify,,,,2026-09-20 22:30
aperturelabs.net,Aperture Labs,http://www.aperturelabs.net/,Milwaukee,United States,us,shopify,shopify,,,,2026-09-20 22:30
turny.co,Turny,https://turny.co/,La Jolla,United States,us,shopify,shopify,,,,2026-09-20 22:30
toilynparker.com,Toi Lyn Parker | 7Figure Commerce,http://toilynparker.com/,Kent,United States,us,shopify,shopify,,,,2026-09-20 22:30
medtechanalytics.com,MedTech Analytics LLC,https://www.medtechanalytics.com/,Lexington,United States,us,shopify,shopify,,,,2026-09-20 22:30
tiptop.com,Tiptop,https://tiptop.com/,Anaheim,United States,us,shopify,shopify,,,,2026-09-20 22:30
thriftly.com,thriftly,https://www.thriftly.com/,Denver,United States,us,shopify,shopify,,,,2026-09-20 22:30
1960designs.liveblog365.com,1960designs,http://1960designs.liveblog365.com/,Stone Mountain,United States,us,shopify,shopify,,,,2026-09-20 22:30
reveation.io,Reveation Labs,https://www.reveation.io/?utm_source=partner_directory&utm_medium=company_profile,Plano,United States,us,shopify,shopify,,,,2026-09-20 22:30
heyo.is,Heyo,https://heyo.is/,Monument,United States,us,shopify,shopify,,,,2026-09-20 22:30
mellissajarretteart.com,Mellissa Jarrette Art,https://mellissajarretteart.com/,Nevada City,United States,us,shopify,shopify,,,,2026-09-20 22:30
bubasmedia.com,Buba's Media,https://bubasmedia.com/,Fitchburg,United States,us,shopify,shopify,,,,2026-09-20 22:30
kahvisolutions.com,Kahvi Solutions,https://www.kahvisolutions.com/,Sheridan,United States,us,shopify,shopify,,,,2026-09-20 22:31
trikatechnologies.com,Trika Technologies,https://www.trikatechnologies.com/,Warren,United States,us,shopify,shopify,,,,2026-09-20 22:31
convertifylabs.com,ConvertifyLabs,https://convertifylabs.com/,Fort Worth,United States,us,shopify,shopify,,,,2026-09-20 22:31
arizon.digital,Arizon Solutions Inc.,https://arizon.digital/,Sugar Land,United States,us,shopify,shopify,,,,2026-09-20 22:31
makira.io,Makira,https://www.makira.io/,Denver,United States,us,shopify,shopify,,,,2026-09-20 22:31
sophelle.com,Sophelle,http://www.sophelle.com/,Framingham,United States,us,shopify,shopify,,,,2026-09-20 22:31
abbotkinney.agency,Abbot Kinney Agency,https://abbotkinney.agency/,Venice,United States,us,shopify,shopify,,,,2026-09-20 22:31
verndale.com,Verndale,https://www.verndale.com/,Boston,United States,us,shopify,shopify,,,,2026-09-20 22:31
rhapsodymedia.com,Keith Pires,https://www.rhapsodymedia.com/en-us,Denver,United States,us,shopify,shopify,,,,2026-09-20 22:31
getfastr.com,Fastr,https://getfastr.com/,Boston,United States,us,shopify,shopify,,,,2026-09-20 22:31
griddynamics.com,Grid Dynamics,https://www.griddynamics.com/,San Ramon,United States,us,shopify,shopify,,,,2026-09-20 22:31
whereoware.com,Whereoware,https://www.whereoware.com/,McLean,United States,us,shopify,shopify,,,,2026-09-20 22:31
brightscout.com,Brightscout,https://brightscout.com/,Austin,United States,us,shopify,shopify,,,,2026-09-20 22:31
modop.com,Mod Op,https://www.modop.com/,Miami,United States,us,shopify,shopify,,,,2026-09-20 22:31
fostercommerce.com,Foster Commerce,https://www.fostercommerce.com/,Worthington,United States,us,shopify,shopify,,,,2026-09-20 22:31
bridgepointconsulting.com,Bridgepoint Consulting,https://bridgepointconsulting.com/,Austin,United States,us,shopify,shopify,,,,2026-09-20 22:31
curiousm.com,"Curious Minds Media, Inc.",https://www.curiousm.com/,Kingston,United States,us,shopify,shopify,,,,2026-09-20 22:31
suitelabs.net,SuiteLabs,https://suitelabs.net/,Miami,United States,us,shopify,shopify,,,,2026-09-20 22:31
siberia.io,Siberia,https://www.siberia.io/,New York,United States,us,shopify,shopify,,,,2026-09-20 22:31
ecommtoday.com,Ecommtoday,https://www.ecommtoday.com/,Crozet,United States,us,shopify,shopify,,,,2026-09-20 22:31
katstevenson.co,Katherine Stevenson,https://katstevenson.co/,Melbourne,Australia,australia,shopify,shopify,,,,2026-09-20 22:31
theworkingparty.com.au,The Working Party,https://theworkingparty.com.au/,Hawthorn,Australia,australia,shopify,shopify,,,,2026-09-20 22:31
saromedia.com.au,Saro Media,https://saromedia.com.au/,Summer Hill,Australia,australia,shopify,shopify,,,,2026-09-20 22:31
seventyfourdesign.com.au,Seventyfour Design,http://www.seventyfourdesign.com.au/,Melbourne,Australia,australia,shopify,shopify,,,,2026-09-20 22:31
danthewebman.com,"👍 Dan The Web Man Burleigh, Gold Coast & Brisbane, Australia",https://danthewebman.com/,Gold Coast,Australia,australia,shopify,shopify,,,,2026-09-20 22:31
cytatech.com.au,CytaTech,https://www.cytatech.com.au/,Perth,Australia,australia,shopify,shopify,,,,2026-09-20 22:31
overdose.digital,Overdose.,https://overdose.digital/,South Yarra,Australia,australia,shopify,shopify,,,,2026-09-20 22:31
convertdigital.com.au,Convert Digital,https://www.convertdigital.com.au/,Abbotsford,Australia,australia,shopify,shopify,,,,2026-09-20 22:31
crypticalwebstudio.com.au,Cryptical Web Studio,https://crypticalwebstudio.com.au/,Melbourne,Australia,australia,shopify,shopify,,,,2026-09-20 22:31
swaycreative.com.au,SwayCreative,https://swaycreative.com.au/,Sydney,Australia,australia,shopify,shopify,,,,2026-09-20 22:31
arkhi.com.au,Arkhi,https://arkhi.com.au/,Burleigh Heads,Australia,australia,shopify,shopify,,,,2026-09-20 22:31
netzilatechnologies.com,Netzila Technologies,https://www.netzilatechnologies.com/,,Australia,australia,shopify,shopify,,,,2026-09-20 22:31
artizone.au,ArtiZone,https://artizone.au/,Sydney,Australia,australia,shopify,shopify,,,,2026-09-20 22:31
my-it.com.au,My IT Studio,https://my-it.com.au/,Hobart,Australia,australia,shopify,shopify,,,,2026-09-20 22:31
duranttechnologies.com,Durant Technologies,https://www.duranttechnologies.com/,Melbourne,Australia,australia,shopify,shopify,,,,2026-09-20 22:31
uxflow.com,UX Flow | Gold Coast | Conversion-optimised websites for local and international,https://www.uxflow.com/,Carrara,Australia,australia,shopify,shopify,,,,2026-09-20 22:31
myintegrator.com.au,MyIntegrator,https://www.myintegrator.com.au/,South Melbourne,Australia,australia,shopify,shopify,,,,2026-09-20 22:31
rtw.com.au,Refresh The Web,https://rtw.com.au/,Miranda,Australia,australia,shopify,shopify,,,,2026-09-20 22:31
studio-saintt.com,"Studio Saintt® | Beauty, Fashion & Lifestyle Brand Expert",http://www.studio-saintt.com/,Caloundra West,Australia,australia,shopify,shopify,,,,2026-09-20 22:31
23digital.com.au,23 Digital,https://www.23digital.com.au/,St Kilda,Australia,australia,shopify,shopify,,,,2026-09-20 22:31
techweave.co,Techweave,https://www.techweave.co/,Bundall,Australia,australia,shopify,shopify,,,,2026-09-20 22:31
onecirclestudio.com.au,One Circle Studio,https://www.onecirclestudio.com.au/,Perth,Australia,australia,shopify,shopify,,,,2026-09-20 22:31
digitaldarts.com.au,Digital Darts,https://www.digitaldarts.com.au/,South Toowoomba,Australia,australia,shopify,shopify,,,,2026-09-20 22:31
bluerock.com.au,BlueRock Digital,https://www.bluerock.com.au/services/digital/,Melbourne,Australia,australia,shopify,shopify,,,,2026-09-20 22:31
kodingthemes.com,Koding Themes,https://kodingthemes.com/,Melbourne,Australia,australia,shopify,shopify,,,,2026-09-20 22:31
studioelephant.au,Studio Elephant,https://www.studioelephant.au/,Melbourne,Australia,australia,shopify,shopify,,,,2026-09-20 22:31
freakinawesome.com.au,Freakin' Awesome | Gold Coast & Brisbane | Automotive & Adventure Specialist,https://freakinawesome.com.au/,Gold Coast,Australia,australia,shopify,shopify,,,,2026-09-20 22:31
drive.digital,Drive Digital,https://drive.digital/,Fortitude Valley,Australia,australia,shopify,shopify,,,,2026-09-20 22:31
bedfordlane.co,Bedford Lane®,https://www.bedfordlane.co/,Melbourne,Australia,australia,shopify,shopify,,,,2026-09-20 22:31
dotcollective.com.au,DotCollective,https://dotcollective.com.au/,Fitzroy,Australia,australia,shopify,shopify,,,,2026-09-20 22:31
76creativestudio.com,76CREATIVE,https://76creativestudio.com/,PERTH,Australia,australia,shopify,shopify,,,,2026-09-20 22:31
whitepeakdigital.com,White Peak Digital,https://www.whitepeakdigital.com/,Spring Hill,Australia,australia,shopify,shopify,,,,2026-09-20 22:31
rockawaydigital.com,Rockaway Digital™,https://rockawaydigital.com/,Sydney,Australia,australia,shopify,shopify,,,,2026-09-20 22:31
lambagency.com.au,Lamb Agency,https://www.lambagency.com.au/ecommerce,Brisbane City,Australia,australia,shopify,shopify,,,,2026-09-20 22:32
perceptiv.digital,Perceptiv Digital,https://perceptiv.digital/,Perth,Australia,australia,shopify,shopify,,,,2026-09-20 22:32
nakeddigital.au,Naked Digital,https://nakeddigital.au/,Newcastle,Australia,australia,shopify,shopify,,,,2026-09-20 22:32
goldcoastecommerce.com.au,Gold Coast Ecommerce,https://www.goldcoastecommerce.com.au/,Burleigh,Australia,australia,shopify,shopify,,,,2026-09-20 22:32
lulagroupwebdesign.com.au,Lula Group,https://www.lulagroupwebdesign.com.au/,Liverpool,Australia,australia,shopify,shopify,,,,2026-09-20 22:32
30acres.com.au,30acres,https://www.30acres.com.au/,Byron Bay,Australia,australia,shopify,shopify,,,,2026-09-20 22:32
rankingco.com.au,RankingCo,https://www.rankingco.com.au/,Woolloongabba,Australia,australia,shopify,shopify,,,,2026-09-20 22:32
danchristiedesigns.com,Dan Christie Designs,https://danchristiedesigns.com/,Sydney,Australia,australia,shopify,shopify,,,,2026-09-20 22:32
thinklab.com.au,ThinkLab,https://thinklab.com.au/,Dulwich Hill,Australia,australia,shopify,shopify,,,,2026-09-20 22:32
ellajonesdesign.com.au,Ella Jones Design,https://ellajonesdesign.com.au/,Manly West,Australia,australia,shopify,shopify,,,,2026-09-20 22:32
bacreative.com.au,BA Creative - Brisbane,https://bacreative.com.au/,Brisbane,Australia,australia,shopify,shopify,,,,2026-09-20 22:32
saol.com.au,Saol Web Design,https://saol.com.au/,BRISBANE,Australia,australia,shopify,shopify,,,,2026-09-20 22:32
siritheagency.com,Siri The Agency,https://siritheagency.com/,Selby,Australia,australia,shopify,shopify,,,,2026-09-20 22:32
gnasolutions.com.au,GNA Solutions,https://gnasolutions.com.au/,Chatswood,Australia,australia,shopify,shopify,,,,2026-09-20 22:32
webhance.com.au,Webhance Digital,https://webhance.com.au/,Springwood,Australia,australia,shopify,shopify,,,,2026-09-20 22:32
cultivatedcommerce.com,Cultivated Commerce,https://www.cultivatedcommerce.com/,Perth,Australia,australia,shopify,shopify,,,,2026-09-20 22:32
flux.agency,Flux,https://flux.agency/services,Melbourne,Australia,australia,shopify,shopify,,,,2026-09-20 22:32
jakebatic.com,Jake Batic,https://jakebatic.com/,Adelaide,Australia,australia,shopify,shopify,,,,2026-09-20 22:32
elephantroom.com.au,Elephant Room,https://elephantroom.com.au/,Sydney,Australia,australia,shopify,shopify,,,,2026-09-20 22:32
houseofcart.com.au,House of Cart,https://houseofcart.com.au/,Burleigh Waters,Australia,australia,shopify,shopify,,,,2026-09-20 22:32
growthdigital.com.au,Growth Digital,https://growthdigital.com.au/,Melbourne,Australia,australia,shopify,shopify,,,,2026-09-20 22:32
10sq.dev,10SQ,https://10sq.dev/,Cremorne,Australia,australia,shopify,shopify,,,,2026-09-20 22:32
designdatadynamics.com.au,Design Data Dynamics,https://designdatadynamics.com.au/,Surry Hills,Australia,australia,shopify,shopify,,,,2026-09-20 22:32
webqem.com,webqem,https://www.webqem.com/,North Sydney,Australia,australia,shopify,shopify,,,,2026-09-20 22:32
hyrik.com,Hyrik Studio,https://www.hyrik.com/,Perth,Australia,australia,shopify,shopify,,,,2026-09-20 22:32
acidgreen.com.au,Acidgreen,https://acidgreen.com.au/,Sydney,Australia,australia,shopify,shopify,,,,2026-09-20 22:32
italicsbold.com.au,Italics Bold,https://italicsbold.com.au/,Gold Coast,Australia,australia,shopify,shopify,,,,2026-09-20 22:32
yellowdoordigital.com.au,Yellow Door Digital,https://yellowdoordigital.com.au/,Geelong,Australia,australia,shopify,shopify,,,,2026-09-20 22:32
jenuinecreative.com,Jenuine Creative,https://jenuinecreative.com/,Adelaide,Australia,australia,shopify,shopify,,,,2026-09-20 22:32
insil.com.au,Insil,https://www.insil.com.au/,North Sydney,Australia,australia,shopify,shopify,,,,2026-09-20 22:32
wheelhouse.net.au,Wheelhouse,https://wheelhouse.net.au/,East Corrimal,Australia,australia,shopify,shopify,,,,2026-09-20 22:32
jaffle.agency,Jaffle Agency Pty Ltd,https://www.jaffle.agency/,Holbrook,Australia,australia,shopify,shopify,,,,2026-09-20 22:32
wordofmouth.digital,Word Of Mouth Digital,https://wordofmouth.digital/,Darlinghurst,Australia,australia,shopify,shopify,,,,2026-09-20 22:32
madeleinecreative.com.au,Madeleine Creative,https://www.madeleinecreative.com.au/,Attwood,Australia,australia,shopify,shopify,,,,2026-09-20 22:32
atdigital.io,AT Digital,https://atdigital.io/,Ryde,Australia,australia,shopify,shopify,,,,2026-09-20 22:32
moustacherepublic.com,Moustache Republic,https://www.moustacherepublic.com/,Sydney,Australia,australia,shopify,shopify,,,,2026-09-20 22:32
websitesbyjamie.com.au,Websites by Jamie,https://www.websitesbyjamie.com.au/,Sunshine Coast,Australia,australia,shopify,shopify,,,,2026-09-20 22:32
partbot.com.au,Partbot,https://partbot.com.au/,Woodridge,Australia,australia,shopify,shopify,,,,2026-09-20 22:32
siriusxd.com,Sirius XD Pty Ltd,https://siriusxd.com/,Austral,Australia,australia,shopify,shopify,,,,2026-09-20 22:32
mindarc.com,MindArc,https://www.mindarc.com/,Camperdown,Australia,australia,shopify,shopify,,,,2026-09-20 22:32
mjdigital.com.au,MJ Digital,https://www.mjdigital.com.au/,Albury,Australia,australia,shopify,shopify,,,,2026-09-20 22:32
clickstartdigital.com.au,Click Start Digital,https://clickstartdigital.com.au/,Brisbane,Australia,australia,shopify,shopify,,,,2026-09-20 22:32
digitalmavens.com.au,Digital Mavens,https://digitalmavens.com.au/,St Leonards,Australia,australia,shopify,shopify,,,,2026-09-20 22:32
fruitfulcreative.com.au,Fruitful Creative,https://www.fruitfulcreative.com.au/,Cronulla,Australia,australia,shopify,shopify,,,,2026-09-20 22:32
factfour.com,factfour,https://factfour.com/,Sandringham,Australia,australia,shopify,shopify,,,,2026-09-20 22:32
milqdigital.co,MILQ. Digital,https://www.milqdigital.co/,Hornsby,Australia,australia,shopify,shopify,,,,2026-09-20 22:32
cliqueddigital.au,Cliqued Digital,https://cliqueddigital.au/,Newstead,Australia,australia,shopify,shopify,,,,2026-09-20 22:32
sondersites.com,Sonder Sites,https://www.sondersites.com/,Kyneton,Australia,australia,shopify,shopify,,,,2026-09-20 22:32
crescospec.com,Crescospec,https://crescospec.com/,Sydney,Australia,australia,shopify,shopify,,,,2026-09-20 22:32
leebecker.com.au,Lee Becker,https://www.leebecker.com.au/,Warners Bay,Australia,australia,shopify,shopify,,,,2026-09-20 22:32
gorilla360.com.au,Gorilla 360,https://gorilla360.com.au/,Carrington,Australia,australia,shopify,shopify,,,,2026-09-20 22:32
anagency.com.au,An Agency,https://www.anagency.com.au/,Dickson,Australia,australia,shopify,shopify,,,,2026-09-20 22:33
ecomnation.com.au,Ecom Nation Pty Ltd,https://ecomnation.com.au/,Parkside,Australia,australia,shopify,shopify,,,,2026-09-20 22:33
webninja.com.au,Web Ninja Pty Ltd,https://www.webninja.com.au/,Gold Coast,Australia,australia,shopify,shopify,,,,2026-09-20 22:33
calibrenine.com.au,Calibre9 – SEO and Google Shopping Experts,https://calibrenine.com.au/,Melbourne,Australia,australia,shopify,shopify,,,,2026-09-20 22:33
relevantdigital.com.au,Relevant Digital,https://www.relevantdigital.com.au/,Kew,Australia,australia,shopify,shopify,,,,2026-09-20 22:33
weboost.com.au,WeBOOST Digital Marketing,https://weboost.com.au/,Docklands,Australia,australia,shopify,shopify,,,,2026-09-20 22:33
soulandwolf.com.au,Soul+Wolf,https://www.soulandwolf.com.au/,South Melbourne,Australia,australia,shopify,shopify,,,,2026-09-20 22:33
ecomcompass.com.au,Ecom Compass,https://www.ecomcompass.com.au/,Tamborine,Australia,australia,shopify,shopify,,,,2026-09-20 22:33
disruptiv.com.au,Disruptiv Digital Pty Ltd,https://disruptiv.com.au/,Seven Hills,Australia,australia,shopify,shopify,,,,2026-09-20 22:33
experia.au,Experia,https://www.experia.au/,Pakenham,Australia,australia,shopify,shopify,,,,2026-09-20 22:33
aiad.com.au,Australian Internet Advertising,https://aiad.com.au/,St Leonards,Australia,australia,shopify,shopify,,,,2026-09-20 22:33
justcreateit.com.au,Just Create It,http://www.justcreateit.com.au/,Eastgardens,Australia,australia,shopify,shopify,,,,2026-09-20 22:33
tyack.com.au,Tyack eCommerce Solutions Australia,https://www.tyack.com.au/,Melbourne,Australia,australia,shopify,shopify,,,,2026-09-20 22:33
yonder-studio.com,Yonder Studio,https://yonder-studio.com/,Brunswick,Australia,australia,shopify,shopify,,,,2026-09-20 22:33
littleredjet.com,LittleRedJet,https://littleredjet.com/,Hampton,Australia,australia,shopify,shopify,,,,2026-09-20 22:33
powertoolsapp.com,Power Tools,https://www.powertoolsapp.com/,Subiaco,Australia,australia,shopify,shopify,,,,2026-09-20 22:33
verveinnovation.au,Verve Innovation,https://www.verveinnovation.au/,Preston,Australia,australia,shopify,shopify,,,,2026-09-20 22:33
smbconsultants.com.au,SMB Consultants,https://www.smbconsultants.com.au/,Surry Hills,Australia,australia,shopify,shopify,,,,2026-09-20 22:33
productpreneurmarketing.com,Productpreneur Marketing,https://productpreneurmarketing.com/,KINGSWOOD,Australia,australia,shopify,shopify,,,,2026-09-20 22:33
trout.com.au,Trout Creative Thinking,https://www.trout.com.au/,Collingwood,Australia,australia,shopify,shopify,,,,2026-09-20 22:33
proudaspunch.studio,Proud as Punch Studio,https://www.proudaspunch.studio/,Chittaway Bay,Australia,australia,shopify,shopify,,,,2026-09-20 22:33
xugar.com.au,Xugar,https://xugar.com.au/,Melbourne,Australia,australia,shopify,shopify,,,,2026-09-20 22:33
discolabs.com,Disco,https://www.discolabs.com/,Cremorne,Australia,australia,shopify,shopify,,,,2026-09-20 22:33
codeinspire.io,CodeInspire.io,https://codeinspire.io/,Bankstown,Australia,australia,shopify,shopify,,,,2026-09-20 22:33
zephyrsocial.com.au,Zephyr Social,http://www.zephyrsocial.com.au/,Sydney,Australia,australia,shopify,shopify,,,,2026-09-20 22:33
bove.marketing,Bove Marketing,https://bove.marketing/,Kew East,Australia,australia,shopify,shopify,,,,2026-09-20 22:33
digisite.com.au,Digisite Pty Ltd,https://www.digisite.com.au/,Clayton,Australia,australia,shopify,shopify,,,,2026-09-20 22:33
aframedesign.com.au,Aframe Design,https://www.aframedesign.com.au/,Melbourne,Australia,australia,shopify,shopify,,,,2026-09-20 22:33
amblique.com,Amblique,https://amblique.com/,Surry Hills,Australia,australia,shopify,shopify,,,,2026-09-20 22:33
foureightseven.studio,FourEightSeven,https://foureightseven.studio/,Sydney,Australia,australia,shopify,shopify,,,,2026-09-20 22:33
bossdigitalmarketing.com.au,Boss Digital Marketing,https://www.bossdigitalmarketing.com.au/,Melbourne,Australia,australia,shopify,shopify,,,,2026-09-20 22:33
pearler.work,PEARLER,https://pearler.work/,Byron Bay,Australia,australia,shopify,shopify,,,,2026-09-20 22:33
kiaoradigital.com.au,Kia Ora Digital,https://www.kiaoradigital.com.au/,Melbourne,Australia,australia,shopify,shopify,,,,2026-09-20 22:33
spaceydigital.com,SPACEY DIGITAL,https://www.spaceydigital.com/,Golden Beach,Australia,australia,shopify,shopify,,,,2026-09-20 22:33
rockethouse.com.au,Rockethouse,https://www.rockethouse.com.au/,Adelaide,Australia,australia,shopify,shopify,,,,2026-09-20 22:33
teamharvey.co,Harvey,https://www.teamharvey.co/,Melbourne,Australia,australia,shopify,shopify,,,,2026-09-20 22:33
webbywebdesign.com.au,Webby Web Design,https://www.webbywebdesign.com.au/,Mordialloc,Australia,australia,shopify,shopify,,,,2026-09-20 22:33
integrationkings.com,Integration Kings,https://www.integrationkings.com/,Loganholme,Australia,australia,shopify,shopify,,,,2026-09-20 22:33
staxd.com.au,Staxd Pty ltd,https://www.staxd.com.au/,Ascot,Australia,australia,shopify,shopify,,,,2026-09-20 22:33
reason8.com.au,Reason8 Pty Ltd,https://reason8.com.au/,Randwick,Australia,australia,shopify,shopify,,,,2026-09-20 22:33
thethoughtfulagency.com,The Thoughtful Agency,https://thethoughtfulagency.com/,Sydney,Australia,australia,shopify,shopify,,,,2026-09-20 22:33
mitchwood.digital,mitchwood.digital,https://mitchwood.digital/,WOOLLOONGABBA,Australia,australia,shopify,shopify,,,,2026-09-20 22:33
laurton.digital,Laurton Digital,https://laurton.digital/,Mornington,Australia,australia,shopify,shopify,,,,2026-09-20 22:33
afksoftware.com.au,AFK Application Design,https://www.afksoftware.com.au/,Docklands,Australia,australia,shopify,shopify,,,,2026-09-20 22:33
pipelabs.com.au,Pipelabs,https://www.pipelabs.com.au/?utm_source=ShopifyPlusPartnerDirectory,West Melbourne,Australia,australia,shopify,shopify,,,,2026-09-20 22:33
volutus.com.au,Volutus,https://www.volutus.com.au/,Sydney,Australia,australia,shopify,shopify,,,,2026-09-20 22:33
nuver.com.au,Nuver Digital,https://www.nuver.com.au/,Sydney,Australia,australia,shopify,shopify,,,,2026-09-20 22:33
monsterrose.com.au,Monster Rose Pty Ltd,https://www.monsterrose.com.au/,Hadfield,Australia,australia,shopify,shopify,,,,2026-09-20 22:33
digitecit.com.au,Digitec IT,https://digitecit.com.au/,Box Hill,Australia,australia,shopify,shopify,,,,2026-09-20 22:33
nextwave.com.au,Nextwave,https://www.nextwave.com.au/,Byron Bay,Australia,australia,shopify,shopify,,,,2026-09-20 22:34
hellodifferent.com,Hello Different Pty Ltd,https://hellodifferent.com/,Sydney,Australia,australia,shopify,shopify,,,,2026-09-20 22:34
myshophosting.com,myshophosting,https://www.myshophosting.com/,Wyong,Australia,australia,shopify,shopify,,,,2026-09-20 22:34
optimising.com.au,Optimising,https://optimising.com.au/,Melbourne,Australia,australia,shopify,shopify,,,,2026-09-20 22:34
megantic.com.au,Megantic Pty Ltd,https://www.megantic.com.au/,Melbourne,Australia,australia,shopify,shopify,,,,2026-09-20 22:34
webdivine.agency,Web Divine,https://www.webdivine.agency/,Niddrie,Australia,australia,shopify,shopify,,,,2026-09-20 22:34
cornerstoneandcompass.com,Cornerstone and Compass,http://cornerstoneandcompass.com/,Melbourne,Australia,australia,shopify,shopify,,,,2026-09-20 22:34
cinemano.com.au,Cinemano Media,http://cinemano.com.au/,Smithfield,Australia,australia,shopify,shopify,,,,2026-09-20 22:34
artie.codes,Artie Codes,https://artie.codes/,Glenbrook,Australia,australia,shopify,shopify,,,,2026-09-20 22:34
arkade.com.au,Arkade,https://www.arkade.com.au/,Melbourne,Australia,australia,shopify,shopify,,,,2026-09-20 22:34
hage.digital,Hage Digital,https://hage.digital/,Port Lincoln,Australia,australia,shopify,shopify,,,,2026-09-20 22:34
vcdesks.com,VCDESKS PTY LTD,https://vcdesks.com/,Sefton,Australia,australia,shopify,shopify,,,,2026-09-20 22:34
residencystudios.com,Residency Studios,https://residencystudios.com/,Newtown,Australia,australia,shopify,shopify,,,,2026-09-20 22:34
deckhandcreative.com.au,Deckhand Creative,https://www.deckhandcreative.com.au/,Leichhardt,Australia,australia,shopify,shopify,,,,2026-09-20 22:34
jwwd.com.au,JWWD,https://jwwd.com.au/,Chittaway Bay,Australia,australia,shopify,shopify,,,,2026-09-20 22:34
wearetag.co,TAG,https://www.wearetag.co/,Melbourne,Australia,australia,shopify,shopify,,,,2026-09-20 22:34
choruscollective.co,Chorus Collective,https://www.choruscollective.co/,South Yarra,Australia,australia,shopify,shopify,,,,2026-09-20 22:34
globant.link,Globant,https://globant.link/3YqJVI4,Sydney,Australia,australia,shopify,shopify,,,,2026-09-20 22:34
thirdidentity.com.au,Third Identity,https://www.thirdidentity.com.au/,Lane Cove,Australia,australia,shopify,shopify,,,,2026-09-20 22:34
cleverconversions.com.au,Clever Conversions,https://cleverconversions.com.au/,Sydney,Australia,australia,shopify,shopify,,,,2026-09-20 22:34
wpmdigital.com.au,WPM Digital,https://wpmdigital.com.au/,Berwick,Australia,australia,shopify,shopify,,,,2026-09-20 22:34
punchbuggy.com.au,Punch Buggy Digital Agency,https://www.punchbuggy.com.au/,Mona Vale,Australia,australia,shopify,shopify,,,,2026-09-20 22:34
bydsgn.studio,DSGN✻,https://www.bydsgn.studio/,Brisbane,Australia,australia,shopify,shopify,,,,2026-09-20 22:34
sebastianwalach.com,SWDev,https://sebastianwalach.com/,BRUNSWICK EAST,Australia,australia,shopify,shopify,,,,2026-09-20 22:34
studiofussy.com,STUDIO FUSSY,https://studiofussy.com/,Melbourne,Australia,australia,shopify,shopify,,,,2026-09-20 22:34
digitaloutlook.com.au,Digital Outlook,https://www.digitaloutlook.com.au/,Brighton,Australia,australia,shopify,shopify,,,,2026-09-20 22:34
thatwebagency.com.au,THAT Web Agency,https://thatwebagency.com.au/,Springvale,Australia,australia,shopify,shopify,,,,2026-09-20 22:34
ecomxseo.com,Optizenapp,https://ecomxseo.com/,Macclesfield,Australia,australia,shopify,shopify,,,,2026-09-20 22:34
thecommercebureau.com,The Commerce Bureau,https://thecommercebureau.com/,Burleigh Heads,Australia,australia,shopify,shopify,,,,2026-09-20 22:34
madebyverse.com,Verse,https://madebyverse.com/,Salisbury,Australia,australia,shopify,shopify,,,,2026-09-20 22:34
aligent.com.au,Aligent,https://www.aligent.com.au/,Adelaide,Australia,australia,shopify,shopify,,,,2026-09-20 22:34
imarketandmanage.com.au,I MARKET AND MANAGE PTY LTD,https://imarketandmanage.com.au/,NORTHMEAD,Australia,australia,shopify,shopify,,,,2026-09-20 22:34
glasshouse.digital,Glasshouse Digital,https://glasshouse.digital/,Arthurs Seat,Australia,australia,shopify,shopify,,,,2026-09-20 22:34
18thdigitech.com.au,18th Digitech,https://www.18thdigitech.com.au/,Sydney,Australia,australia,shopify,shopify,,,,2026-09-20 22:34
comet.cx,Comet,https://comet.cx/,Sydney,Australia,australia,shopify,shopify,,,,2026-09-20 22:34
jhwebdesigns.com.au,JH Web Designs,https://www.jhwebdesigns.com.au/,Jane Brook,Australia,australia,shopify,shopify,,,,2026-09-20 22:34
saltandfuessel.com.au,Salt & Fuessel,https://www.saltandfuessel.com.au/,Southbank,Australia,australia,shopify,shopify,,,,2026-09-20 22:34
unary.com.au,Unary,https://www.unary.com.au/,Myall Park,Australia,australia,shopify,shopify,,,,2026-09-20 22:34
zmlk.au,zmlk.au,https://zmlk.au/,flemington,Australia,australia,shopify,shopify,,,,2026-09-20 22:34
liondigital.com.au,LION Digital,https://liondigital.com.au/?utm_source=ShopifyPlusPartnerDirectory,melbourne,Australia,australia,shopify,shopify,,,,2026-09-20 22:34
nectarandco.com,Nectar & Co,https://www.nectarandco.com/,Sydney,Australia,australia,shopify,shopify,,,,2026-09-20 22:34
madeforimpact.com.au,Made For Impact,https://www.madeforimpact.com.au/,Meridan Plains,Australia,australia,shopify,shopify,,,,2026-09-20 22:34
belver.com.au,Belver,https://www.belver.com.au/,Chippendale,Australia,australia,shopify,shopify,,,,2026-09-20 22:34
sparrowdigital.com.au,Sparrow Digital,https://www.sparrowdigital.com.au/,Ballina,Australia,australia,shopify,shopify,,,,2026-09-20 22:34
dollopdigital.com.au,Dollop Digital,https://www.dollopdigital.com.au/,Gold Coast,Australia,australia,shopify,shopify,,,,2026-09-20 22:34
becommerce.com.au,beCommerce,https://becommerce.com.au/,Gordon,Australia,australia,shopify,shopify,,,,2026-09-20 22:34
swiftproductions.com.au,Swift Productions,https://www.swiftproductions.com.au/,Parramatta,Australia,australia,shopify,shopify,,,,2026-09-20 22:34
digitas.com,Digitas,https://www.digitas.com/,Southbank,Australia,australia,shopify,shopify,,,,2026-09-20 22:34
littlepalmcreative.com.au,Little Palm Creative,https://littlepalmcreative.com.au/,Palm Beach,Australia,australia,shopify,shopify,,,,2026-09-20 22:35
hawkcloudconsulting.com,Hawk Consulting,https://hawkcloudconsulting.com/,Freshwater,Australia,australia,shopify,shopify,,,,2026-09-20 22:35
anchorsoftware.com.au,ANCHOR SOFTWARE PROPRIETARY LIMITED,https://www.anchorsoftware.com.au/pages/e-commerce-website-design-and-development,Melbourne,Australia,australia,shopify,shopify,,,,2026-09-20 22:35
aimupdigital.com.au,www.aimupdigital.com.au,https://aimupdigital.com.au/,Erina,Australia,australia,shopify,shopify,,,,2026-09-20 22:35
taza-taloo.dev,Murtaza Taloo,https://www.taza-taloo.dev/,Epping,Australia,australia,shopify,shopify,,,,2026-09-20 22:35
wearedigital.com.au,WeAreDigital,https://wearedigital.com.au/,Melbourne,Australia,australia,shopify,shopify,,,,2026-09-20 22:35
pixelforce.com.au,PixelForce,https://pixelforce.com.au/,Kent Town,Australia,australia,shopify,shopify,,,,2026-09-20 22:35
megaphone.com.au,Megaphone Marketing,https://megaphone.com.au/,Richmond,Australia,australia,shopify,shopify,,,,2026-09-20 22:35
thebrandphoto.com,The Brand Photo,http://www.thebrandphoto.com/,Sydney,Australia,australia,shopify,shopify,,,,2026-09-20 22:35
webadventures.com.au,Web Adventures,https://www.webadventures.com.au/,Willunga,Australia,australia,shopify,shopify,,,,2026-09-20 22:35
makeretail.com.au,Make Retail,https://www.makeretail.com.au/,Abbotsford,Australia,australia,shopify,shopify,,,,2026-09-20 22:35
ose.com.au,OSE,https://www.ose.com.au/,Brisbane,Australia,australia,shopify,shopify,,,,2026-09-20 22:35
elevyn.com.au,Elevyn,https://www.elevyn.com.au/,Lyndhurst,Australia,australia,shopify,shopify,,,,2026-09-20 22:35
ribbongang.com,Ribbon Gang,https://www.ribbongang.com/,Sydney,Australia,australia,shopify,shopify,,,,2026-09-20 22:35
ionata.com.au,Ionata Digital,http://ionata.com.au/,Hobart,Australia,australia,shopify,shopify,,,,2026-09-20 22:35
scaleupgurus.com.au,Scaleupgurus,https://scaleupgurus.com.au/,Sydney,Australia,australia,shopify,shopify,,,,2026-09-20 22:35
akriti.dev,Akriti,https://www.akriti.dev/,Sydney,Australia,australia,shopify,shopify,,,,2026-09-20 22:35
typeandpixel.com.au,Type + Pixel,https://www.typeandpixel.com.au/,Brisbane,Australia,australia,shopify,shopify,,,,2026-09-20 22:35
pharosdigitallabs.com,Pharos Digital Labs,https://pharosdigitallabs.com/,Gold Coast,Australia,australia,shopify,shopify,,,,2026-09-20 22:35
nextscale.agency,Cilicia,https://www.nextscale.agency/,Toowong,Australia,australia,shopify,shopify,,,,2026-09-20 22:35
